timestamp;timestamp_sample;latitude_deg;longitude_deg;altitude_msl_m;altitude_ellipsoid_m;time_utc_usec;device_id;s_variance_m_s;c_variance_rad;eph;epv;hdop;vdop;noise_per_ms;jamming_indicator;vel_m_s;vel_n_m_s;vel_e_m_s;vel_d_m_s;cog_rad;timestamp_time_relative;system_error;heading;heading_offset;heading_accuracy;rtcm_injection_rate;automatic_gain_control;fix_type;jamming_state;spoofing_state;authentication_state;vel_ned_valid;satellites_used;selected_rtcm_instance;rtcm_crc_failed;rtcm_msg_used
7866974733;0;0.0;0.0;-17.0;0.0;0;11075589;999.00006;3.1415925;4294967.5;4294967.5;99.99;99.99;82;12;0.0;0.0;0.0;0.0;0.0;0;0;nan;0.0;0.0;0.0;1755;0;0;1;0;0;0;0;0;0
7867974762;0;0.0;0.0;-17.0;0.0;0;11075589;999.00006;3.1415925;4294967.5;4294967.5;99.99;99.99;58;10;0.0;0.0;0.0;0.0;0.0;0;0;nan;0.0;0.0;0.0;1755;0;0;1;0;0;0;0;0;0
7868974747;0;0.0;0.0;-17.0;0.0;0;11075589;999.00006;3.1415925;4294967.5;4294967.5;99.99;99.99;50;9;0.0;0.0;0.0;0.0;0.0;0;0;nan;0.0;0.0;0.0;1755;0;0;1;0;0;0;0;0;0
7869974756;0;0.0;0.0;-17.0;0.0;0;11075589;999.00006;3.1415925;4294967.5;4294967.5;99.99;99.99;66;11;0.0;0.0;0.0;0.0;0.0;0;0;nan;0.0;0.0;0.0;1755;0;0;1;0;0;0;0;0;0
7870974768;0;0.0;0.0;-17.0;0.0;0;11075589;999.00006;3.1415925;4294967.5;4294967.5;99.99;99.99;66;11;0.0;0.0;0.0;0.0;0.0;0;0;nan;0.0;0.0;0.0;1755;0;0;1;0;0;0;0;0;0
7871975739;0;0.0;0.0;-17.0;0.0;0;11075589;999.00006;3.1415925;4294967.5;4294967.5;99.99;99.99;81;14;0.0;0.0;0.0;0.0;0.0;0;0;nan;0.0;0.0;0.0;1755;0;0;1;0;0;0;0;0;0
7872975772;0;0.0;0.0;-17.0;0.0;0;11075589;999.00006;3.1415925;4294967.5;4294967.5;99.99;99.99;81;15;0.0;0.0;0.0;0.0;0.0;0;0;nan;0.0;0.0;0.0;1755;0;0;1;0;0;0;0;0;0
7873974734;0;0.0;0.0;-17.0;0.0;0;11075589;999.00006;3.1415925;4294967.5;4294967.5;99.99;99.99;81;15;0.0;0.0;0.0;0.0;0.0;0;0;nan;0.0;0.0;0.0;1755;0;0;1;0;0;0;0;0;0
7874975732;0;0.0;0.0;-17.0;0.0;0;11075589;999.00006;3.1415925;4294967.5;4294967.5;99.99;99.99;82;15;0.0;0.0;0.0;0.0;0.0;0;0;nan;0.0;0.0;0.0;1755;0;0;1;0;0;0;0;0;0
7875974733;0;0.0;0.0;-17.0;0.0;0;11075589;999.00006;3.1415925;4294967.5;4294967.5;99.99;99.99;82;14;0.0;0.0;0.0;0.0;0.0;0;0;nan;0.0;0.0;0.0;2106;0;0;1;0;0;0;0;0;0
7876974734;0;0.0;0.0;-17.0;0.0;0;11075589;999.00006;3.1415925;4294967.5;4294967.5;99.99;99.99;92;15;0.0;0.0;0.0;0.0;0.0;0;0;nan;0.0;0.0;0.0;2106;0;0;1;0;0;0;0;0;0
7877974733;0;0.0;0.0;-17.0;0.0;0;11075589;999.00006;3.1415925;4294967.5;4294967.5;99.99;99.99;91;16;0.0;0.0;0.0;0.0;0.0;0;0;nan;0.0;0.0;0.0;2106;0;0;1;0;0;0;0;0;0
7878974785;0;0.0;0.0;-17.0;0.0;0;11075589;999.00006;3.1415925;4294967.5;4294967.5;99.99;99.99;84;16;0.0;0.0;0.0;0.0;0.0;0;0;nan;0.0;0.0;0.0;2106;0;0;1;0;0;0;0;0;0
7879974732;0;0.0;0.0;-17.0;0.0;0;11075589;999.00006;3.1415925;4294967.5;4294967.5;99.99;99.99;79;16;0.0;0.0;0.0;0.0;0.0;0;0;nan;0.0;0.0;0.0;2106;0;0;1;0;0;0;0;0;0
7880974733;0;0.0;0.0;-17.0;0.0;0;11075589;999.00006;3.1415925;4294967.5;4294967.5;99.99;99.99;73;17;0.0;0.0;0.0;0.0;0.0;0;0;nan;0.0;0.0;0.0;2106;0;0;1;0;0;0;0;0;0
7881974732;0;0.0;0.0;-17.0;0.0;0;11075589;999.00006;3.1415925;4294967.5;4294967.5;99.99;99.99;89;16;0.0;0.0;0.0;0.0;0.0;0;0;nan;0.0;0.0;0.0;2106;0;0;1;0;0;0;0;0;0
7882974768;0;0.0;0.0;-17.0;0.0;0;11075589;999.00006;3.1415925;4294967.5;4294967.5;99.99;99.99;84;16;0.0;0.0;0.0;0.0;0.0;0;0;nan;0.0;0.0;0.0;2106;0;0;1;0;0;0;0;0;0
7883974753;0;0.0;0.0;-17.0;0.0;0;11075589;999.00006;3.1415925;4294967.5;4294967.5;99.99;99.99;89;16;0.0;0.0;0.0;0.0;0.0;0;0;nan;0.0;0.0;0.0;2106;0;0;1;0;0;0;0;0;0
7884973733;0;0.0;0.0;-17.0;0.0;0;11075589;999.00006;3.1415925;4294967.5;4294967.5;99.99;99.99;89;18;0.0;0.0;0.0;0.0;0.0;0;0;nan;0.0;0.0;0.0;2106;0;0;1;0;0;0;0;0;0
7885973734;0;0.0;0.0;-17.0;0.0;0;11075589;999.00006;3.1415925;4294967.5;4294967.5;99.99;99.99;83;16;0.0;0.0;0.0;0.0;0.0;0;0;nan;0.0;0.0;0.0;2106;0;0;1;0;0;0;0;0;0
7886975136;0;0.0;0.0;-17.0;0.0;0;11075589;999.00006;3.1415925;4294967.5;4294967.5;99.99;99.99;89;18;0.0;0.0;0.0;0.0;0.0;0;0;nan;0.0;0.0;0.0;2106;0;0;1;0;0;0;0;0;0
7887973734;0;0.0;0.0;-17.0;0.0;0;11075589;999.00006;3.1415925;4294967.5;4294967.5;99.99;99.99;89;16;0.0;0.0;0.0;0.0;0.0;0;0;nan;0.0;0.0;0.0;2106;0;0;1;0;0;0;0;0;0
7888973732;0;0.0;0.0;-17.0;0.0;0;11075589;999.00006;3.1415925;4294967.5;4294967.5;99.99;99.99;83;16;0.0;0.0;0.0;0.0;0.0;0;0;nan;0.0;0.0;0.0;2106;0;0;1;0;0;0;0;0;0
7889973825;0;0.0;0.0;-17.0;0.0;0;11075589;999.00006;3.1415925;4294967.5;4294967.5;99.99;99.99;83;15;0.0;0.0;0.0;0.0;0.0;0;0;nan;0.0;0.0;0.0;2106;0;0;1;0;0;0;0;0;0
7890973733;0;0.0;0.0;-17.0;0.0;0;11075589;999.00006;3.1415925;4294967.5;4294967.5;99.99;99.99;83;17;0.0;0.0;0.0;0.0;0.0;0;0;nan;0.0;0.0;0.0;2106;0;0;1;0;0;0;0;0;0
7891973733;0;0.0;0.0;-17.0;0.0;0;11075589;999.00006;3.1415925;4294967.5;4294967.5;99.99;99.99;72;16;0.0;0.0;0.0;0.0;0.0;0;0;nan;0.0;0.0;0.0;2106;0;0;1;0;0;0;0;0;0
7892973734;0;0.0;0.0;-17.0;0.0;0;11075589;999.00006;3.1415925;4294967.5;4294967.5;99.99;99.99;77;16;0.0;0.0;0.0;0.0;0.0;0;0;nan;0.0;0.0;0.0;2106;0;0;1;0;0;0;0;0;0
7893973781;0;0.0;0.0;-17.0;0.0;0;11075589;999.00006;3.1415925;4294967.5;4294967.5;99.99;99.99;83;19;0.0;0.0;0.0;0.0;0.0;0;0;nan;0.0;0.0;0.0;2106;0;0;1;0;0;0;0;0;0
7894973748;0;0.0;0.0;-17.0;0.0;0;11075589;999.00006;3.1415925;4294967.5;4294967.5;99.99;99.99;88;12;0.0;0.0;0.0;0.0;0.0;0;0;nan;0.0;0.0;0.0;2106;0;0;1;0;0;0;0;0;0
7895973733;0;0.0;0.0;-17.0;0.0;0;11075589;999.00006;3.1415925;4294967.5;4294967.5;99.99;99.99;83;15;0.0;0.0;0.0;0.0;0.0;0;0;nan;0.0;0.0;0.0;2106;0;0;1;0;0;0;0;0;0
7896973967;0;0.0;0.0;-17.0;0.0;0;11075589;999.00006;3.1415925;4294967.5;4294967.5;99.99;99.99;83;16;0.0;0.0;0.0;0.0;0.0;0;0;nan;0.0;0.0;0.0;2106;0;0;1;0;0;0;0;0;0
7897973732;0;0.0;0.0;-17.0;0.0;0;11075589;999.00006;3.1415925;4294967.5;4294967.5;99.99;99.99;83;15;0.0;0.0;0.0;0.0;0.0;0;0;nan;0.0;0.0;0.0;2106;0;0;1;0;0;0;0;0;0
7898973734;0;0.0;0.0;-17.0;0.0;0;11075589;999.00006;3.1415925;4294967.5;4294967.5;99.99;99.99;77;12;0.0;0.0;0.0;0.0;0.0;0;0;nan;0.0;0.0;0.0;2106;0;0;1;0;0;0;0;0;0
7899973749;0;0.0;0.0;-17.0;0.0;0;11075589;999.00006;3.1415925;4294967.5;4294967.5;99.99;99.99;83;14;0.0;0.0;0.0;0.0;0.0;0;0;nan;0.0;0.0;0.0;2106;0;0;1;0;0;0;0;0;0
7900974399;0;0.0;0.0;-17.0;0.0;0;11075589;999.00006;3.1415925;4294967.5;4294967.5;99.99;99.99;95;11;0.0;0.0;0.0;0.0;0.0;0;0;nan;0.0;0.0;0.0;1755;0;0;1;0;0;0;0;0;0
7901973734;0;0.0;0.0;-17.0;0.0;0;11075589;999.00006;3.1415925;4294967.5;4294967.5;99.99;99.99;88;13;0.0;0.0;0.0;0.0;0.0;0;0;nan;0.0;0.0;0.0;1755;0;0;1;0;0;0;0;0;0
7902973733;0;0.0;0.0;-17.0;0.0;0;11075589;999.00006;3.1415925;4294967.5;4294967.5;99.99;99.99;71;12;0.0;0.0;0.0;0.0;0.0;0;0;nan;0.0;0.0;0.0;1755;0;0;1;0;0;0;0;0;0
7903973733;0;0.0;0.0;-17.0;0.0;0;11075589;999.00006;3.1415925;4294967.5;4294967.5;99.99;99.99;62;9;0.0;0.0;0.0;0.0;0.0;0;0;nan;0.0;0.0;0.0;1755;0;0;1;0;0;0;0;0;0
7904973807;0;0.0;0.0;-17.0;0.0;0;11075589;999.00006;3.1415925;4294967.5;4294967.5;99.99;99.99;76;12;0.0;0.0;0.0;0.0;0.0;0;0;nan;0.0;0.0;0.0;1755;0;0;1;0;0;0;0;0;0
7905973732;0;0.0;0.0;-17.0;0.0;0;11075589;999.00006;3.1415925;4294967.5;4294967.5;99.99;99.99;81;12;0.0;0.0;0.0;0.0;0.0;0;0;nan;0.0;0.0;0.0;1755;0;0;1;0;0;0;0;0;0
7906973733;0;0.0;0.0;-17.0;0.0;0;11075589;999.00006;3.1415925;4294967.5;4294967.5;99.99;99.99;81;14;0.0;0.0;0.0;0.0;0.0;0;0;nan;0.0;0.0;0.0;1755;0;0;1;0;0;0;0;0;0
7907970740;0;0.0;0.0;-17.0;0.0;0;11075589;999.00006;3.1415925;4294967.5;4294967.5;99.99;99.99;92;16;0.0;0.0;0.0;0.0;0.0;0;0;nan;0.0;0.0;0.0;1755;0;0;1;0;0;0;0;0;0
7908974203;0;0.0;0.0;-17.0;0.0;0;11075589;999.00006;3.1415925;4294967.5;4294967.5;99.99;99.99;86;15;0.0;0.0;0.0;0.0;0.0;0;0;nan;0.0;0.0;0.0;1755;0;0;1;0;0;0;0;0;0
7909973735;0;0.0;0.0;-17.0;0.0;0;11075589;999.00006;3.1415925;4294967.5;4294967.5;99.99;99.99;91;16;0.0;0.0;0.0;0.0;0.0;0;0;nan;0.0;0.0;0.0;1755;0;0;1;0;0;0;0;0;0
7910973732;0;0.0;0.0;-17.0;0.0;0;11075589;999.00006;3.1415925;4294967.5;4294967.5;99.99;99.99;86;16;0.0;0.0;0.0;0.0;0.0;0;0;nan;0.0;0.0;0.0;2106;0;0;1;0;0;0;0;0;0
7911972735;0;0.0;0.0;-17.0;0.0;0;11075589;999.00006;3.1415925;4294967.5;4294967.5;99.99;99.99;85;18;0.0;0.0;0.0;0.0;0.0;0;0;nan;0.0;0.0;0.0;2106;0;0;1;0;0;0;0;0;0
7912974051;0;0.0;0.0;-17.0;0.0;0;11075589;999.00006;3.1415925;4294967.5;4294967.5;99.99;99.99;85;13;0.0;0.0;0.0;0.0;0.0;0;0;nan;0.0;0.0;0.0;2106;0;0;1;0;0;0;0;0;0
7913972734;0;0.0;0.0;-17.0;0.0;0;11075589;999.00006;3.1415925;4294967.5;4294967.5;99.99;99.99;85;17;0.0;0.0;0.0;0.0;0.0;0;0;nan;0.0;0.0;0.0;2106;0;0;1;0;0;0;0;0;0
7914973443;0;0.0;0.0;-17.0;0.0;0;11075589;999.00006;3.1415925;4294967.5;4294967.5;99.99;99.99;85;13;0.0;0.0;0.0;0.0;0.0;0;0;nan;0.0;0.0;0.0;2106;0;0;1;0;0;0;0;0;0
7915972733;0;0.0;0.0;-17.0;0.0;0;11075589;999.00006;3.1415925;4294967.5;4294967.5;99.99;99.99;80;16;0.0;0.0;0.0;0.0;0.0;0;0;nan;0.0;0.0;0.0;2106;0;0;1;0;0;0;0;0;0
7916972733;0;0.0;0.0;-17.0;0.0;0;11075589;999.00006;3.1415925;4294967.5;4294967.5;99.99;99.99;80;16;0.0;0.0;0.0;0.0;0.0;0;0;nan;0.0;0.0;0.0;2106;0;0;1;0;0;0;0;0;0
7917972816;0;0.0;0.0;-17.0;0.0;0;11075589;999.00006;3.1415925;4294967.5;4294967.5;99.99;99.99;73;15;0.0;0.0;0.0;0.0;0.0;0;0;nan;0.0;0.0;0.0;2106;0;0;1;0;0;0;0;0;0
7918972734;0;0.0;0.0;-17.0;0.0;0;11075589;999.00006;3.1415925;4294967.5;4294967.5;99.99;99.99;68;15;0.0;0.0;0.0;0.0;0.0;0;0;nan;0.0;0.0;0.0;2106;0;0;1;0;0;0;0;0;0
7919973732;0;0.0;0.0;-17.0;0.0;0;11075589;999.00006;3.1415925;4294967.5;4294967.5;99.99;99.99;78;16;0.0;0.0;0.0;0.0;0.0;0;0;nan;0.0;0.0;0.0;2106;0;0;1;0;0;0;0;0;0
7920972733;0;0.0;0.0;-17.0;0.0;0;11075589;999.00006;3.1415925;4294967.5;4294967.5;99.99;99.99;77;16;0.0;0.0;0.0;0.0;0.0;0;0;nan;0.0;0.0;0.0;2106;0;0;1;0;0;0;0;0;0
7921972738;0;0.0;0.0;-17.0;0.0;0;11075589;999.00006;3.1415925;4294967.5;4294967.5;99.99;99.99;78;20;0.0;0.0;0.0;0.0;0.0;0;0;nan;0.0;0.0;0.0;2106;0;0;1;0;0;0;0;0;0
7922972733;0;0.0;0.0;-17.0;0.0;0;11075589;999.00006;3.1415925;4294967.5;4294967.5;99.99;99.99;78;20;0.0;0.0;0.0;0.0;0.0;0;0;nan;0.0;0.0;0.0;2106;0;0;1;0;0;0;0;0;0
7923972733;0;0.0;0.0;-17.0;0.0;0;11075589;999.00006;3.1415925;4294967.5;4294967.5;99.99;99.99;78;16;0.0;0.0;0.0;0.0;0.0;0;0;nan;0.0;0.0;0.0;2106;0;0;1;0;0;0;0;0;0
7924972733;0;0.0;0.0;-17.0;0.0;0;11075589;999.00006;3.1415925;4294967.5;4294967.5;99.99;99.99;79;16;0.0;0.0;0.0;0.0;0.0;0;0;nan;0.0;0.0;0.0;2106;0;0;1;0;0;0;0;0;0
7925972733;0;0.0;0.0;-17.0;0.0;0;11075589;999.00006;3.1415925;4294967.5;4294967.5;99.99;99.99;79;15;0.0;0.0;0.0;0.0;0.0;0;0;nan;0.0;0.0;0.0;2106;0;0;1;0;0;0;0;0;0
7926972734;0;0.0;0.0;-17.0;0.0;0;11075589;999.00006;3.1415925;4294967.5;4294967.5;99.99;99.99;79;18;0.0;0.0;0.0;0.0;0.0;0;0;nan;0.0;0.0;0.0;2106;0;0;1;0;0;0;0;0;0
7927972764;0;0.0;0.0;-17.0;0.0;0;11075589;999.00006;3.1415925;4294967.5;4294967.5;99.99;99.99;79;16;0.0;0.0;0.0;0.0;0.0;0;0;nan;0.0;0.0;0.0;2106;0;0;1;0;0;0;0;0;0
7928972732;0;0.0;0.0;-17.0;0.0;0;11075589;999.00006;3.1415925;4294967.5;4294967.5;99.99;99.99;79;17;0.0;0.0;0.0;0.0;0.0;0;0;nan;0.0;0.0;0.0;2106;0;0;1;0;0;0;0;0;0
7929972734;0;0.0;0.0;-17.0;0.0;0;11075589;999.00006;3.1415925;4294967.5;4294967.5;99.99;99.99;80;15;0.0;0.0;0.0;0.0;0.0;0;0;nan;0.0;0.0;0.0;2106;0;0;1;0;0;0;0;0;0
7930972739;0;0.0;0.0;-17.0;0.0;0;11075589;999.00006;3.1415925;4294967.5;4294967.5;99.99;99.99;94;17;0.0;0.0;0.0;0.0;0.0;0;0;nan;0.0;0.0;0.0;2106;0;0;1;0;0;0;0;0;0
7931972733;0;0.0;0.0;-17.0;0.0;0;11075589;999.00006;3.1415925;4294967.5;4294967.5;99.99;99.99;87;17;0.0;0.0;0.0;0.0;0.0;0;0;nan;0.0;0.0;0.0;2106;0;0;1;0;0;0;0;0;0
7932972733;0;0.0;0.0;-17.0;0.0;0;11075589;999.00006;3.1415925;4294967.5;4294967.5;99.99;99.99;94;15;0.0;0.0;0.0;0.0;0.0;0;0;nan;0.0;0.0;0.0;2106;0;0;1;0;0;0;0;0;0
7933972733;0;0.0;0.0;-17.0;0.0;0;11075589;999.00006;3.1415925;4294967.5;4294967.5;99.99;99.99;94;14;0.0;0.0;0.0;0.0;0.0;0;0;nan;0.0;0.0;0.0;2106;0;0;1;0;0;0;0;0;0
7934972733;0;0.0;0.0;-17.0;0.0;0;11075589;999.00006;3.1415925;4294967.5;4294967.5;99.99;99.99;88;15;0.0;0.0;0.0;0.0;0.0;0;0;nan;0.0;0.0;0.0;2106;0;0;1;0;0;0;0;0;0
7935972754;0;0.0;0.0;-17.0;0.0;0;11075589;999.00006;3.1415925;4294967.5;4294967.5;99.99;99.99;88;14;0.0;0.0;0.0;0.0;0.0;0;0;nan;0.0;0.0;0.0;2106;0;0;1;0;0;0;0;0;0
7936972732;0;0.0;0.0;-17.0;0.0;0;11075589;999.00006;3.1415925;4294967.5;4294967.5;99.99;99.99;87;16;0.0;0.0;0.0;0.0;0.0;0;0;nan;0.0;0.0;0.0;2106;0;0;1;0;0;0;0;0;0
7937972930;0;0.0;0.0;-17.0;0.0;0;11075589;999.00006;3.1415925;4294967.5;4294967.5;99.99;99.99;89;18;0.0;0.0;0.0;0.0;0.0;0;0;nan;0.0;0.0;0.0;2106;0;0;1;0;0;0;0;0;0
7938972733;0;0.0;0.0;-17.0;0.0;0;11075589;999.00006;3.1415925;4294967.5;4294967.5;99.99;99.99;89;12;0.0;0.0;0.0;0.0;0.0;0;0;nan;0.0;0.0;0.0;2106;0;0;1;0;0;0;0;0;0
7939972061;0;0.0;0.0;-17.0;0.0;0;11075589;999.00006;3.1415925;4294967.5;4294967.5;99.99;99.99;89;16;0.0;0.0;0.0;0.0;0.0;0;0;nan;0.0;0.0;0.0;2106;0;0;1;0;0;0;0;0;0
7940971733;0;0.0;0.0;-17.0;0.0;0;11075589;999.00006;3.1415925;4294967.5;4294967.5;99.99;99.99;89;16;0.0;0.0;0.0;0.0;0.0;0;0;nan;0.0;0.0;0.0;2106;0;0;1;0;0;0;0;0;0
7941972119;0;0.0;0.0;-17.0;0.0;0;11075589;999.00006;3.1415925;4294967.5;4294967.5;99.99;99.99;90;14;0.0;0.0;0.0;0.0;0.0;0;0;nan;0.0;0.0;0.0;2106;0;0;1;0;0;0;0;0;0
7942972732;0;0.0;0.0;-17.0;0.0;0;11075589;999.00006;3.1415925;4294967.5;4294967.5;99.99;99.99;77;14;0.0;0.0;0.0;0.0;0.0;0;0;nan;0.0;0.0;0.0;2106;0;0;1;0;0;0;0;0;0
7943972732;0;0.0;0.0;-17.0;0.0;0;11075589;999.00006;3.1415925;4294967.5;4294967.5;99.99;99.99;82;16;0.0;0.0;0.0;0.0;0.0;0;0;nan;0.0;0.0;0.0;2106;0;0;1;0;0;0;0;0;0
7944972747;0;0.0;0.0;-17.0;0.0;0;11075589;999.00006;3.1415925;4294967.5;4294967.5;99.99;99.99;82;17;0.0;0.0;0.0;0.0;0.0;0;0;nan;0.0;0.0;0.0;2106;0;0;1;0;0;0;0;0;0
7945972732;0;0.0;0.0;-17.0;0.0;0;11075589;999.00006;3.1415925;4294967.5;4294967.5;99.99;99.99;83;14;0.0;0.0;0.0;0.0;0.0;0;0;nan;0.0;0.0;0.0;2106;0;0;1;0;0;0;0;0;0
7946972741;0;0.0;0.0;-17.0;0.0;0;11075589;999.00006;3.1415925;4294967.5;4294967.5;99.99;99.99;83;16;0.0;0.0;0.0;0.0;0.0;0;0;nan;0.0;0.0;0.0;2106;0;0;1;0;0;0;0;0;0
7947971761;0;0.0;0.0;-17.0;0.0;0;11075589;999.00006;3.1415925;4294967.5;4294967.5;99.99;99.99;82;13;0.0;0.0;0.0;0.0;0.0;0;0;nan;0.0;0.0;0.0;2106;0;0;1;0;0;0;0;0;0
7948973146;0;0.0;0.0;-17.0;0.0;0;11075589;999.00006;3.1415925;4294967.5;4294967.5;99.99;99.99;82;16;0.0;0.0;0.0;0.0;0.0;0;0;nan;0.0;0.0;0.0;2106;0;0;1;0;0;0;0;0;0
7949971741;0;0.0;0.0;-17.0;0.0;0;11075589;999.00006;3.1415925;4294967.5;4294967.5;99.99;99.99;83;15;0.0;0.0;0.0;0.0;0.0;0;0;nan;0.0;0.0;0.0;2106;0;0;1;0;0;0;0;0;0
7950971768;0;0.0;0.0;-17.0;0.0;0;11075589;999.00006;3.1415925;4294967.5;4294967.5;99.99;99.99;93;14;0.0;0.0;0.0;0.0;0.0;0;0;nan;0.0;0.0;0.0;2106;0;0;1;0;0;0;0;0;0
7951971733;0;0.0;0.0;-17.0;0.0;0;11075589;999.00006;3.1415925;4294967.5;4294967.5;99.99;99.99;93;16;0.0;0.0;0.0;0.0;0.0;0;0;nan;0.0;0.0;0.0;2106;0;0;1;0;0;0;0;0;0
7952971732;0;0.0;0.0;-17.0;0.0;0;11075589;999.00006;3.1415925;4294967.5;4294967.5;99.99;99.99;92;16;0.0;0.0;0.0;0.0;0.0;0;0;nan;0.0;0.0;0.0;2106;0;0;1;0;0;0;0;0;0
7953971733;0;0.0;0.0;-17.0;0.0;0;11075589;999.00006;3.1415925;4294967.5;4294967.5;99.99;99.99;92;19;0.0;0.0;0.0;0.0;0.0;0;0;nan;0.0;0.0;0.0;2106;0;0;1;0;0;0;0;0;0
7954971733;0;0.0;0.0;-17.0;0.0;0;11075589;999.00006;3.1415925;4294967.5;4294967.5;99.99;99.99;92;16;0.0;0.0;0.0;0.0;0.0;0;0;nan;0.0;0.0;0.0;2106;0;0;1;0;0;0;0;0;0
7955971761;0;0.0;0.0;-17.0;0.0;0;11075589;999.00006;3.1415925;4294967.5;4294967.5;99.99;99.99;92;17;0.0;0.0;0.0;0.0;0.0;0;0;nan;0.0;0.0;0.0;2106;0;0;1;0;0;0;0;0;0
7956971733;0;0.0;0.0;-17.0;0.0;0;11075589;999.00006;3.1415925;4294967.5;4294967.5;99.99;99.99;92;16;0.0;0.0;0.0;0.0;0.0;0;0;nan;0.0;0.0;0.0;2106;0;0;1;0;0;0;0;0;0
7957971733;0;0.0;0.0;-17.0;0.0;0;11075589;999.00006;3.1415925;4294967.5;4294967.5;99.99;99.99;92;21;0.0;0.0;0.0;0.0;0.0;0;0;nan;0.0;0.0;0.0;2106;0;0;1;0;0;0;0;0;0
7958971738;0;0.0;0.0;-17.0;0.0;0;11075589;999.00006;3.1415925;4294967.5;4294967.5;99.99;99.99;100;25;0.0;0.0;0.0;0.0;0.0;0;0;nan;0.0;0.0;0.0;2106;0;0;1;0;0;0;0;0;0
7959971732;0;0.0;0.0;-17.0;0.0;0;11075589;999.00006;3.1415925;4294967.5;4294967.5;99.99;99.99;93;16;0.0;0.0;0.0;0.0;0.0;0;0;nan;0.0;0.0;0.0;2106;0;0;1;0;0;0;0;0;0
7960971733;0;0.0;0.0;-17.0;0.0;0;11075589;999.00006;3.1415925;4294967.5;4294967.5;99.99;99.99;92;22;0.0;0.0;0.0;0.0;0.0;0;0;nan;0.0;0.0;0.0;2106;0;0;1;0;0;0;0;0;0
7961972433;0;0.0;0.0;-17.0;0.0;0;11075589;999.00006;3.1415925;4294967.5;4294967.5;99.99;99.99;79;14;0.0;0.0;0.0;0.0;0.0;0;0;nan;0.0;0.0;0.0;2106;0;0;1;0;0;0;0;0;0
7962971733;0;0.0;0.0;-17.0;0.0;0;11075589;999.00006;3.1415925;4294967.5;4294967.5;99.99;99.99;79;16;0.0;0.0;0.0;0.0;0.0;0;0;nan;0.0;0.0;0.0;2106;0;0;1;0;0;0;0;0;0
7963971733;0;0.0;0.0;-17.0;0.0;0;11075589;999.00006;3.1415925;4294967.5;4294967.5;99.99;99.99;79;15;0.0;0.0;0.0;0.0;0.0;0;0;nan;0.0;0.0;0.0;2106;0;0;1;0;0;0;0;0;0
7964972268;0;0.0;0.0;-17.0;0.0;0;11075589;999.00006;3.1415925;4294967.5;4294967.5;99.99;99.99;79;16;0.0;0.0;0.0;0.0;0.0;0;0;nan;0.0;0.0;0.0;2106;0;0;1;0;0;0;0;0;0
7965971732;0;0.0;0.0;-17.0;0.0;0;11075589;999.00006;3.1415925;4294967.5;4294967.5;99.99;99.99;79;15;0.0;0.0;0.0;0.0;0.0;0;0;nan;0.0;0.0;0.0;2106;0;0;1;0;0;0;0;0;0
7966971758;0;0.0;0.0;-17.0;0.0;0;11075589;999.00006;3.1415925;4294967.5;4294967.5;99.99;99.99;79;17;0.0;0.0;0.0;0.0;0.0;0;0;nan;0.0;0.0;0.0;2106;0;0;1;0;0;0;0;0;0
7967971732;0;0.0;0.0;-17.0;0.0;0;11075589;999.00006;3.1415925;4294967.5;4294967.5;99.99;99.99;103;18;0.0;0.0;0.0;0.0;0.0;0;0;nan;0.0;0.0;0.0;2106;0;0;1;0;0;0;0;0;0
7968971757;0;0.0;0.0;-17.0;0.0;0;11075589;999.00006;3.1415925;4294967.5;4294967.5;99.99;99.99;96;16;0.0;0.0;0.0;0.0;0.0;0;0;nan;0.0;0.0;0.0;2106;0;0;1;0;0;0;0;0;0
7969971733;0;0.0;0.0;-17.0;0.0;0;11075589;999.00006;3.1415925;4294967.5;4294967.5;99.99;99.99;89;15;0.0;0.0;0.0;0.0;0.0;0;0;nan;0.0;0.0;0.0;2106;0;0;1;0;0;0;0;0;0
7970971733;0;0.0;0.0;-17.0;0.0;0;11075589;999.00006;3.1415925;4294967.5;4294967.5;99.99;99.99;83;16;0.0;0.0;0.0;0.0;0.0;0;0;nan;0.0;0.0;0.0;2106;0;0;1;0;0;0;0;0;0
7971971732;0;0.0;0.0;-17.0;0.0;0;11075589;999.00006;3.1415925;4294967.5;4294967.5;99.99;99.99;77;17;0.0;0.0;0.0;0.0;0.0;0;0;nan;0.0;0.0;0.0;2106;0;0;1;0;0;0;0;0;0
7972971932;0;0.0;0.0;-17.0;0.0;0;11075589;999.00006;3.1415925;4294967.5;4294967.5;99.99;99.99;78;16;0.0;0.0;0.0;0.0;0.0;0;0;nan;0.0;0.0;0.0;2106;0;0;1;0;0;0;0;0;0
7973973732;0;0.0;0.0;-17.0;0.0;0;11075589;999.00006;3.1415925;4294967.5;4294967.5;99.99;99.99;78;15;0.0;0.0;0.0;0.0;0.0;0;0;nan;0.0;0.0;0.0;2106;0;0;1;0;0;0;0;0;0
7974971762;0;0.0;0.0;-17.0;0.0;0;11075589;999.00006;3.1415925;4294967.5;4294967.5;99.99;99.99;90;15;0.0;0.0;0.0;0.0;0.0;0;0;nan;0.0;0.0;0.0;2106;0;0;1;0;0;0;0;0;0
7975971732;0;0.0;0.0;-17.0;0.0;0;11075589;999.00006;3.1415925;4294967.5;4294967.5;99.99;99.99;90;17;0.0;0.0;0.0;0.0;0.0;0;0;nan;0.0;0.0;0.0;2106;0;0;1;0;0;0;0;0;0
7976971732;0;0.0;0.0;-17.0;0.0;0;11075589;999.00006;3.1415925;4294967.5;4294967.5;99.99;99.99;89;15;0.0;0.0;0.0;0.0;0.0;0;0;nan;0.0;0.0;0.0;2106;0;0;1;0;0;0;0;0;0
7977971738;0;0.0;0.0;-17.0;0.0;0;11075589;999.00006;3.1415925;4294967.5;4294967.5;99.99;99.99;89;16;0.0;0.0;0.0;0.0;0.0;0;0;nan;0.0;0.0;0.0;2106;0;0;1;0;0;0;0;0;0
7978971798;0;0.0;0.0;-17.0;0.0;0;11075589;999.00006;3.1415925;4294967.5;4294967.5;99.99;99.99;90;17;0.0;0.0;0.0;0.0;0.0;0;0;nan;0.0;0.0;0.0;2106;0;0;1;0;0;0;0;0;0
7979970739;0;0.0;0.0;-17.0;0.0;0;11075589;999.00006;3.1415925;4294967.5;4294967.5;99.99;99.99;89;18;0.0;0.0;0.0;0.0;0.0;0;0;nan;0.0;0.0;0.0;2106;0;0;1;0;0;0;0;0;0
7980970733;0;0.0;0.0;-17.0;0.0;0;11075589;999.00006;3.1415925;4294967.5;4294967.5;99.99;99.99;89;15;0.0;0.0;0.0;0.0;0.0;0;0;nan;0.0;0.0;0.0;2106;0;0;1;0;0;0;0;0;0
7981970738;0;0.0;0.0;-17.0;0.0;0;11075589;999.00006;3.1415925;4294967.5;4294967.5;99.99;99.99;89;18;0.0;0.0;0.0;0.0;0.0;0;0;nan;0.0;0.0;0.0;2106;0;0;1;0;0;0;0;0;0
7982970735;0;0.0;0.0;-17.0;0.0;0;11075589;999.00006;3.1415925;4294967.5;4294967.5;99.99;99.99;89;20;0.0;0.0;0.0;0.0;0.0;0;0;nan;0.0;0.0;0.0;2106;0;0;1;0;0;0;0;0;0
7983970734;0;0.0;0.0;-17.0;0.0;0;11075589;999.00006;3.1415925;4294967.5;4294967.5;99.99;99.99;89;17;0.0;0.0;0.0;0.0;0.0;0;0;nan;0.0;0.0;0.0;2106;0;0;1;0;0;0;0;0;0
7984971257;0;0.0;0.0;-17.0;0.0;0;11075589;999.00006;3.1415925;4294967.5;4294967.5;99.99;99.99;89;15;0.0;0.0;0.0;0.0;0.0;0;0;nan;0.0;0.0;0.0;2106;0;0;1;0;0;0;0;0;0
7985970733;0;0.0;0.0;-17.0;0.0;0;11075589;999.00006;3.1415925;4294967.5;4294967.5;99.99;99.99;89;14;0.0;0.0;0.0;0.0;0.0;0;0;nan;0.0;0.0;0.0;2106;0;0;1;0;0;0;0;0;0
7986970732;0;0.0;0.0;-17.0;0.0;0;11075589;999.00006;3.1415925;4294967.5;4294967.5;99.99;99.99;96;16;0.0;0.0;0.0;0.0;0.0;0;0;nan;0.0;0.0;0.0;2106;0;0;1;0;0;0;0;0;0
7987970733;0;0.0;0.0;-17.0;0.0;0;11075589;999.00006;3.1415925;4294967.5;4294967.5;99.99;99.99;89;12;0.0;0.0;0.0;0.0;0.0;0;0;nan;0.0;0.0;0.0;2106;0;0;1;0;0;0;0;0;0
7988969733;0;0.0;0.0;-17.0;0.0;0;11075589;999.00006;3.1415925;4294967.5;4294967.5;99.99;99.99;89;17;0.0;0.0;0.0;0.0;0.0;0;0;nan;0.0;0.0;0.0;2106;0;0;1;0;0;0;0;0;0
7989969847;0;0.0;0.0;-17.0;0.0;0;11075589;999.00006;3.1415925;4294967.5;4294967.5;99.99;99.99;96;15;0.0;0.0;0.0;0.0;0.0;0;0;nan;0.0;0.0;0.0;2106;0;0;1;0;0;0;0;0;0
7990969733;0;0.0;0.0;-17.0;0.0;0;11075589;999.00006;3.1415925;4294967.5;4294967.5;99.99;99.99;89;15;0.0;0.0;0.0;0.0;0.0;0;0;nan;0.0;0.0;0.0;2106;0;0;1;0;0;0;0;0;0
7991969733;0;0.0;0.0;-17.0;0.0;0;11075589;999.00006;3.1415925;4294967.5;4294967.5;99.99;99.99;89;17;0.0;0.0;0.0;0.0;0.0;0;0;nan;0.0;0.0;0.0;2106;0;0;1;0;0;0;0;0;0
7992970734;0;0.0;0.0;-17.0;0.0;0;11075589;999.00006;3.1415925;4294967.5;4294967.5;99.99;99.99;95;14;0.0;0.0;0.0;0.0;0.0;0;0;nan;0.0;0.0;0.0;2106;0;0;1;0;0;0;0;0;0
7993969739;0;0.0;0.0;-17.0;0.0;0;11075589;999.00006;3.1415925;4294967.5;4294967.5;99.99;99.99;94;15;0.0;0.0;0.0;0.0;0.0;0;0;nan;0.0;0.0;0.0;2106;0;0;1;0;0;0;0;0;0
7994969739;0;0.0;0.0;-17.0;0.0;0;11075589;999.00006;3.1415925;4294967.5;4294967.5;99.99;99.99;94;15;0.0;0.0;0.0;0.0;0.0;0;0;nan;0.0;0.0;0.0;2106;0;0;1;0;0;0;0;0;0
7995969735;0;0.0;0.0;-17.0;0.0;0;11075589;999.00006;3.1415925;4294967.5;4294967.5;99.99;99.99;94;16;0.0;0.0;0.0;0.0;0.0;0;0;nan;0.0;0.0;0.0;2106;0;0;1;0;0;0;0;0;0
7996969734;0;0.0;0.0;-17.0;0.0;0;11075589;999.00006;3.1415925;4294967.5;4294967.5;99.99;99.99;87;14;0.0;0.0;0.0;0.0;0.0;0;0;nan;0.0;0.0;0.0;2106;0;0;1;0;0;0;0;0;0
7997969821;0;0.0;0.0;-17.0;0.0;0;11075589;999.00006;3.1415925;4294967.5;4294967.5;99.99;99.99;87;18;0.0;0.0;0.0;0.0;0.0;0;0;nan;0.0;0.0;0.0;2106;0;0;1;0;0;0;0;0;0
7998969734;0;0.0;0.0;-17.0;0.0;0;11075589;999.00006;3.1415925;4294967.5;4294967.5;99.99;99.99;87;16;0.0;0.0;0.0;0.0;0.0;0;0;nan;0.0;0.0;0.0;2106;0;0;1;0;0;0;0;0;0
7999969903;0;0.0;0.0;-17.0;0.0;0;11075589;999.00006;3.1415925;4294967.5;4294967.5;99.99;99.99;87;21;0.0;0.0;0.0;0.0;0.0;0;0;nan;0.0;0.0;0.0;2106;0;0;1;0;0;0;0;0;0
8000969947;0;0.0;0.0;-17.0;0.0;0;11075589;999.00006;3.1415925;4294967.5;4294967.5;99.99;99.99;87;17;0.0;0.0;0.0;0.0;0.0;0;0;nan;0.0;0.0;0.0;2106;0;0;1;0;0;0;0;0;0
8001969738;0;0.0;0.0;-17.0;0.0;0;11075589;999.00006;3.1415925;4294967.5;4294967.5;99.99;99.99;88;15;0.0;0.0;0.0;0.0;0.0;0;0;nan;0.0;0.0;0.0;2106;0;0;1;0;0;0;0;0;0
8002969733;0;0.0;0.0;-17.0;0.0;0;11075589;999.00006;3.1415925;4294967.5;4294967.5;99.99;99.99;88;17;0.0;0.0;0.0;0.0;0.0;0;0;nan;0.0;0.0;0.0;2106;0;0;1;0;0;0;0;0;0
8003971205;0;0.0;0.0;-17.0;0.0;0;11075589;999.00006;3.1415925;4294967.5;4294967.5;99.99;99.99;88;15;0.0;0.0;0.0;0.0;0.0;0;0;nan;0.0;0.0;0.0;2106;0;0;1;0;0;0;0;0;0
8004970061;0;0.0;0.0;-17.0;0.0;0;11075589;999.00006;3.1415925;4294967.5;4294967.5;99.99;99.99;94;15;0.0;0.0;0.0;0.0;0.0;0;0;nan;0.0;0.0;0.0;2106;0;0;1;0;0;0;0;0;0
8005969733;0;0.0;0.0;-17.0;0.0;0;11075589;999.00006;3.1415925;4294967.5;4294967.5;99.99;99.99;94;15;0.0;0.0;0.0;0.0;0.0;0;0;nan;0.0;0.0;0.0;2106;0;0;1;0;0;0;0;0;0
8006969732;0;0.0;0.0;-17.0;0.0;0;11075589;999.00006;3.1415925;4294967.5;4294967.5;99.99;99.99;87;16;0.0;0.0;0.0;0.0;0.0;0;0;nan;0.0;0.0;0.0;2106;0;0;1;0;0;0;0;0;0
8007970111;0;0.0;0.0;-17.0;0.0;0;11075589;999.00006;3.1415925;4294967.5;4294967.5;99.99;99.99;88;16;0.0;0.0;0.0;0.0;0.0;0;0;nan;0.0;0.0;0.0;2106;0;0;1;0;0;0;0;0;0
8008970212;0;0.0;0.0;-17.0;0.0;0;11075589;999.00006;3.1415925;4294967.5;4294967.5;99.99;99.99;88;17;0.0;0.0;0.0;0.0;0.0;0;0;nan;0.0;0.0;0.0;2106;0;0;1;0;0;0;0;0;0
8009969811;0;0.0;0.0;-17.0;0.0;0;11075589;999.00006;3.1415925;4294967.5;4294967.5;99.99;99.99;95;15;0.0;0.0;0.0;0.0;0.0;0;0;nan;0.0;0.0;0.0;2106;0;0;1;0;0;0;0;0;0
8010969733;0;0.0;0.0;-17.0;0.0;0;11075589;999.00006;3.1415925;4294967.5;4294967.5;99.99;99.99;101;22;0.0;0.0;0.0;0.0;0.0;0;0;nan;0.0;0.0;0.0;2106;0;0;1;0;0;0;0;0;0
8011970760;0;0.0;0.0;-17.0;0.0;0;11075589;999.00006;3.1415925;4294967.5;4294967.5;99.99;99.99;94;15;0.0;0.0;0.0;0.0;0.0;0;0;nan;0.0;0.0;0.0;2106;0;0;1;0;0;0;0;0;0
8012969739;0;0.0;0.0;-17.0;0.0;0;11075589;999.00006;3.1415925;4294967.5;4294967.5;99.99;99.99;94;16;0.0;0.0;0.0;0.0;0.0;0;0;nan;0.0;0.0;0.0;2106;0;0;1;0;0;0;0;0;0
8013968740;0;0.0;0.0;-17.0;0.0;0;11075589;999.00006;3.1415925;4294967.5;4294967.5;99.99;99.99;95;19;0.0;0.0;0.0;0.0;0.0;0;0;nan;0.0;0.0;0.0;2106;0;0;1;0;0;0;0;0;0
8014969732;0;0.0;0.0;-17.0;0.0;0;11075589;999.00006;3.1415925;4294967.5;4294967.5;99.99;99.99;94;16;0.0;0.0;0.0;0.0;0.0;0;0;nan;0.0;0.0;0.0;2106;0;0;1;0;0;0;0;0;0
8015966502;0;0.0;0.0;-17.0;0.0;0;11075589;999.00006;3.1415925;4294967.5;4294967.5;99.99;99.99;76;15;0.0;0.0;0.0;0.0;0.0;0;0;nan;0.0;0.0;0.0;2106;0;0;1;0;0;0;0;0;0
8016968927;0;0.0;0.0;-17.0;0.0;0;11075589;999.00006;3.1415925;4294967.5;4294967.5;99.99;99.99;76;15;0.0;0.0;0.0;0.0;0.0;0;0;nan;0.0;0.0;0.0;2106;0;0;1;0;0;0;0;0;0
8017969732;0;0.0;0.0;-17.0;0.0;0;11075589;999.00006;3.1415925;4294967.5;4294967.5;99.99;99.99;93;19;0.0;0.0;0.0;0.0;0.0;0;0;nan;0.0;0.0;0.0;2106;0;0;1;0;0;0;0;0;0
8018969733;0;0.0;0.0;-17.0;0.0;0;11075589;999.00006;3.1415925;4294967.5;4294967.5;99.99;99.99;86;14;0.0;0.0;0.0;0.0;0.0;0;0;nan;0.0;0.0;0.0;2106;0;0;1;0;0;0;0;0;0
8019968734;0;0.0;0.0;-17.0;0.0;0;11075589;999.00006;3.1415925;4294967.5;4294967.5;99.99;99.99;93;15;0.0;0.0;0.0;0.0;0.0;0;0;nan;0.0;0.0;0.0;2106;0;0;1;0;0;0;0;0;0
8020969742;0;0.0;0.0;-17.0;0.0;0;11075589;999.00006;3.1415925;4294967.5;4294967.5;99.99;99.99;93;15;0.0;0.0;0.0;0.0;0.0;0;0;nan;0.0;0.0;0.0;2106;0;0;1;0;0;0;0;0;0
8021969734;0;0.0;0.0;-17.0;0.0;0;11075589;999.00006;3.1415925;4294967.5;4294967.5;99.99;99.99;86;16;0.0;0.0;0.0;0.0;0.0;0;0;nan;0.0;0.0;0.0;2106;0;0;1;0;0;0;0;0;0
8022968760;0;0.0;0.0;-17.0;0.0;0;11075589;999.00006;3.1415925;4294967.5;4294967.5;99.99;99.99;87;15;0.0;0.0;0.0;0.0;0.0;0;0;nan;0.0;0.0;0.0;2106;0;0;1;0;0;0;0;0;0
8023968739;0;0.0;0.0;-17.0;0.0;0;11075589;999.00006;3.1415925;4294967.5;4294967.5;99.99;99.99;86;15;0.0;0.0;0.0;0.0;0.0;0;0;nan;0.0;0.0;0.0;2106;0;0;1;0;0;0;0;0;0
8024969753;0;0.0;0.0;-17.0;0.0;0;11075589;999.00006;3.1415925;4294967.5;4294967.5;99.99;99.99;86;15;0.0;0.0;0.0;0.0;0.0;0;0;nan;0.0;0.0;0.0;2106;0;0;1;0;0;0;0;0;0
8025969732;0;0.0;0.0;-17.0;0.0;0;11075589;999.00006;3.1415925;4294967.5;4294967.5;99.99;99.99;85;15;0.0;0.0;0.0;0.0;0.0;0;0;nan;0.0;0.0;0.0;2106;0;0;1;0;0;0;0;0;0
8026969732;0;0.0;0.0;-17.0;0.0;0;11075589;999.00006;3.1415925;4294967.5;4294967.5;99.99;99.99;85;16;0.0;0.0;0.0;0.0;0.0;0;0;nan;0.0;0.0;0.0;2106;0;0;1;0;0;0;0;0;0
8027969733;0;0.0;0.0;-17.0;0.0;0;11075589;999.00006;3.1415925;4294967.5;4294967.5;99.99;99.99;85;12;0.0;0.0;0.0;0.0;0.0;0;0;nan;0.0;0.0;0.0;2106;0;0;1;0;0;0;0;0;0
8028968733;0;0.0;0.0;-17.0;0.0;0;11075589;999.00006;3.1415925;4294967.5;4294967.5;99.99;99.99;84;17;0.0;0.0;0.0;0.0;0.0;0;0;nan;0.0;0.0;0.0;2106;0;0;1;0;0;0;0;0;0
8029968735;0;0.0;0.0;-17.0;0.0;0;11075589;999.00006;3.1415925;4294967.5;4294967.5;99.99;99.99;84;16;0.0;0.0;0.0;0.0;0.0;0;0;nan;0.0;0.0;0.0;2106;0;0;1;0;0;0;0;0;0
8030969740;0;0.0;0.0;-17.0;0.0;0;11075589;999.00006;3.1415925;4294967.5;4294967.5;99.99;99.99;84;25;0.0;0.0;0.0;0.0;0.0;0;0;nan;0.0;0.0;0.0;2106;0;0;1;0;0;0;0;0;0
8031968739;0;0.0;0.0;-17.0;0.0;0;11075589;999.00006;3.1415925;4294967.5;4294967.5;99.99;99.99;84;15;0.0;0.0;0.0;0.0;0.0;0;0;nan;0.0;0.0;0.0;2106;0;0;1;0;0;0;0;0;0
8032968759;0;0.0;0.0;-17.0;0.0;0;11075589;999.00006;3.1415925;4294967.5;4294967.5;99.99;99.99;84;16;0.0;0.0;0.0;0.0;0.0;0;0;nan;0.0;0.0;0.0;2106;0;0;1;0;0;0;0;0;0
8033968736;0;0.0;0.0;-17.0;0.0;0;11075589;999.00006;3.1415925;4294967.5;4294967.5;99.99;99.99;83;16;0.0;0.0;0.0;0.0;0.0;0;0;nan;0.0;0.0;0.0;2106;0;0;1;0;0;0;0;0;0
8034968733;0;0.0;0.0;-17.0;0.0;0;11075589;999.00006;3.1415925;4294967.5;4294967.5;99.99;99.99;83;15;0.0;0.0;0.0;0.0;0.0;0;0;nan;0.0;0.0;0.0;2106;0;0;1;0;0;0;0;0;0
8035969274;0;0.0;0.0;-17.0;0.0;0;11075589;999.00006;3.1415925;4294967.5;4294967.5;99.99;99.99;83;16;0.0;0.0;0.0;0.0;0.0;0;0;nan;0.0;0.0;0.0;2106;0;0;1;0;0;0;0;0;0
8036968733;0;0.0;0.0;-17.0;0.0;0;11075589;999.00006;3.1415925;4294967.5;4294967.5;99.99;99.99;83;10;0.0;0.0;0.0;0.0;0.0;0;0;nan;0.0;0.0;0.0;2106;0;0;1;0;0;0;0;0;0
8037968733;0;0.0;0.0;-17.0;0.0;0;11075589;999.00006;3.1415925;4294967.5;4294967.5;99.99;99.99;83;20;0.0;0.0;0.0;0.0;0.0;0;0;nan;0.0;0.0;0.0;2106;0;0;1;0;0;0;0;0;0
8038965636;0;0.0;0.0;-17.0;0.0;0;11075589;999.00006;3.1415925;4294967.5;4294967.5;99.99;99.99;83;15;0.0;0.0;0.0;0.0;0.0;0;0;nan;0.0;0.0;0.0;2106;0;0;1;0;0;0;0;0;0
8039968756;0;0.0;0.0;-17.0;0.0;0;11075589;999.00006;3.1415925;4294967.5;4294967.5;99.99;99.99;83;26;0.0;0.0;0.0;0.0;0.0;0;0;nan;0.0;0.0;0.0;2106;0;0;1;0;0;0;0;0;0
8040967732;0;0.0;0.0;-17.0;0.0;0;11075589;999.00006;3.1415925;4294967.5;4294967.5;99.99;99.99;78;15;0.0;0.0;0.0;0.0;0.0;0;0;nan;0.0;0.0;0.0;2106;0;0;1;0;0;0;0;0;0
8041968735;0;0.0;0.0;-17.0;0.0;0;11075589;999.00006;3.1415925;4294967.5;4294967.5;99.99;99.99;83;20;0.0;0.0;0.0;0.0;0.0;0;0;nan;0.0;0.0;0.0;2106;0;0;1;0;0;0;0;0;0
8042968735;0;0.0;0.0;-17.0;0.0;0;11075589;999.00006;3.1415925;4294967.5;4294967.5;99.99;99.99;95;19;0.0;0.0;0.0;0.0;0.0;0;0;nan;0.0;0.0;0.0;2106;0;0;1;0;0;0;0;0;0
8043968733;0;0.0;0.0;-17.0;0.0;0;11075589;999.00006;3.1415925;4294967.5;4294967.5;99.99;99.99;88;16;0.0;0.0;0.0;0.0;0.0;0;0;nan;0.0;0.0;0.0;2106;0;0;1;0;0;0;0;0;0
8044968733;0;0.0;0.0;-17.0;0.0;0;11075589;999.00006;3.1415925;4294967.5;4294967.5;99.99;99.99;89;19;0.0;0.0;0.0;0.0;0.0;0;0;nan;0.0;0.0;0.0;2106;0;0;1;0;0;0;0;0;0
8045968733;0;0.0;0.0;-17.0;0.0;0;11075589;999.00006;3.1415925;4294967.5;4294967.5;99.99;99.99;89;16;0.0;0.0;0.0;0.0;0.0;0;0;nan;0.0;0.0;0.0;2106;0;0;1;0;0;0;0;0;0
8046967733;0;0.0;0.0;-17.0;0.0;0;11075589;999.00006;3.1415925;4294967.5;4294967.5;99.99;99.99;88;19;0.0;0.0;0.0;0.0;0.0;0;0;nan;0.0;0.0;0.0;2106;0;0;1;0;0;0;0;0;0
8047968732;0;0.0;0.0;-17.0;0.0;0;11075589;999.00006;3.1415925;4294967.5;4294967.5;99.99;99.99;88;14;0.0;0.0;0.0;0.0;0.0;0;0;nan;0.0;0.0;0.0;2106;0;0;1;0;0;0;0;0;0
8048968732;0;0.0;0.0;-17.0;0.0;0;11075589;999.00006;3.1415925;4294967.5;4294967.5;99.99;99.99;88;17;0.0;0.0;0.0;0.0;0.0;0;0;nan;0.0;0.0;0.0;2106;0;0;1;0;0;0;0;0;0
8049968732;0;0.0;0.0;-17.0;0.0;0;11075589;999.00006;3.1415925;4294967.5;4294967.5;99.99;99.99;88;16;0.0;0.0;0.0;0.0;0.0;0;0;nan;0.0;0.0;0.0;2106;0;0;1;0;0;0;0;0;0
8050969518;0;0.0;0.0;-17.0;0.0;0;11075589;999.00006;3.1415925;4294967.5;4294967.5;99.99;99.99;88;17;0.0;0.0;0.0;0.0;0.0;0;0;nan;0.0;0.0;0.0;2106;0;0;1;0;0;0;0;0;0
8051967991;0;0.0;0.0;-17.0;0.0;0;11075589;999.00006;3.1415925;4294967.5;4294967.5;99.99;99.99;87;15;0.0;0.0;0.0;0.0;0.0;0;0;nan;0.0;0.0;0.0;2106;0;0;1;0;0;0;0;0;0
8052968065;0;0.0;0.0;-17.0;0.0;0;11075589;999.00006;3.1415925;4294967.5;4294967.5;99.99;99.99;87;18;0.0;0.0;0.0;0.0;0.0;0;0;nan;0.0;0.0;0.0;2106;0;0;1;0;0;0;0;0;0
8053968733;0;0.0;0.0;-17.0;0.0;0;11075589;999.00006;3.1415925;4294967.5;4294967.5;99.99;99.99;87;15;0.0;0.0;0.0;0.0;0.0;0;0;nan;0.0;0.0;0.0;2106;0;0;1;0;0;0;0;0;0
8054968733;0;0.0;0.0;-17.0;0.0;0;11075589;999.00006;3.1415925;4294967.5;4294967.5;99.99;99.99;87;16;0.0;0.0;0.0;0.0;0.0;0;0;nan;0.0;0.0;0.0;2106;0;0;1;0;0;0;0;0;0
8055968732;0;0.0;0.0;-17.0;0.0;0;11075589;999.00006;3.1415925;4294967.5;4294967.5;99.99;99.99;87;19;0.0;0.0;0.0;0.0;0.0;0;0;nan;0.0;0.0;0.0;2106;0;0;1;0;0;0;0;0;0
8056968747;0;0.0;0.0;-17.0;0.0;0;11075589;999.00006;3.1415925;4294967.5;4294967.5;99.99;99.99;94;14;0.0;0.0;0.0;0.0;0.0;0;0;nan;0.0;0.0;0.0;2106;0;0;1;0;0;0;0;0;0
8057967764;0;0.0;0.0;-17.0;0.0;0;11075589;999.00006;3.1415925;4294967.5;4294967.5;99.99;99.99;87;16;0.0;0.0;0.0;0.0;0.0;0;0;nan;0.0;0.0;0.0;2106;0;0;1;0;0;0;0;0;0
8058967733;0;0.0;0.0;-17.0;0.0;0;11075589;999.00006;3.1415925;4294967.5;4294967.5;99.99;99.99;81;15;0.0;0.0;0.0;0.0;0.0;0;0;nan;0.0;0.0;0.0;2106;0;0;1;0;0;0;0;0;0
8059967734;0;0.0;0.0;-17.0;0.0;0;11075589;999.00006;3.1415925;4294967.5;4294967.5;99.99;99.99;81;21;0.0;0.0;0.0;0.0;0.0;0;0;nan;0.0;0.0;0.0;2106;0;0;1;0;0;0;0;0;0
8060967733;0;0.0;0.0;-17.0;0.0;0;11075589;999.00006;3.1415925;4294967.5;4294967.5;99.99;99.99;87;18;0.0;0.0;0.0;0.0;0.0;0;0;nan;0.0;0.0;0.0;2106;0;0;1;0;0;0;0;0;0
8061967828;0;0.0;0.0;-17.0;0.0;0;11075589;999.00006;3.1415925;4294967.5;4294967.5;99.99;99.99;87;16;0.0;0.0;0.0;0.0;0.0;0;0;nan;0.0;0.0;0.0;2106;0;0;1;0;0;0;0;0;0
8062967831;0;0.0;0.0;-17.0;0.0;0;11075589;999.00006;3.1415925;4294967.5;4294967.5;99.99;99.99;87;16;0.0;0.0;0.0;0.0;0.0;0;0;nan;0.0;0.0;0.0;2106;0;0;1;0;0;0;0;0;0
8063967732;0;0.0;0.0;-17.0;0.0;0;11075589;999.00006;3.1415925;4294967.5;4294967.5;99.99;99.99;87;18;0.0;0.0;0.0;0.0;0.0;0;0;nan;0.0;0.0;0.0;2106;0;0;1;0;0;0;0;0;0
8064966793;0;0.0;0.0;-17.0;0.0;0;11075589;999.00006;3.1415925;4294967.5;4294967.5;99.99;99.99;86;19;0.0;0.0;0.0;0.0;0.0;0;0;nan;0.0;0.0;0.0;2106;0;0;1;0;0;0;0;0;0
8065967733;0;0.0;0.0;-17.0;0.0;0;11075589;999.00006;3.1415925;4294967.5;4294967.5;99.99;99.99;86;16;0.0;0.0;0.0;0.0;0.0;0;0;nan;0.0;0.0;0.0;2106;0;0;1;0;0;0;0;0;0
8066967851;0;0.0;0.0;-17.0;0.0;0;11075589;999.00006;3.1415925;4294967.5;4294967.5;99.99;99.99;86;21;0.0;0.0;0.0;0.0;0.0;0;0;nan;0.0;0.0;0.0;2106;0;0;1;0;0;0;0;0;0
8067967732;0;0.0;0.0;-17.0;0.0;0;11075589;999.00006;3.1415925;4294967.5;4294967.5;99.99;99.99;86;15;0.0;0.0;0.0;0.0;0.0;0;0;nan;0.0;0.0;0.0;2106;0;0;1;0;0;0;0;0;0
8068967733;0;0.0;0.0;-17.0;0.0;0;11075589;999.00006;3.1415925;4294967.5;4294967.5;99.99;99.99;85;18;0.0;0.0;0.0;0.0;0.0;0;0;nan;0.0;0.0;0.0;2106;0;0;1;0;0;0;0;0;0
8069967731;0;0.0;0.0;-17.0;0.0;0;11075589;999.00006;3.1415925;4294967.5;4294967.5;99.99;99.99;85;15;0.0;0.0;0.0;0.0;0.0;0;0;nan;0.0;0.0;0.0;2106;0;0;1;0;0;0;0;0;0
8070967734;0;0.0;0.0;-17.0;0.0;0;11075589;999.00006;3.1415925;4294967.5;4294967.5;99.99;99.99;85;15;0.0;0.0;0.0;0.0;0.0;0;0;nan;0.0;0.0;0.0;2106;0;0;1;0;0;0;0;0;0
8071967735;0;0.0;0.0;-17.0;0.0;0;11075589;999.00006;3.1415925;4294967.5;4294967.5;99.99;99.99;84;15;0.0;0.0;0.0;0.0;0.0;0;0;nan;0.0;0.0;0.0;2106;0;0;1;0;0;0;0;0;0
8072967882;0;0.0;0.0;-17.0;0.0;0;11075589;999.00006;3.1415925;4294967.5;4294967.5;99.99;99.99;91;19;0.0;0.0;0.0;0.0;0.0;0;0;nan;0.0;0.0;0.0;2106;0;0;1;0;0;0;0;0;0
8073967733;0;0.0;0.0;-17.0;0.0;0;11075589;999.00006;3.1415925;4294967.5;4294967.5;99.99;99.99;90;20;0.0;0.0;0.0;0.0;0.0;0;0;nan;0.0;0.0;0.0;2106;0;0;1;0;0;0;0;0;0
8074967734;0;0.0;0.0;-17.0;0.0;0;11075589;999.00006;3.1415925;4294967.5;4294967.5;99.99;99.99;91;15;0.0;0.0;0.0;0.0;0.0;0;0;nan;0.0;0.0;0.0;2106;0;0;1;0;0;0;0;0;0
8075968731;0;0.0;0.0;-17.0;0.0;0;11075589;999.00006;3.1415925;4294967.5;4294967.5;99.99;99.99;78;17;0.0;0.0;0.0;0.0;0.0;0;0;nan;0.0;0.0;0.0;2106;0;0;1;0;0;0;0;0;0
8076967734;0;0.0;0.0;-17.0;0.0;0;11075589;999.00006;3.1415925;4294967.5;4294967.5;99.99;99.99;78;16;0.0;0.0;0.0;0.0;0.0;0;0;nan;0.0;0.0;0.0;2106;0;0;1;0;0;0;0;0;0
8077967733;0;0.0;0.0;-17.0;0.0;0;11075589;999.00006;3.1415925;4294967.5;4294967.5;99.99;99.99;73;20;0.0;0.0;0.0;0.0;0.0;0;0;nan;0.0;0.0;0.0;2106;0;0;1;0;0;0;0;0;0
8078967732;0;0.0;0.0;-17.0;0.0;0;11075589;999.00006;3.1415925;4294967.5;4294967.5;99.99;99.99;63;10;0.0;0.0;0.0;0.0;0.0;0;0;nan;0.0;0.0;0.0;2106;0;0;1;0;0;0;0;0;0
8079966733;0;0.0;0.0;-17.0;0.0;0;11075589;999.00006;3.1415925;4294967.5;4294967.5;99.99;99.99;83;19;0.0;0.0;0.0;0.0;0.0;0;0;nan;0.0;0.0;0.0;2106;0;0;1;0;0;0;0;0;0
8080966734;0;0.0;0.0;-17.0;0.0;0;11075589;999.00006;3.1415925;4294967.5;4294967.5;99.99;99.99;89;17;0.0;0.0;0.0;0.0;0.0;0;0;nan;0.0;0.0;0.0;2106;0;0;1;0;0;0;0;0;0
8081966735;0;0.0;0.0;-17.0;0.0;0;11075589;999.00006;3.1415925;4294967.5;4294967.5;99.99;99.99;83;19;0.0;0.0;0.0;0.0;0.0;0;0;nan;0.0;0.0;0.0;2106;0;0;1;0;0;0;0;0;0
8082966733;0;0.0;0.0;-17.0;0.0;0;11075589;999.00006;3.1415925;4294967.5;4294967.5;99.99;99.99;88;14;0.0;0.0;0.0;0.0;0.0;0;0;nan;0.0;0.0;0.0;2106;0;0;1;0;0;0;0;0;0
8083966741;0;0.0;0.0;-17.0;0.0;0;11075589;999.00006;3.1415925;4294967.5;4294967.5;99.99;99.99;82;14;0.0;0.0;0.0;0.0;0.0;0;0;nan;0.0;0.0;0.0;2106;0;0;1;0;0;0;0;0;0
8084966739;0;0.0;0.0;-17.0;0.0;0;11075589;999.00006;3.1415925;4294967.5;4294967.5;99.99;99.99;82;16;0.0;0.0;0.0;0.0;0.0;0;0;nan;0.0;0.0;0.0;2106;0;0;1;0;0;0;0;0;0
8085966733;0;0.0;0.0;-17.0;0.0;0;11075589;999.00006;3.1415925;4294967.5;4294967.5;99.99;99.99;88;14;0.0;0.0;0.0;0.0;0.0;0;0;nan;0.0;0.0;0.0;2106;0;0;1;0;0;0;0;0;0
8086966733;0;0.0;0.0;-17.0;0.0;0;11075589;999.00006;3.1415925;4294967.5;4294967.5;99.99;99.99;87;18;0.0;0.0;0.0;0.0;0.0;0;0;nan;0.0;0.0;0.0;2106;0;0;1;0;0;0;0;0;0
8087966733;0;0.0;0.0;-17.0;0.0;0;11075589;999.00006;3.1415925;4294967.5;4294967.5;99.99;99.99;81;14;0.0;0.0;0.0;0.0;0.0;0;0;nan;0.0;0.0;0.0;2106;0;0;1;0;0;0;0;0;0
8088968422;0;0.0;0.0;-17.0;0.0;0;11075589;999.00006;3.1415925;4294967.5;4294967.5;99.99;99.99;81;16;0.0;0.0;0.0;0.0;0.0;0;0;nan;0.0;0.0;0.0;2106;0;0;1;0;0;0;0;0;0
8089967303;0;0.0;0.0;-17.0;0.0;0;11075589;999.00006;3.1415925;4294967.5;4294967.5;99.99;99.99;81;14;0.0;0.0;0.0;0.0;0.0;0;0;nan;0.0;0.0;0.0;2106;0;0;1;0;0;0;0;0;0
8090967732;0;0.0;0.0;-17.0;0.0;0;11075589;999.00006;3.1415925;4294967.5;4294967.5;99.99;99.99;81;18;0.0;0.0;0.0;0.0;0.0;0;0;nan;0.0;0.0;0.0;2106;0;0;1;0;0;0;0;0;0
8091966733;0;0.0;0.0;-17.0;0.0;0;11075589;999.00006;3.1415925;4294967.5;4294967.5;99.99;99.99;81;17;0.0;0.0;0.0;0.0;0.0;0;0;nan;0.0;0.0;0.0;2106;0;0;1;0;0;0;0;0;0
8092966733;0;0.0;0.0;-17.0;0.0;0;11075589;999.00006;3.1415925;4294967.5;4294967.5;99.99;99.99;81;16;0.0;0.0;0.0;0.0;0.0;0;0;nan;0.0;0.0;0.0;2106;0;0;1;0;0;0;0;0;0
8093967114;0;0.0;0.0;-17.0;0.0;0;11075589;999.00006;3.1415925;4294967.5;4294967.5;99.99;99.99;82;15;0.0;0.0;0.0;0.0;0.0;0;0;nan;0.0;0.0;0.0;2106;0;0;1;0;0;0;0;0;0
8094966958;0;0.0;0.0;-17.0;0.0;0;11075589;999.00006;3.1415925;4294967.5;4294967.5;99.99;99.99;81;15;0.0;0.0;0.0;0.0;0.0;0;0;nan;0.0;0.0;0.0;2106;0;0;1;0;0;0;0;0;0
8095966732;0;0.0;0.0;-17.0;0.0;0;11075589;999.00006;3.1415925;4294967.5;4294967.5;99.99;99.99;81;15;0.0;0.0;0.0;0.0;0.0;0;0;nan;0.0;0.0;0.0;2106;0;0;1;0;0;0;0;0;0
8096966732;0;0.0;0.0;-17.0;0.0;0;11075589;999.00006;3.1415925;4294967.5;4294967.5;99.99;99.99;80;14;0.0;0.0;0.0;0.0;0.0;0;0;nan;0.0;0.0;0.0;2106;0;0;1;0;0;0;0;0;0
8097966733;0;0.0;0.0;-17.0;0.0;0;11075589;999.00006;3.1415925;4294967.5;4294967.5;99.99;99.99;85;17;0.0;0.0;0.0;0.0;0.0;0;0;nan;0.0;0.0;0.0;2106;0;0;1;0;0;0;0;0;0
8098966732;0;0.0;0.0;-17.0;0.0;0;11075589;999.00006;3.1415925;4294967.5;4294967.5;99.99;99.99;74;17;0.0;0.0;0.0;0.0;0.0;0;0;nan;0.0;0.0;0.0;2106;0;0;1;0;0;0;0;0;0
8099966732;0;0.0;0.0;-17.0;0.0;0;11075589;999.00006;3.1415925;4294967.5;4294967.5;99.99;99.99;74;19;0.0;0.0;0.0;0.0;0.0;0;0;nan;0.0;0.0;0.0;2106;0;0;1;0;0;0;0;0;0
8100966911;0;0.0;0.0;-17.0;0.0;0;11075589;999.00006;3.1415925;4294967.5;4294967.5;99.99;99.99;84;9;0.0;0.0;0.0;0.0;0.0;0;0;nan;0.0;0.0;0.0;1755;0;0;1;0;0;0;0;0;0
8101966732;0;0.0;0.0;-17.0;0.0;0;11075589;999.00006;3.1415925;4294967.5;4294967.5;99.99;99.99;78;13;0.0;0.0;0.0;0.0;0.0;0;0;nan;0.0;0.0;0.0;1755;0;0;1;0;0;0;0;0;0
8102966738;0;0.0;0.0;-17.0;0.0;0;11075589;999.00006;3.1415925;4294967.5;4294967.5;99.99;99.99;73;10;0.0;0.0;0.0;0.0;0.0;0;0;nan;0.0;0.0;0.0;1755;0;0;1;0;0;0;0;0;0
8103965734;0;0.0;0.0;-17.0;0.0;0;11075589;999.00006;3.1415925;4294967.5;4294967.5;99.99;99.99;69;9;0.0;0.0;0.0;0.0;0.0;0;0;nan;0.0;0.0;0.0;1755;0;0;1;0;0;0;0;0;0
8104967193;0;0.0;0.0;-17.0;0.0;0;11075589;999.00006;3.1415925;4294967.5;4294967.5;99.99;99.99;69;14;0.0;0.0;0.0;0.0;0.0;0;0;nan;0.0;0.0;0.0;1755;0;0;1;0;0;0;0;0;0
8105966733;0;0.0;0.0;-17.0;0.0;0;11075589;999.00006;3.1415925;4294967.5;4294967.5;99.99;99.99;69;11;0.0;0.0;0.0;0.0;0.0;0;0;nan;0.0;0.0;0.0;1755;0;0;1;0;0;0;0;0;0
8106965733;0;0.0;0.0;-17.0;0.0;0;11075589;999.00006;3.1415925;4294967.5;4294967.5;99.99;99.99;69;14;0.0;0.0;0.0;0.0;0.0;0;0;nan;0.0;0.0;0.0;1755;0;0;1;0;0;0;0;0;0
8107965766;0;0.0;0.0;-17.0;0.0;0;11075589;999.00006;3.1415925;4294967.5;4294967.5;99.99;99.99;78;12;0.0;0.0;0.0;0.0;0.0;0;0;nan;0.0;0.0;0.0;1755;0;0;1;0;0;0;0;0;0
8108965732;0;0.0;0.0;-17.0;0.0;0;11075589;999.00006;3.1415925;4294967.5;4294967.5;99.99;99.99;79;18;0.0;0.0;0.0;0.0;0.0;0;0;nan;0.0;0.0;0.0;1755;0;0;1;0;0;0;0;0;0
8109965734;0;0.0;0.0;-17.0;0.0;0;11075589;999.00006;3.1415925;4294967.5;4294967.5;99.99;99.99;79;15;0.0;0.0;0.0;0.0;0.0;0;0;nan;0.0;0.0;0.0;1755;0;0;1;0;0;0;0;0;0
8110965733;0;0.0;0.0;-17.0;0.0;0;11075589;999.00006;3.1415925;4294967.5;4294967.5;99.99;99.99;79;18;0.0;0.0;0.0;0.0;0.0;0;0;nan;0.0;0.0;0.0;2106;0;0;1;0;0;0;0;0;0
8111965733;0;0.0;0.0;-17.0;0.0;0;11075589;999.00006;3.1415925;4294967.5;4294967.5;99.99;99.99;79;14;0.0;0.0;0.0;0.0;0.0;0;0;nan;0.0;0.0;0.0;2106;0;0;1;0;0;0;0;0;0
8112966288;0;0.0;0.0;-17.0;0.0;0;11075589;999.00006;3.1415925;4294967.5;4294967.5;99.99;99.99;78;10;0.0;0.0;0.0;0.0;0.0;0;0;nan;0.0;0.0;0.0;2106;0;0;1;0;0;0;0;0;0
8113965733;0;0.0;0.0;-17.0;0.0;0;11075589;999.00006;3.1415925;4294967.5;4294967.5;99.99;99.99;78;11;0.0;0.0;0.0;0.0;0.0;0;0;nan;0.0;0.0;0.0;2106;0;0;1;0;0;0;0;0;0
8114965732;0;0.0;0.0;-17.0;0.0;0;11075589;999.00006;3.1415925;4294967.5;4294967.5;99.99;99.99;63;11;0.0;0.0;0.0;0.0;0.0;0;0;nan;0.0;0.0;0.0;2106;0;0;1;0;0;0;0;0;0
8115965998;0;0.0;0.0;-17.0;0.0;0;11075589;999.00006;3.1415925;4294967.5;4294967.5;99.99;99.99;63;10;0.0;0.0;0.0;0.0;0.0;0;0;nan;0.0;0.0;0.0;1755;0;0;1;0;0;0;0;0;0
8116965733;0;0.0;0.0;-17.0;0.0;0;11075589;999.00006;3.1415925;4294967.5;4294967.5;99.99;99.99;78;8;0.0;0.0;0.0;0.0;0.0;0;0;nan;0.0;0.0;0.0;1755;0;0;1;0;0;0;0;0;0
8117965734;0;0.0;0.0;-17.0;0.0;0;11075589;999.00006;3.1415925;4294967.5;4294967.5;99.99;99.99;77;9;0.0;0.0;0.0;0.0;0.0;0;0;nan;0.0;0.0;0.0;1755;0;0;1;0;0;0;0;0;0
8118966731;0;0.0;0.0;-17.0;0.0;0;11075589;999.00006;3.1415925;4294967.5;4294967.5;99.99;99.99;62;13;0.0;0.0;0.0;0.0;0.0;0;0;nan;0.0;0.0;0.0;1755;0;0;1;0;0;0;0;0;0
8119965733;0;0.0;0.0;-17.0;0.0;0;11075589;999.00006;3.1415925;4294967.5;4294967.5;99.99;99.99;82;16;0.0;0.0;0.0;0.0;0.0;0;0;nan;0.0;0.0;0.0;1755;0;0;1;0;0;0;0;0;0
8120965733;0;0.0;0.0;-17.0;0.0;0;11075589;999.00006;3.1415925;4294967.5;4294967.5;99.99;99.99;82;15;0.0;0.0;0.0;0.0;0.0;0;0;nan;0.0;0.0;0.0;2106;0;0;1;0;0;0;0;0;0
8121965733;0;0.0;0.0;-17.0;0.0;0;11075589;999.00006;3.1415925;4294967.5;4294967.5;99.99;99.99;82;14;0.0;0.0;0.0;0.0;0.0;0;0;nan;0.0;0.0;0.0;2106;0;0;1;0;0;0;0;0;0
8122965733;0;0.0;0.0;-17.0;0.0;0;11075589;999.00006;3.1415925;4294967.5;4294967.5;99.99;99.99;82;15;0.0;0.0;0.0;0.0;0.0;0;0;nan;0.0;0.0;0.0;2106;0;0;1;0;0;0;0;0;0
8123965732;0;0.0;0.0;-17.0;0.0;0;11075589;999.00006;3.1415925;4294967.5;4294967.5;99.99;99.99;82;20;0.0;0.0;0.0;0.0;0.0;0;0;nan;0.0;0.0;0.0;2106;0;0;1;0;0;0;0;0;0
8124965787;0;0.0;0.0;-17.0;0.0;0;11075589;999.00006;3.1415925;4294967.5;4294967.5;99.99;99.99;82;19;0.0;0.0;0.0;0.0;0.0;0;0;nan;0.0;0.0;0.0;2106;0;0;1;0;0;0;0;0;0
8125965735;0;0.0;0.0;-17.0;0.0;0;11075589;999.00006;3.1415925;4294967.5;4294967.5;99.99;99.99;82;18;0.0;0.0;0.0;0.0;0.0;0;0;nan;0.0;0.0;0.0;2106;0;0;1;0;0;0;0;0;0
8126965732;0;0.0;0.0;-17.0;0.0;0;11075589;999.00006;3.1415925;4294967.5;4294967.5;99.99;99.99;82;18;0.0;0.0;0.0;0.0;0.0;0;0;nan;0.0;0.0;0.0;2106;0;0;1;0;0;0;0;0;0
8127965960;0;0.0;0.0;-17.0;0.0;0;11075589;999.00006;3.1415925;4294967.5;4294967.5;99.99;99.99;82;15;0.0;0.0;0.0;0.0;0.0;0;0;nan;0.0;0.0;0.0;2106;0;0;1;0;0;0;0;0;0
8128965733;0;0.0;0.0;-17.0;0.0;0;11075589;999.00006;3.1415925;4294967.5;4294967.5;99.99;99.99;82;19;0.0;0.0;0.0;0.0;0.0;0;0;nan;0.0;0.0;0.0;2106;0;0;1;0;0;0;0;0;0
8129965732;0;0.0;0.0;-17.0;0.0;0;11075589;999.00006;3.1415925;4294967.5;4294967.5;99.99;99.99;82;13;0.0;0.0;0.0;0.0;0.0;0;0;nan;0.0;0.0;0.0;2106;0;0;1;0;0;0;0;0;0
8130964781;0;0.0;0.0;-17.0;0.0;0;11075589;999.00006;3.1415925;4294967.5;4294967.5;99.99;99.99;82;15;0.0;0.0;0.0;0.0;0.0;0;0;nan;0.0;0.0;0.0;2106;0;0;1;0;0;0;0;0;0
8131965732;0;0.0;0.0;-17.0;0.0;0;11075589;999.00006;3.1415925;4294967.5;4294967.5;99.99;99.99;82;16;0.0;0.0;0.0;0.0;0.0;0;0;nan;0.0;0.0;0.0;2106;0;0;1;0;0;0;0;0;0
8132964734;0;0.0;0.0;-17.0;0.0;0;11075589;999.00006;3.1415925;4294967.5;4294967.5;99.99;99.99;82;17;0.0;0.0;0.0;0.0;0.0;0;0;nan;0.0;0.0;0.0;2106;0;0;1;0;0;0;0;0;0
8133964736;0;0.0;0.0;-17.0;0.0;0;11075589;999.00006;3.1415925;4294967.5;4294967.5;99.99;99.99;82;18;0.0;0.0;0.0;0.0;0.0;0;0;nan;0.0;0.0;0.0;2106;0;0;1;0;0;0;0;0;0
8134964840;0;0.0;0.0;-17.0;0.0;0;11075589;999.00006;3.1415925;4294967.5;4294967.5;99.99;99.99;82;16;0.0;0.0;0.0;0.0;0.0;0;0;nan;0.0;0.0;0.0;2106;0;0;1;0;0;0;0;0;0
8135965945;0;0.0;0.0;-17.0;0.0;0;11075589;999.00006;3.1415925;4294967.5;4294967.5;99.99;99.99;82;19;0.0;0.0;0.0;0.0;0.0;0;0;nan;0.0;0.0;0.0;2106;0;0;1;0;0;0;0;0;0
8136964852;0;0.0;0.0;-17.0;0.0;0;11075589;999.00006;3.1415925;4294967.5;4294967.5;99.99;99.99;83;19;0.0;0.0;0.0;0.0;0.0;0;0;nan;0.0;0.0;0.0;2106;0;0;1;0;0;0;0;0;0
8137965731;0;0.0;0.0;-17.0;0.0;0;11075589;999.00006;3.1415925;4294967.5;4294967.5;99.99;99.99;82;14;0.0;0.0;0.0;0.0;0.0;0;0;nan;0.0;0.0;0.0;2106;0;0;1;0;0;0;0;0;0
8138964733;0;0.0;0.0;-17.0;0.0;0;11075589;999.00006;3.1415925;4294967.5;4294967.5;99.99;99.99;82;16;0.0;0.0;0.0;0.0;0.0;0;0;nan;0.0;0.0;0.0;2106;0;0;1;0;0;0;0;0;0
8139964733;0;0.0;0.0;-17.0;0.0;0;11075589;999.00006;3.1415925;4294967.5;4294967.5;99.99;99.99;82;16;0.0;0.0;0.0;0.0;0.0;0;0;nan;0.0;0.0;0.0;2106;0;0;1;0;0;0;0;0;0
8140965732;0;0.0;0.0;-17.0;0.0;0;11075589;999.00006;3.1415925;4294967.5;4294967.5;99.99;99.99;82;14;0.0;0.0;0.0;0.0;0.0;0;0;nan;0.0;0.0;0.0;2106;0;0;1;0;0;0;0;0;0
8141964733;0;0.0;0.0;-17.0;0.0;0;11075589;999.00006;3.1415925;4294967.5;4294967.5;99.99;99.99;82;18;0.0;0.0;0.0;0.0;0.0;0;0;nan;0.0;0.0;0.0;2106;0;0;1;0;0;0;0;0;0
8142964733;0;0.0;0.0;-17.0;0.0;0;11075589;999.00006;3.1415925;4294967.5;4294967.5;99.99;99.99;82;14;0.0;0.0;0.0;0.0;0.0;0;0;nan;0.0;0.0;0.0;2106;0;0;1;0;0;0;0;0;0
8143964799;0;0.0;0.0;-17.0;0.0;0;11075589;999.00006;3.1415925;4294967.5;4294967.5;99.99;99.99;82;19;0.0;0.0;0.0;0.0;0.0;0;0;nan;0.0;0.0;0.0;2106;0;0;1;0;0;0;0;0;0
8144964732;0;0.0;0.0;-17.0;0.0;0;11075589;999.00006;3.1415925;4294967.5;4294967.5;99.99;99.99;82;16;0.0;0.0;0.0;0.0;0.0;0;0;nan;0.0;0.0;0.0;2106;0;0;1;0;0;0;0;0;0
8145964956;0;0.0;0.0;-17.0;0.0;0;11075589;999.00006;3.1415925;4294967.5;4294967.5;99.99;99.99;82;14;0.0;0.0;0.0;0.0;0.0;0;0;nan;0.0;0.0;0.0;2106;0;0;1;0;0;0;0;0;0
8146964947;0;0.0;0.0;-17.0;0.0;0;11075589;999.00006;3.1415925;4294967.5;4294967.5;99.99;99.99;82;15;0.0;0.0;0.0;0.0;0.0;0;0;nan;0.0;0.0;0.0;2106;0;0;1;0;0;0;0;0;0
8147964755;0;0.0;0.0;-17.0;0.0;0;11075589;999.00006;3.1415925;4294967.5;4294967.5;99.99;99.99;82;16;0.0;0.0;0.0;0.0;0.0;0;0;nan;0.0;0.0;0.0;2106;0;0;1;0;0;0;0;0;0
8148964734;0;0.0;0.0;-17.0;0.0;0;11075589;999.00006;3.1415925;4294967.5;4294967.5;99.99;99.99;82;14;0.0;0.0;0.0;0.0;0.0;0;0;nan;0.0;0.0;0.0;2106;0;0;1;0;0;0;0;0;0
8149964733;0;0.0;0.0;-17.0;0.0;0;11075589;999.00006;3.1415925;4294967.5;4294967.5;99.99;99.99;82;15;0.0;0.0;0.0;0.0;0.0;0;0;nan;0.0;0.0;0.0;2106;0;0;1;0;0;0;0;0;0
8150965002;0;0.0;0.0;-17.0;0.0;0;11075589;999.00006;3.1415925;4294967.5;4294967.5;99.99;99.99;83;18;0.0;0.0;0.0;0.0;0.0;0;0;nan;0.0;0.0;0.0;2106;0;0;1;0;0;0;0;0;0
8151964734;0;0.0;0.0;-17.0;0.0;0;11075589;999.00006;3.1415925;4294967.5;4294967.5;99.99;99.99;83;27;0.0;0.0;0.0;0.0;0.0;0;0;nan;0.0;0.0;0.0;2106;0;0;1;0;0;0;0;0;0
8152964733;0;0.0;0.0;-17.0;0.0;0;11075589;999.00006;3.1415925;4294967.5;4294967.5;99.99;99.99;83;15;0.0;0.0;0.0;0.0;0.0;0;0;nan;0.0;0.0;0.0;2106;0;0;1;0;0;0;0;0;0
8153964734;0;0.0;0.0;-17.0;0.0;0;11075589;999.00006;3.1415925;4294967.5;4294967.5;99.99;99.99;83;14;0.0;0.0;0.0;0.0;0.0;0;0;nan;0.0;0.0;0.0;2106;0;0;1;0;0;0;0;0;0
8154964735;0;0.0;0.0;-17.0;0.0;0;11075589;999.00006;3.1415925;4294967.5;4294967.5;99.99;99.99;83;11;0.0;0.0;0.0;0.0;0.0;0;0;nan;0.0;0.0;0.0;2106;0;0;1;0;0;0;0;0;0
8155964913;0;0.0;0.0;-17.0;0.0;0;11075589;999.00006;3.1415925;4294967.5;4294967.5;99.99;99.99;89;12;0.0;0.0;0.0;0.0;0.0;0;0;nan;0.0;0.0;0.0;2106;0;0;1;0;0;0;0;0;0
8156964740;0;0.0;0.0;-17.0;0.0;0;11075589;999.00006;3.1415925;4294967.5;4294967.5;99.99;99.99;89;20;0.0;0.0;0.0;0.0;0.0;0;0;nan;0.0;0.0;0.0;2106;0;0;1;0;0;0;0;0;0
8157964732;0;0.0;0.0;-17.0;0.0;0;11075589;999.00006;3.1415925;4294967.5;4294967.5;99.99;99.99;102;25;0.0;0.0;0.0;0.0;0.0;0;0;nan;0.0;0.0;0.0;2106;0;0;1;0;0;0;0;0;0
8158964735;0;0.0;0.0;-17.0;0.0;0;11075589;999.00006;3.1415925;4294967.5;4294967.5;99.99;99.99;94;14;0.0;0.0;0.0;0.0;0.0;0;0;nan;0.0;0.0;0.0;2106;0;0;1;0;0;0;0;0;0
8159964733;0;0.0;0.0;-17.0;0.0;0;11075589;999.00006;3.1415925;4294967.5;4294967.5;99.99;99.99;94;15;0.0;0.0;0.0;0.0;0.0;0;0;nan;0.0;0.0;0.0;2106;0;0;1;0;0;0;0;0;0
8160964734;0;0.0;0.0;-17.0;0.0;0;11075589;999.00006;3.1415925;4294967.5;4294967.5;99.99;99.99;100;14;0.0;0.0;0.0;0.0;0.0;0;0;nan;0.0;0.0;0.0;2106;0;0;1;0;0;0;0;0;0
8161963733;0;0.0;0.0;-17.0;0.0;0;11075589;999.00006;3.1415925;4294967.5;4294967.5;99.99;99.99;87;16;0.0;0.0;0.0;0.0;0.0;0;0;nan;0.0;0.0;0.0;2106;0;0;1;0;0;0;0;0;0
8162963733;0;0.0;0.0;-17.0;0.0;0;11075589;999.00006;3.1415925;4294967.5;4294967.5;99.99;99.99;81;15;0.0;0.0;0.0;0.0;0.0;0;0;nan;0.0;0.0;0.0;2106;0;0;1;0;0;0;0;0;0
8163963734;0;0.0;0.0;-17.0;0.0;0;11075589;999.00006;3.1415925;4294967.5;4294967.5;99.99;99.99;81;14;0.0;0.0;0.0;0.0;0.0;0;0;nan;0.0;0.0;0.0;2106;0;0;1;0;0;0;0;0;0
8164963733;0;0.0;0.0;-17.0;0.0;0;11075589;999.00006;3.1415925;4294967.5;4294967.5;99.99;99.99;81;15;0.0;0.0;0.0;0.0;0.0;0;0;nan;0.0;0.0;0.0;2106;0;0;1;0;0;0;0;0;0
8165963733;0;0.0;0.0;-17.0;0.0;0;11075589;999.00006;3.1415925;4294967.5;4294967.5;99.99;99.99;81;20;0.0;0.0;0.0;0.0;0.0;0;0;nan;0.0;0.0;0.0;2106;0;0;1;0;0;0;0;0;0
8166963828;0;0.0;0.0;-17.0;0.0;0;11075589;999.00006;3.1415925;4294967.5;4294967.5;99.99;99.99;81;16;0.0;0.0;0.0;0.0;0.0;0;0;nan;0.0;0.0;0.0;2106;0;0;1;0;0;0;0;0;0
8167963733;0;0.0;0.0;-17.0;0.0;0;11075589;999.00006;3.1415925;4294967.5;4294967.5;99.99;99.99;81;14;0.0;0.0;0.0;0.0;0.0;0;0;nan;0.0;0.0;0.0;2106;0;0;1;0;0;0;0;0;0
8168963733;0;0.0;0.0;-17.0;0.0;0;11075589;999.00006;3.1415925;4294967.5;4294967.5;99.99;99.99;81;16;0.0;0.0;0.0;0.0;0.0;0;0;nan;0.0;0.0;0.0;2106;0;0;1;0;0;0;0;0;0
8169963834;0;0.0;0.0;-17.0;0.0;0;11075589;999.00006;3.1415925;4294967.5;4294967.5;99.99;99.99;81;15;0.0;0.0;0.0;0.0;0.0;0;0;nan;0.0;0.0;0.0;2106;0;0;1;0;0;0;0;0;0
8170963734;0;0.0;0.0;-17.0;0.0;0;11075589;999.00006;3.1415925;4294967.5;4294967.5;99.99;99.99;82;20;0.0;0.0;0.0;0.0;0.0;0;0;nan;0.0;0.0;0.0;2106;0;0;1;0;0;0;0;0;0
8171963733;0;0.0;0.0;-17.0;0.0;0;11075589;999.00006;3.1415925;4294967.5;4294967.5;99.99;99.99;81;14;0.0;0.0;0.0;0.0;0.0;0;0;nan;0.0;0.0;0.0;2106;0;0;1;0;0;0;0;0;0
8172963732;0;0.0;0.0;-17.0;0.0;0;11075589;999.00006;3.1415925;4294967.5;4294967.5;99.99;99.99;81;18;0.0;0.0;0.0;0.0;0.0;0;0;nan;0.0;0.0;0.0;2106;0;0;1;0;0;0;0;0;0
8173963892;0;0.0;0.0;-17.0;0.0;0;11075589;999.00006;3.1415925;4294967.5;4294967.5;99.99;99.99;82;15;0.0;0.0;0.0;0.0;0.0;0;0;nan;0.0;0.0;0.0;2106;0;0;1;0;0;0;0;0;0
8174963734;0;0.0;0.0;-17.0;0.0;0;11075589;999.00006;3.1415925;4294967.5;4294967.5;99.99;99.99;81;15;0.0;0.0;0.0;0.0;0.0;0;0;nan;0.0;0.0;0.0;2106;0;0;1;0;0;0;0;0;0
8175963732;0;0.0;0.0;-17.0;0.0;0;11075589;999.00006;3.1415925;4294967.5;4294967.5;99.99;99.99;78;16;0.0;0.0;0.0;0.0;0.0;0;0;nan;0.0;0.0;0.0;2106;0;0;1;0;0;0;0;0;0
8176963852;0;0.0;0.0;-17.0;0.0;0;11075589;999.00006;3.1415925;4294967.5;4294967.5;99.99;99.99;83;16;0.0;0.0;0.0;0.0;0.0;0;0;nan;0.0;0.0;0.0;2106;0;0;1;0;0;0;0;0;0
8177963740;0;0.0;0.0;-17.0;0.0;0;11075589;999.00006;3.1415925;4294967.5;4294967.5;99.99;99.99;77;16;0.0;0.0;0.0;0.0;0.0;0;0;nan;0.0;0.0;0.0;2106;0;0;1;0;0;0;0;0;0
8178963748;0;0.0;0.0;-17.0;0.0;0;11075589;999.00006;3.1415925;4294967.5;4294967.5;99.99;99.99;77;15;0.0;0.0;0.0;0.0;0.0;0;0;nan;0.0;0.0;0.0;2106;0;0;1;0;0;0;0;0;0
8179963734;0;0.0;0.0;-17.0;0.0;0;11075589;999.00006;3.1415925;4294967.5;4294967.5;99.99;99.99;72;18;0.0;0.0;0.0;0.0;0.0;0;0;nan;0.0;0.0;0.0;2106;0;0;1;0;0;0;0;0;0
8180964303;0;0.0;0.0;-17.0;0.0;0;11075589;999.00006;3.1415925;4294967.5;4294967.5;99.99;99.99;73;16;0.0;0.0;0.0;0.0;0.0;0;0;nan;0.0;0.0;0.0;2106;0;0;1;0;0;0;0;0;0
8181963738;0;0.0;0.0;-17.0;0.0;0;11075589;999.00006;3.1415925;4294967.5;4294967.5;99.99;99.99;73;20;0.0;0.0;0.0;0.0;0.0;0;0;nan;0.0;0.0;0.0;2106;0;0;1;0;0;0;0;0;0
8182963732;0;0.0;0.0;-17.0;0.0;0;11075589;999.00006;3.1415925;4294967.5;4294967.5;99.99;99.99;72;15;0.0;0.0;0.0;0.0;0.0;0;0;nan;0.0;0.0;0.0;2106;0;0;1;0;0;0;0;0;0
8183964852;0;0.0;0.0;-17.0;0.0;0;11075589;999.00006;3.1415925;4294967.5;4294967.5;99.99;99.99;77;17;0.0;0.0;0.0;0.0;0.0;0;0;nan;0.0;0.0;0.0;2106;0;0;1;0;0;0;0;0;0
8184963733;0;0.0;0.0;-17.0;0.0;0;11075589;999.00006;3.1415925;4294967.5;4294967.5;99.99;99.99;72;19;0.0;0.0;0.0;0.0;0.0;0;0;nan;0.0;0.0;0.0;2106;0;0;1;0;0;0;0;0;0
8185962733;0;0.0;0.0;-17.0;0.0;0;11075589;999.00006;3.1415925;4294967.5;4294967.5;99.99;99.99;77;19;0.0;0.0;0.0;0.0;0.0;0;0;nan;0.0;0.0;0.0;2106;0;0;1;0;0;0;0;0;0
8186962733;0;0.0;0.0;-17.0;0.0;0;11075589;999.00006;3.1415925;4294967.5;4294967.5;99.99;99.99;77;17;0.0;0.0;0.0;0.0;0.0;0;0;nan;0.0;0.0;0.0;2106;0;0;1;0;0;0;0;0;0
8187962759;0;0.0;0.0;-17.0;0.0;0;11075589;999.00006;3.1415925;4294967.5;4294967.5;99.99;99.99;72;15;0.0;0.0;0.0;0.0;0.0;0;0;nan;0.0;0.0;0.0;2106;0;0;1;0;0;0;0;0;0
8188963733;0;0.0;0.0;-17.0;0.0;0;11075589;999.00006;3.1415925;4294967.5;4294967.5;99.99;99.99;77;15;0.0;0.0;0.0;0.0;0.0;0;0;nan;0.0;0.0;0.0;2106;0;0;1;0;0;0;0;0;0
8189963733;0;0.0;0.0;-17.0;0.0;0;11075589;999.00006;3.1415925;4294967.5;4294967.5;99.99;99.99;71;14;0.0;0.0;0.0;0.0;0.0;0;0;nan;0.0;0.0;0.0;2106;0;0;1;0;0;0;0;0;0
8190963732;0;0.0;0.0;-17.0;0.0;0;11075589;999.00006;3.1415925;4294967.5;4294967.5;99.99;99.99;76;15;0.0;0.0;0.0;0.0;0.0;0;0;nan;0.0;0.0;0.0;2106;0;0;1;0;0;0;0;0;0
8191962733;0;0.0;0.0;-17.0;0.0;0;11075589;999.00006;3.1415925;4294967.5;4294967.5;99.99;99.99;82;14;0.0;0.0;0.0;0.0;0.0;0;0;nan;0.0;0.0;0.0;2106;0;0;1;0;0;0;0;0;0
8192962744;0;0.0;0.0;-17.0;0.0;0;11075589;999.00006;3.1415925;4294967.5;4294967.5;99.99;99.99;71;17;0.0;0.0;0.0;0.0;0.0;0;0;nan;0.0;0.0;0.0;2106;0;0;1;0;0;0;0;0;0
8193962733;0;0.0;0.0;-17.0;0.0;0;11075589;999.00006;3.1415925;4294967.5;4294967.5;99.99;99.99;71;17;0.0;0.0;0.0;0.0;0.0;0;0;nan;0.0;0.0;0.0;2106;0;0;1;0;0;0;0;0;0
8194962734;0;0.0;0.0;-17.0;0.0;0;11075589;999.00006;3.1415925;4294967.5;4294967.5;99.99;99.99;71;17;0.0;0.0;0.0;0.0;0.0;0;0;nan;0.0;0.0;0.0;2106;0;0;1;0;0;0;0;0;0
8195962733;0;0.0;0.0;-17.0;0.0;0;11075589;999.00006;3.1415925;4294967.5;4294967.5;99.99;99.99;75;17;0.0;0.0;0.0;0.0;0.0;0;0;nan;0.0;0.0;0.0;2106;0;0;1;0;0;0;0;0;0
8196962733;0;0.0;0.0;-17.0;0.0;0;11075589;999.00006;3.1415925;4294967.5;4294967.5;99.99;99.99;75;16;0.0;0.0;0.0;0.0;0.0;0;0;nan;0.0;0.0;0.0;2106;0;0;1;0;0;0;0;0;0
8197962764;0;0.0;0.0;-17.0;0.0;0;11075589;999.00006;3.1415925;4294967.5;4294967.5;99.99;99.99;75;15;0.0;0.0;0.0;0.0;0.0;0;0;nan;0.0;0.0;0.0;2106;0;0;1;0;0;0;0;0;0
8198962733;0;0.0;0.0;-17.0;0.0;0;11075589;999.00006;3.1415925;4294967.5;4294967.5;99.99;99.99;74;13;0.0;0.0;0.0;0.0;0.0;0;0;nan;0.0;0.0;0.0;2106;0;0;1;0;0;0;0;0;0
8199962733;0;0.0;0.0;-17.0;0.0;0;11075589;999.00006;3.1415925;4294967.5;4294967.5;99.99;99.99;74;16;0.0;0.0;0.0;0.0;0.0;0;0;nan;0.0;0.0;0.0;2106;0;0;1;0;0;0;0;0;0
8200962735;0;0.0;0.0;-17.0;0.0;0;11075589;999.00006;3.1415925;4294967.5;4294967.5;99.99;99.99;74;15;0.0;0.0;0.0;0.0;0.0;0;0;nan;0.0;0.0;0.0;2106;0;0;1;0;0;0;0;0;0
8201962733;0;0.0;0.0;-17.0;0.0;0;11075589;999.00006;3.1415925;4294967.5;4294967.5;99.99;99.99;74;19;0.0;0.0;0.0;0.0;0.0;0;0;nan;0.0;0.0;0.0;2106;0;0;1;0;0;0;0;0;0
8202962735;0;0.0;0.0;-17.0;0.0;0;11075589;999.00006;3.1415925;4294967.5;4294967.5;99.99;99.99;80;14;0.0;0.0;0.0;0.0;0.0;0;0;nan;0.0;0.0;0.0;2106;0;0;1;0;0;0;0;0;0
8203963143;0;0.0;0.0;-17.0;0.0;0;11075589;999.00006;3.1415925;4294967.5;4294967.5;99.99;99.99;80;17;0.0;0.0;0.0;0.0;0.0;0;0;nan;0.0;0.0;0.0;2106;0;0;1;0;0;0;0;0;0
8204962733;0;0.0;0.0;-17.0;0.0;0;11075589;999.00006;3.1415925;4294967.5;4294967.5;99.99;99.99;80;15;0.0;0.0;0.0;0.0;0.0;0;0;nan;0.0;0.0;0.0;2106;0;0;1;0;0;0;0;0;0
8205962735;0;0.0;0.0;-17.0;0.0;0;11075589;999.00006;3.1415925;4294967.5;4294967.5;99.99;99.99;80;17;0.0;0.0;0.0;0.0;0.0;0;0;nan;0.0;0.0;0.0;2106;0;0;1;0;0;0;0;0;0
8206962733;0;0.0;0.0;-17.0;0.0;0;11075589;999.00006;3.1415925;4294967.5;4294967.5;99.99;99.99;85;17;0.0;0.0;0.0;0.0;0.0;0;0;nan;0.0;0.0;0.0;2106;0;0;1;0;0;0;0;0;0
8207962733;0;0.0;0.0;-17.0;0.0;0;11075589;999.00006;3.1415925;4294967.5;4294967.5;99.99;99.99;74;15;0.0;0.0;0.0;0.0;0.0;0;0;nan;0.0;0.0;0.0;2106;0;0;1;0;0;0;0;0;0
8208962734;0;0.0;0.0;-17.0;0.0;0;11075589;999.00006;3.1415925;4294967.5;4294967.5;99.99;99.99;73;16;0.0;0.0;0.0;0.0;0.0;0;0;nan;0.0;0.0;0.0;2106;0;0;1;0;0;0;0;0;0
8209961734;0;0.0;0.0;-17.0;0.0;0;11075589;999.00006;3.1415925;4294967.5;4294967.5;99.99;99.99;73;15;0.0;0.0;0.0;0.0;0.0;0;0;nan;0.0;0.0;0.0;2106;0;0;1;0;0;0;0;0;0
8210962733;0;0.0;0.0;-17.0;0.0;0;11075589;999.00006;3.1415925;4294967.5;4294967.5;99.99;99.99;73;20;0.0;0.0;0.0;0.0;0.0;0;0;nan;0.0;0.0;0.0;2106;0;0;1;0;0;0;0;0;0
8211962188;0;0.0;0.0;-17.0;0.0;0;11075589;999.00006;3.1415925;4294967.5;4294967.5;99.99;99.99;90;17;0.0;0.0;0.0;0.0;0.0;0;0;nan;0.0;0.0;0.0;2106;0;0;1;0;0;0;0;0;0
8212961749;0;0.0;0.0;-17.0;0.0;0;11075589;999.00006;3.1415925;4294967.5;4294967.5;99.99;99.99;90;18;0.0;0.0;0.0;0.0;0.0;0;0;nan;0.0;0.0;0.0;2106;0;0;1;0;0;0;0;0;0
8213962732;0;0.0;0.0;-17.0;0.0;0;11075589;999.00006;3.1415925;4294967.5;4294967.5;99.99;99.99;91;14;0.0;0.0;0.0;0.0;0.0;0;0;nan;0.0;0.0;0.0;2106;0;0;1;0;0;0;0;0;0
8214962733;0;0.0;0.0;-17.0;0.0;0;11075589;999.00006;3.1415925;4294967.5;4294967.5;99.99;99.99;90;18;0.0;0.0;0.0;0.0;0.0;0;0;nan;0.0;0.0;0.0;2106;0;0;1;0;0;0;0;0;0
8215963182;0;0.0;0.0;-17.0;0.0;0;11075589;999.00006;3.1415925;4294967.5;4294967.5;99.99;99.99;90;15;0.0;0.0;0.0;0.0;0.0;0;0;nan;0.0;0.0;0.0;2106;0;0;1;0;0;0;0;0;0
8216962757;0;0.0;0.0;-17.0;0.0;0;11075589;999.00006;3.1415925;4294967.5;4294967.5;99.99;99.99;90;15;0.0;0.0;0.0;0.0;0.0;0;0;nan;0.0;0.0;0.0;2106;0;0;1;0;0;0;0;0;0
8217962732;0;0.0;0.0;-17.0;0.0;0;11075589;999.00006;3.1415925;4294967.5;4294967.5;99.99;99.99;90;16;0.0;0.0;0.0;0.0;0.0;0;0;nan;0.0;0.0;0.0;2106;0;0;1;0;0;0;0;0;0
8218962733;0;0.0;0.0;-17.0;0.0;0;11075589;999.00006;3.1415925;4294967.5;4294967.5;99.99;99.99;84;16;0.0;0.0;0.0;0.0;0.0;0;0;nan;0.0;0.0;0.0;2106;0;0;1;0;0;0;0;0;0
8219962734;0;0.0;0.0;-17.0;0.0;0;11075589;999.00006;3.1415925;4294967.5;4294967.5;99.99;99.99;72;16;0.0;0.0;0.0;0.0;0.0;0;0;nan;0.0;0.0;0.0;2106;0;0;1;0;0;0;0;0;0
8220962732;0;0.0;0.0;-17.0;0.0;0;11075589;999.00006;3.1415925;4294967.5;4294967.5;99.99;99.99;72;15;0.0;0.0;0.0;0.0;0.0;0;0;nan;0.0;0.0;0.0;2106;0;0;1;0;0;0;0;0;0
8221962732;0;0.0;0.0;-17.0;0.0;0;11075589;999.00006;3.1415925;4294967.5;4294967.5;99.99;99.99;73;16;0.0;0.0;0.0;0.0;0.0;0;0;nan;0.0;0.0;0.0;2106;0;0;1;0;0;0;0;0;0
8222962735;0;0.0;0.0;-17.0;0.0;0;11075589;999.00006;3.1415925;4294967.5;4294967.5;99.99;99.99;84;15;0.0;0.0;0.0;0.0;0.0;0;0;nan;0.0;0.0;0.0;2106;0;0;1;0;0;0;0;0;0
8223961733;0;0.0;0.0;-17.0;0.0;0;11075589;999.00006;3.1415925;4294967.5;4294967.5;99.99;99.99;84;17;0.0;0.0;0.0;0.0;0.0;0;0;nan;0.0;0.0;0.0;2106;0;0;1;0;0;0;0;0;0
8224962752;0;0.0;0.0;-17.0;0.0;0;11075589;999.00006;3.1415925;4294967.5;4294967.5;99.99;99.99;84;14;0.0;0.0;0.0;0.0;0.0;0;0;nan;0.0;0.0;0.0;2106;0;0;1;0;0;0;0;0;0
8225961738;0;0.0;0.0;-17.0;0.0;0;11075589;999.00006;3.1415925;4294967.5;4294967.5;99.99;99.99;85;19;0.0;0.0;0.0;0.0;0.0;0;0;nan;0.0;0.0;0.0;2106;0;0;1;0;0;0;0;0;0
8226961938;0;0.0;0.0;-17.0;0.0;0;11075589;999.00006;3.1415925;4294967.5;4294967.5;99.99;99.99;84;17;0.0;0.0;0.0;0.0;0.0;0;0;nan;0.0;0.0;0.0;2106;0;0;1;0;0;0;0;0;0
8227962733;0;0.0;0.0;-17.0;0.0;0;11075589;999.00006;3.1415925;4294967.5;4294967.5;99.99;99.99;85;15;0.0;0.0;0.0;0.0;0.0;0;0;nan;0.0;0.0;0.0;2106;0;0;1;0;0;0;0;0;0
8228961760;0;0.0;0.0;-17.0;0.0;0;11075589;999.00006;3.1415925;4294967.5;4294967.5;99.99;99.99;79;18;0.0;0.0;0.0;0.0;0.0;0;0;nan;0.0;0.0;0.0;2106;0;0;1;0;0;0;0;0;0
8229961734;0;0.0;0.0;-17.0;0.0;0;11075589;999.00006;3.1415925;4294967.5;4294967.5;99.99;99.99;85;15;0.0;0.0;0.0;0.0;0.0;0;0;nan;0.0;0.0;0.0;2106;0;0;1;0;0;0;0;0;0
8230962732;0;0.0;0.0;-17.0;0.0;0;11075589;999.00006;3.1415925;4294967.5;4294967.5;99.99;99.99;85;18;0.0;0.0;0.0;0.0;0.0;0;0;nan;0.0;0.0;0.0;2106;0;0;1;0;0;0;0;0;0
8231961734;0;0.0;0.0;-17.0;0.0;0;11075589;999.00006;3.1415925;4294967.5;4294967.5;99.99;99.99;85;14;0.0;0.0;0.0;0.0;0.0;0;0;nan;0.0;0.0;0.0;2106;0;0;1;0;0;0;0;0;0
8232961733;0;0.0;0.0;-17.0;0.0;0;11075589;999.00006;3.1415925;4294967.5;4294967.5;99.99;99.99;85;21;0.0;0.0;0.0;0.0;0.0;0;0;nan;0.0;0.0;0.0;2106;0;0;1;0;0;0;0;0;0
8233962188;0;0.0;0.0;-17.0;0.0;0;11075589;999.00006;3.1415925;4294967.5;4294967.5;99.99;99.99;85;15;0.0;0.0;0.0;0.0;0.0;0;0;nan;0.0;0.0;0.0;2106;0;0;1;0;0;0;0;0;0
8234961735;0;0.0;0.0;-17.0;0.0;0;11075589;999.00006;3.1415925;4294967.5;4294967.5;99.99;99.99;86;15;0.0;0.0;0.0;0.0;0.0;0;0;nan;0.0;0.0;0.0;2106;0;0;1;0;0;0;0;0;0
8235961732;0;0.0;0.0;-17.0;0.0;0;11075589;999.00006;3.1415925;4294967.5;4294967.5;99.99;99.99;87;17;0.0;0.0;0.0;0.0;0.0;0;0;nan;0.0;0.0;0.0;2106;0;0;1;0;0;0;0;0;0
8236961811;0;0.0;0.0;-17.0;0.0;0;11075589;999.00006;3.1415925;4294967.5;4294967.5;99.99;99.99;92;16;0.0;0.0;0.0;0.0;0.0;0;0;nan;0.0;0.0;0.0;2106;0;0;1;0;0;0;0;0;0
8237961734;0;0.0;0.0;-17.0;0.0;0;11075589;999.00006;3.1415925;4294967.5;4294967.5;99.99;99.99;85;15;0.0;0.0;0.0;0.0;0.0;0;0;nan;0.0;0.0;0.0;2106;0;0;1;0;0;0;0;0;0
8238961733;0;0.0;0.0;-17.0;0.0;0;11075589;999.00006;3.1415925;4294967.5;4294967.5;99.99;99.99;92;15;0.0;0.0;0.0;0.0;0.0;0;0;nan;0.0;0.0;0.0;2106;0;0;1;0;0;0;0;0;0
8239961766;0;0.0;0.0;-17.0;0.0;0;11075589;999.00006;3.1415925;4294967.5;4294967.5;99.99;99.99;91;15;0.0;0.0;0.0;0.0;0.0;0;0;nan;0.0;0.0;0.0;2106;0;0;1;0;0;0;0;0;0
8240961733;0;0.0;0.0;-17.0;0.0;0;11075589;999.00006;3.1415925;4294967.5;4294967.5;99.99;99.99;85;14;0.0;0.0;0.0;0.0;0.0;0;0;nan;0.0;0.0;0.0;2106;0;0;1;0;0;0;0;0;0
8241961732;0;0.0;0.0;-17.0;0.0;0;11075589;999.00006;3.1415925;4294967.5;4294967.5;99.99;99.99;85;15;0.0;0.0;0.0;0.0;0.0;0;0;nan;0.0;0.0;0.0;2106;0;0;1;0;0;0;0;0;0
8242961765;0;0.0;0.0;-17.0;0.0;0;11075589;999.00006;3.1415925;4294967.5;4294967.5;99.99;99.99;85;15;0.0;0.0;0.0;0.0;0.0;0;0;nan;0.0;0.0;0.0;2106;0;0;1;0;0;0;0;0;0
8243961732;0;0.0;0.0;-17.0;0.0;0;11075589;999.00006;3.1415925;4294967.5;4294967.5;99.99;99.99;84;18;0.0;0.0;0.0;0.0;0.0;0;0;nan;0.0;0.0;0.0;2106;0;0;1;0;0;0;0;0;0
8244961732;0;0.0;0.0;-17.0;0.0;0;11075589;999.00006;3.1415925;4294967.5;4294967.5;99.99;99.99;84;13;0.0;0.0;0.0;0.0;0.0;0;0;nan;0.0;0.0;0.0;2106;0;0;1;0;0;0;0;0;0
8245963732;0;0.0;0.0;-17.0;0.0;0;11075589;999.00006;3.1415925;4294967.5;4294967.5;99.99;99.99;84;17;0.0;0.0;0.0;0.0;0.0;0;0;nan;0.0;0.0;0.0;2106;0;0;1;0;0;0;0;0;0
8246961734;0;0.0;0.0;-17.0;0.0;0;11075589;999.00006;3.1415925;4294967.5;4294967.5;99.99;99.99;84;14;0.0;0.0;0.0;0.0;0.0;0;0;nan;0.0;0.0;0.0;2106;0;0;1;0;0;0;0;0;0
8247961763;0;0.0;0.0;-17.0;0.0;0;11075589;999.00006;3.1415925;4294967.5;4294967.5;99.99;99.99;83;16;0.0;0.0;0.0;0.0;0.0;0;0;nan;0.0;0.0;0.0;2106;0;0;1;0;0;0;0;0;0
8248961770;0;0.0;0.0;-17.0;0.0;0;11075589;999.00006;3.1415925;4294967.5;4294967.5;99.99;99.99;90;17;0.0;0.0;0.0;0.0;0.0;0;0;nan;0.0;0.0;0.0;2106;0;0;1;0;0;0;0;0;0
8249960783;0;0.0;0.0;-17.0;0.0;0;11075589;999.00006;3.1415925;4294967.5;4294967.5;99.99;99.99;90;15;0.0;0.0;0.0;0.0;0.0;0;0;nan;0.0;0.0;0.0;2106;0;0;1;0;0;0;0;0;0
8250960734;0;0.0;0.0;-17.0;0.0;0;11075589;999.00006;3.1415925;4294967.5;4294967.5;99.99;99.99;90;14;0.0;0.0;0.0;0.0;0.0;0;0;nan;0.0;0.0;0.0;2106;0;0;1;0;0;0;0;0;0
8251960733;0;0.0;0.0;-17.0;0.0;0;11075589;999.00006;3.1415925;4294967.5;4294967.5;99.99;99.99;90;15;0.0;0.0;0.0;0.0;0.0;0;0;nan;0.0;0.0;0.0;2106;0;0;1;0;0;0;0;0;0
8252960873;0;0.0;0.0;-17.0;0.0;0;11075589;999.00006;3.1415925;4294967.5;4294967.5;99.99;99.99;90;16;0.0;0.0;0.0;0.0;0.0;0;0;nan;0.0;0.0;0.0;2106;0;0;1;0;0;0;0;0;0
8253960740;0;0.0;0.0;-17.0;0.0;0;11075589;999.00006;3.1415925;4294967.5;4294967.5;99.99;99.99;90;14;0.0;0.0;0.0;0.0;0.0;0;0;nan;0.0;0.0;0.0;2106;0;0;1;0;0;0;0;0;0
8254960733;0;0.0;0.0;-17.0;0.0;0;11075589;999.00006;3.1415925;4294967.5;4294967.5;99.99;99.99;90;17;0.0;0.0;0.0;0.0;0.0;0;0;nan;0.0;0.0;0.0;2106;0;0;1;0;0;0;0;0;0
8255960732;0;0.0;0.0;-17.0;0.0;0;11075589;999.00006;3.1415925;4294967.5;4294967.5;99.99;99.99;91;17;0.0;0.0;0.0;0.0;0.0;0;0;nan;0.0;0.0;0.0;2106;0;0;1;0;0;0;0;0;0
8256961209;0;0.0;0.0;-17.0;0.0;0;11075589;999.00006;3.1415925;4294967.5;4294967.5;99.99;99.99;91;18;0.0;0.0;0.0;0.0;0.0;0;0;nan;0.0;0.0;0.0;2106;0;0;1;0;0;0;0;0;0
8257960735;0;0.0;0.0;-17.0;0.0;0;11075589;999.00006;3.1415925;4294967.5;4294967.5;99.99;99.99;90;17;0.0;0.0;0.0;0.0;0.0;0;0;nan;0.0;0.0;0.0;2106;0;0;1;0;0;0;0;0;0
8258960307;0;0.0;0.0;-17.0;0.0;0;11075589;999.00006;3.1415925;4294967.5;4294967.5;99.99;99.99;90;14;0.0;0.0;0.0;0.0;0.0;0;0;nan;0.0;0.0;0.0;2106;0;0;1;0;0;0;0;0;0
8259959733;0;0.0;0.0;-17.0;0.0;0;11075589;999.00006;3.1415925;4294967.5;4294967.5;99.99;99.99;90;18;0.0;0.0;0.0;0.0;0.0;0;0;nan;0.0;0.0;0.0;2106;0;0;1;0;0;0;0;0;0
8260959734;0;0.0;0.0;-17.0;0.0;0;11075589;999.00006;3.1415925;4294967.5;4294967.5;99.99;99.99;90;14;0.0;0.0;0.0;0.0;0.0;0;0;nan;0.0;0.0;0.0;2106;0;0;1;0;0;0;0;0;0
8261959735;0;0.0;0.0;-17.0;0.0;0;11075589;999.00006;3.1415925;4294967.5;4294967.5;99.99;99.99;90;16;0.0;0.0;0.0;0.0;0.0;0;0;nan;0.0;0.0;0.0;2106;0;0;1;0;0;0;0;0;0
8262960755;0;0.0;0.0;-17.0;0.0;0;11075589;999.00006;3.1415925;4294967.5;4294967.5;99.99;99.99;90;14;0.0;0.0;0.0;0.0;0.0;0;0;nan;0.0;0.0;0.0;2106;0;0;1;0;0;0;0;0;0
8263961264;0;0.0;0.0;-17.0;0.0;0;11075589;999.00006;3.1415925;4294967.5;4294967.5;99.99;99.99;90;18;0.0;0.0;0.0;0.0;0.0;0;0;nan;0.0;0.0;0.0;2106;0;0;1;0;0;0;0;0;0
8264960744;0;0.0;0.0;-17.0;0.0;0;11075589;999.00006;3.1415925;4294967.5;4294967.5;99.99;99.99;90;12;0.0;0.0;0.0;0.0;0.0;0;0;nan;0.0;0.0;0.0;2106;0;0;1;0;0;0;0;0;0
8265960733;0;0.0;0.0;-17.0;0.0;0;11075589;999.00006;3.1415925;4294967.5;4294967.5;99.99;99.99;89;13;0.0;0.0;0.0;0.0;0.0;0;0;nan;0.0;0.0;0.0;2106;0;0;1;0;0;0;0;0;0
8266960732;0;0.0;0.0;-17.0;0.0;0;11075589;999.00006;3.1415925;4294967.5;4294967.5;99.99;99.99;89;15;0.0;0.0;0.0;0.0;0.0;0;0;nan;0.0;0.0;0.0;2106;0;0;1;0;0;0;0;0;0
8267960732;0;0.0;0.0;-17.0;0.0;0;11075589;999.00006;3.1415925;4294967.5;4294967.5;99.99;99.99;89;17;0.0;0.0;0.0;0.0;0.0;0;0;nan;0.0;0.0;0.0;2106;0;0;1;0;0;0;0;0;0
8268959733;0;0.0;0.0;-17.0;0.0;0;11075589;999.00006;3.1415925;4294967.5;4294967.5;99.99;99.99;89;16;0.0;0.0;0.0;0.0;0.0;0;0;nan;0.0;0.0;0.0;2106;0;0;1;0;0;0;0;0;0
8269960744;0;0.0;0.0;-17.0;0.0;0;11075589;999.00006;3.1415925;4294967.5;4294967.5;99.99;99.99;102;15;0.0;0.0;0.0;0.0;0.0;0;0;nan;0.0;0.0;0.0;2106;0;0;1;0;0;0;0;0;0
8270959749;0;0.0;0.0;-17.0;0.0;0;11075589;999.00006;3.1415925;4294967.5;4294967.5;99.99;99.99;95;16;0.0;0.0;0.0;0.0;0.0;0;0;nan;0.0;0.0;0.0;2106;0;0;1;0;0;0;0;0;0
8271959748;0;0.0;0.0;-17.0;0.0;0;11075589;999.00006;3.1415925;4294967.5;4294967.5;99.99;99.99;94;13;0.0;0.0;0.0;0.0;0.0;0;0;nan;0.0;0.0;0.0;2106;0;0;1;0;0;0;0;0;0
8272959734;0;0.0;0.0;-17.0;0.0;0;11075589;999.00006;3.1415925;4294967.5;4294967.5;99.99;99.99;94;17;0.0;0.0;0.0;0.0;0.0;0;0;nan;0.0;0.0;0.0;2106;0;0;1;0;0;0;0;0;0
8273960732;0;0.0;0.0;-17.0;0.0;0;11075589;999.00006;3.1415925;4294967.5;4294967.5;99.99;99.99;94;15;0.0;0.0;0.0;0.0;0.0;0;0;nan;0.0;0.0;0.0;2106;0;0;1;0;0;0;0;0;0
8274959733;0;0.0;0.0;-17.0;0.0;0;11075589;999.00006;3.1415925;4294967.5;4294967.5;99.99;99.99;87;21;0.0;0.0;0.0;0.0;0.0;0;0;nan;0.0;0.0;0.0;2106;0;0;1;0;0;0;0;0;0
8275959735;0;0.0;0.0;-17.0;0.0;0;11075589;999.00006;3.1415925;4294967.5;4294967.5;99.99;99.99;81;14;0.0;0.0;0.0;0.0;0.0;0;0;nan;0.0;0.0;0.0;2106;0;0;1;0;0;0;0;0;0
8276959733;0;0.0;0.0;-17.0;0.0;0;11075589;999.00006;3.1415925;4294967.5;4294967.5;99.99;99.99;75;21;0.0;0.0;0.0;0.0;0.0;0;0;nan;0.0;0.0;0.0;2106;0;0;1;0;0;0;0;0;0
8277959733;0;0.0;0.0;-17.0;0.0;0;11075589;999.00006;3.1415925;4294967.5;4294967.5;99.99;99.99;75;17;0.0;0.0;0.0;0.0;0.0;0;0;nan;0.0;0.0;0.0;2106;0;0;1;0;0;0;0;0;0
8278958734;0;0.0;0.0;-17.0;0.0;0;11075589;999.00006;3.1415925;4294967.5;4294967.5;99.99;99.99;76;16;0.0;0.0;0.0;0.0;0.0;0;0;nan;0.0;0.0;0.0;2106;0;0;1;0;0;0;0;0;0
8279959573;0;0.0;0.0;-17.0;0.0;0;11075589;999.00006;3.1415925;4294967.5;4294967.5;99.99;99.99;92;18;0.0;0.0;0.0;0.0;0.0;0;0;nan;0.0;0.0;0.0;2106;0;0;1;0;0;0;0;0;0
8280958762;0;0.0;0.0;-17.0;0.0;0;11075589;999.00006;3.1415925;4294967.5;4294967.5;99.99;99.99;93;16;0.0;0.0;0.0;0.0;0.0;0;0;nan;0.0;0.0;0.0;2106;0;0;1;0;0;0;0;0;0
8281959731;0;0.0;0.0;-17.0;0.0;0;11075589;999.00006;3.1415925;4294967.5;4294967.5;99.99;99.99;86;17;0.0;0.0;0.0;0.0;0.0;0;0;nan;0.0;0.0;0.0;2106;0;0;1;0;0;0;0;0;0
8282958734;0;0.0;0.0;-17.0;0.0;0;11075589;999.00006;3.1415925;4294967.5;4294967.5;99.99;99.99;85;17;0.0;0.0;0.0;0.0;0.0;0;0;nan;0.0;0.0;0.0;2106;0;0;1;0;0;0;0;0;0
8283957764;0;0.0;0.0;-17.0;0.0;0;11075589;999.00006;3.1415925;4294967.5;4294967.5;99.99;99.99;79;14;0.0;0.0;0.0;0.0;0.0;0;0;nan;0.0;0.0;0.0;2106;0;0;1;0;0;0;0;0;0
8284958739;0;0.0;0.0;-17.0;0.0;0;11075589;999.00006;3.1415925;4294967.5;4294967.5;99.99;99.99;79;14;0.0;0.0;0.0;0.0;0.0;0;0;nan;0.0;0.0;0.0;2106;0;0;1;0;0;0;0;0;0
8285957738;0;0.0;0.0;-17.0;0.0;0;11075589;999.00006;3.1415925;4294967.5;4294967.5;99.99;99.99;73;20;0.0;0.0;0.0;0.0;0.0;0;0;nan;0.0;0.0;0.0;2106;0;0;1;0;0;0;0;0;0
8286958732;0;0.0;0.0;-17.0;0.0;0;11075589;999.00006;3.1415925;4294967.5;4294967.5;99.99;99.99;73;14;0.0;0.0;0.0;0.0;0.0;0;0;nan;0.0;0.0;0.0;2106;0;0;1;0;0;0;0;0;0
8287958733;0;0.0;0.0;-17.0;0.0;0;11075589;999.00006;3.1415925;4294967.5;4294967.5;99.99;99.99;79;18;0.0;0.0;0.0;0.0;0.0;0;0;nan;0.0;0.0;0.0;2106;0;0;1;0;0;0;0;0;0
8288958732;0;0.0;0.0;-17.0;0.0;0;11075589;999.00006;3.1415925;4294967.5;4294967.5;99.99;99.99;79;17;0.0;0.0;0.0;0.0;0.0;0;0;nan;0.0;0.0;0.0;2106;0;0;1;0;0;0;0;0;0
8289958733;0;0.0;0.0;-17.0;0.0;0;11075589;999.00006;3.1415925;4294967.5;4294967.5;99.99;99.99;84;13;0.0;0.0;0.0;0.0;0.0;0;0;nan;0.0;0.0;0.0;2106;0;0;1;0;0;0;0;0;0
8290958732;0;0.0;0.0;-17.0;0.0;0;11075589;999.00006;3.1415925;4294967.5;4294967.5;99.99;99.99;90;19;0.0;0.0;0.0;0.0;0.0;0;0;nan;0.0;0.0;0.0;2106;0;0;1;0;0;0;0;0;0
8291958732;0;0.0;0.0;-17.0;0.0;0;11075589;999.00006;3.1415925;4294967.5;4294967.5;99.99;99.99;90;19;0.0;0.0;0.0;0.0;0.0;0;0;nan;0.0;0.0;0.0;2106;0;0;1;0;0;0;0;0;0
8292958733;0;0.0;0.0;-17.0;0.0;0;11075589;999.00006;3.1415925;4294967.5;4294967.5;99.99;99.99;78;17;0.0;0.0;0.0;0.0;0.0;0;0;nan;0.0;0.0;0.0;2106;0;0;1;0;0;0;0;0;0
8293958732;0;0.0;0.0;-17.0;0.0;0;11075589;999.00006;3.1415925;4294967.5;4294967.5;99.99;99.99;72;20;0.0;0.0;0.0;0.0;0.0;0;0;nan;0.0;0.0;0.0;2106;0;0;1;0;0;0;0;0;0
8294959341;0;0.0;0.0;-17.0;0.0;0;11075589;999.00006;3.1415925;4294967.5;4294967.5;99.99;99.99;73;17;0.0;0.0;0.0;0.0;0.0;0;0;nan;0.0;0.0;0.0;2106;0;0;1;0;0;0;0;0;0
8295958732;0;0.0;0.0;-17.0;0.0;0;11075589;999.00006;3.1415925;4294967.5;4294967.5;99.99;99.99;78;14;0.0;0.0;0.0;0.0;0.0;0;0;nan;0.0;0.0;0.0;2106;0;0;1;0;0;0;0;0;0
8296958735;0;0.0;0.0;-17.0;0.0;0;11075589;999.00006;3.1415925;4294967.5;4294967.5;99.99;99.99;78;16;0.0;0.0;0.0;0.0;0.0;0;0;nan;0.0;0.0;0.0;2106;0;0;1;0;0;0;0;0;0
8297958861;0;0.0;0.0;-17.0;0.0;0;11075589;999.00006;3.1415925;4294967.5;4294967.5;99.99;99.99;79;16;0.0;0.0;0.0;0.0;0.0;0;0;nan;0.0;0.0;0.0;2106;0;0;1;0;0;0;0;0;0
8298957732;0;0.0;0.0;-17.0;0.0;0;11075589;999.00006;3.1415925;4294967.5;4294967.5;99.99;99.99;79;16;0.0;0.0;0.0;0.0;0.0;0;0;nan;0.0;0.0;0.0;2106;0;0;1;0;0;0;0;0;0
8299957769;0;0.0;0.0;-17.0;0.0;0;11075589;999.00006;3.1415925;4294967.5;4294967.5;99.99;99.99;73;35;0.0;0.0;0.0;0.0;0.0;0;0;nan;0.0;0.0;0.0;2106;0;0;1;0;0;0;0;0;0
8300958756;0;0.0;0.0;-17.0;0.0;0;11075589;999.00006;3.1415925;4294967.5;4294967.5;99.99;99.99;68;13;0.0;0.0;0.0;0.0;0.0;0;0;nan;0.0;0.0;0.0;2106;0;0;1;0;0;0;0;0;0
8301959320;0;0.0;0.0;-17.0;0.0;0;11075589;999.00006;3.1415925;4294967.5;4294967.5;99.99;99.99;73;19;0.0;0.0;0.0;0.0;0.0;0;0;nan;0.0;0.0;0.0;2106;0;0;1;0;0;0;0;0;0
8302958733;0;0.0;0.0;-17.0;0.0;0;11075589;999.00006;3.1415925;4294967.5;4294967.5;99.99;99.99;78;12;0.0;0.0;0.0;0.0;0.0;0;0;nan;0.0;0.0;0.0;2106;0;0;1;0;0;0;0;0;0
8303957741;0;0.0;0.0;-17.0;0.0;0;11075589;999.00006;3.1415925;4294967.5;4294967.5;99.99;99.99;77;16;0.0;0.0;0.0;0.0;0.0;0;0;nan;0.0;0.0;0.0;2106;0;0;1;0;0;0;0;0;0
8304957733;0;0.0;0.0;-17.0;0.0;0;11075589;999.00006;3.1415925;4294967.5;4294967.5;99.99;99.99;77;16;0.0;0.0;0.0;0.0;0.0;0;0;nan;0.0;0.0;0.0;2106;0;0;1;0;0;0;0;0;0
8305958732;0;0.0;0.0;-17.0;0.0;0;11075589;999.00006;3.1415925;4294967.5;4294967.5;99.99;99.99;77;18;0.0;0.0;0.0;0.0;0.0;0;0;nan;0.0;0.0;0.0;2106;0;0;1;0;0;0;0;0;0
8306957732;0;0.0;0.0;-17.0;0.0;0;11075589;999.00006;3.1415925;4294967.5;4294967.5;99.99;99.99;77;15;0.0;0.0;0.0;0.0;0.0;0;0;nan;0.0;0.0;0.0;2106;0;0;1;0;0;0;0;0;0
8307957735;0;0.0;0.0;-17.0;0.0;0;11075589;999.00006;3.1415925;4294967.5;4294967.5;99.99;99.99;78;14;0.0;0.0;0.0;0.0;0.0;0;0;nan;0.0;0.0;0.0;2106;0;0;1;0;0;0;0;0;0
8308957733;0;0.0;0.0;-17.0;0.0;0;11075589;999.00006;3.1415925;4294967.5;4294967.5;99.99;99.99;77;19;0.0;0.0;0.0;0.0;0.0;0;0;nan;0.0;0.0;0.0;2106;0;0;1;0;0;0;0;0;0
8309957749;0;0.0;0.0;-17.0;0.0;0;11075589;999.00006;3.1415925;4294967.5;4294967.5;99.99;99.99;72;17;0.0;0.0;0.0;0.0;0.0;0;0;nan;0.0;0.0;0.0;2106;0;0;1;0;0;0;0;0;0
8310957740;0;0.0;0.0;-17.0;0.0;0;11075589;999.00006;3.1415925;4294967.5;4294967.5;99.99;99.99;72;21;0.0;0.0;0.0;0.0;0.0;0;0;nan;0.0;0.0;0.0;2106;0;0;1;0;0;0;0;0;0
8311958732;0;0.0;0.0;-17.0;0.0;0;11075589;999.00006;3.1415925;4294967.5;4294967.5;99.99;99.99;72;18;0.0;0.0;0.0;0.0;0.0;0;0;nan;0.0;0.0;0.0;2106;0;0;1;0;0;0;0;0;0
8312957733;0;0.0;0.0;-17.0;0.0;0;11075589;999.00006;3.1415925;4294967.5;4294967.5;99.99;99.99;73;18;0.0;0.0;0.0;0.0;0.0;0;0;nan;0.0;0.0;0.0;2106;0;0;1;0;0;0;0;0;0
8313957734;0;0.0;0.0;-17.0;0.0;0;11075589;999.00006;3.1415925;4294967.5;4294967.5;99.99;99.99;73;14;0.0;0.0;0.0;0.0;0.0;0;0;nan;0.0;0.0;0.0;2106;0;0;1;0;0;0;0;0;0
8314958732;0;0.0;0.0;-17.0;0.0;0;11075589;999.00006;3.1415925;4294967.5;4294967.5;99.99;99.99;89;17;0.0;0.0;0.0;0.0;0.0;0;0;nan;0.0;0.0;0.0;2106;0;0;1;0;0;0;0;0;0
8315957733;0;0.0;0.0;-17.0;0.0;0;11075589;999.00006;3.1415925;4294967.5;4294967.5;99.99;99.99;77;17;0.0;0.0;0.0;0.0;0.0;0;0;nan;0.0;0.0;0.0;2106;0;0;1;0;0;0;0;0;0
8316957732;0;0.0;0.0;-17.0;0.0;0;11075589;999.00006;3.1415925;4294967.5;4294967.5;99.99;99.99;76;21;0.0;0.0;0.0;0.0;0.0;0;0;nan;0.0;0.0;0.0;2106;0;0;1;0;0;0;0;0;0
8317958029;0;0.0;0.0;-17.0;0.0;0;11075589;999.00006;3.1415925;4294967.5;4294967.5;99.99;99.99;71;16;0.0;0.0;0.0;0.0;0.0;0;0;nan;0.0;0.0;0.0;2106;0;0;1;0;0;0;0;0;0
8318957944;0;0.0;0.0;-17.0;0.0;0;11075589;999.00006;3.1415925;4294967.5;4294967.5;99.99;99.99;88;14;0.0;0.0;0.0;0.0;0.0;0;0;nan;0.0;0.0;0.0;2106;0;0;1;0;0;0;0;0;0
8319957757;0;0.0;0.0;-17.0;0.0;0;11075589;999.00006;3.1415925;4294967.5;4294967.5;99.99;99.99;87;19;0.0;0.0;0.0;0.0;0.0;0;0;nan;0.0;0.0;0.0;2106;0;0;1;0;0;0;0;0;0
8320957911;0;0.0;0.0;-17.0;0.0;0;11075589;999.00006;3.1415925;4294967.5;4294967.5;99.99;99.99;87;16;0.0;0.0;0.0;0.0;0.0;0;0;nan;0.0;0.0;0.0;2106;0;0;1;0;0;0;0;0;0
8321957736;0;0.0;0.0;-17.0;0.0;0;11075589;999.00006;3.1415925;4294967.5;4294967.5;99.99;99.99;93;13;0.0;0.0;0.0;0.0;0.0;0;0;nan;0.0;0.0;0.0;2106;0;0;1;0;0;0;0;0;0
8322957733;0;0.0;0.0;-17.0;0.0;0;11075589;999.00006;3.1415925;4294967.5;4294967.5;99.99;99.99;93;14;0.0;0.0;0.0;0.0;0.0;0;0;nan;0.0;0.0;0.0;2106;0;0;1;0;0;0;0;0;0
8323957732;0;0.0;0.0;-17.0;0.0;0;11075589;999.00006;3.1415925;4294967.5;4294967.5;99.99;99.99;92;16;0.0;0.0;0.0;0.0;0.0;0;0;nan;0.0;0.0;0.0;2106;0;0;1;0;0;0;0;0;0
8324957829;0;0.0;0.0;-17.0;0.0;0;11075589;999.00006;3.1415925;4294967.5;4294967.5;99.99;99.99;93;15;0.0;0.0;0.0;0.0;0.0;0;0;nan;0.0;0.0;0.0;2106;0;0;1;0;0;0;0;0;0
8325957732;0;0.0;0.0;-17.0;0.0;0;11075589;999.00006;3.1415925;4294967.5;4294967.5;99.99;99.99;92;17;0.0;0.0;0.0;0.0;0.0;0;0;nan;0.0;0.0;0.0;2106;0;0;1;0;0;0;0;0;0
8326957848;0;0.0;0.0;-17.0;0.0;0;11075589;999.00006;3.1415925;4294967.5;4294967.5;99.99;99.99;91;17;0.0;0.0;0.0;0.0;0.0;0;0;nan;0.0;0.0;0.0;2106;0;0;1;0;0;0;0;0;0
8327957734;0;0.0;0.0;-17.0;0.0;0;11075589;999.00006;3.1415925;4294967.5;4294967.5;99.99;99.99;90;19;0.0;0.0;0.0;0.0;0.0;0;0;nan;0.0;0.0;0.0;2106;0;0;1;0;0;0;0;0;0
8328957734;0;0.0;0.0;-17.0;0.0;0;11075589;999.00006;3.1415925;4294967.5;4294967.5;99.99;99.99;89;14;0.0;0.0;0.0;0.0;0.0;0;0;nan;0.0;0.0;0.0;2106;0;0;1;0;0;0;0;0;0
8329957732;0;0.0;0.0;-17.0;0.0;0;11075589;999.00006;3.1415925;4294967.5;4294967.5;99.99;99.99;89;17;0.0;0.0;0.0;0.0;0.0;0;0;nan;0.0;0.0;0.0;2106;0;0;1;0;0;0;0;0;0
8330957733;0;0.0;0.0;-17.0;0.0;0;11075589;999.00006;3.1415925;4294967.5;4294967.5;99.99;99.99;89;16;0.0;0.0;0.0;0.0;0.0;0;0;nan;0.0;0.0;0.0;2106;0;0;1;0;0;0;0;0;0
8331956732;0;0.0;0.0;-17.0;0.0;0;11075589;999.00006;3.1415925;4294967.5;4294967.5;99.99;99.99;89;14;0.0;0.0;0.0;0.0;0.0;0;0;nan;0.0;0.0;0.0;2106;0;0;1;0;0;0;0;0;0
8332956889;0;0.0;0.0;-17.0;0.0;0;11075589;999.00006;3.1415925;4294967.5;4294967.5;99.99;99.99;88;16;0.0;0.0;0.0;0.0;0.0;0;0;nan;0.0;0.0;0.0;2106;0;0;1;0;0;0;0;0;0
8333956732;0;0.0;0.0;-17.0;0.0;0;11075589;999.00006;3.1415925;4294967.5;4294967.5;99.99;99.99;89;13;0.0;0.0;0.0;0.0;0.0;0;0;nan;0.0;0.0;0.0;2106;0;0;1;0;0;0;0;0;0
8334956732;0;0.0;0.0;-17.0;0.0;0;11075589;999.00006;3.1415925;4294967.5;4294967.5;99.99;99.99;83;15;0.0;0.0;0.0;0.0;0.0;0;0;nan;0.0;0.0;0.0;2106;0;0;1;0;0;0;0;0;0
8335956732;0;0.0;0.0;-17.0;0.0;0;11075589;999.00006;3.1415925;4294967.5;4294967.5;99.99;99.99;83;16;0.0;0.0;0.0;0.0;0.0;0;0;nan;0.0;0.0;0.0;2106;0;0;1;0;0;0;0;0;0
8336956733;0;0.0;0.0;-17.0;0.0;0;11075589;999.00006;3.1415925;4294967.5;4294967.5;99.99;99.99;83;17;0.0;0.0;0.0;0.0;0.0;0;0;nan;0.0;0.0;0.0;2106;0;0;1;0;0;0;0;0;0
8337957106;0;0.0;0.0;-17.0;0.0;0;11075589;999.00006;3.1415925;4294967.5;4294967.5;99.99;99.99;83;15;0.0;0.0;0.0;0.0;0.0;0;0;nan;0.0;0.0;0.0;2106;0;0;1;0;0;0;0;0;0
8338956783;0;0.0;0.0;-17.0;0.0;0;11075589;999.00006;3.1415925;4294967.5;4294967.5;99.99;99.99;83;16;0.0;0.0;0.0;0.0;0.0;0;0;nan;0.0;0.0;0.0;2106;0;0;1;0;0;0;0;0;0
8339957271;0;0.0;0.0;-17.0;0.0;0;11075589;999.00006;3.1415925;4294967.5;4294967.5;99.99;99.99;83;19;0.0;0.0;0.0;0.0;0.0;0;0;nan;0.0;0.0;0.0;2106;0;0;1;0;0;0;0;0;0
8340956733;0;0.0;0.0;-17.0;0.0;0;11075589;999.00006;3.1415925;4294967.5;4294967.5;99.99;99.99;96;12;0.0;0.0;0.0;0.0;0.0;0;0;nan;0.0;0.0;0.0;2106;0;0;1;0;0;0;0;0;0
8341957732;0;0.0;0.0;-17.0;0.0;0;11075589;999.00006;3.1415925;4294967.5;4294967.5;99.99;99.99;95;16;0.0;0.0;0.0;0.0;0.0;0;0;nan;0.0;0.0;0.0;2106;0;0;1;0;0;0;0;0;0
8342956733;0;0.0;0.0;-17.0;0.0;0;11075589;999.00006;3.1415925;4294967.5;4294967.5;99.99;99.99;95;15;0.0;0.0;0.0;0.0;0.0;0;0;nan;0.0;0.0;0.0;2106;0;0;1;0;0;0;0;0;0
8343956733;0;0.0;0.0;-17.0;0.0;0;11075589;999.00006;3.1415925;4294967.5;4294967.5;99.99;99.99;96;16;0.0;0.0;0.0;0.0;0.0;0;0;nan;0.0;0.0;0.0;2106;0;0;1;0;0;0;0;0;0
8344956733;0;0.0;0.0;-17.0;0.0;0;11075589;999.00006;3.1415925;4294967.5;4294967.5;99.99;99.99;96;15;0.0;0.0;0.0;0.0;0.0;0;0;nan;0.0;0.0;0.0;2106;0;0;1;0;0;0;0;0;0
8345956827;0;0.0;0.0;-17.0;0.0;0;11075589;999.00006;3.1415925;4294967.5;4294967.5;99.99;99.99;96;16;0.0;0.0;0.0;0.0;0.0;0;0;nan;0.0;0.0;0.0;2106;0;0;1;0;0;0;0;0;0
8346956733;0;0.0;0.0;-17.0;0.0;0;11075589;999.00006;3.1415925;4294967.5;4294967.5;99.99;99.99;96;13;0.0;0.0;0.0;0.0;0.0;0;0;nan;0.0;0.0;0.0;2106;0;0;1;0;0;0;0;0;0
8347956733;0;0.0;0.0;-17.0;0.0;0;11075589;999.00006;3.1415925;4294967.5;4294967.5;99.99;99.99;96;15;0.0;0.0;0.0;0.0;0.0;0;0;nan;0.0;0.0;0.0;2106;0;0;1;0;0;0;0;0;0
8348957731;0;0.0;0.0;-17.0;0.0;0;11075589;999.00006;3.1415925;4294967.5;4294967.5;99.99;99.99;90;15;0.0;0.0;0.0;0.0;0.0;0;0;nan;0.0;0.0;0.0;2106;0;0;1;0;0;0;0;0;0
8349956733;0;0.0;0.0;-17.0;0.0;0;11075589;999.00006;3.1415925;4294967.5;4294967.5;99.99;99.99;83;13;0.0;0.0;0.0;0.0;0.0;0;0;nan;0.0;0.0;0.0;2106;0;0;1;0;0;0;0;0;0
8350956764;0;0.0;0.0;-17.0;0.0;0;11075589;999.00006;3.1415925;4294967.5;4294967.5;99.99;99.99;83;14;0.0;0.0;0.0;0.0;0.0;0;0;nan;0.0;0.0;0.0;2106;0;0;1;0;0;0;0;0;0
8351956734;0;0.0;0.0;-17.0;0.0;0;11075589;999.00006;3.1415925;4294967.5;4294967.5;99.99;99.99;83;14;0.0;0.0;0.0;0.0;0.0;0;0;nan;0.0;0.0;0.0;2106;0;0;1;0;0;0;0;0;0
8352956732;0;0.0;0.0;-17.0;0.0;0;11075589;999.00006;3.1415925;4294967.5;4294967.5;99.99;99.99;83;16;0.0;0.0;0.0;0.0;0.0;0;0;nan;0.0;0.0;0.0;2106;0;0;1;0;0;0;0;0;0
8353956733;0;0.0;0.0;-17.0;0.0;0;11075589;999.00006;3.1415925;4294967.5;4294967.5;99.99;99.99;84;13;0.0;0.0;0.0;0.0;0.0;0;0;nan;0.0;0.0;0.0;2106;0;0;1;0;0;0;0;0;0
8354956749;0;0.0;0.0;-17.0;0.0;0;11075589;999.00006;3.1415925;4294967.5;4294967.5;99.99;99.99;89;16;0.0;0.0;0.0;0.0;0.0;0;0;nan;0.0;0.0;0.0;2106;0;0;1;0;0;0;0;0;0
8355956733;0;0.0;0.0;-17.0;0.0;0;11075589;999.00006;3.1415925;4294967.5;4294967.5;99.99;99.99;83;13;0.0;0.0;0.0;0.0;0.0;0;0;nan;0.0;0.0;0.0;2106;0;0;1;0;0;0;0;0;0
8356955733;0;0.0;0.0;-17.0;0.0;0;11075589;999.00006;3.1415925;4294967.5;4294967.5;99.99;99.99;83;17;0.0;0.0;0.0;0.0;0.0;0;0;nan;0.0;0.0;0.0;2106;0;0;1;0;0;0;0;0;0
8357955732;0;0.0;0.0;-17.0;0.0;0;11075589;999.00006;3.1415925;4294967.5;4294967.5;99.99;99.99;83;13;0.0;0.0;0.0;0.0;0.0;0;0;nan;0.0;0.0;0.0;2106;0;0;1;0;0;0;0;0;0
8358955861;0;0.0;0.0;-17.0;0.0;0;11075589;999.00006;3.1415925;4294967.5;4294967.5;99.99;99.99;77;13;0.0;0.0;0.0;0.0;0.0;0;0;nan;0.0;0.0;0.0;2106;0;0;1;0;0;0;0;0;0
8359955732;0;0.0;0.0;-17.0;0.0;0;11075589;999.00006;3.1415925;4294967.5;4294967.5;99.99;99.99;89;14;0.0;0.0;0.0;0.0;0.0;0;0;nan;0.0;0.0;0.0;2106;0;0;1;0;0;0;0;0;0
8360956732;0;0.0;0.0;-17.0;0.0;0;11075589;999.00006;3.1415925;4294967.5;4294967.5;99.99;99.99;82;14;0.0;0.0;0.0;0.0;0.0;0;0;nan;0.0;0.0;0.0;2106;0;0;1;0;0;0;0;0;0
8361955733;0;0.0;0.0;-17.0;0.0;0;11075589;999.00006;3.1415925;4294967.5;4294967.5;99.99;99.99;83;20;0.0;0.0;0.0;0.0;0.0;0;0;nan;0.0;0.0;0.0;2106;0;0;1;0;0;0;0;0;0
8362956756;0;0.0;0.0;-17.0;0.0;0;11075589;999.00006;3.1415925;4294967.5;4294967.5;99.99;99.99;82;14;0.0;0.0;0.0;0.0;0.0;0;0;nan;0.0;0.0;0.0;2106;0;0;1;0;0;0;0;0;0
8363956731;0;0.0;0.0;-17.0;0.0;0;11075589;999.00006;3.1415925;4294967.5;4294967.5;99.99;99.99;82;18;0.0;0.0;0.0;0.0;0.0;0;0;nan;0.0;0.0;0.0;2106;0;0;1;0;0;0;0;0;0
8364956732;0;0.0;0.0;-17.0;0.0;0;11075589;999.00006;3.1415925;4294967.5;4294967.5;99.99;99.99;87;16;0.0;0.0;0.0;0.0;0.0;0;0;nan;0.0;0.0;0.0;2106;0;0;1;0;0;0;0;0;0
8365956733;0;0.0;0.0;-17.0;0.0;0;11075589;999.00006;3.1415925;4294967.5;4294967.5;99.99;99.99;81;19;0.0;0.0;0.0;0.0;0.0;0;0;nan;0.0;0.0;0.0;2106;0;0;1;0;0;0;0;0;0
8366956733;0;0.0;0.0;-17.0;0.0;0;11075589;999.00006;3.1415925;4294967.5;4294967.5;99.99;99.99;81;19;0.0;0.0;0.0;0.0;0.0;0;0;nan;0.0;0.0;0.0;2106;0;0;1;0;0;0;0;0;0
8367956733;0;0.0;0.0;-17.0;0.0;0;11075589;999.00006;3.1415925;4294967.5;4294967.5;99.99;99.99;80;12;0.0;0.0;0.0;0.0;0.0;0;0;nan;0.0;0.0;0.0;2106;0;0;1;0;0;0;0;0;0
8368956752;0;0.0;0.0;-17.0;0.0;0;11075589;999.00006;3.1415925;4294967.5;4294967.5;99.99;99.99;91;19;0.0;0.0;0.0;0.0;0.0;0;0;nan;0.0;0.0;0.0;2106;0;0;1;0;0;0;0;0;0
8369956755;0;0.0;0.0;-17.0;0.0;0;11075589;999.00006;3.1415925;4294967.5;4294967.5;99.99;99.99;85;17;0.0;0.0;0.0;0.0;0.0;0;0;nan;0.0;0.0;0.0;2106;0;0;1;0;0;0;0;0;0
8370956735;0;0.0;0.0;-17.0;0.0;0;11075589;999.00006;3.1415925;4294967.5;4294967.5;99.99;99.99;85;15;0.0;0.0;0.0;0.0;0.0;0;0;nan;0.0;0.0;0.0;2106;0;0;1;0;0;0;0;0;0
8371956732;0;0.0;0.0;-17.0;0.0;0;11075589;999.00006;3.1415925;4294967.5;4294967.5;99.99;99.99;85;16;0.0;0.0;0.0;0.0;0.0;0;0;nan;0.0;0.0;0.0;2106;0;0;1;0;0;0;0;0;0
8372955734;0;0.0;0.0;-17.0;0.0;0;11075589;999.00006;3.1415925;4294967.5;4294967.5;99.99;99.99;85;16;0.0;0.0;0.0;0.0;0.0;0;0;nan;0.0;0.0;0.0;2106;0;0;1;0;0;0;0;0;0
8373955733;0;0.0;0.0;-17.0;0.0;0;11075589;999.00006;3.1415925;4294967.5;4294967.5;99.99;99.99;85;15;0.0;0.0;0.0;0.0;0.0;0;0;nan;0.0;0.0;0.0;2106;0;0;1;0;0;0;0;0;0
8374955732;0;0.0;0.0;-17.0;0.0;0;11075589;999.00006;3.1415925;4294967.5;4294967.5;99.99;99.99;84;18;0.0;0.0;0.0;0.0;0.0;0;0;nan;0.0;0.0;0.0;2106;0;0;1;0;0;0;0;0;0
8375955733;0;0.0;0.0;-17.0;0.0;0;11075589;999.00006;3.1415925;4294967.5;4294967.5;99.99;99.99;84;17;0.0;0.0;0.0;0.0;0.0;0;0;nan;0.0;0.0;0.0;2106;0;0;1;0;0;0;0;0;0
8376955752;0;0.0;0.0;-17.0;0.0;0;11075589;999.00006;3.1415925;4294967.5;4294967.5;99.99;99.99;84;17;0.0;0.0;0.0;0.0;0.0;0;0;nan;0.0;0.0;0.0;2106;0;0;1;0;0;0;0;0;0
8377955732;0;0.0;0.0;-17.0;0.0;0;11075589;999.00006;3.1415925;4294967.5;4294967.5;99.99;99.99;84;17;0.0;0.0;0.0;0.0;0.0;0;0;nan;0.0;0.0;0.0;2106;0;0;1;0;0;0;0;0;0
8378955733;0;0.0;0.0;-17.0;0.0;0;11075589;999.00006;3.1415925;4294967.5;4294967.5;99.99;99.99;84;17;0.0;0.0;0.0;0.0;0.0;0;0;nan;0.0;0.0;0.0;2106;0;0;1;0;0;0;0;0;0
8379955732;0;0.0;0.0;-17.0;0.0;0;11075589;999.00006;3.1415925;4294967.5;4294967.5;99.99;99.99;84;16;0.0;0.0;0.0;0.0;0.0;0;0;nan;0.0;0.0;0.0;2106;0;0;1;0;0;0;0;0;0
8380955732;0;0.0;0.0;-17.0;0.0;0;11075589;999.00006;3.1415925;4294967.5;4294967.5;99.99;99.99;84;16;0.0;0.0;0.0;0.0;0.0;0;0;nan;0.0;0.0;0.0;2106;0;0;1;0;0;0;0;0;0
8381954733;0;0.0;0.0;-17.0;0.0;0;11075589;999.00006;3.1415925;4294967.5;4294967.5;99.99;99.99;83;17;0.0;0.0;0.0;0.0;0.0;0;0;nan;0.0;0.0;0.0;2106;0;0;1;0;0;0;0;0;0
8382954733;0;0.0;0.0;-17.0;0.0;0;11075589;999.00006;3.1415925;4294967.5;4294967.5;99.99;99.99;88;14;0.0;0.0;0.0;0.0;0.0;0;0;nan;0.0;0.0;0.0;2106;0;0;1;0;0;0;0;0;0
8383954734;0;0.0;0.0;-17.0;0.0;0;11075589;999.00006;3.1415925;4294967.5;4294967.5;99.99;99.99;82;14;0.0;0.0;0.0;0.0;0.0;0;0;nan;0.0;0.0;0.0;2106;0;0;1;0;0;0;0;0;0
8384955733;0;0.0;0.0;-17.0;0.0;0;11075589;999.00006;3.1415925;4294967.5;4294967.5;99.99;99.99;82;13;0.0;0.0;0.0;0.0;0.0;0;0;nan;0.0;0.0;0.0;2106;0;0;1;0;0;0;0;0;0
8385955733;0;0.0;0.0;-17.0;0.0;0;11075589;999.00006;3.1415925;4294967.5;4294967.5;99.99;99.99;82;17;0.0;0.0;0.0;0.0;0.0;0;0;nan;0.0;0.0;0.0;2106;0;0;1;0;0;0;0;0;0
8386955734;0;0.0;0.0;-17.0;0.0;0;11075589;999.00006;3.1415925;4294967.5;4294967.5;99.99;99.99;93;10;0.0;0.0;0.0;0.0;0.0;0;0;nan;0.0;0.0;0.0;2106;0;0;1;0;0;0;0;0;0
8387954738;0;0.0;0.0;-17.0;0.0;0;11075589;999.00006;3.1415925;4294967.5;4294967.5;99.99;99.99;93;15;0.0;0.0;0.0;0.0;0.0;0;0;nan;0.0;0.0;0.0;2106;0;0;1;0;0;0;0;0;0
8388954734;0;0.0;0.0;-17.0;0.0;0;11075589;999.00006;3.1415925;4294967.5;4294967.5;99.99;99.99;93;16;0.0;0.0;0.0;0.0;0.0;0;0;nan;0.0;0.0;0.0;2106;0;0;1;0;0;0;0;0;0
8389954750;0;0.0;0.0;-17.0;0.0;0;11075589;999.00006;3.1415925;4294967.5;4294967.5;99.99;99.99;93;17;0.0;0.0;0.0;0.0;0.0;0;0;nan;0.0;0.0;0.0;2106;0;0;1;0;0;0;0;0;0
8390954732;0;0.0;0.0;-17.0;0.0;0;11075589;999.00006;3.1415925;4294967.5;4294967.5;99.99;99.99;86;15;0.0;0.0;0.0;0.0;0.0;0;0;nan;0.0;0.0;0.0;2106;0;0;1;0;0;0;0;0;0
8391954732;0;0.0;0.0;-17.0;0.0;0;11075589;999.00006;3.1415925;4294967.5;4294967.5;99.99;99.99;86;15;0.0;0.0;0.0;0.0;0.0;0;0;nan;0.0;0.0;0.0;2106;0;0;1;0;0;0;0;0;0
8392954739;0;0.0;0.0;-17.0;0.0;0;11075589;999.00006;3.1415925;4294967.5;4294967.5;99.99;99.99;80;14;0.0;0.0;0.0;0.0;0.0;0;0;nan;0.0;0.0;0.0;2106;0;0;1;0;0;0;0;0;0
8393954733;0;0.0;0.0;-17.0;0.0;0;11075589;999.00006;3.1415925;4294967.5;4294967.5;99.99;99.99;79;15;0.0;0.0;0.0;0.0;0.0;0;0;nan;0.0;0.0;0.0;2106;0;0;1;0;0;0;0;0;0
8394954732;0;0.0;0.0;-17.0;0.0;0;11075589;999.00006;3.1415925;4294967.5;4294967.5;99.99;99.99;79;16;0.0;0.0;0.0;0.0;0.0;0;0;nan;0.0;0.0;0.0;2106;0;0;1;0;0;0;0;0;0
8395955372;0;0.0;0.0;-17.0;0.0;0;11075589;999.00006;3.1415925;4294967.5;4294967.5;99.99;99.99;79;14;0.0;0.0;0.0;0.0;0.0;0;0;nan;0.0;0.0;0.0;2106;0;0;1;0;0;0;0;0;0
8396954772;0;0.0;0.0;-17.0;0.0;0;11075589;999.00006;3.1415925;4294967.5;4294967.5;99.99;99.99;98;19;0.0;0.0;0.0;0.0;0.0;0;0;nan;0.0;0.0;0.0;2106;0;0;1;0;0;0;0;0;0
8397954735;0;0.0;0.0;-17.0;0.0;0;11075589;999.00006;3.1415925;4294967.5;4294967.5;99.99;99.99;98;16;0.0;0.0;0.0;0.0;0.0;0;0;nan;0.0;0.0;0.0;2106;0;0;1;0;0;0;0;0;0
8398954733;0;0.0;0.0;-17.0;0.0;0;11075589;999.00006;3.1415925;4294967.5;4294967.5;99.99;99.99;97;17;0.0;0.0;0.0;0.0;0.0;0;0;nan;0.0;0.0;0.0;2106;0;0;1;0;0;0;0;0;0
8399954843;0;0.0;0.0;-17.0;0.0;0;11075589;999.00006;3.1415925;4294967.5;4294967.5;99.99;99.99;97;14;0.0;0.0;0.0;0.0;0.0;0;0;nan;0.0;0.0;0.0;2106;0;0;1;0;0;0;0;0;0
8400954733;0;0.0;0.0;-17.0;0.0;0;11075589;999.00006;3.1415925;4294967.5;4294967.5;99.99;99.99;97;14;0.0;0.0;0.0;0.0;0.0;0;0;nan;0.0;0.0;0.0;2106;0;0;1;0;0;0;0;0;0
8401954732;0;0.0;0.0;-17.0;0.0;0;11075589;999.00006;3.1415925;4294967.5;4294967.5;99.99;99.99;97;14;0.0;0.0;0.0;0.0;0.0;0;0;nan;0.0;0.0;0.0;2106;0;0;1;0;0;0;0;0;0
8402954734;0;0.0;0.0;-17.0;0.0;0;11075589;999.00006;3.1415925;4294967.5;4294967.5;99.99;99.99;97;16;0.0;0.0;0.0;0.0;0.0;0;0;nan;0.0;0.0;0.0;2106;0;0;1;0;0;0;0;0;0
8403954733;0;0.0;0.0;-17.0;0.0;0;11075589;999.00006;3.1415925;4294967.5;4294967.5;99.99;99.99;97;15;0.0;0.0;0.0;0.0;0.0;0;0;nan;0.0;0.0;0.0;2106;0;0;1;0;0;0;0;0;0
8404954733;0;0.0;0.0;-17.0;0.0;0;11075589;999.00006;3.1415925;4294967.5;4294967.5;99.99;99.99;96;15;0.0;0.0;0.0;0.0;0.0;0;0;nan;0.0;0.0;0.0;2106;0;0;1;0;0;0;0;0;0
8405953735;0;0.0;0.0;-17.0;0.0;0;11075589;999.00006;3.1415925;4294967.5;4294967.5;99.99;99.99;96;14;0.0;0.0;0.0;0.0;0.0;0;0;nan;0.0;0.0;0.0;2106;0;0;1;0;0;0;0;0;0
8406953733;0;0.0;0.0;-17.0;0.0;0;11075589;999.00006;3.1415925;4294967.5;4294967.5;99.99;99.99;96;16;0.0;0.0;0.0;0.0;0.0;0;0;nan;0.0;0.0;0.0;2106;0;0;1;0;0;0;0;0;0
8407954056;0;0.0;0.0;-17.0;0.0;0;11075589;999.00006;3.1415925;4294967.5;4294967.5;99.99;99.99;97;15;0.0;0.0;0.0;0.0;0.0;0;0;nan;0.0;0.0;0.0;2106;0;0;1;0;0;0;0;0;0
8408953733;0;0.0;0.0;-17.0;0.0;0;11075589;999.00006;3.1415925;4294967.5;4294967.5;99.99;99.99;89;12;0.0;0.0;0.0;0.0;0.0;0;0;nan;0.0;0.0;0.0;2106;0;0;1;0;0;0;0;0;0
8409954759;0;0.0;0.0;-17.0;0.0;0;11075589;999.00006;3.1415925;4294967.5;4294967.5;99.99;99.99;83;15;0.0;0.0;0.0;0.0;0.0;0;0;nan;0.0;0.0;0.0;2106;0;0;1;0;0;0;0;0;0
8410954744;0;0.0;0.0;-17.0;0.0;0;11075589;999.00006;3.1415925;4294967.5;4294967.5;99.99;99.99;84;15;0.0;0.0;0.0;0.0;0.0;0;0;nan;0.0;0.0;0.0;2106;0;0;1;0;0;0;0;0;0
8411954738;0;0.0;0.0;-17.0;0.0;0;11075589;999.00006;3.1415925;4294967.5;4294967.5;99.99;99.99;83;17;0.0;0.0;0.0;0.0;0.0;0;0;nan;0.0;0.0;0.0;2106;0;0;1;0;0;0;0;0;0
8412954734;0;0.0;0.0;-17.0;0.0;0;11075589;999.00006;3.1415925;4294967.5;4294967.5;99.99;99.99;83;16;0.0;0.0;0.0;0.0;0.0;0;0;nan;0.0;0.0;0.0;2106;0;0;1;0;0;0;0;0;0
8413953733;0;0.0;0.0;-17.0;0.0;0;11075589;999.00006;3.1415925;4294967.5;4294967.5;99.99;99.99;83;18;0.0;0.0;0.0;0.0;0.0;0;0;nan;0.0;0.0;0.0;2106;0;0;1;0;0;0;0;0;0
8414954457;0;0.0;0.0;-17.0;0.0;0;11075589;999.00006;3.1415925;4294967.5;4294967.5;99.99;99.99;82;18;0.0;0.0;0.0;0.0;0.0;0;0;nan;0.0;0.0;0.0;2106;0;0;1;0;0;0;0;0;0
8415953803;0;0.0;0.0;-17.0;0.0;0;11075589;999.00006;3.1415925;4294967.5;4294967.5;99.99;99.99;82;17;0.0;0.0;0.0;0.0;0.0;0;0;nan;0.0;0.0;0.0;2106;0;0;1;0;0;0;0;0;0
8416954733;0;0.0;0.0;-17.0;0.0;0;11075589;999.00006;3.1415925;4294967.5;4294967.5;99.99;99.99;82;19;0.0;0.0;0.0;0.0;0.0;0;0;nan;0.0;0.0;0.0;2106;0;0;1;0;0;0;0;0;0
8417953740;0;0.0;0.0;-17.0;0.0;0;11075589;999.00006;3.1415925;4294967.5;4294967.5;99.99;99.99;94;13;0.0;0.0;0.0;0.0;0.0;0;0;nan;0.0;0.0;0.0;2106;0;0;1;0;0;0;0;0;0
8418953734;0;0.0;0.0;-17.0;0.0;0;11075589;999.00006;3.1415925;4294967.5;4294967.5;99.99;99.99;94;16;0.0;0.0;0.0;0.0;0.0;0;0;nan;0.0;0.0;0.0;2106;0;0;1;0;0;0;0;0;0
8419953740;0;0.0;0.0;-17.0;0.0;0;11075589;999.00006;3.1415925;4294967.5;4294967.5;99.99;99.99;94;22;0.0;0.0;0.0;0.0;0.0;0;0;nan;0.0;0.0;0.0;2106;0;0;1;0;0;0;0;0;0
