timestamp;timestamp_sample;switch_changes;mode_slot;arm_switch;return_switch;loiter_switch;offboard_switch;kill_switch;termination_switch;gear_switch;transition_switch;photo_switch;video_switch;engage_main_motor_switch;payload_power_switch
7865553443;7865529912;1;0;0;0;0;0;3;0;0;0;0;0;0;0
7866565828;7866542400;1;0;0;0;0;0;3;0;0;0;0;0;0;0
7867578175;7867554631;1;0;0;0;0;0;3;0;0;0;0;0;0;0
7868590609;7868566996;1;0;0;0;0;0;3;0;0;0;0;0;0;0
7869602864;7869579396;1;0;0;0;0;0;3;0;0;0;0;0;0;0
7870615664;7870591727;1;0;0;0;0;0;3;0;0;0;0;0;0;0
7871627616;7871604085;1;0;0;0;0;0;3;0;0;0;0;0;0;0
7872639970;7872616443;1;0;0;0;0;0;3;0;0;0;0;0;0;0
7873652342;7873628845;1;0;0;0;0;0;3;0;0;0;0;0;0;0
7874664716;7874641168;1;0;0;0;0;0;3;0;0;0;0;0;0;0
7875677072;7875653532;1;0;0;0;0;0;3;0;0;0;0;0;0;0
7876689465;7876665901;1;0;0;0;0;0;3;0;0;0;0;0;0;0
7877701869;7877678289;1;0;0;0;0;0;3;0;0;0;0;0;0;0
7878714137;7878690626;1;0;0;0;0;0;3;0;0;0;0;0;0;0
7879726506;7879703007;1;0;0;0;0;0;3;0;0;0;0;0;0;0
7880738924;7880715359;1;0;0;0;0;0;3;0;0;0;0;0;0;0
7881751238;7881727799;1;0;0;0;0;0;3;0;0;0;0;0;0;0
7882763774;7882740075;1;0;0;0;0;0;3;0;0;0;0;0;0;0
7883775956;7883752453;1;0;0;0;0;0;3;0;0;0;0;0;0;0
7884788344;7884764825;1;0;0;0;0;0;3;0;0;0;0;0;0;0
7885800690;7885777264;1;0;0;0;0;0;3;0;0;0;0;0;0;0
7886813172;7886789527;1;0;0;0;0;0;3;0;0;0;0;0;0;0
7887825404;7887801915;1;0;0;0;0;0;3;0;0;0;0;0;0;0
7888837832;7888814244;1;0;0;0;0;0;3;0;0;0;0;0;0;0
7889850122;7889826619;1;0;0;0;0;0;3;0;0;0;0;0;0;0
7890862500;7890838970;1;0;0;0;0;0;3;0;0;0;0;0;0;0
7891874855;7891851466;1;0;0;0;0;0;3;0;0;0;0;0;0;0
7892887244;7892863690;1;0;0;0;0;0;3;0;0;0;0;0;0;0
7893899560;7893876081;1;0;0;0;0;0;3;0;0;0;0;0;0;0
7894912439;7894888406;1;0;0;0;0;0;3;0;0;0;0;0;0;0
7895924279;7895900823;1;0;0;0;0;0;3;0;0;0;0;0;0;0
7896936700;7896913122;1;0;0;0;0;0;3;0;0;0;0;0;0;0
7897949007;7897925496;1;0;0;0;0;0;3;0;0;0;0;0;0;0
7898961358;7898937868;1;0;0;0;0;0;3;0;0;0;0;0;0;0
7899973720;7899950240;1;0;0;0;0;0;3;0;0;0;0;0;0;0
7900986089;7900962548;1;0;0;0;0;0;3;0;0;0;0;0;0;0
7901998601;7901974973;1;0;0;0;0;0;3;0;0;0;0;0;0;0
7903010940;7902987263;1;0;0;0;0;0;3;0;0;0;0;0;0;0
7904023153;7903999631;1;0;0;0;0;0;3;0;0;0;0;0;0;0
7905035605;7905011999;1;0;0;0;0;0;3;0;0;0;0;0;0;0
7906047846;7906024340;1;0;0;0;0;0;3;0;0;0;0;0;0;0
7907060268;7907036693;1;0;0;0;0;0;3;0;0;0;0;0;0;0
7908072590;7908049042;1;0;0;0;0;0;3;0;0;0;0;0;0;0
7909084931;7909061397;1;0;0;0;0;0;3;0;0;0;0;0;0;0
7910097264;7910073759;1;0;0;0;0;0;3;0;0;0;0;0;0;0
7911109660;7911086100;1;0;0;0;0;0;3;0;0;0;0;0;0;0
7912121961;7912098457;1;0;0;0;0;0;3;0;0;0;0;0;0;0
7913134354;7913110801;1;0;0;0;0;0;3;0;0;0;0;0;0;0
7914146663;7914123157;1;0;0;0;0;0;3;0;0;0;0;0;0;0
7915159012;7915135503;1;0;0;0;0;0;3;0;0;0;0;0;0;0
7916171438;7916147858;1;0;0;0;0;0;3;0;0;0;0;0;0;0
7917183716;7917160245;1;0;0;0;0;0;3;0;0;0;0;0;0;0
7918196086;7918172559;1;0;0;0;0;0;3;0;0;0;0;0;0;0
7919208431;7919184918;1;0;0;0;0;0;3;0;0;0;0;0;0;0
7920220770;7920197252;1;0;0;0;0;0;3;0;0;0;0;0;0;0
7921233143;7921209602;1;0;0;0;0;0;3;0;0;0;0;0;0;0
7922245467;7922221951;1;0;0;0;0;0;3;0;0;0;0;0;0;0
7923257836;7923234295;1;0;0;0;0;0;3;0;0;0;0;0;0;0
7924270207;7924246657;1;0;0;0;0;0;3;0;0;0;0;0;0;0
7925282512;7925258988;1;0;0;0;0;0;3;0;0;0;0;0;0;0
7926294994;7926271337;1;0;0;0;0;0;3;0;0;0;0;0;0;0
7927307190;7927283684;1;0;0;0;0;0;3;0;0;0;0;0;0;0
7928319561;7928296025;1;0;0;0;0;0;3;0;0;0;0;0;0;0
7929331881;7929308389;1;0;0;0;0;0;3;0;0;0;0;0;0;0
7930344366;7930320712;1;0;0;0;0;0;3;0;0;0;0;0;0;0
7931356569;7931333111;1;0;0;0;0;0;3;0;0;0;0;0;0;0
7932369040;7932345450;1;0;0;0;0;0;3;0;0;0;0;0;0;0
7933381243;7933357834;1;0;0;0;0;0;3;0;0;0;0;0;0;0
7934393735;7934370076;1;0;0;0;0;0;3;0;0;0;0;0;0;0
7935405960;7935382440;1;0;0;0;0;0;3;0;0;0;0;0;0;0
7936418353;7936394776;1;0;0;0;0;0;3;0;0;0;0;0;0;0
7937430635;7937407132;1;0;0;0;0;0;3;0;0;0;0;0;0;0
7938443095;7938419441;1;0;0;0;0;0;3;0;0;0;0;0;0;0
7939455284;7939431807;1;0;0;0;0;0;3;0;0;0;0;0;0;0
7940467767;7940444116;1;0;0;0;0;0;3;0;0;0;0;0;0;0
7941479994;7941456453;1;0;0;0;0;0;3;0;0;0;0;0;0;0
7942492375;7942468797;1;0;0;0;0;0;3;0;0;0;0;0;0;0
7943504680;7943481133;1;0;0;0;0;0;3;0;0;0;0;0;0;0
7944516987;7944493462;1;0;0;0;0;0;3;0;0;0;0;0;0;0
7945529327;7945505867;1;0;0;0;0;0;3;0;0;0;0;0;0;0
7946541753;7946518131;1;0;0;0;0;0;3;0;0;0;0;0;0;0
7947553984;7947530503;1;0;0;0;0;0;3;0;0;0;0;0;0;0
7948566355;7948542806;1;0;0;0;0;0;3;0;0;0;0;0;0;0
7949578692;7949555175;1;0;0;0;0;0;3;0;0;0;0;0;0;0
7950591105;7950567476;1;0;0;0;0;0;3;0;0;0;0;0;0;0
7951603315;7951579849;1;0;0;0;0;0;3;0;0;0;0;0;0;0
7952615686;7952592139;1;0;0;0;0;0;3;0;0;0;0;0;0;0
7953627976;7953604472;1;0;0;0;0;0;3;0;0;0;0;0;0;0
7954640325;7954616802;1;0;0;0;0;0;3;0;0;0;0;0;0;0
7955652660;7955629158;1;0;0;0;0;0;3;0;0;0;0;0;0;0
7956665035;7956641459;1;0;0;0;0;0;3;0;0;0;0;0;0;0
7957677300;7957653789;1;0;0;0;0;0;3;0;0;0;0;0;0;0
7958689643;7958666121;1;0;0;0;0;0;3;0;0;0;0;0;0;0
7959701968;7959678446;1;0;0;0;0;0;3;0;0;0;0;0;0;0
7960714284;7960690780;1;0;0;0;0;0;3;0;0;0;0;0;0;0
7961726666;7961703112;1;0;0;0;0;0;3;0;0;0;0;0;0;0
7962738954;7962715435;1;0;0;0;0;0;3;0;0;0;0;0;0;0
7963751289;7963727754;1;0;0;0;0;0;3;0;0;0;0;0;0;0
7964763644;7964740091;1;0;0;0;0;0;3;0;0;0;0;0;0;0
7965775953;7965752415;1;0;0;0;0;0;3;0;0;0;0;0;0;0
7966788259;7966764750;1;0;0;0;0;0;3;0;0;0;0;0;0;0
7967801290;7967777061;1;0;0;0;0;0;3;0;0;0;0;0;0;0
7968812924;7968789447;1;0;0;0;0;0;3;0;0;0;0;0;0;0
7969825287;7969801710;1;0;0;0;0;0;3;0;0;0;0;0;0;0
7970837566;7970814087;1;0;0;0;0;0;3;0;0;0;0;0;0;0
7971849975;7971826359;1;0;0;0;0;0;3;0;0;0;0;0;0;0
7972862202;7972838781;1;0;0;0;0;0;3;0;0;0;0;0;0;0
7973874633;7973851009;1;0;0;0;0;0;3;0;0;0;0;0;0;0
7974886921;7974863428;1;0;0;0;0;0;3;0;0;0;0;0;0;0
7975899200;7975875725;1;0;0;0;0;0;3;0;0;0;0;0;0;0
7976911521;7976887984;1;0;0;0;0;0;3;0;0;0;0;0;0;0
7977923831;7977900324;1;0;0;0;0;0;3;0;0;0;0;0;0;0
7978936133;7978912715;1;0;0;0;0;0;3;0;0;0;0;0;0;0
7979948560;7979924934;1;0;0;0;0;0;3;0;0;0;0;0;0;0
7980960771;7980937292;1;0;0;0;0;0;3;0;0;0;0;0;0;0
7981973130;7981949648;1;0;0;0;0;0;3;0;0;0;0;0;0;0
7982985410;7982961979;1;0;0;0;0;0;3;0;0;0;0;0;0;0
7983997847;7983974213;1;0;0;0;0;0;3;0;0;0;0;0;0;0
7985010039;7984986614;1;0;0;0;0;0;3;0;0;0;0;0;0;0
7986022468;7985998846;1;0;0;0;0;0;3;0;0;0;0;0;0;0
7987034675;7987011273;1;0;0;0;0;0;3;0;0;0;0;0;0;0
7988047111;7988023501;1;0;0;0;0;0;3;0;0;0;0;0;0;0
7989059310;7989035824;1;0;0;0;0;0;3;0;0;0;0;0;0;0
7990071664;7990048122;1;0;0;0;0;0;3;0;0;0;0;0;0;0
7991083946;7991060441;1;0;0;0;0;0;3;0;0;0;0;0;0;0
7992096599;7992072756;1;0;0;0;0;0;3;0;0;0;0;0;0;0
7993108593;7993085064;1;0;0;0;0;0;3;0;0;0;0;0;0;0
7994120911;7994097376;1;0;0;0;0;0;3;0;0;0;0;0;0;0
7995133205;7995109703;1;0;0;0;0;0;3;0;0;0;0;0;0;0
7996145586;7996122016;1;0;0;0;0;0;3;0;0;0;0;0;0;0
7997157845;7997134327;1;0;0;0;0;0;3;0;0;0;0;0;0;0
7998170166;7998146634;1;0;0;0;0;0;3;0;0;0;0;0;0;0
7999182590;7999158950;1;0;0;0;0;0;3;0;0;0;0;0;0;0
8000194774;8000171259;1;0;0;0;0;0;3;0;0;0;0;0;0;0
8001207085;8001183586;1;0;0;0;0;0;3;0;0;0;0;0;0;0
8002219392;8002195888;1;0;0;0;0;0;3;0;0;0;0;0;0;0
8003231772;8003208195;1;0;0;0;0;0;3;0;0;0;0;0;0;0
8004244030;8004220527;1;0;0;0;0;0;3;0;0;0;0;0;0;0
8005256410;8005232821;1;0;0;0;0;0;3;0;0;0;0;0;0;0
8006268651;8006245209;1;0;0;0;0;0;3;0;0;0;0;0;0;0
8007280967;8007257443;1;0;0;0;0;0;3;0;0;0;0;0;0;0
8008293351;8008269766;1;0;0;0;0;0;3;0;0;0;0;0;0;0
8009305622;8009282060;1;0;0;0;0;0;3;0;0;0;0;0;0;0
8010317886;8010294404;1;0;0;0;0;0;3;0;0;0;0;0;0;0
8011330250;8011306674;1;0;0;0;0;0;3;0;0;0;0;0;0;0
8012342489;8012319031;1;0;0;0;0;0;3;0;0;0;0;0;0;0
8013354914;8013331297;1;0;0;0;0;0;3;0;0;0;0;0;0;0
8014367182;8014343724;1;0;0;0;0;0;3;0;0;0;0;0;0;0
8015379428;8015355904;1;0;0;0;0;0;3;0;0;0;0;0;0;0
8016391930;8016368215;1;0;0;0;0;0;3;0;0;0;0;0;0;0
8017404052;8017380564;1;0;0;0;0;0;3;0;0;0;0;0;0;0
8018416356;8018392859;1;0;0;0;0;0;3;0;0;0;0;0;0;0
8019428682;8019405131;1;0;0;0;0;0;3;0;0;0;0;0;0;0
8020440980;8020417438;1;0;0;0;0;0;3;0;0;0;0;0;0;0
8021453426;8021429744;1;0;0;0;0;0;3;0;0;0;0;0;0;0
8022465559;8022442101;1;0;0;0;0;0;3;0;0;0;0;0;0;0
8023477894;8023454355;1;0;0;0;0;0;3;0;0;0;0;0;0;0
8024490192;8024466656;1;0;0;0;0;0;3;0;0;0;0;0;0;0
8025502537;8025478966;1;0;0;0;0;0;3;0;0;0;0;0;0;0
8026514811;8026491277;1;0;0;0;0;0;3;0;0;0;0;0;0;0
8027527124;8027503569;1;0;0;0;0;0;3;0;0;0;0;0;0;0
8028539381;8028515897;1;0;0;0;0;0;3;0;0;0;0;0;0;0
8029551699;8029528174;1;0;0;0;0;0;3;0;0;0;0;0;0;0
8030564024;8030540473;1;0;0;0;0;0;3;0;0;0;0;0;0;0
8031576283;8031552798;1;0;0;0;0;0;3;0;0;0;0;0;0;0
8032588593;8032565187;1;0;0;0;0;0;3;0;0;0;0;0;0;0
8033601287;8033577382;1;0;0;0;0;0;3;0;0;0;0;0;0;0
8034613196;8034589680;1;0;0;0;0;0;3;0;0;0;0;0;0;0
8035625519;8035602053;1;0;0;0;0;0;3;0;0;0;0;0;0;0
8036637840;8036614285;1;0;0;0;0;0;3;0;0;0;0;0;0;0
8037650104;8037626585;1;0;0;0;0;0;3;0;0;0;0;0;0;0
8038662419;8038639004;1;0;0;0;0;0;3;0;0;0;0;0;0;0
8039674735;8039651202;1;0;0;0;0;0;3;0;0;0;0;0;0;0
8040687031;8040663487;1;0;0;0;0;0;3;0;0;0;0;0;0;0
8041699313;8041675882;1;0;0;0;0;0;3;0;0;0;0;0;0;0
8042711658;8042688086;1;0;0;0;0;0;3;0;0;0;0;0;0;0
8043723926;8043700429;1;0;0;0;0;0;3;0;0;0;0;0;0;0
8044736248;8044712680;1;0;0;0;0;0;3;0;0;0;0;0;0;0
8045748532;8045724992;1;0;0;0;0;0;3;0;0;0;0;0;0;0
8046760872;8046737279;1;0;0;0;0;0;3;0;0;0;0;0;0;0
8047773111;8047749580;1;0;0;0;0;0;3;0;0;0;0;0;0;0
8048785387;8048761877;1;0;0;0;0;0;3;0;0;0;0;0;0;0
8049797677;8049774252;1;0;0;0;0;0;3;0;0;0;0;0;0;0
8050810042;8050786467;1;0;0;0;0;0;3;0;0;0;0;0;0;0
8051822291;8051798845;1;0;0;0;0;0;3;0;0;0;0;0;0;0
8052834706;8052811061;1;0;0;0;0;0;3;0;0;0;0;0;0;0
8053846892;8053823391;1;0;0;0;0;0;3;0;0;0;0;0;0;0
8054859183;8054835655;1;0;0;0;0;0;3;0;0;0;0;0;0;0
8055871512;8055848015;1;0;0;0;0;0;3;0;0;0;0;0;0;0
8056883871;8056860247;1;0;0;0;0;0;3;0;0;0;0;0;0;0
8057896217;8057872569;1;0;0;0;0;0;3;0;0;0;0;0;0;0
8058908408;8058884841;1;0;0;0;0;0;3;0;0;0;0;0;0;0
8059920650;8059897124;1;0;0;0;0;0;3;0;0;0;0;0;0;0
8060932935;8060909424;1;0;0;0;0;0;3;0;0;0;0;0;0;0
8061945226;8061921764;1;0;0;0;0;0;3;0;0;0;0;0;0;0
8062957533;8062934011;1;0;0;0;0;0;3;0;0;0;0;0;0;0
8063969828;8063946302;1;0;0;0;0;0;3;0;0;0;0;0;0;0
8064982119;8064958653;1;0;0;0;0;0;3;0;0;0;0;0;0;0
8065994400;8065970887;1;0;0;0;0;0;3;0;0;0;0;0;0;0
8067006693;8066983180;1;0;0;0;0;0;3;0;0;0;0;0;0;0
8068018993;8067995467;1;0;0;0;0;0;3;0;0;0;0;0;0;0
8069031290;8069007762;1;0;0;0;0;0;3;0;0;0;0;0;0;0
8070043605;8070020056;1;0;0;0;0;0;3;0;0;0;0;0;0;0
8071055849;8071032404;1;0;0;0;0;0;3;0;0;0;0;0;0;0
8072068187;8072044648;1;0;0;0;0;0;3;0;0;0;0;0;0;0
8073080444;8073056959;1;0;0;0;0;0;3;0;0;0;0;0;0;0
8074092805;8074069319;1;0;0;0;0;0;3;0;0;0;0;0;0;0
8075105426;8075081579;1;0;0;0;0;0;3;0;0;0;0;0;0;0
8076117314;8076093797;1;0;0;0;0;0;3;0;0;0;0;0;0;0
8077129607;8077106168;1;0;0;0;0;0;3;0;0;0;0;0;0;0
8078141935;8078118374;1;0;0;0;0;0;3;0;0;0;0;0;0;0
8079154179;8079130671;1;0;0;0;0;0;3;0;0;0;0;0;0;0
8080166502;8080142990;1;0;0;0;0;0;3;0;0;0;0;0;0;0
8081178810;8081155278;1;0;0;0;0;0;3;0;0;0;0;0;0;0
8082191304;8082167529;1;0;0;0;0;0;3;0;0;0;0;0;0;0
8083203348;8083179863;1;0;0;0;0;0;3;0;0;0;0;0;0;0
8084215688;8084192110;1;0;0;0;0;0;3;0;0;0;0;0;0;0
8085227909;8085204422;1;0;0;0;0;0;3;0;0;0;0;0;0;0
8086240216;8086216693;1;0;0;0;0;0;3;0;0;0;0;0;0;0
8087252539;8087228986;1;0;0;0;0;0;3;0;0;0;0;0;0;0
8088264792;8088241251;1;0;0;0;0;0;3;0;0;0;0;0;0;0
8089277047;8089253591;1;0;0;0;0;0;3;0;0;0;0;0;0;0
8090289359;8090265832;1;0;0;0;0;0;3;0;0;0;0;0;0;0
8091301709;8091278114;1;0;0;0;0;0;3;0;0;0;0;0;0;0
8092313918;8092290402;1;0;0;0;0;0;3;0;0;0;0;0;0;0
8093326222;8093302685;1;0;0;0;0;0;3;0;0;0;0;0;0;0
8094338572;8094314984;1;0;0;0;0;0;3;0;0;0;0;0;0;0
8095350808;8095327255;1;0;0;0;0;0;3;0;0;0;0;0;0;0
8096363073;8096339543;1;0;0;0;0;0;3;0;0;0;0;0;0;0
8097375352;8097351839;1;0;0;0;0;0;3;0;0;0;0;0;0;0
8098387621;8098364120;1;0;0;0;0;0;3;0;0;0;0;0;0;0
8099400055;8099376399;1;0;0;0;0;0;3;0;0;0;0;0;0;0
8100412212;8100388786;1;0;0;0;0;0;3;0;0;0;0;0;0;0
8101424516;8101400965;1;0;0;0;0;0;3;0;0;0;0;0;0;0
8102436763;8102413267;1;0;0;0;0;0;3;0;0;0;0;0;0;0
8103449155;8103425535;1;0;0;0;0;0;3;0;0;0;0;0;0;0
8104461364;8104437889;1;0;0;0;0;0;3;0;0;0;0;0;0;0
8105473710;8105450104;1;0;0;0;0;0;3;0;0;0;0;0;0;0
8106485925;8106462394;1;0;0;0;0;0;3;0;0;0;0;0;0;0
8107498260;8107474667;1;0;0;0;0;0;3;0;0;0;0;0;0;0
8108510467;8108487044;1;0;0;0;0;0;3;0;0;0;0;0;0;0
8109522907;8109499331;1;0;0;0;0;0;3;0;0;0;0;0;0;0
8110535068;8110511552;1;0;0;0;0;0;3;0;0;0;0;0;0;0
8111547323;8111523801;1;0;0;0;0;0;3;0;0;0;0;0;0;0
8112559604;8112536183;1;0;0;0;0;0;3;0;0;0;0;0;0;0
8113571896;8113548368;1;0;0;0;0;0;3;0;0;0;0;0;0;0
8114584178;8114560718;1;0;0;0;0;0;3;0;0;0;0;0;0;0
8115596556;8115572944;1;0;0;0;0;0;3;0;0;0;0;0;0;0
8116609085;8116585253;1;0;0;0;0;0;3;0;0;0;0;0;0;0
8117621090;8117597494;1;0;0;0;0;0;3;0;0;0;0;0;0;0
8118633305;8118609779;1;0;0;0;0;0;3;0;0;0;0;0;0;0
8119645572;8119622063;1;0;0;0;0;0;3;0;0;0;0;0;0;0
8120657860;8120634342;1;0;0;0;0;0;3;0;0;0;0;0;0;0
8121670140;8121646629;1;0;0;0;0;0;3;0;0;0;0;0;0;0
8122682411;8122658909;1;0;0;0;0;0;3;0;0;0;0;0;0;0
8123694791;8123671180;1;0;0;0;0;0;3;0;0;0;0;0;0;0
8124707005;8124683466;1;0;0;0;0;0;3;0;0;0;0;0;0;0
8125719270;8125695801;1;0;0;0;0;0;3;0;0;0;0;0;0;0
8126731649;8126708030;1;0;0;0;0;0;3;0;0;0;0;0;0;0
8127743820;8127720307;1;0;0;0;0;0;3;0;0;0;0;0;0;0
8128756121;8128732610;1;0;0;0;0;0;3;0;0;0;0;0;0;0
8129768394;8129744908;1;0;0;0;0;0;3;0;0;0;0;0;0;0
8130780749;8130757155;1;0;0;0;0;0;3;0;0;0;0;0;0;0
8131792945;8131769442;1;0;0;0;0;0;3;0;0;0;0;0;0;0
8132805223;8132781716;1;0;0;0;0;0;3;0;0;0;0;0;0;0
8133817509;8133794005;1;0;0;0;0;0;3;0;0;0;0;0;0;0
8134829871;8134806268;1;0;0;0;0;0;3;0;0;0;0;0;0;0
8135842062;8135818592;1;0;0;0;0;0;3;0;0;0;0;0;0;0
8136854395;8136830855;1;0;0;0;0;0;3;0;0;0;0;0;0;0
8137866646;8137843158;1;0;0;0;0;0;3;0;0;0;0;0;0;0
8138878896;8138855392;1;0;0;0;0;0;3;0;0;0;0;0;0;0
8139891199;8139867687;1;0;0;0;0;0;3;0;0;0;0;0;0;0
8140903547;8140879971;1;0;0;0;0;0;3;0;0;0;0;0;0;0
8141915745;8141892461;1;0;0;0;0;0;3;0;0;0;0;0;0;0
8142928050;8142904496;1;0;0;0;0;0;3;0;0;0;0;0;0;0
8143940283;8143916801;1;0;0;0;0;0;3;0;0;0;0;0;0;0
8144952621;8144929094;1;0;0;0;0;0;3;0;0;0;0;0;0;0
8145964919;8145941339;1;0;0;0;0;0;3;0;0;0;0;0;0;0
8146977116;8146953620;1;0;0;0;0;0;3;0;0;0;0;0;0;0
8147989412;8147965896;1;0;0;0;0;0;3;0;0;0;0;0;0;0
8149001673;8148978171;1;0;0;0;0;0;3;0;0;0;0;0;0;0
8150013969;8149990450;1;0;0;0;0;0;3;0;0;0;0;0;0;0
8151026281;8151002722;1;0;0;0;0;0;3;0;0;0;0;0;0;0
8152038504;8152015000;1;0;0;0;0;0;3;0;0;0;0;0;0;0
8153050785;8153027274;1;0;0;0;0;0;3;0;0;0;0;0;0;0
8154063077;8154039546;1;0;0;0;0;0;3;0;0;0;0;0;0;0
8155075339;8155051887;1;0;0;0;0;0;3;0;0;0;0;0;0;0
8156087691;8156064104;1;0;0;0;0;0;3;0;0;0;0;0;0;0
8157099919;8157076386;1;0;0;0;0;0;3;0;0;0;0;0;0;0
8158112381;8158088661;1;0;0;0;0;0;3;0;0;0;0;0;0;0
8159124464;8159100990;1;0;0;0;0;0;3;0;0;0;0;0;0;0
8160136718;8160113205;1;0;0;0;0;0;3;0;0;0;0;0;0;0
8161148990;8161125503;1;0;0;0;0;0;3;0;0;0;0;0;0;0
8162161329;8162137756;1;0;0;0;0;0;3;0;0;0;0;0;0;0
8163173569;8163150095;1;0;0;0;0;0;3;0;0;0;0;0;0;0
8164185963;8164162310;1;0;0;0;0;0;3;0;0;0;0;0;0;0
8165198098;8165174634;1;0;0;0;0;0;3;0;0;0;0;0;0;0
8166210462;8166186858;1;0;0;0;0;0;3;0;0;0;0;0;0;0
8167222653;8167199226;1;0;0;0;0;0;3;0;0;0;0;0;0;0
8168234935;8168211414;1;0;0;0;0;0;3;0;0;0;0;0;0;0
8169247277;8169223699;1;0;0;0;0;0;3;0;0;0;0;0;0;0
8170259528;8170235956;1;0;0;0;0;0;3;0;0;0;0;0;0;0
8171271740;8171248329;1;0;0;0;0;0;3;0;0;0;0;0;0;0
8172284078;8172260505;1;0;0;0;0;0;3;0;0;0;0;0;0;0
8173296287;8173272825;1;0;0;0;0;0;3;0;0;0;0;0;0;0
8174308610;8174285097;1;0;0;0;0;0;3;0;0;0;0;0;0;0
8175321200;8175297332;1;0;0;0;0;0;3;0;0;0;0;0;0;0
8176333130;8176309604;1;0;0;0;0;0;3;0;0;0;0;0;0;0
8177345388;8177321895;1;0;0;0;0;0;3;0;0;0;0;0;0;0
8178357693;8178334144;1;0;0;0;0;0;3;0;0;0;0;0;0;0
8179369931;8179346422;1;0;0;0;0;0;3;0;0;0;0;0;0;0
8180382219;8180358702;1;0;0;0;0;0;3;0;0;0;0;0;0;0
8181394500;8181370978;1;0;0;0;0;0;3;0;0;0;0;0;0;0
8182406760;8182383320;1;0;0;0;0;0;3;0;0;0;0;0;0;0
8183419022;8183395506;1;0;0;0;0;0;3;0;0;0;0;0;0;0
8184431294;8184407806;1;0;0;0;0;0;3;0;0;0;0;0;0;0
8185443662;8185420058;1;0;0;0;0;0;3;0;0;0;0;0;0;0
8186455851;8186432330;1;0;0;0;0;0;3;0;0;0;0;0;0;0
8187468111;8187444601;1;0;0;0;0;0;3;0;0;0;0;0;0;0
8188480462;8188456870;1;0;0;0;0;0;3;0;0;0;0;0;0;0
8189492751;8189469138;1;0;0;0;0;0;3;0;0;0;0;0;0;0
8190504925;8190481533;1;0;0;0;0;0;3;0;0;0;0;0;0;0
8191517444;8191493684;1;0;0;0;0;0;3;0;0;0;0;0;0;0
8192529472;8192506003;1;0;0;0;0;0;3;0;0;0;0;0;0;0
8193541774;8193518224;1;0;0;0;0;0;3;0;0;0;0;0;0;0
8194554044;8194530513;1;0;0;0;0;0;3;0;0;0;0;0;0;0
8195566334;8195542764;1;0;0;0;0;0;3;0;0;0;0;0;0;0
8196578563;8196555072;1;0;0;0;0;0;3;0;0;0;0;0;0;0
8197590870;8197567303;1;0;0;0;0;0;3;0;0;0;0;0;0;0
8198603143;8198579597;1;0;0;0;0;0;3;0;0;0;0;0;0;0
8199615395;8199591843;1;0;0;0;0;0;3;0;0;0;0;0;0;0
8200627642;8200604192;1;0;0;0;0;0;3;0;0;0;0;0;0;0
8201639927;8201616386;1;0;0;0;0;0;3;0;0;0;0;0;0;0
8202652167;8202628679;1;0;0;0;0;0;3;0;0;0;0;0;0;0
8203664454;8203640954;1;0;0;0;0;0;3;0;0;0;0;0;0;0
8204676767;8204653204;1;0;0;0;0;0;3;0;0;0;0;0;0;0
8205688991;8205665462;1;0;0;0;0;0;3;0;0;0;0;0;0;0
8206701312;8206677759;1;0;0;0;0;0;3;0;0;0;0;0;0;0
8207713514;8207690111;1;0;0;0;0;0;3;0;0;0;0;0;0;0
8208725798;8208702281;1;0;0;0;0;0;3;0;0;0;0;0;0;0
8209738049;8209714547;1;0;0;0;0;0;3;0;0;0;0;0;0;0
8210750395;8210726811;1;0;0;0;0;0;3;0;0;0;0;0;0;0
8211762672;8211739091;1;0;0;0;0;0;3;0;0;0;0;0;0;0
8212774879;8212751346;1;0;0;0;0;0;3;0;0;0;0;0;0;0
8213787135;8213763618;1;0;0;0;0;0;3;0;0;0;0;0;0;0
8214799488;8214775884;1;0;0;0;0;0;3;0;0;0;0;0;0;0
8215811654;8215788177;1;0;0;0;0;0;3;0;0;0;0;0;0;0
8216824355;8216800414;1;0;0;0;0;0;3;0;0;0;0;0;0;0
8217836192;8217812713;1;0;0;0;0;0;3;0;0;0;0;0;0;0
8218848534;8218824972;1;0;0;0;0;0;3;0;0;0;0;0;0;0
8219860752;8219837273;1;0;0;0;0;0;3;0;0;0;0;0;0;0
8220873029;8220849489;1;0;0;0;0;0;3;0;0;0;0;0;0;0
8221885297;8221861767;1;0;0;0;0;0;3;0;0;0;0;0;0;0
8222897653;8222874059;1;0;0;0;0;0;3;0;0;0;0;0;0;0
8223909798;8223886285;1;0;0;0;0;0;3;0;0;0;0;0;0;0
8224922104;8224898581;1;0;0;0;0;0;3;0;0;0;0;0;0;0
8225934341;8225910822;1;0;0;0;0;0;3;0;0;0;0;0;0;0
8226946595;8226923172;1;0;0;0;0;0;3;0;0;0;0;0;0;0
8227958894;8227935360;1;0;0;0;0;0;3;0;0;0;0;0;0;0
8228971133;8228947628;1;0;0;0;0;0;3;0;0;0;0;0;0;0
8229983415;8229959923;1;0;0;0;0;0;3;0;0;0;0;0;0;0
8230995673;8230972184;1;0;0;0;0;0;3;0;0;0;0;0;0;0
8232007931;8231984421;1;0;0;0;0;0;3;0;0;0;0;0;0;0
8233020192;8232996688;1;0;0;0;0;0;3;0;0;0;0;0;0;0
8234032756;8234008951;1;0;0;0;0;0;3;0;0;0;0;0;0;0
8235044727;8235021223;1;0;0;0;0;0;3;0;0;0;0;0;0;0
8236057035;8236033480;1;0;0;0;0;0;3;0;0;0;0;0;0;0
8237069256;8237045762;1;0;0;0;0;0;3;0;0;0;0;0;0;0
8238081686;8238058018;1;0;0;0;0;0;3;0;0;0;0;0;0;0
8239093828;8239070286;1;0;0;0;0;0;3;0;0;0;0;0;0;0
8240106212;8240082539;1;0;0;0;0;0;3;0;0;0;0;0;0;0
8241118355;8241094837;1;0;0;0;0;0;3;0;0;0;0;0;0;0
8242130594;8242107098;1;0;0;0;0;0;3;0;0;0;0;0;0;0
8243142853;8243119422;1;0;0;0;0;0;3;0;0;0;0;0;0;0
8244155233;8244131609;1;0;0;0;0;0;3;0;0;0;0;0;0;0
8245167431;8245143941;1;0;0;0;0;0;3;0;0;0;0;0;0;0
8246179678;8246156136;1;0;0;0;0;0;3;0;0;0;0;0;0;0
8247191899;8247168397;1;0;0;0;0;0;3;0;0;0;0;0;0;0
8248204233;8248180662;1;0;0;0;0;0;3;0;0;0;0;0;0;0
8249216427;8249192947;1;0;0;0;0;0;3;0;0;0;0;0;0;0
8250228743;8250205189;1;0;0;0;0;0;3;0;0;0;0;0;0;0
8251241365;8251217453;1;0;0;0;0;0;3;0;0;0;0;0;0;0
8252253263;8252229715;1;0;0;0;0;0;3;0;0;0;0;0;0;0
8253265483;8253242045;1;0;0;0;0;0;3;0;0;0;0;0;0;0
8254277790;8254254319;1;0;0;0;0;0;3;0;0;0;0;0;0;0
8255290029;8255266518;1;0;0;0;0;0;3;0;0;0;0;0;0;0
8256302279;8256278801;1;0;0;0;0;0;3;0;0;0;0;0;0;0
8257314619;8257291035;1;0;0;0;0;0;3;0;0;0;0;0;0;0
8258326809;8258303312;1;0;0;0;0;0;3;0;0;0;0;0;0;0
8259339063;8259315560;1;0;0;0;0;0;3;0;0;0;0;0;0;0
8260351356;8260327881;1;0;0;0;0;0;3;0;0;0;0;0;0;0
8261363623;8261340102;1;0;0;0;0;0;3;0;0;0;0;0;0;0
8262375859;8262352393;1;0;0;0;0;0;3;0;0;0;0;0;0;0
8263388165;8263364627;1;0;0;0;0;0;3;0;0;0;0;0;0;0
8264400450;8264376900;1;0;0;0;0;0;3;0;0;0;0;0;0;0
8265412657;8265389138;1;0;0;0;0;0;3;0;0;0;0;0;0;0
8266424922;8266401455;1;0;0;0;0;0;3;0;0;0;0;0;0;0
8267437257;8267413667;1;0;0;0;0;0;3;0;0;0;0;0;0;0
8268449438;8268426022;1;0;0;0;0;0;3;0;0;0;0;0;0;0
8269461755;8269438187;1;0;0;0;0;0;3;0;0;0;0;0;0;0
8270474001;8270450457;1;0;0;0;0;0;3;0;0;0;0;0;0;0
8271486277;8271462712;1;0;0;0;0;0;3;0;0;0;0;0;0;0
8272498484;8272474997;1;0;0;0;0;0;3;0;0;0;0;0;0;0
8273510811;8273487239;1;0;0;0;0;0;3;0;0;0;0;0;0;0
8274523023;8274499498;1;0;0;0;0;0;3;0;0;0;0;0;0;0
8275535408;8275511769;1;0;0;0;0;0;3;0;0;0;0;0;0;0
8276547535;8276524128;1;0;0;0;0;0;3;0;0;0;0;0;0;0
8277559871;8277536291;1;0;0;0;0;0;3;0;0;0;0;0;0;0
8278572060;8278548551;1;0;0;0;0;0;3;0;0;0;0;0;0;0
8279584376;8279560863;1;0;0;0;0;0;3;0;0;0;0;0;0;0
8280596658;8280573079;1;0;0;0;0;0;3;0;0;0;0;0;0;0
8281608854;8281585339;1;0;0;0;0;0;3;0;0;0;0;0;0;0
8282621202;8282597606;1;0;0;0;0;0;3;0;0;0;0;0;0;0
8283633410;8283609862;1;0;0;0;0;0;3;0;0;0;0;0;0;0
8284645678;8284622145;1;0;0;0;0;0;3;0;0;0;0;0;0;0
8285657901;8285634397;1;0;0;0;0;0;3;0;0;0;0;0;0;0
8286670172;8286646671;1;0;0;0;0;0;3;0;0;0;0;0;0;0
8287682515;8287658933;1;0;0;0;0;0;3;0;0;0;0;0;0;0
8288694697;8288671172;1;0;0;0;0;0;3;0;0;0;0;0;0;0
8289707003;8289683430;1;0;0;0;0;0;3;0;0;0;0;0;0;0
8290719325;8290695701;1;0;0;0;0;0;3;0;0;0;0;0;0;0
8291731462;8291707985;1;0;0;0;0;0;3;0;0;0;0;0;0;0
8292743909;8292720221;1;0;0;0;0;0;3;0;0;0;0;0;0;0
8293755988;8293732631;1;0;0;0;0;0;3;0;0;0;0;0;0;0
8294768286;8294744747;1;0;0;0;0;0;3;0;0;0;0;0;0;0
8295780513;8295757035;1;0;0;0;0;0;3;0;0;0;0;0;0;0
8296792866;8296769269;1;0;0;0;0;0;3;0;0;0;0;0;0;0
8297805056;8297781533;1;0;0;0;0;0;3;0;0;0;0;0;0;0
8298817333;8298793787;1;0;0;0;0;0;3;0;0;0;0;0;0;0
8299829561;8299806051;1;0;0;0;0;0;3;0;0;0;0;0;0;0
8300841856;8300818310;1;0;0;0;0;0;3;0;0;0;0;0;0;0
8301854095;8301830573;1;0;0;0;0;0;3;0;0;0;0;0;0;0
8302866342;8302842913;1;0;0;0;0;0;3;0;0;0;0;0;0;0
8303878618;8303855103;1;0;0;0;0;0;3;0;0;0;0;0;0;0
8304890873;8304867405;1;0;0;0;0;0;3;0;0;0;0;0;0;0
8305903156;8305879634;1;0;0;0;0;0;3;0;0;0;0;0;0;0
8306915407;8306891938;1;0;0;0;0;0;3;0;0;0;0;0;0;0
8307927660;8307904140;1;0;0;0;0;0;3;0;0;0;0;0;0;0
8308939907;8308916397;1;0;0;0;0;0;3;0;0;0;0;0;0;0
8309952455;8309928661;1;0;0;0;0;0;3;0;0;0;0;0;0;0
8310964434;8310940969;1;0;0;0;0;0;3;0;0;0;0;0;0;0
8311976778;8311953207;1;0;0;0;0;0;3;0;0;0;0;0;0;0
8312988968;8312965461;1;0;0;0;0;0;3;0;0;0;0;0;0;0
8314001292;8313977730;1;0;0;0;0;0;3;0;0;0;0;0;0;0
8315013517;8314990013;1;0;0;0;0;0;3;0;0;0;0;0;0;0
8316025758;8316002222;1;0;0;0;0;0;3;0;0;0;0;0;0;0
8317038003;8317014506;1;0;0;0;0;0;3;0;0;0;0;0;0;0
8318050329;8318026743;1;0;0;0;0;0;3;0;0;0;0;0;0;0
8319062508;8319039100;1;0;0;0;0;0;3;0;0;0;0;0;0;0
8320074970;8320051267;1;0;0;0;0;0;3;0;0;0;0;0;0;0
8321087051;8321063583;1;0;0;0;0;0;3;0;0;0;0;0;0;0
8322099331;8322075782;1;0;0;0;0;0;3;0;0;0;0;0;0;0
8323111547;8323088040;1;0;0;0;0;0;3;0;0;0;0;0;0;0
8324123841;8324100305;1;0;0;0;0;0;3;0;0;0;0;0;0;0
8325136075;8325112572;1;0;0;0;0;0;3;0;0;0;0;0;0;0
8326148429;8326124906;1;0;0;0;0;0;3;0;0;0;0;0;0;0
8327161016;8327137082;1;0;0;0;0;0;3;0;0;0;0;0;0;0
8328172871;8328149366;1;0;0;0;0;0;3;0;0;0;0;0;0;0
8329185106;8329161635;1;0;0;0;0;0;3;0;0;0;0;0;0;0
8330197366;8330173863;1;0;0;0;0;0;3;0;0;0;0;0;0;0
8331209635;8331186122;1;0;0;0;0;0;3;0;0;0;0;0;0;0
8332221895;8332198382;1;0;0;0;0;0;3;0;0;0;0;0;0;0
8333234224;8333210662;1;0;0;0;0;0;3;0;0;0;0;0;0;0
8334246419;8334222902;1;0;0;0;0;0;3;0;0;0;0;0;0;0
8335258683;8335235185;1;0;0;0;0;0;3;0;0;0;0;0;0;0
8336270941;8336247460;1;0;0;0;0;0;3;0;0;0;0;0;0;0
8337283297;8337259675;1;0;0;0;0;0;3;0;0;0;0;0;0;0
8338295459;8338271940;1;0;0;0;0;0;3;0;0;0;0;0;0;0
8339307763;8339284242;1;0;0;0;0;0;3;0;0;0;0;0;0;0
8340320024;8340296542;1;0;0;0;0;0;3;0;0;0;0;0;0;0
8341332291;8341308713;1;0;0;0;0;0;3;0;0;0;0;0;0;0
8342344482;8342321033;1;0;0;0;0;0;3;0;0;0;0;0;0;0
8343356818;8343333233;1;0;0;0;0;0;3;0;0;0;0;0;0;0
8344369006;8344345510;1;0;0;0;0;0;3;0;0;0;0;0;0;0
8345381340;8345357754;1;0;0;0;0;0;3;0;0;0;0;0;0;0
8346393526;8346370111;1;0;0;0;0;0;3;0;0;0;0;0;0;0
8347405793;8347382298;1;0;0;0;0;0;3;0;0;0;0;0;0;0
8348418047;8348394554;1;0;0;0;0;0;3;0;0;0;0;0;0;0
8349430319;8349406783;1;0;0;0;0;0;3;0;0;0;0;0;0;0
8350442576;8350419046;1;0;0;0;0;0;3;0;0;0;0;0;0;0
8351454857;8351431300;1;0;0;0;0;0;3;0;0;0;0;0;0;0
8352467072;8352443609;1;0;0;0;0;0;3;0;0;0;0;0;0;0
8353479359;8353455818;1;0;0;0;0;0;3;0;0;0;0;0;0;0
8354491653;8354468078;1;0;0;0;0;0;3;0;0;0;0;0;0;0
8355503843;8355480344;1;0;0;0;0;0;3;0;0;0;0;0;0;0
8356516123;8356492597;1;0;0;0;0;0;3;0;0;0;0;0;0;0
8357528361;8357504915;1;0;0;0;0;0;3;0;0;0;0;0;0;0
8358540629;8358517109;1;0;0;0;0;0;3;0;0;0;0;0;0;0
8359552880;8359529396;1;0;0;0;0;0;3;0;0;0;0;0;0;0
8360565281;8360541625;1;0;0;0;0;0;3;0;0;0;0;0;0;0
8361577409;8361553897;1;0;0;0;0;0;3;0;0;0;0;0;0;0
8362589678;8362566143;1;0;0;0;0;0;3;0;0;0;0;0;0;0
8363601954;8363578483;1;0;0;0;0;0;3;0;0;0;0;0;0;0
8364614174;8364590672;1;0;0;0;0;0;3;0;0;0;0;0;0;0
8365626437;8365602937;1;0;0;0;0;0;3;0;0;0;0;0;0;0
8366638766;8366615177;1;0;0;0;0;0;3;0;0;0;0;0;0;0
8367650999;8367627476;1;0;0;0;0;0;3;0;0;0;0;0;0;0
8368663352;8368639685;1;0;0;0;0;0;3;0;0;0;0;0;0;0
8369675457;8369651979;1;0;0;0;0;0;3;0;0;0;0;0;0;0
8370687829;8370664207;1;0;0;0;0;0;3;0;0;0;0;0;0;0
8371700025;8371676529;1;0;0;0;0;0;3;0;0;0;0;0;0;0
8372712246;8372688719;1;0;0;0;0;0;3;0;0;0;0;0;0;0
8373724579;8373701005;1;0;0;0;0;0;3;0;0;0;0;0;0;0
8374736866;8374713234;1;0;0;0;0;0;3;0;0;0;0;0;0;0
8375749002;8375725571;1;0;0;0;0;0;3;0;0;0;0;0;0;0
8376761288;8376737748;1;0;0;0;0;0;3;0;0;0;0;0;0;0
8377773515;8377750013;1;0;0;0;0;0;3;0;0;0;0;0;0;0
8378785772;8378762270;1;0;0;0;0;0;3;0;0;0;0;0;0;0
8379798030;8379774516;1;0;0;0;0;0;3;0;0;0;0;0;0;0
8380810279;8380786774;1;0;0;0;0;0;3;0;0;0;0;0;0;0
8381822617;8381799032;1;0;0;0;0;0;3;0;0;0;0;0;0;0
8382834807;8382811339;1;0;0;0;0;0;3;0;0;0;0;0;0;0
8383847300;8383823545;1;0;0;0;0;0;3;0;0;0;0;0;0;0
8384859316;8384835813;1;0;0;0;0;0;3;0;0;0;0;0;0;0
8385871810;8385848055;1;0;0;0;0;0;3;0;0;0;0;0;0;0
8386883865;8386860333;1;0;0;0;0;0;3;0;0;0;0;0;0;0
8387896110;8387872571;1;0;0;0;0;0;3;0;0;0;0;0;0;0
8388908333;8388884886;1;0;0;0;0;0;3;0;0;0;0;0;0;0
8389920636;8389897080;1;0;0;0;0;0;3;0;0;0;0;0;0;0
8390932875;8390909349;1;0;0;0;0;0;3;0;0;0;0;0;0;0
8391945188;8391921594;1;0;0;0;0;0;3;0;0;0;0;0;0;0
8392957358;8392933854;1;0;0;0;0;0;3;0;0;0;0;0;0;0
8393969715;8393946114;1;0;0;0;0;0;3;0;0;0;0;0;0;0
8394981907;8394958465;1;0;0;0;0;0;3;0;0;0;0;0;0;0
8395994141;8395970650;1;0;0;0;0;0;3;0;0;0;0;0;0;0
8397006435;8396982915;1;0;0;0;0;0;3;0;0;0;0;0;0;0
8398018645;8397995179;1;0;0;0;0;0;3;0;0;0;0;0;0;0
8399030901;8399007439;1;0;0;0;0;0;3;0;0;0;0;0;0;0
8400043180;8400019640;1;0;0;0;0;0;3;0;0;0;0;0;0;0
8401055412;8401031900;1;0;0;0;0;0;3;0;0;0;0;0;0;0
8402067766;8402044190;1;0;0;0;0;0;3;0;0;0;0;0;0;0
8403080266;8403056408;1;0;0;0;0;0;3;0;0;0;0;0;0;0
8404092171;8404068662;1;0;0;0;0;0;3;0;0;0;0;0;0;0
8405104423;8405080920;1;0;0;0;0;0;3;0;0;0;0;0;0;0
8406116679;8406093173;1;0;0;0;0;0;3;0;0;0;0;0;0;0
8407129051;8407105423;1;0;0;0;0;0;3;0;0;0;0;0;0;0
8408141228;8408117735;1;0;0;0;0;0;3;0;0;0;0;0;0;0
8409153560;8409129936;1;0;0;0;0;0;3;0;0;0;0;0;0;0
8410165743;8410142200;1;0;0;0;0;0;3;0;0;0;0;0;0;0
8411177984;8411154447;1;0;0;0;0;0;3;0;0;0;0;0;0;0
8412190223;8412166826;1;0;0;0;0;0;3;0;0;0;0;0;0;0
8413202469;8413178959;1;0;0;0;0;0;3;0;0;0;0;0;0;0
8414214739;8414191224;1;0;0;0;0;0;3;0;0;0;0;0;0;0
8415227098;8415203467;1;0;0;0;0;0;3;0;0;0;0;0;0;0
8416239226;8416215745;1;0;0;0;0;0;3;0;0;0;0;0;0;0
8417251608;8417227971;1;0;0;0;0;0;3;0;0;0;0;0;0;0
8418263732;8418240250;1;0;0;0;0;0;3;0;0;0;0;0;0;0
8419274505;8419250994;1;0;0;0;0;0;3;0;0;0;0;0;0;0
