timestamp;timestamp_sample;device_id;x;y;z;temperature;error_count;clip_counter[0];clip_counter[1];clip_counter[2];samples
7867049967;7867049784;2490378;6.5780096;-3.1812956;-6.7748127;38.25483;0;0;0;0;10
7868050733;7868050602;2490378;6.9108033;-3.0154371;-7.088573;38.121983;0;0;0;0;10
7869051525;7869051421;2490378;0.9931149;0.6806716;-11.228087;38.32126;0;0;0;0;10
7870049870;7870049766;2490378;0.25187004;2.2172701;-13.968252;38.33937;0;0;0;0;10
7871050718;7871050585;2490378;0.011971009;0.3157952;-12.291114;38.278984;0;0;0;0;10
7872051502;7872051404;2490378;0.4100669;-0.38845924;-5.5376687;38.242756;0;0;0;0;10
7873052325;7873052223;2490378;1.169807;-3.2685642;-9.768104;38.242756;0;0;0;0;10
7874049535;7874049331;2490378;-1.3618219;2.5912445;-11.997345;38.333332;0;0;0;0;10
7875050249;7875050151;2490378;-2.034114;1.0065224;-10.29818;38.35145;0;0;0;0;10
7876052305;7876052207;2490378;-1.9625272;0.2219425;-9.887335;38.266907;0;0;0;0;10
7877049456;7877049315;2490378;1.8006791;-0.45537716;-10.949882;38.236713;0;0;0;0;10
7878050236;7878050135;2490378;0.09672575;2.7147853;-12.100775;38.309177;0;0;0;0;10
7879051053;7879050954;2490378;2.0966024;-0.13311762;-9.403467;38.303143;0;0;0;0;10
7880051878;7880051773;2490378;1.6521189;0.4295198;-6.916729;38.20652;0;0;0;0;10
7881050217;7881050118;2490378;1.7307684;-0.44460326;-16.011225;38.34541;0;0;0;0;10
7882051041;7882050937;2490378;1.0333375;1.2988545;-10.485646;38.23068;0;0;0;0;10
7883051857;7883051755;2490378;-2.1353886;-0.026815059;-10.971669;38.242756;0;0;0;0;10
7884048961;7884048863;2490378;-5.8880005;-2.0640414;6.4866705;38.309177;0;0;0;0;10
7885049783;7885049681;2490378;0.66965824;0.2504335;-18.513643;38.278984;0;0;0;0;10
7886050598;7886050499;2490378;-1.856464;0.61770403;-16.00045;38.212563;0;0;0;0;10
7887052763;7887052557;2490378;-1.0986992;2.2934058;-13.631866;38.315216;0;0;0;0;10
7888049758;7888049660;2490378;-2.557606;-0.15855601;-9.13795;38.17633;0;0;0;0;10
7889050578;7889050477;2490378;-0.16783354;1.2410944;1.8344374;38.22464;0;0;0;0;10
7890051395;7890051294;2490378;2.2527044;4.413232;-6.070977;38.236713;0;0;0;0;10
7891049739;7891049636;2490378;-3.647686;-1.7517177;-8.248982;38.194447;0;0;0;0;10
7892050551;7892050453;2490378;2.2960393;-0.3725378;-12.46182;38.25483;0;0;0;0;10
7893051371;7893051269;2490378;-0.7745841;1.2801198;-6.8466988;38.17029;0;0;0;0;10
7894052195;7894052084;2490378;1.7071257;0.6805518;-4.021361;38.073673;0;0;0;0;10
7895049289;7895049188;2490378;-0.40863037;1.3054984;-7.806953;38.236713;0;0;0;0;10
7896050103;7896050002;2490378;0.7000646;-0.25689784;-9.399158;37.940823;0;0;0;0;10
7897052153;7897052054;2490378;1.0356718;0.043514617;-7.523779;38.152176;0;0;0;0;10
7898049259;7898049156;2490378;0.22864626;1.0261549;-10.803117;38.04348;0;0;0;0;10
7899050077;7899049970;2490378;-1.150354;-5.125926;-5.8600483;38.097828;0;0;0;0;10
7900050883;7900050783;2490378;-0.5633557;-0.74842745;-8.447762;37.928745;0;0;0;0;10
7901051697;7901051595;2490378;0.099119954;-1.4767436;-17.446308;37.95894;0;0;0;0;10
7902050033;7902049933;2490378;-1.5713146;-0.058418524;-2.6189575;38.013287;0;0;0;0;10
7903050845;7903050745;2490378;0.6380548;0.99407256;-12.935154;38.08575;0;0;0;0;10
7904051658;7904051556;2490378;-0.078290395;-0.41467574;-9.793242;38.019325;0;0;0;0;10
7905048757;7905048656;2490378;3.3162088;-1.5753847;-11.447876;37.86836;0;0;0;0;10
7906049566;7906049466;2490378;-1.4335881;1.1030087;-4.6337976;37.898552;0;0;0;0;10
7907051610;7907051513;2490378;0.77189064;0.20231004;-10.827538;37.892513;0;0;0;0;10
7908052422;7908052322;2490378;1.6527175;1.1865664;-16.46708;37.844204;0;0;0;0;10
7909049521;7909049419;2490378;3.8228219;0.9318233;-13.865301;37.922707;0;0;0;0;10
7910050331;7910050231;2490378;-1.146284;-2.63434;0.5869984;37.807972;0;0;0;0;10
7911051139;7911051036;2490378;1.1398795;0.9090784;-16.354792;37.90459;0;0;0;0;10
7912049467;7912049368;2490378;3.9459438;2.095166;-6.424122;37.95894;0;0;0;0;10
7913050279;7913050175;2490378;-0.170946;-0.54635686;-7.442376;37.72343;0;0;0;0;10
7914051083;7914050981;2490378;-2.079843;-0.048123457;-6.8393364;37.838165;0;0;0;0;10
7915051920;7915051787;2490378;-0.58657944;-2.4442406;-11.09473;37.735508;0;0;0;0;10
7916050215;7916050118;2490378;-6.5265937;-0.30095115;-9.139147;37.63889;0;0;0;0;10
7917051025;7917050922;2490378;-0.5231331;-1.5377958;-12.375628;37.63285;0;0;0;0;10
7918051851;7918051726;2490378;0.44915223;-0.8377312;-19.796217;37.711353;0;0;0;0;10
7919048918;7919048818;2490378;-1.2464215;-2.9431922;-13.654133;37.72343;0;0;0;0;10
7920049721;7920049621;2490378;-6.1638722;1.4717158;-13.267468;37.63285;0;0;0;0;10
7921051758;7921051660;2490378;-1.976234;0.16280572;-4.3015428;37.608696;0;0;0;0;10
7922048853;7922048751;2490378;0.40102878;0.5497087;-15.612111;37.566425;0;0;0;0;10
7923049654;7923049552;2490378;1.0048465;-0.15753847;-11.589851;37.657005;0;0;0;0;10
7924050452;7924050352;2490378;2.268506;1.5531187;-25.528654;37.72343;0;0;0;0;10
7925051344;7925051152;2490378;-0.66193694;0.7672818;-8.209658;37.512077;0;0;0;0;10
7926049575;7926049477;2490378;3.394978;-0.7788338;-8.526231;37.391304;0;0;0;0;10
7927050387;7927050275;2490378;0.32585084;-0.1685518;-13.798503;37.54227;0;0;0;0;10
7928051175;7928051074;2490378;0.35859156;-0.16005239;-3.378099;37.608696;0;0;0;0;10
7929051971;7929051871;2490378;4.5398855;1.510023;-20.486944;37.512077;0;0;0;0;10
7930049057;7930048957;2490378;0.21691468;-0.7596802;-11.563994;37.421497;0;0;0;0;10
7931051093;7931050990;2490378;4.218823;4.151546;-18.110699;37.282608;0;0;0;0;10
7932051888;7932051786;2490378;-0.8662222;-0.29089552;-12.319125;37.36111;0;0;0;0;10
7933048976;7933048870;2490378;5.8315573;2.108334;-13.975674;37.45169;0;0;0;0;10
7934049762;7934049665;2490378;-3.0899568;-1.6191387;-7.6604877;37.379227;0;0;0;0;10
7935050556;7935050458;2490378;1.5978903;0.2930503;-15.695429;37.397343;0;0;0;0;10
7936052610;7936052489;2490378;-1.7360955;-0.5429451;-6.490202;37.40942;0;0;0;0;10
7937049671;7937049570;2490378;0.277488;-0.53265005;-8.01896;37.336956;0;0;0;0;10
7938050460;7938050362;2490378;2.3894134;0.41276038;-11.864467;37.2343;0;0;0;0;10
7939051260;7939051154;2490378;0.99646676;-0.5533;-11.558967;37.264492;0;0;0;0;10
7940049568;7940049471;2490378;1.3749901;2.0396204;-11.617385;37.2343;0;0;0;0;10
7941050370;7941050261;2490378;-0.3806781;3.152685;-17.555006;37.14372;0;0;0;0;10
7942051166;7942051051;2490378;-0.49009308;0.25905263;-11.468226;37.288647;0;0;0;0;10
7943051940;7943051840;2490378;-1.9940109;7.266582;-7.149326;37.04106;0;0;0;0;10
7944050312;7944050155;2490378;-6.998192;1.132218;-6.2538943;37.161835;0;0;0;0;10
7945051041;7945050942;2490378;1.3474567;0.4129998;-9.684067;37.016907;0;0;0;0;10
7946051830;7946051729;2490378;3.564727;3.4560301;-9.499714;37.083336;0;0;0;0;10
7947048905;7947048805;2490378;1.9309237;-0.9196129;-23.919033;37.0471;0;0;0;0;10
7948049689;7948049591;2490378;0.93086565;2.8689718;-9.807368;37.101448;0;0;0;0;10
7949051713;7949051614;2490378;0.7522582;0.19369093;-9.01417;37.071255;0;0;0;0;10
7950052499;7950052399;2490378;3.077507;0.5056554;-17.75564;36.99879;0;0;0;0;10
7951049574;7951049473;2490378;-0.688333;-1.117374;-10.022128;37.016907;0;0;0;0;10
7952050361;7952050257;2490378;-2.1495142;1.415452;-10.677661;36.902176;0;0;0;0;10
7953051141;7953051040;2490378;5.119581;2.8729224;-0.7732074;37.035027;0;0;0;0;10
7954049449;7954049349;2490378;-0.3818153;-1.033158;-6.0458384;36.93237;0;0;0;0;10
7955050232;7955050131;2490378;-0.37140054;-0.4189853;-7.28376;36.902176;0;0;0;0;10
7956051011;7956050913;2490378;0.4706402;2.119108;-7.438725;36.896137;0;0;0;0;10
7957051797;7957051694;2490378;1.0029311;2.1495142;-8.763736;36.847828;0;0;0;0;10
7958050105;7958050001;2490378;-1.7187974;2.8660989;-10.15788;36.83575;0;0;0;0;10
7959050880;7959050780;2490378;-5.585673;1.2630612;-5.756918;36.896137;0;0;0;0;10
7960051661;7960051560;2490378;-2.7763164;2.7135882;-10.1382475;36.829712;0;0;0;0;10
7961048727;7961048628;2490378;-4.098634;-3.1304188;-10.562739;36.847828;0;0;0;0;10
7962050748;7962050643;2490378;-0.7863157;0.80924016;-5.095101;36.88406;0;0;0;0;10
7963051526;7963051421;2490378;-2.3356037;-1.6451757;-3.9649777;36.87802;0;0;0;0;10
7964052295;7964052199;2490378;-2.0787058;-1.8306665;-5.7042456;36.75121;0;0;0;0;10
7965049367;7965049264;2490378;2.1090524;2.3324313;-16.420393;36.775364;0;0;0;0;10
7966050139;7966050041;2490378;-1.1537658;0.27521348;-2.3113623;36.75121;0;0;0;0;10
7967052162;7967052054;2490378;1.2006922;3.5898662;-14.0422325;36.74517;0;0;0;0;10
7968049220;7968049118;2490378;-0.21116859;-6.5553246;-18.763119;36.79348;0;0;0;0;10
7969049994;7969049893;2490378;-1.6998832;0.073023155;-11.12777;36.7029;0;0;0;0;10
7970050767;7970050667;2490378;0.50637364;1.0323797;-8.752483;36.594204;0;0;0;0;10
7971051541;7971051441;2490378;2.6606765;1.0141839;-16.322231;36.70894;0;0;0;0;10
7972049841;7972049740;2490378;-0.6256049;-0.47764325;-11.544362;36.666668;0;0;0;0;10
7973050613;7973050513;2490378;2.3807943;0.35793316;-16.892052;36.509663;0;0;0;0;10
7974051386;7974051285;2490378;-0.8137293;0.36266172;-7.8361626;36.557972;0;0;0;0;10
7975049683;7975049583;2490378;-0.28060043;-0.29963434;-6.4825406;36.497585;0;0;0;0;10
7976050453;7976050354;2490378;-0.19249383;-0.5719748;-10.787794;36.491547;0;0;0;0;10
7977051223;7977051125;2490378;-0.40198648;0.5719748;-9.822452;36.557972;0;0;0;0;10
7978051996;7978051896;2490378;1.3749901;0.40629604;-10.233058;36.328503;0;0;0;0;10
7979050290;7979050192;2490378;-0.0074220253;-0.028969841;-17.684292;36.491547;0;0;0;0;10
7980051058;7980050961;2490378;2.694674;-1.1247959;-13.474807;36.419083;0;0;0;0;10
7981051835;7981051730;2490378;-7.818266;0.032202013;-3.3613994;36.60628;0;0;0;0;10
7982048887;7982048787;2490378;0.443885;-3.1086316;-26.919926;36.262077;0;0;0;0;10
7983049654;7983049555;2490378;0.84180135;0.79679036;-11.735898;36.491547;0;0;0;0;10
7984051658;7984051560;2490378;0.056742582;2.3953989;-14.3781395;36.316425;0;0;0;0;10
7985052428;7985052327;2490378;-2.0879834;-0.71634513;-9.4887;36.328503;0;0;0;0;10
7986049483;7986049382;2490378;0.19560628;-0.52887917;-16.78958;36.328503;0;0;0;0;10
7987050251;7987050149;2490378;-0.6432023;-3.3580475;4.354335;36.364735;0;0;0;0;10
7988052249;7988052152;2490378;3.4119768;2.307771;-20.213049;36.352657;0;0;0;0;10
7989049308;7989049206;2490378;6.639361;-2.1564574;-19.26231;36.262077;0;0;0;0;10
7990050070;7990049970;2490378;2.9166164;-3.5455732;-10.840227;36.34058;0;0;0;0;10
7991050836;7991050735;2490378;1.009156;1.6296732;-1.4882358;36.304348;0;0;0;0;10
7992052838;7992052736;2490378;0.19057846;-1.9768924;-6.3017783;36.219807;0;0;0;0;10
7993049887;7993049788;2490378;3.1986535;-0.57029885;-15.477317;36.20169;0;0;0;0;10
7994050653;7994050551;2490378;3.2635365;-2.8072016;-10.014467;36.213768;0;0;0;0;10
7995051411;7995051314;2490378;1.9239805;-0.529358;-12.437399;36.183575;0;0;0;0;10
7996049702;7996049601;2490378;-6.908948;-0.29688102;-14.189955;36.24396;0;0;0;0;10
7997050460;7997050363;2490378;0.59902924;-0.15616181;-5.3692966;36.123188;0;0;0;0;10
7998051222;7998051124;2490378;1.1903971;-0.3089119;-8.123587;36.123188;0;0;0;0;10
7999051984;7999051885;2490378;-2.917634;0.3426701;-0.50745106;36.29227;0;0;0;0;10
8000050269;8000050171;2490378;-1.3627198;0.58586115;-5.096717;36.02657;0;0;0;0;10
8001051032;8001050931;2490378;0.3797204;4.239413;-9.535626;36.02657;0;0;0;0;10
8002051795;8002051690;2490378;-1.2382811;0.15658079;-9.340978;36.07488;0;0;0;0;10
8003048839;8003048739;2490378;0.55832785;-0.25079262;-6.1876945;36.07488;0;0;0;0;10
8004049596;8004049497;2490378;1.4338874;-0.8317457;-15.072218;35.97222;0;0;0;0;10
8005051592;8005051492;2490378;-4.7730803;-1.8088194;-7.257783;36.044685;0;0;0;0;10
8006052349;8006052249;2490378;-1.8516756;-0.31794998;-11.559445;36.092995;0;0;0;0;10
8007049398;8007049296;2490378;-0.48099512;1.4999673;-10.110475;36.032608;0;0;0;0;10
8008050150;8008050052;2490378;0.34021607;1.8756176;-9.917741;36.038647;0;0;0;0;10
8009052143;8009052046;2490378;-0.7805696;-1.2107478;-6.7786436;35.923912;0;0;0;0;10
8010049232;8010049090;2490378;-2.3254282;0.8452729;3.6066854;36.0628;0;0;0;0;10
8011049949;8011049849;2490378;1.3620614;4.552096;-7.290823;35.89372;0;0;0;0;10
8012051960;8012051840;2490378;0.31890768;1.567005;-18.714518;35.92995;0;0;0;0;10
8013052693;8013052593;2490378;-2.623626;2.4916458;-8.962036;35.79106;0;0;0;0;10
8014049741;8014049636;2490378;1.7187974;3.2745497;-15.822801;35.89372;0;0;0;0;10
8015050499;8015050390;2490378;0.53366756;-2.9860485;-9.7116;35.821255;0;0;0;0;10
8016051243;8016051144;2490378;0.05889736;-2.3293188;-8.986876;35.93599;0;0;0;0;10
8017049524;8017049423;2490378;-7.7241735;-0.84419554;-12.010274;35.905796;0;0;0;0;10
8018050274;8018050175;2490378;-0.031842884;0.6873753;-10.97526;35.833332;0;0;0;0;10
8019051028;8019050928;2490378;-0.7206547;1.7580624;-9.282799;35.80314;0;0;0;0;10
8020051812;8020051680;2490378;1.4398729;2.4645913;-14.160506;35.92995;0;0;0;0;10
8021050057;8021049958;2490378;1.4706982;-2.5863364;-2.3079505;35.785027;0;0;0;0;10
8022050807;8022050709;2490378;-3.759256;-2.3347657;-6.8863826;35.821255;0;0;0;0;10
8023051562;8023051460;2490378;3.0357878;-0.55437744;-7.967604;35.694447;0;0;0;0;10
8024048598;8024048499;2490378;1.3828909;-5.8645973;-8.219295;35.778984;0;0;0;0;10
8025050590;8025050486;2490378;0.9794679;-1.8353951;-11.66072;35.76691;0;0;0;0;10
8026051335;8026051236;2490378;-0.57029885;-0.51235914;-9.346245;35.706524;0;0;0;0;10
8027052086;8027051986;2490378;-2.6566062;-0.23965959;-11.534067;35.688408;0;0;0;0;10
8028049127;8028049024;2490378;0.9955091;-0.358412;-12.779291;35.615944;0;0;0;0;10
8029051110;8029051010;2490378;-2.4673445;-1.5175648;-8.160158;35.72464;0;0;0;0;10
8030051856;8030051758;2490378;-0.68091094;0.16160862;-17.799213;35.688408;0;0;0;0;10
8031048901;8031048796;2490378;-0.4665102;-2.3439834;-1.9132664;35.72464;0;0;0;0;10
8032049642;8032049543;2490378;-3.2762256;-1.4997878;0.9363723;35.646137;0;0;0;0;10
8033051629;8033051528;2490378;0.0688333;0.5963957;-8.013932;35.597828;0;0;0;0;10
8034052376;8034052275;2490378;-1.770991;-1.5018828;-7.9980702;35.670288;0;0;0;0;10
8035049418;8035049311;2490378;0.99233675;1.2438476;-5.9892154;35.72464;0;0;0;0;10
8036050159;8036050057;2490378;-7.537426;-2.3709779;-11.616906;35.6401;0;0;0;0;10
8037052138;8037052040;2490378;1.3864822;-0.2930503;-9.677124;35.603867;0;0;0;0;10
8038049176;8038049075;2490378;-5.311776;-2.5775976;-15.500301;35.54348;0;0;0;0;10
8039049921;8039049821;2490378;1.1556811;-4.3689394;15.160564;35.62198;0;0;0;0;10
8040050666;8040050566;2490378;1.8689139;0.45418006;-9.591651;35.513287;0;0;0;0;10
8041052690;8041052547;2490378;0.6856994;-10.648691;-10.230424;35.688408;0;0;0;0;10
8042049677;8042049581;2490378;4.388871;-4.836587;-5.434778;35.561596;0;0;0;0;10
8043050426;8043050325;2490378;1.1171346;2.922602;-9.960118;35.63406;0;0;0;0;10
8044051171;8044051069;2490378;-2.257433;-1.1399393;-4.6108136;35.428745;0;0;0;0;10
8045049437;8045049338;2490378;-1.781346;-0.7966706;-5.5666986;35.555557;0;0;0;0;10
8046050182;8046050081;2490378;-3.4629135;-1.1590331;-5.3037553;35.579712;0;0;0;0;10
8047050924;8047050824;2490378;0.7383718;-0.0033518823;-9.90601;35.477055;0;0;0;0;10
8048051664;8048051567;2490378;0.2659958;-1.6845603;-11.367909;35.477055;0;0;0;0;10
8049049933;8049049835;2490378;-0.1769315;-1.2315774;-10.483252;35.471016;0;0;0;0;10
8050050675;8050050577;2490378;-2.1739352;-1.3903129;-9.694123;35.350243;0;0;0;0;10
8051051417;8051051318;2490378;1.1097125;-0.78266454;-15.349706;35.525364;0;0;0;0;10
8052049686;8052049585;2490378;0.21464019;-1.3991715;-6.8863826;35.428745;0;0;0;0;10
8053050437;8053050326;2490378;0.27605146;0.3229778;-12.070368;35.440823;0;0;0;0;10
8054051168;8054051067;2490378;3.2326512;-5.5092974;-11.217074;35.422707;0;0;0;0;10
8055051908;8055051807;2490378;1.9790472;0.728795;-12.073959;35.422707;0;0;0;0;10
8056050173;8056050072;2490378;-0.10869676;-1.5456966;-20.512562;35.295895;0;0;0;0;10
8057050915;8057050812;2490378;0.42329487;-3.627934;-5.6595936;35.35628;0;0;0;0;10
8058051649;8058051551;2490378;0.23654713;0.8295909;-12.084972;35.386475;0;0;0;0;10
8059049917;8059049816;2490378;2.348712;0.688333;-12.896847;35.36836;0;0;0;0;10
8060050654;8060050554;2490378;0.9375694;1.6922218;-12.042595;35.217392;0;0;0;0;10
8061051405;8061051292;2490378;0.640449;0.27461493;-7.7981544;35.45894;0;0;0;0;10
8062052132;8062052030;2490378;2.835932;0.9540894;-6.9747887;35.40459;0;0;0;0;10
8063049158;8063049057;2490378;-8.830534;1.7726669;-9.9136715;35.27778;0;0;0;0;10
8064051133;8064051031;2490378;-2.1304204;-0.6015432;-3.0710425;35.235508;0;0;0;0;10
8065051867;8065051767;2490378;0.27670985;-2.6461914;-6.2625732;35.398552;0;0;0;0;10
8066048894;8066048793;2490378;0.15059529;-0.5465962;-6.4260373;35.259663;0;0;0;0;10
8067049637;8067049529;2490378;3.3300953;1.3024458;-9.696756;35.36836;0;0;0;0;10
8068051601;8068051502;2490378;1.4298173;-0.16831239;-16.758934;35.241547;0;0;0;0;10
8069052335;8069052237;2490378;0.23062149;-0.0183755;-7.5331163;35.235508;0;0;0;0;10
8070049363;8070049265;2490378;-0.7225102;0.30496144;-5.5791483;35.27174;0;0;0;0;10
8071050097;8071049997;2490378;0.5671265;1.3365033;-2.548089;35.253624;0;0;0;0;10
8072052072;8072051969;2490378;2.863226;1.070687;-22.316355;35.114735;0;0;0;0;10
8073049092;8073048992;2490378;-10.271605;1.8308461;-0.32561144;35.199276;0;0;0;0;10
8074049829;8074049726;2490378;2.219904;-0.075297646;-6.169858;35.205315;0;0;0;0;10
8075050562;8075050459;2490378;1.0005369;1.0036494;-9.084559;35.060387;0;0;0;0;10
8076052580;8076052429;2490378;-4.352898;1.0086772;-3.7165792;35.024155;0;0;0;0;10
8077049553;8077049452;2490378;0.08044518;-1.5423448;-9.427169;35.13285;0;0;0;0;10
8078050283;8078050184;2490378;-0.50996494;-1.0342952;-10.491392;35.289856;0;0;0;0;10
8079052253;8079052154;2490378;2.259049;2.4529195;-5.118923;35.144928;0;0;0;0;10
8080049274;8080049175;2490378;0.6825869;2.733939;-10.755712;35.060387;0;0;0;0;10
8081050008;8081049907;2490378;1.8753783;0.3181894;-13.250231;35.108696;0;0;0;0;10
8082050742;8082050639;2490378;1.4063541;-0.8228871;-17.124527;35.163044;0;0;0;0;10
8083052708;8083052607;2490378;0.8992622;-3.1273062;-12.483607;34.99396;0;0;0;0;10
8084049726;8084049627;2490378;-2.3388956;-1.2938266;-11.330799;35.09058;0;0;0;0;10
8085050461;8085050357;2490378;-5.559935;-1.4425066;3.3397918;35.030193;0;0;0;0;10
8086051186;8086051088;2490378;-5.745725;-1.8666394;-0.41718966;35.072464;0;0;0;0;10
8087049444;8087049344;2490378;-2.8498182;-1.270962;3.036985;35.024155;0;0;0;0;10
8088050174;8088050074;2490378;-1.8270153;-2.4708161;-15.95927;35.04227;0;0;0;0;10
8089050910;8089050803;2490378;1.0870274;0.060932435;-1.2864046;35.09662;0;0;0;0;10
8090051635;8090051532;2490378;2.9058425;0.2762909;-11.779712;34.987923;0;0;0;0;10
8091049889;8091049791;2490378;2.019988;0.98258036;-15.038699;35.012077;0;0;0;0;10
8092050617;8092050516;2490378;2.6767175;0.6682217;-14.227783;34.921497;0;0;0;0;10
8093051347;8093051245;2490378;-2.6606765;-2.5390508;-9.810481;34.969807;0;0;0;0;10
8094049603;8094049499;2490378;-0.9425972;-1.218888;-17.175764;34.86715;0;0;0;0;10
8095050330;8095050227;2490378;0.5020641;-2.582386;-17.377115;34.95169;0;0;0;0;10
8096051054;8096050955;2490378;-2.5197177;-2.5559301;-3.278979;34.891304;0;0;0;0;10
8097051781;8097051682;2490378;-1.8440142;-0.12425907;-13.786531;34.86715;0;0;0;0;10
8098050033;8098049936;2490378;-0.02944868;-1.5176845;-18.47869;34.95773;0;0;0;0;10
8099050762;8099050663;2490378;4.2169075;2.1873426;-13.168828;34.90338;0;0;0;0;10
8100051489;8100051390;2490378;-1.309329;1.0994174;-6.3635488;34.885265;0;0;0;0;10
8101049745;8101049643;2490378;-0.22840685;0.3500323;-19.40309;34.879227;0;0;0;0;10
8102050468;8102050369;2490378;-0.5183447;0.96199024;-14.746607;34.95773;0;0;0;0;10
8103051203;8103051096;2490378;0.5398925;-0.64260375;-11.333912;34.873188;0;0;0;0;10
8104051921;8104051822;2490378;-1.1297041;0.13132197;-0.6792949;34.8128;0;0;0;0;10
8105050174;8105050074;2490378;0.91937345;0.8975862;-15.440446;34.945652;0;0;0;0;10
8106050907;8106050800;2490378;-0.83629465;0.58226985;-11.537897;34.969807;0;0;0;0;10
8107051622;8107051525;2490378;0.7637504;0.88872766;-12.706986;34.82488;0;0;0;0;10
8108048642;8108048540;2490378;1.4516045;6.3822236;-12.3258295;34.836956;0;0;0;0;10
8109050600;8109050502;2490378;-2.4396915;-0.28874072;-9.754217;34.885265;0;0;0;0;10
8110051327;8110051227;2490378;-3.278141;-1.3273455;-11.18619;34.806763;0;0;0;0;10
8111052055;8111051952;2490378;-4.950012;-1.7551893;-7.377972;34.800724;0;0;0;0;10
8112050306;8112050203;2490378;0.04129998;-1.1158177;-5.100009;34.963768;0;0;0;0;10
8113051027;8113050927;2490378;-1.6938977;-1.4996681;-5.6624665;34.855072;0;0;0;0;10
8114051752;8114051651;2490378;-4.5896845;-2.975514;-9.404185;34.740337;0;0;0;0;10
8115048830;8115048665;2490378;2.3660698;-0.109474875;-0.64978635;34.855072;0;0;0;0;10
8116050727;8116050626;2490378;2.27928;-0.28060043;-11.508449;34.740337;0;0;0;0;10
8117051450;8117051350;2490378;-0.28197712;-0.067217216;0.7343615;34.788647;0;0;0;0;10
8118052172;8118052073;2490378;3.470156;-0.20207062;-10.749248;34.758453;0;0;0;0;10
8119049184;8119049086;2490378;-3.03082;-4.656004;2.2972364;34.8128;0;0;0;0;10
8120051145;8120051046;2490378;-1.6423625;-3.0718806;-2.926792;34.842995;0;0;0;0;10
8121051871;8121051769;2490378;0.18752585;1.772248;1.2956222;34.8128;0;0;0;0;10
8122048885;8122048782;2490378;0.83509755;-3.4689589;-12.203007;34.963768;0;0;0;0;10
8123049603;8123049504;2490378;2.9956253;0.85856074;-14.965916;34.72826;0;0;0;0;10
8124051565;8124051464;2490378;-0.87962973;-0.20578164;-5.7618856;34.67995;0;0;0;0;10
8125052289;8125052187;2490378;1.0472238;-2.522531;-19.48186;34.649757;0;0;0;0;10
8126049305;8126049199;2490378;-5.8435283;-1.424969;3.909911;34.782608;0;0;0;0;10
8127051255;8127051158;2490378;-1.4811729;0.7358579;-1.037288;34.81884;0;0;0;0;10
8128051980;8128051880;2490378;-2.5950754;-2.5637112;-12.409147;34.82488;0;0;0;0;10
8129048995;8129048891;2490378;-2.3625982;0.35338417;-10.024762;34.619564;0;0;0;0;10
8130049710;8130049613;2490378;0.4798579;1.5784373;-6.9628177;34.528984;0;0;0;0;10
8131051671;8131051571;2490378;-0.24109611;1.8195933;-9.009621;34.8128;0;0;0;0;10
8132052391;8132052293;2490378;-2.0966024;0.21763293;-10.392272;34.752415;0;0;0;0;10
8133049415;8133049303;2490378;-2.0520704;0.039504327;-11.427285;34.692028;0;0;0;0;10
8134050127;8134050025;2490378;-0.12617444;0.35865143;-17.304811;34.59541;0;0;0;0;10
8135052083;8135051983;2490378;2.814863;0.8650251;-9.374976;34.667873;0;0;0;0;10
8136049093;8136048992;2490378;-1.0256162;-2.6420615;-2.0609288;34.58937;0;0;0;0;10
8137049814;8137049713;2490378;2.5577257;0.2231396;-11.719378;34.67995;0;0;0;0;10
8138051772;8138051671;2490378;3.5261803;0.04357447;-12.384727;34.54106;0;0;0;0;10
8139052491;8139052391;2490378;1.7171215;4.3517013;-11.495281;34.667873;0;0;0;0;10
8140050741;8140050637;2490378;-0.7431602;3.6415808;-9.741288;34.613525;0;0;0;0;10
8141050219;8141050120;2490378;-0.67492545;0.50517654;-13.1061;34.565216;0;0;0;0;10
8142052177;8142052078;2490378;-0.21757308;0.22559366;-5.542158;34.649757;0;0;0;0;10
8143049277;8143049086;2490378;-1.0773908;-0.7278373;-9.283756;34.655796;0;0;0;0;10
8144049907;8144049805;2490378;-3.5765183;1.6763602;-2.1008523;34.649757;0;0;0;0;10
8145050625;8145050525;2490378;0.23056163;-0.7072472;-19.364544;34.619564;0;0;0;0;10
8146052581;8146052481;2490378;-1.7118542;0.17238252;-13.909594;34.58937;0;0;0;0;10
8147049589;8147049489;2490378;0.78888947;-0.88753057;-13.861231;34.661835;0;0;0;0;10
8148050309;8148050208;2490378;-0.6113594;-3.006878;-4.8593917;34.704105;0;0;0;0;10
8149052266;8149052163;2490378;2.7631483;-3.0004137;-7.354569;34.607487;0;0;0;0;10
8150049274;8150049171;2490378;-0.10534488;-2.3116019;-11.964544;34.55314;0;0;0;0;10
8151050025;8151049889;2490378;3.8161182;2.4930823;-15.31092;34.59541;0;0;0;0;10
8152050707;8152050607;2490378;2.6441565;0.83030915;-10.732967;34.498795;0;0;0;0;10
8153052661;8153052562;2490378;-0.19919759;-0.6591237;-18.083885;34.571255;0;0;0;0;10
8154049669;8154049568;2490378;-2.5230098;-1.7389088;-10.786597;34.613525;0;0;0;0;10
8155050386;8155050286;2490378;-3.606386;-1.7432183;-9.716149;34.480675;0;0;0;0;10
8156051102;8156051003;2490378;1.3381194;1.7118542;-11.751939;34.559177;0;0;0;0;10
8157049347;8157049246;2490378;-5.1648917;4.3241677;-6.622482;34.54106;0;0;0;0;10
8158050065;8158049963;2490378;-0.35170823;1.7580624;-16.525259;34.528984;0;0;0;0;10
8159050779;8159050680;2490378;4.584896;-2.2613235;-17.370892;34.510868;0;0;0;0;10
8160052739;8160052634;2490378;-1.3742718;4.200627;-10.075998;34.474636;0;0;0;0;10
8161049783;8161049639;2490378;2.1627424;-0.07912837;-3.8365886;34.474636;0;0;0;0;10
8162050456;8162050355;2490378;-4.611831;-1.5215751;-5.852686;34.54106;0;0;0;0;10
8163051215;8163051071;2490378;-5.1769824;-2.858198;-9.569145;34.50483;0;0;0;0;10
8164049413;8164049313;2490378;2.0366278;-4.018009;-7.120715;34.625603;0;0;0;0;10
8165050131;8165050029;2490378;3.3435028;-1.4602237;-3.512354;34.456524;0;0;0;0;10
8166050890;8166050745;2490378;-0.9167398;0.64499795;-13.950056;34.438408;0;0;0;0;10
8167051558;8167051460;2490378;0.69599444;-1.496376;-7.858129;34.42633;0;0;0;0;10
8168049799;8168049702;2490378;-1.2619838;1.267251;-11.793359;34.3901;0;0;0;0;10
8169050557;8169050417;2490378;-0.3289633;2.3228545;-15.381549;34.547104;0;0;0;0;10
8170051232;8170051132;2490378;-2.4191015;-0.61914057;-15.476599;34.438408;0;0;0;0;10
8171049549;8171049372;2490378;-1.0309433;-0.505416;-11.665508;34.510868;0;0;0;0;10
8172050186;8172050087;2490378;-3.217089;-1.1724405;-10.66114;34.408215;0;0;0;0;10
8173050901;8173050802;2490378;2.585259;-1.0699687;-11.547474;34.4686;0;0;0;0;10
8174051614;8174051516;2490378;3.510618;-0.2930503;-13.034992;34.353863;0;0;0;0;10
8175049854;8175049756;2490378;1.201171;-1.0287884;-10.027156;34.329712;0;0;0;0;10
8176050596;8176050470;2490378;0.60286;-3.6966474;-18.549557;34.438408;0;0;0;0;10
8177051281;8177051183;2490378;0.41186255;2.3743896;-3.2936435;34.50483;0;0;0;0;10
8178049523;8178049423;2490378;1.6962919;-1.813129;-15.190731;34.46256;0;0;0;0;10
8179050267;8179050136;2490378;-2.3819914;1.8541895;-5.4702125;34.384056;0;0;0;0;10
8180050956;8180050851;2490378;1.3680469;2.7866113;-10.459788;34.42029;0;0;0;0;10
8181051660;8181051562;2490378;-1.8978837;-3.642778;-3.9740756;34.456524;0;0;0;0;10
8182049901;8182049801;2490378;1.9287689;4.4639893;-12.741463;34.42029;0;0;0;0;10
8183050614;8183050514;2490378;1.2806585;1.5739483;-12.592544;34.365944;0;0;0;0;10
8184051324;8184051226;2490378;2.2550986;-1.0697293;-15.495034;34.480675;0;0;0;0;10
8185049564;8185049464;2490378;-2.5249252;0.25833437;-15.528553;34.438408;0;0;0;0;10
8186050276;8186050176;2490378;4.285382;2.4473531;-19.124405;34.365944;0;0;0;0;10
8187050991;8187050888;2490378;2.1450253;4.1115026;-5.204276;34.408215;0;0;0;0;10
8188051713;8188051599;2490378;1.0967838;2.1610065;-9.466913;34.25121;0;0;0;0;10
8189050008;8189049837;2490378;-0.012928689;-0.98018616;-10.269689;34.46256;0;0;0;0;10
8190050648;8190050548;2490378;1.0412383;0.052373163;-3.4025197;34.371983;0;0;0;0;10
8191051359;8191051259;2490378;3.7313633;2.8364108;-15.772522;34.46256;0;0;0;0;10
8192049597;8192049496;2490378;4.110126;0.56000376;-9.8547735;34.25121;0;0;0;0;10
8193050309;8193050207;2490378;-0.48889598;-4.6236825;-13.909354;34.37802;0;0;0;0;10
8194051018;8194050918;2490378;1.5990874;0.8616732;-11.645397;34.408215;0;0;0;0;10
8195051728;8195051628;2490378;-1.0409989;-2.7348967;-23.427025;34.190823;0;0;0;0;10
8196049963;8196049865;2490378;-1.391151;-1.2381016;-0.9645042;34.269325;0;0;0;0;10
8197050671;8197050575;2490378;-4.969884;1.6414647;-12.321999;34.2029;0;0;0;0;10
8198051386;8198051285;2490378;-0.8778341;-0.9931149;-4.0293217;34.233093;0;0;0;0;10
8199049620;8199049521;2490378;1.1609484;0.51427454;-12.027751;34.371983;0;0;0;0;10
8200050330;8200050230;2490378;-2.1353886;0.89543146;-16.851828;34.317635;0;0;0;0;10
8201051042;8201050940;2490378;0.7559093;-0.7308301;-6.621225;34.323673;0;0;0;0;10
8202051754;8202051649;2490378;-1.5801731;-1.3041217;-15.479472;34.20894;0;0;0;0;10
8203049985;8203049884;2490378;-3.1062374;-0.8166622;-12.200613;34.20894;0;0;0;0;10
8204050690;8204050593;2490378;-0.20272903;1.5052944;-5.8594494;34.178745;0;0;0;0;10
8205051437;8205051302;2490378;3.9863458;-5.560055;-11.432074;34.275364;0;0;0;0;10
8206049634;8206049537;2490378;-3.8100128;2.1338322;-6.5382056;34.257248;0;0;0;0;10
8207050406;8207050246;2490378;1.5918449;-2.2222981;-1.875857;34.275364;0;0;0;0;10
8208051056;8208050954;2490378;-1.1089942;-0.73645645;-9.080968;34.172707;0;0;0;0;10
8209051762;8209051662;2490378;-2.9020717;1.9214067;0.50810945;34.178745;0;0;0;0;10
8210049998;8210049896;2490378;-4.095761;1.4797363;-4.869208;34.29952;0;0;0;0;10
8211050701;8211050604;2490378;-0.9466674;2.401145;-7.8187447;34.281403;0;0;0;0;10
8212051446;8212051312;2490378;-0.80564886;1.2052412;-14.693216;34.172707;0;0;0;0;10
8213049643;8213049546;2490378;-0.27485436;1.8674773;-16.29374;34.178745;0;0;0;0;10
8214050353;8214050254;2490378;-3.797204;-0.7560889;-10.448057;34.239132;0;0;0;0;10
8215051081;8215050961;2490378;-2.0343533;1.2854469;-9.986694;34.25121;0;0;0;0;10
8216051770;8216051668;2490378;0.31986535;-0.34093434;-18.239986;34.359905;0;0;0;0;10
8217050002;8217049901;2490378;-1.3346478;-1.2108077;0.8859145;34.166668;0;0;0;0;10
8218050707;8218050608;2490378;-0.44179007;-0.3673304;-5.8120446;34.269325;0;0;0;0;10
8219051464;8219051316;2490378;-0.8939351;1.5082872;-2.1073165;34.178745;0;0;0;0;10
8220049646;8220049547;2490378;-0.12401965;-0.077093296;-18.698477;34.214977;0;0;0;0;10
8221050355;8221050254;2490378;1.2428302;1.1762713;-9.317036;34.239132;0;0;0;0;10
8222051059;8222050960;2490378;0.7915231;0.58346695;-14.664247;34.148552;0;0;0;0;10
8223049292;8223049192;2490378;1.3884574;0.9250597;-3.7742794;34.07005;0;0;0;0;10
8224049995;8224049898;2490378;3.3288982;0.39384618;-16.537708;34.100243;0;0;0;0;10
8225050702;8225050604;2490378;0.5827487;1.2052412;-13.327324;34.088165;0;0;0;0;10
8226051411;8226051310;2490378;-1.7929578;1.3621212;-3.395816;34.039856;0;0;0;0;10
8227049642;8227049541;2490378;-0.55282116;-0.64739215;-16.845125;34.057972;0;0;0;0;10
8228050350;8228050247;2490378;1.890701;1.082658;-11.055705;34.136475;0;0;0;0;10
8229051054;8229050952;2490378;1.180102;0.9016564;-7.499358;34.088165;0;0;0;0;10
8230051757;8230051657;2490378;-0.7976283;-0.6968324;-4.118865;34.045895;0;0;0;0;10
8231049985;8231049888;2490378;-2.8832772;-0.7255628;-5.3272786;34.2029;0;0;0;0;10
8232050697;8232050593;2490378;2.105461;1.061589;-16.608099;34.100243;0;0;0;0;10
8233051478;8233051298;2490378;-3.0157366;0.13670892;-17.83417;34.15459;0;0;0;0;10
8234049625;8234049529;2490378;2.2955606;1.2837709;-15.564466;34.100243;0;0;0;0;10
8235050331;8235050233;2490378;1.145865;1.4121002;-11.341094;34.11836;0;0;0;0;10
8236051040;8236050938;2490378;2.022143;0.22290018;-12.435245;34.039856;0;0;0;0;10
8237052979;8237052879;2490378;-0.63206923;1.5444995;-15.334622;34.178745;0;0;0;0;10
8238049974;8238049872;2490378;-3.8616679;0.68132997;1.2312781;34.051933;0;0;0;0;10
8239050675;8239050576;2490378;-1.0151415;0.86646163;-18.516996;34.06401;0;0;0;0;10
8240051378;8240051280;2490378;3.4232297;-0.15897499;-16.053602;34.039856;0;0;0;0;10
8241049607;8241049510;2490378;0.63141084;0.4055179;-7.3410416;34.172707;0;0;0;0;10
8242050313;8242050213;2490378;-0.40462008;-1.1046847;-14.053246;34.076088;0;0;0;0;10
8243051022;8243050917;2490378;-3.3291974;2.5532963;-7.0583463;34.172707;0;0;0;0;10
8244051720;8244051620;2490378;0.9483433;2.1035457;-16.943766;34.11232;0;0;0;0;10
8245049949;8245049849;2490378;1.4662092;0.43478703;-7.0189614;34.15459;0;0;0;0;10
8246050670;8246050552;2490378;-1.6079459;2.1815965;-5.8444858;33.97947;0;0;0;0;10
8247051354;8247051255;2490378;2.5623944;1.5770607;-6.050507;33.822464;0;0;0;0;10
8248049585;8248049484;2490378;-1.4049176;-1.1465832;-11.306378;33.961353;0;0;0;0;10
8249050285;8249050187;2490378;-1.267251;-1.1587937;-8.537245;34.057972;0;0;0;0;10
8250050993;8250050890;2490378;-1.2355877;-1.4184449;-6.328773;33.9372;0;0;0;0;10
8251051771;8251051592;2490378;-1.6763003;2.45693;-8.269034;33.9372;0;0;0;0;10
8252049921;8252049821;2490378;-0.39899373;0.35619736;-7.193978;34.045895;0;0;0;0;10
8253050622;8253050523;2490378;0.8331822;0.5544971;-14.735354;34.11232;0;0;0;0;10
8254051326;8254051225;2490378;-0.7596802;0.024420857;-11.401907;34.088165;0;0;0;0;10
8255049552;8255049453;2490378;-2.2826917;-0.53378725;-5.02944;34.10628;0;0;0;0;10
8256050264;8256050156;2490378;-0.29161376;-0.5746084;-15.3987875;34.02174;0;0;0;0;10
8257050957;8257050858;2490378;-1.5231911;-2.5890896;-12.261425;34.057972;0;0;0;0;10
8258051660;8258051559;2490378;-1.3443443;0.50709194;-15.267585;33.991547;0;0;0;0;10
8259049892;8259049787;2490378;-1.1336545;0.87077117;-13.195403;34.02174;0;0;0;0;10
8260050586;8260050489;2490378;2.807441;-0.78027034;-12.960293;34.094204;0;0;0;0;10
8261051290;8261051190;2490378;1.2653356;-1.6642096;-9.76547;33.919083;0;0;0;0;10
8262049516;8262049418;2490378;-1.0283096;0.9011775;-10.077195;33.961353;0;0;0;0;10
8263050217;8263050119;2490378;-1.1307815;-0.8209718;-16.479052;34.045895;0;0;0;0;10
8264050923;8264050821;2490378;5.3184795;0.37086186;-14.559381;33.985508;0;0;0;0;10
8265051625;8265051522;2490378;-0.23463178;1.7678785;-9.109938;34.051933;0;0;0;0;10
8266049853;8266049749;2490378;-1.5878346;-0.48291048;-10.65755;33.97343;0;0;0;0;10
8267050548;8267050450;2490378;-2.7544692;-0.41946414;-6.009626;34.094204;0;0;0;0;10
8268051251;8268051152;2490378;1.313459;4.193205;-11.380119;33.900967;0;0;0;0;10
8269049480;8269049379;2490378;-2.2222981;0.07517794;-13.091016;33.997585;0;0;0;0;10
8270050180;8270050080;2490378;-0.36990416;1.102051;-13.078806;33.97947;0;0;0;0;10
8271050881;8271050781;2490378;-0.44729674;-1.7399262;-6.8475966;34.088165;0;0;0;0;10
8272051589;8272051481;2490378;3.7864301;2.1757908;-1.6658856;33.961353;0;0;0;0;10
8273049807;8273049708;2490378;-2.6891675;-1.6785748;-9.79827;34.009663;0;0;0;0;10
8274050513;8274050409;2490378;-3.6561854;-1.1038467;-4.9580326;33.967392;0;0;0;0;10
8275051248;8275051110;2490378;-0.5049372;0.5152322;-10.86369;33.900967;0;0;0;0;10
8276049459;8276049336;2490378;-0.32728738;-3.4890702;-10.465295;33.949276;0;0;0;0;10
8277050137;8277050037;2490378;0.7274782;-0.6339248;-6.801568;33.84058;0;0;0;0;10
8278052077;8278051976;2490378;1.8327614;-2.1226993;-12.676819;34.003624;0;0;0;0;10
8279049062;8279048964;2490378;-2.453578;-1.0761937;-15.829983;34.02778;0;0;0;0;10
8280049762;8280049664;2490378;-2.439093;-2.3238122;-2.8540082;33.97947;0;0;0;0;10
8281050468;8281050365;2490378;-3.221159;-1.1773487;-6.0077105;33.894928;0;0;0;0;10
8282051214;8282051065;2490378;-2.2984335;-4.1022253;-6.109105;33.93116;0;0;0;0;10
8283049395;8283049291;2490378;-1.1775881;0.121565595;-5.6294265;33.997585;0;0;0;0;10
8284050092;8284049991;2490378;0.44041342;1.1209054;-5.870104;33.84662;0;0;0;0;10
8285050795;8285050691;2490378;0.20554222;1.2810177;-7.412628;33.991547;0;0;0;0;10
8286052731;8286052628;2490378;0.5080496;-0.49320555;-11.525208;33.913044;0;0;0;0;10
8287049719;8287049617;2490378;3.7576997;-1.5904682;-13.087665;33.943237;0;0;0;0;10
8288050415;8288050318;2490378;3.3808522;-3.743574;-12.485522;33.907005;0;0;0;0;10
8289051116;8289051017;2490378;1.3742718;-0.95672303;-7.1770988;34.02778;0;0;0;0;10
8290049343;8290049243;2490378;-1.4176068;1.3745112;-11.498872;34.009663;0;0;0;0;10
8291050045;8291049943;2490378;3.853707;0.87795377;-18.699194;34.02174;0;0;0;0;10
8292050748;8292050643;2490378;-0.42425254;2.1873426;-14.5134115;33.828503;0;0;0;0;10
8293052678;8293052580;2490378;0.45633486;-0.85921913;-6.9604235;33.870773;0;0;0;0;10
8294049719;8294049568;2490378;0.26192567;1.6984468;-15.984888;33.900967;0;0;0;0;10
8295050372;8295050268;2490378;-2.5203762;2.2650945;-5.6387043;33.913044;0;0;0;0;10
8296052305;8296052205;2490378;2.6817453;2.3398533;-14.094187;33.949276;0;0;0;0;10
8297049292;8297049193;2490378;1.5679628;0.4639963;-15.031756;33.97343;0;0;0;0;10
8298049995;8298049893;2490378;-1.2531252;-2.2369027;-18.897913;33.786232;0;0;0;0;10
8299050691;8299050592;2490378;-2.7087998;-2.5874138;-12.85016;33.876812;0;0;0;0;10
8300052628;8300052529;2490378;-2.610877;2.9121275;-2.2006903;33.967392;0;0;0;0;10
8301050857;8301050754;2490378;4.107971;1.5739483;-8.533893;34.009663;0;0;0;0;10
8302050345;8302050216;2490378;1.870111;-0.93014735;-15.947778;33.804348;0;0;0;0;10
8303052252;8303052153;2490378;-2.4593241;0.2854487;-6.4917583;33.894928;0;0;0;0;10
8304049327;8304049141;2490378;1.8054675;-2.892914;-19.825905;33.97343;0;0;0;0;10
8305049940;8305049840;2490378;-2.4320302;-1.4614208;-11.752897;33.900967;0;0;0;0;10
8306050638;8306050539;2490378;-1.443943;2.1990743;-10.482055;33.876812;0;0;0;0;10
8307052576;8307052475;2490378;1.6836027;-0.8999804;-17.610071;33.92512;0;0;0;0;10
8308049563;8308049463;2490378;-4.7711654;-1.6687586;-11.247241;33.822464;0;0;0;0;10
8309050263;8309050162;2490378;3.2381577;1.6026787;-10.507194;33.900967;0;0;0;0;10
8310052196;8310052097;2490378;-0.5181651;1.6390107;-2.536477;34.0157;0;0;0;0;10
8311049185;8311049085;2490378;-1.9800048;1.7120937;-3.4604595;33.900967;0;0;0;0;10
8312049944;8312049783;2490378;1.3362039;3.5484464;-7.6607275;33.88889;0;0;0;0;10
8313050582;8313050482;2490378;-1.5322293;0.064404026;-0.16382325;33.84058;0;0;0;0;10
8314052519;8314052418;2490378;1.3383588;1.3318944;-9.151118;33.870773;0;0;0;0;10
8315049502;8315049405;2490378;1.0697293;-0.016998833;-9.912952;33.84662;0;0;0;0;10
8316050207;8316050103;2490378;-3.9564183;1.9220651;-13.473849;33.876812;0;0;0;0;10
8317052141;8317052038;2490378;-1.1446679;0.08738837;-11.16919;33.93116;0;0;0;0;10
8318049125;8318049026;2490378;-0.932781;0.16017209;-16.708654;33.9372;0;0;0;0;10
8319049826;8319049724;2490378;1.3059174;-1.0960655;-3.9972994;33.88889;0;0;0;0;10
8320051758;8320051659;2490378;-0.6357803;-0.055605333;-7.0178843;33.900967;0;0;0;0;10
8321052465;8321052357;2490378;1.0167576;1.1914744;-6.5127673;33.858696;0;0;0;0;10
8322049447;8322049344;2490378;0.54515976;-0.07493851;-9.235872;33.900967;0;0;0;0;10
8323050144;8323050041;2490378;2.478717;1.042196;-11.829751;33.804348;0;0;0;0;10
8324052076;8324051976;2490378;0.8853758;-0.14173675;-14.510777;33.913044;0;0;0;0;10
8325049064;8325048963;2490378;-1.8763359;0.06607997;-8.874827;33.780193;0;0;0;0;10
8326049761;8326049661;2490378;-2.4694395;0.6174646;-4.258746;33.677536;0;0;0;0;10
8327051696;8327051595;2490378;3.9805999;-1.4523227;-6.6688094;33.84662;0;0;0;0;10
8328053630;8328053530;2490378;-0.88100636;1.476145;-7.0048957;33.852657;0;0;0;0;10
8329049378;8329049280;2490378;1.194946;-1.039323;-9.47649;33.949276;0;0;0;0;10
8330050177;8330049977;2490378;2.6896462;-2.6384103;-11.634384;33.79227;0;0;0;0;10
8331052011;8331051911;2490378;-0.6890513;0.45394066;-11.248199;33.852657;0;0;0;0;10
8332049003;8332048898;2490378;-0.024181437;-0.23151931;-12.115619;33.689613;0;0;0;0;10
8333049694;8333049595;2490378;0.7668628;1.9405005;-9.940725;33.816425;0;0;0;0;10
8334051628;8334051529;2490378;1.1808203;-1.4458585;-12.967955;33.9372;0;0;0;0;10
8335052326;8335052226;2490378;-1.4568717;0.2516306;-11.388499;33.943237;0;0;0;0;10
8336049311;8336049212;2490378;-2.3240516;-2.6738446;-6.631879;33.852657;0;0;0;0;10
8337051248;8337051146;2490378;0.13000515;1.1750742;-10.234734;33.864735;0;0;0;0;10
8338051946;8338051843;2490378;2.790921;0.17860745;-19.006609;33.88889;0;0;0;0;10
8339048933;8339048829;2490378;-0.26072857;1.9713857;-12.279382;33.97947;0;0;0;0;10
8340049643;8340049526;2490378;-4.1644144;-2.5438993;-6.516658;33.79227;0;0;0;0;10
8341051558;8341051460;2490378;0.69743097;1.3328521;-11.412681;33.913044;0;0;0;0;10
8342052270;8342052156;2490378;-1.9167979;-0.39600095;-8.010281;33.677536;0;0;0;0;10
8343049240;8343049142;2490378;-2.0444088;0.30406362;-11.868537;33.768116;0;0;0;0;10
8344051176;8344051076;2490378;1.2449849;-1.3309368;-12.824062;33.79831;0;0;0;0;10
8345051875;8345051772;2490378;0.60489506;-1.1321582;-5.8841696;33.713768;0;0;0;0;10
8346048859;8346048758;2490378;1.4317327;0.05506664;-9.014888;33.725845;0;0;0;0;10
8347049552;8347049454;2490378;-0.3612252;0.16466123;-7.1091633;33.907005;0;0;0;0;10
8348051485;8348051388;2490378;1.541866;-1.2332534;-12.845371;33.774155;0;0;0;0;10
8349052184;8349052084;2490378;-3.306632;-0.022505496;-11.332475;33.695652;0;0;0;0;10
8350049171;8350049069;2490378;1.8320432;1.2497733;-16.198212;33.762077;0;0;0;0;10
8351051105;8351051002;2490378;2.775239;-0.4378995;-2.8191726;33.79831;0;0;0;0;10
8352051798;8352051698;2490378;-1.2624626;-1.3342886;-8.279868;33.84058;0;0;0;0;10
8353048783;8353048684;2490378;-0.47644615;0.3866636;-14.264654;33.70773;0;0;0;0;10
8354049478;8354049380;2490378;1.057519;1.3450625;-9.35271;33.84662;0;0;0;0;10
8355051417;8355051313;2490378;-1.1176733;-3.0430903;-5.6419363;33.713768;0;0;0;0;10
8356052111;8356052009;2490378;0.28299466;0.8238448;-8.95623;33.725845;0;0;0;0;10
8357049116;8357048994;2490378;0.033518825;1.3172898;-19.143318;33.70773;0;0;0;0;10
8358051026;8358050926;2490378;-2.708321;-3.1395168;-6.6187706;33.768116;0;0;0;0;10
8359051797;8359051622;2490378;-0.7795521;2.5036168;-7.5553823;33.768116;0;0;0;0;10
8360048711;8360048607;2490378;-0.48314992;-4.272932;-11.3880205;33.876812;0;0;0;0;10
8361050639;8361050539;2490378;-5.1955376;-0.17034745;-4.9293623;33.786232;0;0;0;0;10
8362051336;8362051235;2490378;-0.42209777;0.8485051;-7.2039137;33.75604;0;0;0;0;10
8363052032;8363051930;2490378;2.0736182;-0.29712042;-13.21336;33.737923;0;0;0;0;10
8364050249;8364050152;2490378;4.4754815;-0.170946;-4.7232814;33.84058;0;0;0;0;10
8365050957;8365050847;2490378;2.8143842;2.436579;-19.754559;33.780193;0;0;0;0;10
8366051643;8366051542;2490378;-0.15490486;-0.61363393;-12.299014;33.864735;0;0;0;0;10
8367049867;8367049764;2490378;-0.94145995;0.6252458;-2.900695;33.65942;0;0;0;0;10
8368050560;8368050459;2490378;1.2497733;1.9986796;-10.14112;33.816425;0;0;0;0;10
8369051255;8369051154;2490378;-2.261623;0.31495723;-7.2511992;33.828503;0;0;0;0;10
8370051948;8370051849;2490378;2.5349808;0.24205379;-11.354741;33.725845;0;0;0;0;10
8371050171;8371050070;2490378;-0.30741552;-0.56946087;-5.5302467;33.864735;0;0;0;0;10
8372050886;8372050764;2490378;1.1279085;2.4703374;-12.684481;33.804348;0;0;0;0;10
8373051560;8373051459;2490378;-2.6491842;2.870648;-4.5801077;33.75604;0;0;0;0;10
8374049780;8374049680;2490378;-0.28155813;1.814326;-9.671378;33.5628;0;0;0;0;10
8375050481;8375050374;2490378;-3.140714;-1.0668563;-17.293798;33.65338;0;0;0;0;10
8376051168;8376051069;2490378;1.4192828;8.040208;-4.892312;33.822464;0;0;0;0;10
8377051958;8377051765;2490378;2.0005949;-2.0223823;-16.887262;33.804348;0;0;0;0;10
8378050087;8378049984;2490378;-2.12653;2.5012226;-8.040208;33.74396;0;0;0;0;10
8379050777;8379050678;2490378;-2.794273;-0.15083471;-3.457826;33.599033;0;0;0;0;10
8380051470;8380051372;2490378;-2.3100455;-0.03321955;-3.2477345;33.65338;0;0;0;0;10
8381049689;8381049592;2490378;-7.1407065;-0.78098863;-9.852619;33.70773;0;0;0;0;10
8382050398;8382050286;2490378;-3.1464598;0.929908;-10.584047;33.586956;0;0;0;0;10
8383051080;8383050979;2490378;-3.248453;-2.549825;-16.397888;33.75;0;0;0;0;10
8384051777;8384051673;2490378;-5.8451443;-2.2283435;-5.634694;33.5628;0;0;0;0;10
8385049995;8385049893;2490378;-3.9449263;-0.21260512;-12.890621;33.79831;0;0;0;0;10
8386050684;8386050586;2490378;1.2785038;-0.08020576;-15.5671;33.852657;0;0;0;0;10
8387051381;8387051280;2490378;-2.7696126;1.7741035;-13.51455;33.719807;0;0;0;0;10
8388049610;8388049499;2490378;2.3206997;-0.05889736;-7.7724166;33.689613;0;0;0;0;10
8389050295;8389050193;2490378;2.2006304;1.1219828;-4.744769;33.671497;0;0;0;0;10
8390050986;8390050886;2490378;3.5292928;-0.5092467;-14.843093;33.852657;0;0;0;0;10
8391051681;8391051579;2490378;1.5456966;3.0705638;-8.60931;33.731884;0;0;0;0;10
8392049901;8392049798;2490378;0.8839991;-1.0607511;-8.021713;33.671497;0;0;0;0;10
8393050594;8393050492;2490378;3.0442874;-3.2964566;-4.245518;33.671497;0;0;0;0;10
8394052521;8394052421;2490378;-0.39552212;-2.2105665;-11.436862;33.65942;0;0;0;0;10
8395049563;8395049405;2490378;0.020590134;-0.06895301;-10.901279;33.61111;0;0;0;0;10
8396050199;8396050096;2490378;-4.2585664;1.0840945;-15.193126;33.66546;0;0;0;0;10
8397050888;8397050789;2490378;2.463873;-1.8248606;-21.376152;33.623188;0;0;0;0;10
8398051581;8398051482;2490378;0.44771573;-0.60214174;-10.759542;33.671497;0;0;0;0;10
8399049798;8399049700;2490378;0.4915296;3.0863655;-20.458693;33.623188;0;0;0;0;10
8400050493;8400050393;2490378;-0.4237737;0.8901642;-14.391546;33.70169;0;0;0;0;10
8401051186;8401051085;2490378;-1.3867216;0.20709845;-8.394311;33.725845;0;0;0;0;10
8402049410;8402049303;2490378;1.8320432;-1.6563088;-13.054625;33.689613;0;0;0;0;10
8403050102;8403049996;2490378;0.71395093;-0.664391;-14.151648;33.647343;0;0;0;0;10
8404050789;8404050688;2490378;1.3488933;-0.58705825;-9.727881;33.61111;0;0;0;0;10
8405052714;8405052617;2490378;-3.124194;-2.253662;-10.908222;33.635265;0;0;0;0;10
8406049699;8406049598;2490378;2.7993007;1.2208035;-16.031574;33.695652;0;0;0;0;10
8407050390;8407050290;2490378;-0.341892;1.7597383;-11.294886;33.52053;0;0;0;0;10
8408051082;8408050982;2490378;1.1298238;-2.6518178;-10.245986;33.4843;0;0;0;0;10
8409049299;8409049200;2490378;1.5081077;0.353863;-7.233123;33.5628;0;0;0;0;10
8410049991;8410049892;2490378;-0.39863458;-0.5767632;-12.630133;33.580917;0;0;0;0;10
8411050684;8411050584;2490378;-0.1689708;0.41216183;-7.8456793;33.599033;0;0;0;0;10
8412052612;8412052513;2490378;1.098759;-1.9764135;-2.62614;33.737923;0;0;0;0;10
8413049596;8413049494;2490378;-1.7053899;-1.0448895;3.6152446;33.629227;0;0;0;0;10
8414050286;8414050185;2490378;-0.12689269;0.19273324;-18.11908;33.61715;0;0;0;0;10
8415052215;8415052114;2490378;1.3251907;-0.23223756;-6.455247;33.647343;0;0;0;0;10
8416049195;8416049095;2490378;0.10462662;1.6242265;-7.10216;33.61111;0;0;0;0;10
8417049887;8417049786;2490378;-2.3985114;0.035913024;-8.597578;33.592995;0;0;0;0;10
8418050576;8418050478;2490378;0.524809;1.6160861;-13.508565;33.70773;0;0;0;0;10
8419052505;8419052406;2490378;0.047285482;-0.4490924;-9.058762;33.57488;0;0;0;0;10
8420049486;8420049386;2490378;20.153912;1.8643649;-6.612546;33.689613;0;0;0;0;10
