timestamp;armed;prearmed;ready_to_arm;lockdown;kill;termination;in_esc_calibration_mode
7866257344;1;0;1;0;0;0;0
7866758799;1;0;1;0;0;0;0
7867265069;1;0;1;0;0;0;0
7867770806;1;0;1;0;0;0;0
7868276982;1;0;1;0;0;0;0
7868782758;1;0;1;0;0;0;0
7869288757;1;0;1;0;0;0;0
7869795759;1;0;1;0;0;0;0
7870301778;1;0;1;0;0;0;0
7870807778;1;0;1;0;0;0;0
7871313776;1;0;1;0;0;0;0
7871819759;1;0;1;0;0;0;0
7872325758;1;0;1;0;0;0;0
7872831758;1;0;1;0;0;0;0
7873337777;1;0;1;0;0;0;0
7873843754;1;0;1;0;0;0;0
7874349778;1;0;1;0;0;0;0
7874855777;1;0;1;0;0;0;0
7875361777;1;0;1;0;0;0;0
7875867780;1;0;1;0;0;0;0
7876373778;1;0;1;0;0;0;0
7876879861;1;0;1;0;0;0;0
7877385758;1;0;1;0;0;0;0
7877892758;1;0;1;0;0;0;0
7878398803;1;0;1;0;0;0;0
7878904760;1;0;1;0;0;0;0
7879410758;1;0;1;0;0;0;0
7879917450;1;0;1;0;0;0;0
7880422770;1;0;1;0;0;0;0
7880928767;1;0;1;0;0;0;0
7881434778;1;0;1;0;0;0;0
7881940757;1;0;1;0;0;0;0
7882446895;1;0;1;0;0;0;0
7882952758;1;0;1;0;0;0;0
7883458758;1;0;1;0;0;0;0
7883964794;1;0;1;0;0;0;0
7884471197;1;0;1;0;0;0;0
7884976759;1;0;1;0;0;0;0
7885482783;1;0;1;0;0;0;0
7885988782;1;0;1;0;0;0;0
7886495638;1;0;1;0;0;0;0
7887000758;1;0;1;0;0;0;0
7887506779;1;0;1;0;0;0;0
7888012817;1;0;1;0;0;0;0
7888519032;1;0;1;0;0;0;0
7889024817;1;0;1;0;0;0;0
7889530827;1;0;1;0;0;0;0
7890036931;1;0;1;0;0;0;0
7890542759;1;0;1;0;0;0;0
7891049010;1;0;1;0;0;0;0
7891554758;1;0;1;0;0;0;0
7892060757;1;0;1;0;0;0;0
7892566837;1;0;1;0;0;0;0
7893073355;1;0;1;0;0;0;0
7893578773;1;0;1;0;0;0;0
7894084758;1;0;1;0;0;0;0
7894590757;1;0;1;0;0;0;0
7895096758;1;0;1;0;0;0;0
7895602758;1;0;1;0;0;0;0
7896108758;1;0;1;0;0;0;0
7896614757;1;0;1;0;0;0;0
7897120822;1;0;1;0;0;0;0
7897627059;1;0;1;0;0;0;0
7898132758;1;0;1;0;0;0;0
7898639757;1;0;1;0;0;0;0
7899145758;1;0;1;0;0;0;0
7899651759;1;0;1;0;0;0;0
7900157857;1;0;1;0;0;0;0
7900663759;1;0;1;0;0;0;0
7901169792;1;0;1;0;0;0;0
7901676148;1;0;1;0;0;0;0
7902181761;1;0;1;0;0;0;0
7902687758;1;0;1;0;0;0;0
7903193759;1;0;1;0;0;0;0
7903699757;1;0;1;0;0;0;0
7904205814;1;0;1;0;0;0;0
7904711803;1;0;1;0;0;0;0
7905218758;1;0;1;0;0;0;0
7905724756;1;0;1;0;0;0;0
7906230778;1;0;1;0;0;0;0
7906737895;1;0;1;0;0;0;0
7907243809;1;0;1;0;0;0;0
7907750356;1;0;1;0;0;0;0
7908255814;1;0;1;0;0;0;0
7908761758;1;0;1;0;0;0;0
7909267954;1;0;1;0;0;0;0
7909773812;1;0;1;0;0;0;0
7910279759;1;0;1;0;0;0;0
7910785758;1;0;1;0;0;0;0
7911291760;1;0;1;0;0;0;0
7911797910;1;0;1;0;0;0;0
7912303780;1;0;1;0;0;0;0
7912809757;1;0;1;0;0;0;0
7913315780;1;0;1;0;0;0;0
7913821758;1;0;1;0;0;0;0
7914328559;1;0;1;0;0;0;0
7914833783;1;0;1;0;0;0;0
7915339757;1;0;1;0;0;0;0
7915845759;1;0;1;0;0;0;0
7916351779;1;0;1;0;0;0;0
7916858148;1;0;1;0;0;0;0
7917363778;1;0;1;0;0;0;0
7917869796;1;0;1;0;0;0;0
7918375781;1;0;1;0;0;0;0
7918881759;1;0;1;0;0;0;0
7919387973;1;0;1;0;0;0;0
7919893771;1;0;1;0;0;0;0
7920399777;1;0;1;0;0;0;0
7920906757;1;0;1;0;0;0;0
7921412757;1;0;1;0;0;0;0
7921918996;1;0;1;0;0;0;0
7922424757;1;0;1;0;0;0;0
7922931083;1;0;1;0;0;0;0
7923436758;1;0;1;0;0;0;0
7923942771;1;0;1;0;0;0;0
7924449025;1;0;1;0;0;0;0
7924954781;1;0;1;0;0;0;0
7925460817;1;0;1;0;0;0;0
7925967757;1;0;1;0;0;0;0
7926473760;1;0;1;0;0;0;0
7926980559;1;0;1;0;0;0;0
7927485771;1;0;1;0;0;0;0
7927991876;1;0;1;0;0;0;0
7928497782;1;0;1;0;0;0;0
7929003789;1;0;1;0;0;0;0
7929510068;1;0;1;0;0;0;0
7930016096;1;0;1;0;0;0;0
7930521760;1;0;1;0;0;0;0
7931027860;1;0;1;0;0;0;0
7931533758;1;0;1;0;0;0;0
7932039966;1;0;1;0;0;0;0
7932545757;1;0;1;0;0;0;0
7933051778;1;0;1;0;0;0;0
7933557757;1;0;1;0;0;0;0
7934063828;1;0;1;0;0;0;0
7934570918;1;0;1;0;0;0;0
7935076821;1;0;1;0;0;0;0
7935583417;1;0;1;0;0;0;0
7936088759;1;0;1;0;0;0;0
7936595757;1;0;1;0;0;0;0
7937102141;1;0;1;0;0;0;0
7937607817;1;0;1;0;0;0;0
7938113759;1;0;1;0;0;0;0
7938619849;1;0;1;0;0;0;0
7939125758;1;0;1;0;0;0;0
7939631758;1;0;1;0;0;0;0
7940137758;1;0;1;0;0;0;0
7940643758;1;0;1;0;0;0;0
7941149823;1;0;1;0;0;0;0
7941655758;1;0;1;0;0;0;0
7942161758;1;0;1;0;0;0;0
7942667781;1;0;1;0;0;0;0
7943174760;1;0;1;0;0;0;0
7943681032;1;0;1;0;0;0;0
7944186779;1;0;1;0;0;0;0
7944692764;1;0;1;0;0;0;0
7945198758;1;0;1;0;0;0;0
7945704758;1;0;1;0;0;0;0
7946210932;1;0;1;0;0;0;0
7946716872;1;0;1;0;0;0;0
7947222777;1;0;1;0;0;0;0
7947728759;1;0;1;0;0;0;0
7948235789;1;0;1;0;0;0;0
7948741757;1;0;1;0;0;0;0
7949247759;1;0;1;0;0;0;0
7949754776;1;0;1;0;0;0;0
7950260970;1;0;1;0;0;0;0
7950766758;1;0;1;0;0;0;0
7951272759;1;0;1;0;0;0;0
7951778778;1;0;1;0;0;0;0
7952284778;1;0;1;0;0;0;0
7952790979;1;0;1;0;0;0;0
7953296759;1;0;1;0;0;0;0
7953802757;1;0;1;0;0;0;0
7954309061;1;0;1;0;0;0;0
7954814757;1;0;1;0;0;0;0
7955321796;1;0;1;0;0;0;0
7955827835;1;0;1;0;0;0;0
7956333790;1;0;1;0;0;0;0
7956839759;1;0;1;0;0;0;0
7957345771;1;0;1;0;0;0;0
7957851894;1;0;1;0;0;0;0
7958357776;1;0;1;0;0;0;0
7958863782;1;0;1;0;0;0;0
7959369779;1;0;1;0;0;0;0
7959875772;1;0;1;0;0;0;0
7960381976;1;0;1;0;0;0;0
7960887757;1;0;1;0;0;0;0
7961393758;1;0;1;0;0;0;0
7961899769;1;0;1;0;0;0;0
7962405804;1;0;1;0;0;0;0
7962912289;1;0;1;0;0;0;0
7963417785;1;0;1;0;0;0;0
7963923778;1;0;1;0;0;0;0
7964429758;1;0;1;0;0;0;0
7964936252;1;0;1;0;0;0;0
7965441916;1;0;1;0;0;0;0
7965947759;1;0;1;0;0;0;0
7966453818;1;0;1;0;0;0;0
7966959825;1;0;1;0;0;0;0
7967465831;1;0;1;0;0;0;0
7967971970;1;0;1;0;0;0;0
7968477760;1;0;1;0;0;0;0
7968983786;1;0;1;0;0;0;0
7969489758;1;0;1;0;0;0;0
7969995875;1;0;1;0;0;0;0
7970501914;1;0;1;0;0;0;0
7971007757;1;0;1;0;0;0;0
7971514172;1;0;1;0;0;0;0
7972019757;1;0;1;0;0;0;0
7972525777;1;0;1;0;0;0;0
7973031996;1;0;1;0;0;0;0
7973537757;1;0;1;0;0;0;0
7974043778;1;0;1;0;0;0;0
7974549757;1;0;1;0;0;0;0
7975055758;1;0;1;0;0;0;0
7975562006;1;0;1;0;0;0;0
7976067818;1;0;1;0;0;0;0
7976573855;1;0;1;0;0;0;0
7977079760;1;0;1;0;0;0;0
7977585778;1;0;1;0;0;0;0
7978092395;1;0;1;0;0;0;0
7978597979;1;0;1;0;0;0;0
7979103966;1;0;1;0;0;0;0
7979609758;1;0;1;0;0;0;0
7980115759;1;0;1;0;0;0;0
7980621901;1;0;1;0;0;0;0
7981127759;1;0;1;0;0;0;0
7981633854;1;0;1;0;0;0;0
7982139759;1;0;1;0;0;0;0
7982645784;1;0;1;0;0;0;0
7983151922;1;0;1;0;0;0;0
7983657758;1;0;1;0;0;0;0
7984163759;1;0;1;0;0;0;0
7984670880;1;0;1;0;0;0;0
7985176779;1;0;1;0;0;0;0
7985682759;1;0;1;0;0;0;0
7986188759;1;0;1;0;0;0;0
7986694779;1;0;1;0;0;0;0
7987200876;1;0;1;0;0;0;0
7987706778;1;0;1;0;0;0;0
7988212757;1;0;1;0;0;0;0
7988719156;1;0;1;0;0;0;0
7989224760;1;0;1;0;0;0;0
7989731392;1;0;1;0;0;0;0
7990236782;1;0;1;0;0;0;0
7990742761;1;0;1;0;0;0;0
7991248844;1;0;1;0;0;0;0
7991754818;1;0;1;0;0;0;0
7992260760;1;0;1;0;0;0;0
7992766776;1;0;1;0;0;0;0
7993272760;1;0;1;0;0;0;0
7993779018;1;0;1;0;0;0;0
7994284757;1;0;1;0;0;0;0
7994790758;1;0;1;0;0;0;0
7995296896;1;0;1;0;0;0;0
7995802776;1;0;1;0;0;0;0
7996308861;1;0;1;0;0;0;0
7996814759;1;0;1;0;0;0;0
7997322116;1;0;1;0;0;0;0
7997827758;1;0;1;0;0;0;0
7998333759;1;0;1;0;0;0;0
7998839777;1;0;1;0;0;0;0
7999346159;1;0;1;0;0;0;0
7999851894;1;0;1;0;0;0;0
8000357759;1;0;1;0;0;0;0
8000863758;1;0;1;0;0;0;0
8001369811;1;0;1;0;0;0;0
8001875760;1;0;1;0;0;0;0
8002381920;1;0;1;0;0;0;0
8002887758;1;0;1;0;0;0;0
8003393758;1;0;1;0;0;0;0
8003899758;1;0;1;0;0;0;0
8004405791;1;0;1;0;0;0;0
8004912352;1;0;1;0;0;0;0
8005417781;1;0;1;0;0;0;0
8005923910;1;0;1;0;0;0;0
8006429759;1;0;1;0;0;0;0
8006935911;1;0;1;0;0;0;0
8007441935;1;0;1;0;0;0;0
8007948759;1;0;1;0;0;0;0
8008455142;1;0;1;0;0;0;0
8008960758;1;0;1;0;0;0;0
8009466822;1;0;1;0;0;0;0
8009972911;1;0;1;0;0;0;0
8010478779;1;0;1;0;0;0;0
8010984776;1;0;1;0;0;0;0
8011490759;1;0;1;0;0;0;0
8011996757;1;0;1;0;0;0;0
8012502912;1;0;1;0;0;0;0
8013008757;1;0;1;0;0;0;0
8013515760;1;0;1;0;0;0;0
8014022409;1;0;1;0;0;0;0
8014527759;1;0;1;0;0;0;0
8015033757;1;0;1;0;0;0;0
8015539758;1;0;1;0;0;0;0
8016045757;1;0;1;0;0;0;0
8016551780;1;0;1;0;0;0;0
8017057758;1;0;1;0;0;0;0
8017563759;1;0;1;0;0;0;0
8018069827;1;0;1;0;0;0;0
8018575758;1;0;1;0;0;0;0
8019081757;1;0;1;0;0;0;0
8019587758;1;0;1;0;0;0;0
8020093773;1;0;1;0;0;0;0
8020600147;1;0;1;0;0;0;0
8021105760;1;0;1;0;0;0;0
8021611774;1;0;1;0;0;0;0
8022117758;1;0;1;0;0;0;0
8022623778;1;0;1;0;0;0;0
8023129832;1;0;1;0;0;0;0
8023635830;1;0;1;0;0;0;0
8024141758;1;0;1;0;0;0;0
8024647758;1;0;1;0;0;0;0
8025153757;1;0;1;0;0;0;0
8025659759;1;0;1;0;0;0;0
8026165836;1;0;1;0;0;0;0
8026671759;1;0;1;0;0;0;0
8027177847;1;0;1;0;0;0;0
8027683758;1;0;1;0;0;0;0
8028189800;1;0;1;0;0;0;0
8028695767;1;0;1;0;0;0;0
8029201778;1;0;1;0;0;0;0
8029707758;1;0;1;0;0;0;0
8030213759;1;0;1;0;0;0;0
8030719882;1;0;1;0;0;0;0
8031226146;1;0;1;0;0;0;0
8031731831;1;0;1;0;0;0;0
8032237771;1;0;1;0;0;0;0
8032743758;1;0;1;0;0;0;0
8033249757;1;0;1;0;0;0;0
8033755757;1;0;1;0;0;0;0
8034261762;1;0;1;0;0;0;0
8034767757;1;0;1;0;0;0;0
8035273999;1;0;1;0;0;0;0
8035780428;1;0;1;0;0;0;0
8036285760;1;0;1;0;0;0;0
8036791758;1;0;1;0;0;0;0
8037297758;1;0;1;0;0;0;0
8037803759;1;0;1;0;0;0;0
8038309759;1;0;1;0;0;0;0
8038815758;1;0;1;0;0;0;0
8039321758;1;0;1;0;0;0;0
8039827771;1;0;1;0;0;0;0
8040334758;1;0;1;0;0;0;0
8040840759;1;0;1;0;0;0;0
8041346759;1;0;1;0;0;0;0
8041852758;1;0;1;0;0;0;0
8042358858;1;0;1;0;0;0;0
8042864760;1;0;1;0;0;0;0
8043370761;1;0;1;0;0;0;0
8043876796;1;0;1;0;0;0;0
8044382798;1;0;1;0;0;0;0
8044890759;1;0;1;0;0;0;0
8045396758;1;0;1;0;0;0;0
8045903164;1;0;1;0;0;0;0
8046408758;1;0;1;0;0;0;0
8046915155;1;0;1;0;0;0;0
8047420759;1;0;1;0;0;0;0
8047926766;1;0;1;0;0;0;0
8048432759;1;0;1;0;0;0;0
8048938758;1;0;1;0;0;0;0
8049445189;1;0;1;0;0;0;0
8049950759;1;0;1;0;0;0;0
8050456759;1;0;1;0;0;0;0
8050962758;1;0;1;0;0;0;0
8051468807;1;0;1;0;0;0;0
8051975017;1;0;1;0;0;0;0
8052480899;1;0;1;0;0;0;0
8052986778;1;0;1;0;0;0;0
8053492776;1;0;1;0;0;0;0
8053998758;1;0;1;0;0;0;0
8054505582;1;0;1;0;0;0;0
8055010759;1;0;1;0;0;0;0
8055516759;1;0;1;0;0;0;0
8056022758;1;0;1;0;0;0;0
8056528757;1;0;1;0;0;0;0
8057035446;1;0;1;0;0;0;0
8057540784;1;0;1;0;0;0;0
8058046758;1;0;1;0;0;0;0
8058552758;1;0;1;0;0;0;0
8059059786;1;0;1;0;0;0;0
8059565783;1;0;1;0;0;0;0
8060071906;1;0;1;0;0;0;0
8060578001;1;0;1;0;0;0;0
8061083759;1;0;1;0;0;0;0
8061589757;1;0;1;0;0;0;0
8062095759;1;0;1;0;0;0;0
8062601810;1;0;1;0;0;0;0
8063107757;1;0;1;0;0;0;0
8063613759;1;0;1;0;0;0;0
8064119759;1;0;1;0;0;0;0
8064625757;1;0;1;0;0;0;0
8065132309;1;0;1;0;0;0;0
8065637758;1;0;1;0;0;0;0
8066143759;1;0;1;0;0;0;0
8066649782;1;0;1;0;0;0;0
8067155759;1;0;1;0;0;0;0
8067661761;1;0;1;0;0;0;0
8068167824;1;0;1;0;0;0;0
8068673788;1;0;1;0;0;0;0
8069179849;1;0;1;0;0;0;0
8069685758;1;0;1;0;0;0;0
8070191813;1;0;1;0;0;0;0
8070697759;1;0;1;0;0;0;0
8071203777;1;0;1;0;0;0;0
8071709970;1;0;1;0;0;0;0
8072215757;1;0;1;0;0;0;0
8072721896;1;0;1;0;0;0;0
8073227759;1;0;1;0;0;0;0
8073733758;1;0;1;0;0;0;0
8074239757;1;0;1;0;0;0;0
8074747818;1;0;1;0;0;0;0
8075253844;1;0;1;0;0;0;0
8075759759;1;0;1;0;0;0;0
8076265979;1;0;1;0;0;0;0
8076771772;1;0;1;0;0;0;0
8077277766;1;0;1;0;0;0;0
8077783759;1;0;1;0;0;0;0
8078289757;1;0;1;0;0;0;0
8078795894;1;0;1;0;0;0;0
8079301757;1;0;1;0;0;0;0
8079808322;1;0;1;0;0;0;0
8080313758;1;0;1;0;0;0;0
8080819777;1;0;1;0;0;0;0
8081325962;1;0;1;0;0;0;0
8081831759;1;0;1;0;0;0;0
8082337838;1;0;1;0;0;0;0
8082844136;1;0;1;0;0;0;0
8083349758;1;0;1;0;0;0;0
8083856008;1;0;1;0;0;0;0
8084361759;1;0;1;0;0;0;0
8084867833;1;0;1;0;0;0;0
8085373760;1;0;1;0;0;0;0
8085879759;1;0;1;0;0;0;0
8086385961;1;0;1;0;0;0;0
8086891758;1;0;1;0;0;0;0
8087397775;1;0;1;0;0;0;0
8087903791;1;0;1;0;0;0;0
8088409757;1;0;1;0;0;0;0
8088915912;1;0;1;0;0;0;0
8089421770;1;0;1;0;0;0;0
8089928758;1;0;1;0;0;0;0
8090435041;1;0;1;0;0;0;0
8090940771;1;0;1;0;0;0;0
8091447158;1;0;1;0;0;0;0
8091952757;1;0;1;0;0;0;0
8092458828;1;0;1;0;0;0;0
8092964803;1;0;1;0;0;0;0
8093470829;1;0;1;0;0;0;0
8093977294;1;0;1;0;0;0;0
8094482759;1;0;1;0;0;0;0
8094988759;1;0;1;0;0;0;0
8095494758;1;0;1;0;0;0;0
8096000759;1;0;1;0;0;0;0
8096506924;1;0;1;0;0;0;0
8097012759;1;0;1;0;0;0;0
8097518759;1;0;1;0;0;0;0
8098024758;1;0;1;0;0;0;0
8098530759;1;0;1;0;0;0;0
8099037291;1;0;1;0;0;0;0
8099542778;1;0;1;0;0;0;0
8100048778;1;0;1;0;0;0;0
8100554804;1;0;1;0;0;0;0
8101060817;1;0;1;0;0;0;0
8101567308;1;0;1;0;0;0;0
8102072800;1;0;1;0;0;0;0
8102578769;1;0;1;0;0;0;0
8103086406;1;0;1;0;0;0;0
8103591783;1;0;1;0;0;0;0
8104097758;1;0;1;0;0;0;0
8104603757;1;0;1;0;0;0;0
8105109928;1;0;1;0;0;0;0
8105615786;1;0;1;0;0;0;0
8106121758;1;0;1;0;0;0;0
8106627801;1;0;1;0;0;0;0
8107133757;1;0;1;0;0;0;0
8107639757;1;0;1;0;0;0;0
8108145758;1;0;1;0;0;0;0
8108651758;1;0;1;0;0;0;0
8109157820;1;0;1;0;0;0;0
8109663954;1;0;1;0;0;0;0
8110169772;1;0;1;0;0;0;0
8110675919;1;0;1;0;0;0;0
8111181783;1;0;1;0;0;0;0
8111687758;1;0;1;0;0;0;0
8112193758;1;0;1;0;0;0;0
8112700156;1;0;1;0;0;0;0
8113205820;1;0;1;0;0;0;0
8113711777;1;0;1;0;0;0;0
8114217758;1;0;1;0;0;0;0
8114723758;1;0;1;0;0;0;0
8115229758;1;0;1;0;0;0;0
8115735759;1;0;1;0;0;0;0
8116241818;1;0;1;0;0;0;0
8116747777;1;0;1;0;0;0;0
8117253766;1;0;1;0;0;0;0
8117759759;1;0;1;0;0;0;0
8118266305;1;0;1;0;0;0;0
8118771759;1;0;1;0;0;0;0
8119277960;1;0;1;0;0;0;0
8119783777;1;0;1;0;0;0;0
8120289776;1;0;1;0;0;0;0
8120796758;1;0;1;0;0;0;0
8121303758;1;0;1;0;0;0;0
8121809796;1;0;1;0;0;0;0
8122315836;1;0;1;0;0;0;0
8122821759;1;0;1;0;0;0;0
8123328316;1;0;1;0;0;0;0
8123833862;1;0;1;0;0;0;0
8124339803;1;0;1;0;0;0;0
8124845758;1;0;1;0;0;0;0
8125351782;1;0;1;0;0;0;0
8125857958;1;0;1;0;0;0;0
8126364318;1;0;1;0;0;0;0
8126869772;1;0;1;0;0;0;0
8127375759;1;0;1;0;0;0;0
8127881758;1;0;1;0;0;0;0
8128387958;1;0;1;0;0;0;0
8128893769;1;0;1;0;0;0;0
8129399758;1;0;1;0;0;0;0
8129905757;1;0;1;0;0;0;0
8130412757;1;0;1;0;0;0;0
8130919857;1;0;1;0;0;0;0
8131425757;1;0;1;0;0;0;0
8131931778;1;0;1;0;0;0;0
8132438053;1;0;1;0;0;0;0
8132943792;1;0;1;0;0;0;0
8133449981;1;0;1;0;0;0;0
8133955759;1;0;1;0;0;0;0
8134461783;1;0;1;0;0;0;0
8134967760;1;0;1;0;0;0;0
8135473781;1;0;1;0;0;0;0
8135979788;1;0;1;0;0;0;0
8136485783;1;0;1;0;0;0;0
8136991758;1;0;1;0;0;0;0
8137497758;1;0;1;0;0;0;0
8138004169;1;0;1;0;0;0;0
8138509761;1;0;1;0;0;0;0
8139015777;1;0;1;0;0;0;0
8139521757;1;0;1;0;0;0;0
8140027759;1;0;1;0;0;0;0
8140534759;1;0;1;0;0;0;0
8141040759;1;0;1;0;0;0;0
8141546833;1;0;1;0;0;0;0
8142052770;1;0;1;0;0;0;0
8142558823;1;0;1;0;0;0;0
8143064970;1;0;1;0;0;0;0
8143570758;1;0;1;0;0;0;0
8144077778;1;0;1;0;0;0;0
8144583757;1;0;1;0;0;0;0
8145089896;1;0;1;0;0;0;0
8145595759;1;0;1;0;0;0;0
8146101758;1;0;1;0;0;0;0
8146607777;1;0;1;0;0;0;0
8147113852;1;0;1;0;0;0;0
8147619933;1;0;1;0;0;0;0
8148125782;1;0;1;0;0;0;0
8148632117;1;0;1;0;0;0;0
8149137777;1;0;1;0;0;0;0
8149643759;1;0;1;0;0;0;0
8150149972;1;0;1;0;0;0;0
8150655759;1;0;1;0;0;0;0
8151161760;1;0;1;0;0;0;0
8151667775;1;0;1;0;0;0;0
8152173759;1;0;1;0;0;0;0
8152680076;1;0;1;0;0;0;0
8153185826;1;0;1;0;0;0;0
8153691761;1;0;1;0;0;0;0
8154197759;1;0;1;0;0;0;0
8154703778;1;0;1;0;0;0;0
8155209944;1;0;1;0;0;0;0
8155715974;1;0;1;0;0;0;0
8156221757;1;0;1;0;0;0;0
8156727836;1;0;1;0;0;0;0
8157233758;1;0;1;0;0;0;0
8157740548;1;0;1;0;0;0;0
8158245757;1;0;1;0;0;0;0
8158753759;1;0;1;0;0;0;0
8159260432;1;0;1;0;0;0;0
8159765804;1;0;1;0;0;0;0
8160271759;1;0;1;0;0;0;0
8160777777;1;0;1;0;0;0;0
8161283778;1;0;1;0;0;0;0
8161789962;1;0;1;0;0;0;0
8162295758;1;0;1;0;0;0;0
8162801758;1;0;1;0;0;0;0
8163307758;1;0;1;0;0;0;0
8163814100;1;0;1;0;0;0;0
8164319926;1;0;1;0;0;0;0
8164826024;1;0;1;0;0;0;0
8165331774;1;0;1;0;0;0;0
8165837759;1;0;1;0;0;0;0
8166343771;1;0;1;0;0;0;0
8166849910;1;0;1;0;0;0;0
8167355855;1;0;1;0;0;0;0
8167861759;1;0;1;0;0;0;0
8168367772;1;0;1;0;0;0;0
8168873761;1;0;1;0;0;0;0
8169379924;1;0;1;0;0;0;0
8169885799;1;0;1;0;0;0;0
8170391758;1;0;1;0;0;0;0
8170897850;1;0;1;0;0;0;0
8171403802;1;0;1;0;0;0;0
8171909893;1;0;1;0;0;0;0
8172416144;1;0;1;0;0;0;0
8172921759;1;0;1;0;0;0;0
8173427759;1;0;1;0;0;0;0
8173933758;1;0;1;0;0;0;0
8174439962;1;0;1;0;0;0;0
8174945759;1;0;1;0;0;0;0
8175452757;1;0;1;0;0;0;0
8175958759;1;0;1;0;0;0;0
8176465759;1;0;1;0;0;0;0
8176971759;1;0;1;0;0;0;0
8177477758;1;0;1;0;0;0;0
8177983758;1;0;1;0;0;0;0
8178489999;1;0;1;0;0;0;0
8178995759;1;0;1;0;0;0;0
8179501862;1;0;1;0;0;0;0
8180007760;1;0;1;0;0;0;0
8180514310;1;0;1;0;0;0;0
8181019947;1;0;1;0;0;0;0
8181525808;1;0;1;0;0;0;0
8182031759;1;0;1;0;0;0;0
8182537759;1;0;1;0;0;0;0
8183043791;1;0;1;0;0;0;0
8183549961;1;0;1;0;0;0;0
8184055820;1;0;1;0;0;0;0
8184561758;1;0;1;0;0;0;0
8185067793;1;0;1;0;0;0;0
8185573759;1;0;1;0;0;0;0
8186079975;1;0;1;0;0;0;0
8186585778;1;0;1;0;0;0;0
8187092085;1;0;1;0;0;0;0
8187597766;1;0;1;0;0;0;0
8188103826;1;0;1;0;0;0;0
8188611247;1;0;1;0;0;0;0
8189116824;1;0;1;0;0;0;0
8189622838;1;0;1;0;0;0;0
8190128759;1;0;1;0;0;0;0
8190634756;1;0;1;0;0;0;0
8191141038;1;0;1;0;0;0;0
8191646758;1;0;1;0;0;0;0
8192153086;1;0;1;0;0;0;0
8192658804;1;0;1;0;0;0;0
8193164759;1;0;1;0;0;0;0
8193670759;1;0;1;0;0;0;0
8194176759;1;0;1;0;0;0;0
8194682758;1;0;1;0;0;0;0
8195188758;1;0;1;0;0;0;0
8195694778;1;0;1;0;0;0;0
8196200807;1;0;1;0;0;0;0
8196706829;1;0;1;0;0;0;0
8197212780;1;0;1;0;0;0;0
8197718758;1;0;1;0;0;0;0
8198224858;1;0;1;0;0;0;0
8198730758;1;0;1;0;0;0;0
8199236758;1;0;1;0;0;0;0
8199743021;1;0;1;0;0;0;0
8200248762;1;0;1;0;0;0;0
8200754970;1;0;1;0;0;0;0
8201260760;1;0;1;0;0;0;0
8201766772;1;0;1;0;0;0;0
8202272779;1;0;1;0;0;0;0
8202779896;1;0;1;0;0;0;0
8203286758;1;0;1;0;0;0;0
8203792757;1;0;1;0;0;0;0
8204298759;1;0;1;0;0;0;0
8204804758;1;0;1;0;0;0;0
8205310940;1;0;1;0;0;0;0
8205816758;1;0;1;0;0;0;0
8206322758;1;0;1;0;0;0;0
8206828759;1;0;1;0;0;0;0
8207334773;1;0;1;0;0;0;0
8207841566;1;0;1;0;0;0;0
8208346758;1;0;1;0;0;0;0
8208852757;1;0;1;0;0;0;0
8209358816;1;0;1;0;0;0;0
8209864778;1;0;1;0;0;0;0
8210370913;1;0;1;0;0;0;0
8210876758;1;0;1;0;0;0;0
8211382877;1;0;1;0;0;0;0
8211888759;1;0;1;0;0;0;0
8212394758;1;0;1;0;0;0;0
8212901086;1;0;1;0;0;0;0
8213406794;1;0;1;0;0;0;0
8213912793;1;0;1;0;0;0;0
8214419474;1;0;1;0;0;0;0
8214924759;1;0;1;0;0;0;0
8215430944;1;0;1;0;0;0;0
8215936766;1;0;1;0;0;0;0
8216443391;1;0;1;0;0;0;0
8216948758;1;0;1;0;0;0;0
8217454819;1;0;1;0;0;0;0
8217962359;1;0;1;0;0;0;0
8218467771;1;0;1;0;0;0;0
8218973759;1;0;1;0;0;0;0
8219479758;1;0;1;0;0;0;0
8219985757;1;0;1;0;0;0;0
8220492758;1;0;1;0;0;0;0
8220998758;1;0;1;0;0;0;0
8221504759;1;0;1;0;0;0;0
8222011021;1;0;1;0;0;0;0
8222516829;1;0;1;0;0;0;0
8223022758;1;0;1;0;0;0;0
8223528758;1;0;1;0;0;0;0
8224034758;1;0;1;0;0;0;0
8224541525;1;0;1;0;0;0;0
8225046758;1;0;1;0;0;0;0
8225552760;1;0;1;0;0;0;0
8226059758;1;0;1;0;0;0;0
8226566110;1;0;1;0;0;0;0
8227071944;1;0;1;0;0;0;0
8227577854;1;0;1;0;0;0;0
8228083781;1;0;1;0;0;0;0
8228590758;1;0;1;0;0;0;0
8229096813;1;0;1;0;0;0;0
8229603010;1;0;1;0;0;0;0
8230108831;1;0;1;0;0;0;0
8230615011;1;0;1;0;0;0;0
8231120823;1;0;1;0;0;0;0
8231626947;1;0;1;0;0;0;0
8232132892;1;0;1;0;0;0;0
8232638759;1;0;1;0;0;0;0
8233144758;1;0;1;0;0;0;0
8233650760;1;0;1;0;0;0;0
8234156758;1;0;1;0;0;0;0
8234662929;1;0;1;0;0;0;0
8235168779;1;0;1;0;0;0;0
8235674781;1;0;1;0;0;0;0
8236180757;1;0;1;0;0;0;0
8236686770;1;0;1;0;0;0;0
8237192935;1;0;1;0;0;0;0
8237698877;1;0;1;0;0;0;0
8238204760;1;0;1;0;0;0;0
8238710778;1;0;1;0;0;0;0
8239217002;1;0;1;0;0;0;0
8239722932;1;0;1;0;0;0;0
8240228962;1;0;1;0;0;0;0
8240734771;1;0;1;0;0;0;0
8241240758;1;0;1;0;0;0;0
8241746758;1;0;1;0;0;0;0
8242252926;1;0;1;0;0;0;0
8242758758;1;0;1;0;0;0;0
8243264778;1;0;1;0;0;0;0
8243771758;1;0;1;0;0;0;0
8244277942;1;0;1;0;0;0;0
8244783758;1;0;1;0;0;0;0
8245289758;1;0;1;0;0;0;0
8245795770;1;0;1;0;0;0;0
8246301783;1;0;1;0;0;0;0
8246807846;1;0;1;0;0;0;0
8247313761;1;0;1;0;0;0;0
8247819759;1;0;1;0;0;0;0
8248325759;1;0;1;0;0;0;0
8248832789;1;0;1;0;0;0;0
8249338778;1;0;1;0;0;0;0
8249846473;1;0;1;0;0;0;0
8250351792;1;0;1;0;0;0;0
8250857809;1;0;1;0;0;0;0
8251364143;1;0;1;0;0;0;0
8251869759;1;0;1;0;0;0;0
8252375794;1;0;1;0;0;0;0
8252881758;1;0;1;0;0;0;0
8253387759;1;0;1;0;0;0;0
8253893761;1;0;1;0;0;0;0
8254399759;1;0;1;0;0;0;0
8254906758;1;0;1;0;0;0;0
8255413235;1;0;1;0;0;0;0
8255918759;1;0;1;0;0;0;0
8256424758;1;0;1;0;0;0;0
8256930758;1;0;1;0;0;0;0
8257436757;1;0;1;0;0;0;0
8257942760;1;0;1;0;0;0;0
8258448764;1;0;1;0;0;0;0
8258954844;1;0;1;0;0;0;0
8259462333;1;0;1;0;0;0;0
8259967764;1;0;1;0;0;0;0
8260474279;1;0;1;0;0;0;0
8260979779;1;0;1;0;0;0;0
8261485957;1;0;1;0;0;0;0
8261991758;1;0;1;0;0;0;0
8262497757;1;0;1;0;0;0;0
8263003925;1;0;1;0;0;0;0
8263509759;1;0;1;0;0;0;0
8264015894;1;0;1;0;0;0;0
8264521769;1;0;1;0;0;0;0
8265027757;1;0;1;0;0;0;0
8265533829;1;0;1;0;0;0;0
8266039758;1;0;1;0;0;0;0
8266545965;1;0;1;0;0;0;0
8267052807;1;0;1;0;0;0;0
8267558759;1;0;1;0;0;0;0
8268064965;1;0;1;0;0;0;0
8268570792;1;0;1;0;0;0;0
8269076758;1;0;1;0;0;0;0
8269582758;1;0;1;0;0;0;0
8270088806;1;0;1;0;0;0;0
8270594758;1;0;1;0;0;0;0
8271102075;1;0;1;0;0;0;0
8271607759;1;0;1;0;0;0;0
8272113758;1;0;1;0;0;0;0
8272619758;1;0;1;0;0;0;0
8273125758;1;0;1;0;0;0;0
8273631758;1;0;1;0;0;0;0
8274137757;1;0;1;0;0;0;0
8274643764;1;0;1;0;0;0;0
8275149760;1;0;1;0;0;0;0
8275655790;1;0;1;0;0;0;0
8276162355;1;0;1;0;0;0;0
8276668759;1;0;1;0;0;0;0
8277174758;1;0;1;0;0;0;0
8277680758;1;0;1;0;0;0;0
8278187853;1;0;1;0;0;0;0
8278694887;1;0;1;0;0;0;0
8279200758;1;0;1;0;0;0;0
8279706757;1;0;1;0;0;0;0
8280212759;1;0;1;0;0;0;0
8280718758;1;0;1;0;0;0;0
8281224758;1;0;1;0;0;0;0
8281730759;1;0;1;0;0;0;0
8282236904;1;0;1;0;0;0;0
8282742757;1;0;1;0;0;0;0
8283248757;1;0;1;0;0;0;0
8283754838;1;0;1;0;0;0;0
8284260759;1;0;1;0;0;0;0
8284766831;1;0;1;0;0;0;0
8285272757;1;0;1;0;0;0;0
8285778759;1;0;1;0;0;0;0
8286284896;1;0;1;0;0;0;0
8286790759;1;0;1;0;0;0;0
8287297006;1;0;1;0;0;0;0
8287802759;1;0;1;0;0;0;0
8288308777;1;0;1;0;0;0;0
8288814771;1;0;1;0;0;0;0
8289320785;1;0;1;0;0;0;0
8289826758;1;0;1;0;0;0;0
8290332778;1;0;1;0;0;0;0
8290838852;1;0;1;0;0;0;0
8291344758;1;0;1;0;0;0;0
8291850794;1;0;1;0;0;0;0
8292356758;1;0;1;0;0;0;0
8292862952;1;0;1;0;0;0;0
8293368823;1;0;1;0;0;0;0
8293874758;1;0;1;0;0;0;0
8294380758;1;0;1;0;0;0;0
8294887203;1;0;1;0;0;0;0
8295392758;1;0;1;0;0;0;0
8295898955;1;0;1;0;0;0;0
8296404774;1;0;1;0;0;0;0
8296910782;1;0;1;0;0;0;0
8297416778;1;0;1;0;0;0;0
8297922759;1;0;1;0;0;0;0
8298428779;1;0;1;0;0;0;0
8298934759;1;0;1;0;0;0;0
8299440869;1;0;1;0;0;0;0
8299946761;1;0;1;0;0;0;0
8300452767;1;0;1;0;0;0;0
8300958865;1;0;1;0;0;0;0
8301464759;1;0;1;0;0;0;0
8301971758;1;0;1;0;0;0;0
8302477758;1;0;1;0;0;0;0
8302983759;1;0;1;0;0;0;0
8303489990;1;0;1;0;0;0;0
8303995758;1;0;1;0;0;0;0
8304501756;1;0;1;0;0;0;0
8305007759;1;0;1;0;0;0;0
8305514783;1;0;1;0;0;0;0
8306020759;1;0;1;0;0;0;0
8306526790;1;0;1;0;0;0;0
8307032759;1;0;1;0;0;0;0
8307538779;1;0;1;0;0;0;0
8308044778;1;0;1;0;0;0;0
8308550810;1;0;1;0;0;0;0
8309056759;1;0;1;0;0;0;0
8309562772;1;0;1;0;0;0;0
8310068820;1;0;1;0;0;0;0
8310574757;1;0;1;0;0;0;0
8311080759;1;0;1;0;0;0;0
8311587055;1;0;1;0;0;0;0
8312092758;1;0;1;0;0;0;0
8312598861;1;0;1;0;0;0;0
8313104810;1;0;1;0;0;0;0
8313610847;1;0;1;0;0;0;0
8314117778;1;0;1;0;0;0;0
8314623758;1;0;1;0;0;0;0
8315129935;1;0;1;0;0;0;0
8315636083;1;0;1;0;0;0;0
8316141865;1;0;1;0;0;0;0
8316648016;1;0;1;0;0;0;0
8317153838;1;0;1;0;0;0;0
8317659931;1;0;1;0;0;0;0
8318165759;1;0;1;0;0;0;0
8318672759;1;0;1;0;0;0;0
8319178777;1;0;1;0;0;0;0
8319685834;1;0;1;0;0;0;0
8320191778;1;0;1;0;0;0;0
8320697758;1;0;1;0;0;0;0
8321204128;1;0;1;0;0;0;0
8321709984;1;0;1;0;0;0;0
8322215758;1;0;1;0;0;0;0
8322721756;1;0;1;0;0;0;0
8323227758;1;0;1;0;0;0;0
8323734053;1;0;1;0;0;0;0
8324239924;1;0;1;0;0;0;0
8324746357;1;0;1;0;0;0;0
8325251815;1;0;1;0;0;0;0
8325757872;1;0;1;0;0;0;0
8326263784;1;0;1;0;0;0;0
8326770013;1;0;1;0;0;0;0
8327275784;1;0;1;0;0;0;0
8327781781;1;0;1;0;0;0;0
8328287758;1;0;1;0;0;0;0
8328793844;1;0;1;0;0;0;0
8329299908;1;0;1;0;0;0;0
8329805760;1;0;1;0;0;0;0
8330311776;1;0;1;0;0;0;0
8330817757;1;0;1;0;0;0;0
8331324805;1;0;1;0;0;0;0
8331830957;1;0;1;0;0;0;0
8332336758;1;0;1;0;0;0;0
8332843760;1;0;1;0;0;0;0
8333349783;1;0;1;0;0;0;0
8333855759;1;0;1;0;0;0;0
8334361759;1;0;1;0;0;0;0
8334867760;1;0;1;0;0;0;0
8335373830;1;0;1;0;0;0;0
8335879772;1;0;1;0;0;0;0
8336385796;1;0;1;0;0;0;0
8336891805;1;0;1;0;0;0;0
8337397777;1;0;1;0;0;0;0
8337903758;1;0;1;0;0;0;0
8338409758;1;0;1;0;0;0;0
8338915758;1;0;1;0;0;0;0
8339421841;1;0;1;0;0;0;0
8339927758;1;0;1;0;0;0;0
8340434253;1;0;1;0;0;0;0
8340939778;1;0;1;0;0;0;0
8341445759;1;0;1;0;0;0;0
8341951759;1;0;1;0;0;0;0
8342457768;1;0;1;0;0;0;0
8342963759;1;0;1;0;0;0;0
8343470895;1;0;1;0;0;0;0
8343976778;1;0;1;0;0;0;0
8344483301;1;0;1;0;0;0;0
8344988803;1;0;1;0;0;0;0
8345494758;1;0;1;0;0;0;0
8346000916;1;0;1;0;0;0;0
8346507803;1;0;1;0;0;0;0
8347013758;1;0;1;0;0;0;0
8347519758;1;0;1;0;0;0;0
8348025757;1;0;1;0;0;0;0
8348532542;1;0;1;0;0;0;0
8349037758;1;0;1;0;0;0;0
8349543781;1;0;1;0;0;0;0
8350049759;1;0;1;0;0;0;0
8350555758;1;0;1;0;0;0;0
8351061780;1;0;1;0;0;0;0
8351567777;1;0;1;0;0;0;0
8352073889;1;0;1;0;0;0;0
8352579758;1;0;1;0;0;0;0
8353085775;1;0;1;0;0;0;0
8353592263;1;0;1;0;0;0;0
8354097760;1;0;1;0;0;0;0
8354603771;1;0;1;0;0;0;0
8355110004;1;0;1;0;0;0;0
8355615758;1;0;1;0;0;0;0
8356121758;1;0;1;0;0;0;0
8356627757;1;0;1;0;0;0;0
8357134160;1;0;1;0;0;0;0
8357639764;1;0;1;0;0;0;0
8358145758;1;0;1;0;0;0;0
8358651782;1;0;1;0;0;0;0
8359157760;1;0;1;0;0;0;0
8359663776;1;0;1;0;0;0;0
8360169760;1;0;1;0;0;0;0
8360675828;1;0;1;0;0;0;0
8361182235;1;0;1;0;0;0;0
8361687777;1;0;1;0;0;0;0
8362193779;1;0;1;0;0;0;0
8362699759;1;0;1;0;0;0;0
8363205780;1;0;1;0;0;0;0
8363711759;1;0;1;0;0;0;0
8364217758;1;0;1;0;0;0;0
8364723758;1;0;1;0;0;0;0
8365229758;1;0;1;0;0;0;0
8365736068;1;0;1;0;0;0;0
8366241758;1;0;1;0;0;0;0
8366747992;1;0;1;0;0;0;0
8367253854;1;0;1;0;0;0;0
8367759771;1;0;1;0;0;0;0
8368265761;1;0;1;0;0;0;0
8368772121;1;0;1;0;0;0;0
8369278772;1;0;1;0;0;0;0
8369785224;1;0;1;0;0;0;0
8370290808;1;0;1;0;0;0;0
8370797080;1;0;1;0;0;0;0
8371302758;1;0;1;0;0;0;0
8371808758;1;0;1;0;0;0;0
8372314852;1;0;1;0;0;0;0
8372821921;1;0;1;0;0;0;0
8373327766;1;0;1;0;0;0;0
8373834089;1;0;1;0;0;0;0
8374339779;1;0;1;0;0;0;0
8374846758;1;0;1;0;0;0;0
8375353017;1;0;1;0;0;0;0
8375858758;1;0;1;0;0;0;0
8376364783;1;0;1;0;0;0;0
8376870802;1;0;1;0;0;0;0
8377376758;1;0;1;0;0;0;0
8377883335;1;0;1;0;0;0;0
8378388759;1;0;1;0;0;0;0
8378894758;1;0;1;0;0;0;0
8379400775;1;0;1;0;0;0;0
8379906781;1;0;1;0;0;0;0
8380412914;1;0;1;0;0;0;0
8380918758;1;0;1;0;0;0;0
8381424837;1;0;1;0;0;0;0
8381930777;1;0;1;0;0;0;0
8382436759;1;0;1;0;0;0;0
8382942900;1;0;1;0;0;0;0
8383448758;1;0;1;0;0;0;0
8383954859;1;0;1;0;0;0;0
8384460759;1;0;1;0;0;0;0
8384966757;1;0;1;0;0;0;0
8385473978;1;0;1;0;0;0;0
8385981459;1;0;1;0;0;0;0
8386486758;1;0;1;0;0;0;0
8386992759;1;0;1;0;0;0;0
8387498761;1;0;1;0;0;0;0
8388004940;1;0;1;0;0;0;0
8388510760;1;0;1;0;0;0;0
8389016757;1;0;1;0;0;0;0
8389522759;1;0;1;0;0;0;0
8390028780;1;0;1;0;0;0;0
8390534930;1;0;1;0;0;0;0
8391040759;1;0;1;0;0;0;0
8391546761;1;0;1;0;0;0;0
8392052778;1;0;1;0;0;0;0
8392559760;1;0;1;0;0;0;0
8393066035;1;0;1;0;0;0;0
8393571759;1;0;1;0;0;0;0
8394077758;1;0;1;0;0;0;0
8394583758;1;0;1;0;0;0;0
8395089770;1;0;1;0;0;0;0
8395595915;1;0;1;0;0;0;0
8396101826;1;0;1;0;0;0;0
8396607758;1;0;1;0;0;0;0
8397113783;1;0;1;0;0;0;0
8397621758;1;0;1;0;0;0;0
8398128421;1;0;1;0;0;0;0
8398633758;1;0;1;0;0;0;0
8399139758;1;0;1;0;0;0;0
8399645899;1;0;1;0;0;0;0
8400151760;1;0;1;0;0;0;0
8400657772;1;0;1;0;0;0;0
8401163783;1;0;1;0;0;0;0
8401669772;1;0;1;0;0;0;0
8402175895;1;0;1;0;0;0;0
8402681759;1;0;1;0;0;0;0
8403187758;1;0;1;0;0;0;0
8403693779;1;0;1;0;0;0;0
8404199830;1;0;1;0;0;0;0
8404705956;1;0;1;0;0;0;0
8405211758;1;0;1;0;0;0;0
8405717778;1;0;1;0;0;0;0
8406224758;1;0;1;0;0;0;0
8406730758;1;0;1;0;0;0;0
8407236910;1;0;1;0;0;0;0
8407742759;1;0;1;0;0;0;0
8408248871;1;0;1;0;0;0;0
8408755155;1;0;1;0;0;0;0
8409260767;1;0;1;0;0;0;0
8409766957;1;0;1;0;0;0;0
8410273759;1;0;1;0;0;0;0
8410779757;1;0;1;0;0;0;0
8411285759;1;0;1;0;0;0;0
8411791759;1;0;1;0;0;0;0
8412297870;1;0;1;0;0;0;0
8412803832;1;0;1;0;0;0;0
8413309759;1;0;1;0;0;0;0
8413815757;1;0;1;0;0;0;0
8414321758;1;0;1;0;0;0;0
8414828431;1;0;1;0;0;0;0
8415333777;1;0;1;0;0;0;0
8415839758;1;0;1;0;0;0;0
8416345781;1;0;1;0;0;0;0
8416851758;1;0;1;0;0;0;0
8417357772;1;0;1;0;0;0;0
8417863758;1;0;1;0;0;0;0
8418369785;1;0;1;0;0;0;0
8418875794;1;0;1;0;0;0;0
8419073937;0;0;1;0;0;0;0
8419091973;0;0;1;0;0;0;0
8419107422;0;0;1;0;0;0;0
8419615262;0;0;1;0;0;0;0
