timestamp;imbalanced_prop_metric;motor_failure_mask;motor_stop_mask;fd_roll;fd_pitch;fd_alt;fd_ext;fd_arm_escs;fd_battery;fd_imbalanced_prop;fd_motor
7866257352;-0.007124528;0;0;0;0;0;0;0;0;0;0
7866758829;-0.0069065555;0;0;0;0;0;0;0;0;0;0
7867265074;-0.029410772;0;0;0;0;0;0;0;0;0;0
7867770814;-0.06278652;0;0;0;0;0;0;0;0;0;0
7868276989;-0.100347735;0;0;0;0;0;0;0;0;0;0
7868782766;-0.29478124;0;0;0;0;0;0;0;0;0;0
7869288765;-0.4390296;0;0;0;0;0;0;0;0;0;0
7869795767;-0.574012;0;0;0;0;0;0;0;0;0;0
7870301785;-0.690718;0;0;0;0;0;0;0;0;0;0
7870807785;-0.7772949;0;0;0;0;0;0;0;0;0;0
7871314350;-0.9011451;0;0;0;0;0;0;0;0;0;0
7871819766;-0.96886873;0;0;0;0;0;0;0;0;0;0
7872325765;-1.0494202;0;0;0;0;0;0;0;0;0;0
7872831765;-1.1725053;0;0;0;0;0;0;0;0;0;0
7873337785;-1.3095958;0;0;0;0;0;0;0;0;0;0
7873843762;-1.5149219;0;0;0;0;0;0;0;0;0;0
7874349786;-1.6262524;0;0;0;0;0;0;0;0;0;0
7874855785;-1.789159;0;0;0;0;0;0;0;0;0;0
7875361785;-1.8123596;0;0;0;0;0;0;0;0;0;0
7875867787;-1.7739381;0;0;0;0;0;0;0;0;0;0
7876373785;-1.7680218;0;0;0;0;0;0;0;0;0;0
7876880312;-1.8256624;0;0;0;0;0;0;0;0;0;0
7877385766;-1.8697721;0;0;0;0;0;0;0;0;0;0
7877892765;-1.9908317;0;0;0;0;0;0;0;0;0;0
7878398810;-2.0863311;0;0;0;0;0;0;0;0;0;0
7878904767;-2.132267;0;0;0;0;0;0;0;0;0;0
7879410765;-2.226165;0;0;0;0;0;0;0;0;0;0
7879917458;-2.242338;0;0;0;0;0;0;0;0;0;0
7880422777;-2.2675858;0;0;0;0;0;0;0;0;0;0
7880928774;-2.3389986;0;0;0;0;0;0;0;0;0;0
7881434786;-2.3009121;0;0;0;0;0;0;0;0;0;0
7881940765;-2.3400981;0;0;0;0;0;0;0;0;0;0
7882446902;-2.2813575;0;0;0;0;0;0;0;0;0;0
7882952765;-2.3487334;0;0;0;0;0;0;0;0;0;0
7883458779;-2.3900316;0;0;0;0;0;0;0;0;0;0
7883964801;-2.4456723;0;0;0;0;0;0;0;0;0;0
7884471204;-2.5621307;0;0;0;0;0;0;0;0;0;0
7884976767;-2.4757383;0;0;0;0;0;0;0;0;0;0
7885482791;-2.3893263;0;0;0;0;0;0;0;0;0;0
7885988790;-2.4365406;0;0;0;0;0;0;0;0;0;0
7886495646;-2.4185631;0;0;0;0;0;0;0;0;0;0
7887000766;-2.3909929;0;0;0;0;0;0;0;0;0;0
7887506786;-2.2655602;0;0;0;0;0;0;0;0;0;0
7888012825;-2.0746524;0;0;0;0;0;0;0;0;0;0
7888519041;-1.9743346;0;0;0;0;0;0;0;0;0;0
7889024826;-1.9691759;0;0;0;0;0;0;0;0;0;0
7889530834;-2.1479883;0;0;0;0;0;0;0;0;0;0
7890036938;-2.2544348;0;0;0;0;0;0;0;0;0;0
7890542767;-2.3144236;0;0;0;0;0;0;0;0;0;0
7891049018;-2.2824733;0;0;0;0;0;0;0;0;0;0
7891554765;-2.3035119;0;0;0;0;0;0;0;0;0;0
7892060764;-2.3275545;0;0;0;0;0;0;0;0;0;0
7892566856;-2.2658584;0;0;0;0;0;0;0;0;0;0
7893073363;-2.2206786;0;0;0;0;0;0;0;0;0;0
7893578780;-2.2374647;0;0;0;0;0;0;0;0;0;0
7894084766;-2.2249026;0;0;0;0;0;0;0;0;0;0
7894590765;-2.274576;0;0;0;0;0;0;0;0;0;0
7895096765;-2.3262324;0;0;0;0;0;0;0;0;0;0
7895602765;-2.2874198;0;0;0;0;0;0;0;0;0;0
7896108766;-2.1900923;0;0;0;0;0;0;0;0;0;0
7896614765;-2.0763092;0;0;0;0;0;0;0;0;0;0
7897120829;-1.9768714;0;0;0;0;0;0;0;0;0;0
7897627067;-1.9192566;0;0;0;0;0;0;0;0;0;0
7898132766;-1.8830432;0;0;0;0;0;0;0;0;0;0
7898639765;-1.9219346;0;0;0;0;0;0;0;0;0;0
7899145766;-1.8452874;0;0;0;0;0;0;0;0;0;0
7899651767;-1.9139442;0;0;0;0;0;0;0;0;0;0
7900157864;-1.89638;0;0;0;0;0;0;0;0;0;0
7900663766;-1.8896779;0;0;0;0;0;0;0;0;0;0
7901169800;-1.9210471;0;0;0;0;0;0;0;0;0;0
7901676155;-2.0369146;0;0;0;0;0;0;0;0;0;0
7902181769;-2.1829593;0;0;0;0;0;0;0;0;0;0
7902687766;-2.2840495;0;0;0;0;0;0;0;0;0;0
7903193766;-2.4872966;0;0;0;0;0;0;0;0;0;0
7903699765;-2.5941095;0;0;0;0;0;0;0;0;0;0
7904205821;-2.6657803;0;0;0;0;0;0;0;0;0;0
7904711810;-2.8066988;0;0;0;0;0;0;0;0;0;0
7905218766;-2.892174;0;0;0;0;0;0;0;0;0;0
7905724764;-2.866019;0;0;0;0;0;0;0;0;0;0
7906230785;-2.8510206;0;0;0;0;0;0;0;0;0;0
7906737903;-2.8563817;0;0;0;0;0;0;0;0;0;0
7907243816;-2.8928251;0;0;0;0;0;0;0;0;0;0
7907750363;-2.7757304;0;0;0;0;0;0;0;0;0;0
7908255821;-2.698185;0;0;0;0;0;0;0;0;0;0
7908761765;-2.6766398;0;0;0;0;0;0;0;0;0;0
7909267961;-2.6065857;0;0;0;0;0;0;0;0;0;0
7909773819;-2.638317;0;0;0;0;0;0;0;0;0;0
7910279767;-2.762364;0;0;0;0;0;0;0;0;0;0
7910785765;-2.7885823;0;0;0;0;0;0;0;0;0;0
7911291768;-2.7567892;0;0;0;0;0;0;0;0;0;0
7911797918;-2.8227801;0;0;0;0;0;0;0;0;0;0
7912303787;-2.7986906;0;0;0;0;0;0;0;0;0;0
7912809764;-2.83968;0;0;0;0;0;0;0;0;0;0
7913315787;-2.8323257;0;0;0;0;0;0;0;0;0;0
7913821766;-2.865441;0;0;0;0;0;0;0;0;0;0
7914328567;-2.8384888;0;0;0;0;0;0;0;0;0;0
7914833791;-2.7640972;0;0;0;0;0;0;0;0;0;0
7915339765;-2.7396808;0;0;0;0;0;0;0;0;0;0
7915845766;-2.634774;0;0;0;0;0;0;0;0;0;0
7916351787;-2.6857002;0;0;0;0;0;0;0;0;0;0
7916858155;-2.7352617;0;0;0;0;0;0;0;0;0;0
7917363786;-2.614513;0;0;0;0;0;0;0;0;0;0
7917869804;-2.5704844;0;0;0;0;0;0;0;0;0;0
7918375813;-2.6517663;0;0;0;0;0;0;0;0;0;0
7918881767;-2.7133067;0;0;0;0;0;0;0;0;0;0
7919387980;-2.6813965;0;0;0;0;0;0;0;0;0;0
7919893779;-2.8196485;0;0;0;0;0;0;0;0;0;0
7920399785;-2.7349303;0;0;0;0;0;0;0;0;0;0
7920906764;-2.6702678;0;0;0;0;0;0;0;0;0;0
7921412765;-2.642616;0;0;0;0;0;0;0;0;0;0
7921919004;-2.6851313;0;0;0;0;0;0;0;0;0;0
7922424765;-2.6427617;0;0;0;0;0;0;0;0;0;0
7922931102;-2.5995746;0;0;0;0;0;0;0;0;0;0
7923436778;-2.6353245;0;0;0;0;0;0;0;0;0;0
7923942779;-2.823392;0;0;0;0;0;0;0;0;0;0
7924449033;-2.934319;0;0;0;0;0;0;0;0;0;0
7924954813;-2.8996942;0;0;0;0;0;0;0;0;0;0
7925460824;-2.868039;0;0;0;0;0;0;0;0;0;0
7925967765;-2.8462186;0;0;0;0;0;0;0;0;0;0
7926473767;-2.7833288;0;0;0;0;0;0;0;0;0;0
7926980567;-2.7647722;0;0;0;0;0;0;0;0;0;0
7927485779;-2.782426;0;0;0;0;0;0;0;0;0;0
7927991883;-2.7014153;0;0;0;0;0;0;0;0;0;0
7928497817;-2.6469672;0;0;0;0;0;0;0;0;0;0
7929003799;-2.6790712;0;0;0;0;0;0;0;0;0;0
7929510075;-2.656968;0;0;0;0;0;0;0;0;0;0
7930016104;-2.6291735;0;0;0;0;0;0;0;0;0;0
7930521767;-2.556967;0;0;0;0;0;0;0;0;0;0
7931027867;-2.5367243;0;0;0;0;0;0;0;0;0;0
7931533765;-2.567777;0;0;0;0;0;0;0;0;0;0
7932039973;-2.673139;0;0;0;0;0;0;0;0;0;0
7932545765;-2.617311;0;0;0;0;0;0;0;0;0;0
7933051785;-2.7558208;0;0;0;0;0;0;0;0;0;0
7933557765;-2.862934;0;0;0;0;0;0;0;0;0;0
7934063837;-2.850419;0;0;0;0;0;0;0;0;0;0
7934570926;-2.805672;0;0;0;0;0;0;0;0;0;0
7935076828;-2.6953864;0;0;0;0;0;0;0;0;0;0
7935583424;-2.6662424;0;0;0;0;0;0;0;0;0;0
7936088766;-2.647779;0;0;0;0;0;0;0;0;0;0
7936595765;-2.630336;0;0;0;0;0;0;0;0;0;0
7937102148;-2.5324025;0;0;0;0;0;0;0;0;0;0
7937607824;-2.4946668;0;0;0;0;0;0;0;0;0;0
7938113766;-2.4050431;0;0;0;0;0;0;0;0;0;0
7938619966;-2.3310132;0;0;0;0;0;0;0;0;0;0
7939125766;-2.2376742;0;0;0;0;0;0;0;0;0;0
7939631766;-2.1790767;0;0;0;0;0;0;0;0;0;0
7940137765;-2.279515;0;0;0;0;0;0;0;0;0;0
7940643765;-2.3129234;0;0;0;0;0;0;0;0;0;0
7941149831;-2.492099;0;0;0;0;0;0;0;0;0;0
7941655766;-2.5826552;0;0;0;0;0;0;0;0;0;0
7942161765;-2.5650609;0;0;0;0;0;0;0;0;0;0
7942667789;-2.5404162;0;0;0;0;0;0;0;0;0;0
7943174768;-2.6304927;0;0;0;0;0;0;0;0;0;0
7943681040;-2.690244;0;0;0;0;0;0;0;0;0;0
7944186786;-2.7194726;0;0;0;0;0;0;0;0;0;0
7944692772;-2.738652;0;0;0;0;0;0;0;0;0;0
7945198766;-2.7460043;0;0;0;0;0;0;0;0;0;0
7945704766;-2.7393715;0;0;0;0;0;0;0;0;0;0
7946210940;-2.7646892;0;0;0;0;0;0;0;0;0;0
7946716879;-2.78826;0;0;0;0;0;0;0;0;0;0
7947222784;-2.8737981;0;0;0;0;0;0;0;0;0;0
7947728766;-2.9086123;0;0;0;0;0;0;0;0;0;0
7948235796;-2.900888;0;0;0;0;0;0;0;0;0;0
7948741765;-2.8854313;0;0;0;0;0;0;0;0;0;0
7949247766;-2.817331;0;0;0;0;0;0;0;0;0;0
7949754784;-2.6803381;0;0;0;0;0;0;0;0;0;0
7950260978;-2.7042415;0;0;0;0;0;0;0;0;0;0
7950766767;-2.7964706;0;0;0;0;0;0;0;0;0;0
7951272767;-2.9328446;0;0;0;0;0;0;0;0;0;0
7951778786;-2.9917498;0;0;0;0;0;0;0;0;0;0
7952284785;-3.0522892;0;0;0;0;0;0;0;0;0;0
7952790988;-3.0027413;0;0;0;0;0;0;0;0;0;0
7953296766;-2.9921763;0;0;0;0;0;0;0;0;0;0
7953802764;-2.920275;0;0;0;0;0;0;0;0;0;0
7954309068;-3.0045;0;0;0;0;0;0;0;0;0;0
7954814765;-2.990386;0;0;0;0;0;0;0;0;0;0
7955321804;-2.8574853;0;0;0;0;0;0;0;0;0;0
7955827843;-2.8112514;0;0;0;0;0;0;0;0;0;0
7956333798;-2.6599555;0;0;0;0;0;0;0;0;0;0
7956839767;-2.713984;0;0;0;0;0;0;0;0;0;0
7957345778;-2.694362;0;0;0;0;0;0;0;0;0;0
7957851902;-2.6329372;0;0;0;0;0;0;0;0;0;0
7958358417;-2.5545752;0;0;0;0;0;0;0;0;0;0
7958863824;-2.446666;0;0;0;0;0;0;0;0;0;0
7959369787;-2.3375854;0;0;0;0;0;0;0;0;0;0
7959875779;-2.3098333;0;0;0;0;0;0;0;0;0;0
7960381984;-2.1620772;0;0;0;0;0;0;0;0;0;0
7960887765;-2.0791357;0;0;0;0;0;0;0;0;0;0
7961393766;-2.02048;0;0;0;0;0;0;0;0;0;0
7961899777;-2.0948558;0;0;0;0;0;0;0;0;0;0
7962405811;-2.178725;0;0;0;0;0;0;0;0;0;0
7962912297;-2.0955765;0;0;0;0;0;0;0;0;0;0
7963417792;-2.1020138;0;0;0;0;0;0;0;0;0;0
7963923785;-2.171629;0;0;0;0;0;0;0;0;0;0
7964429765;-2.209292;0;0;0;0;0;0;0;0;0;0
7964936260;-2.2295008;0;0;0;0;0;0;0;0;0;0
7965441924;-2.2076447;0;0;0;0;0;0;0;0;0;0
7965947766;-2.1903698;0;0;0;0;0;0;0;0;0;0
7966453825;-2.1616228;0;0;0;0;0;0;0;0;0;0
7966959832;-2.0694458;0;0;0;0;0;0;0;0;0;0
7967465839;-2.0228822;0;0;0;0;0;0;0;0;0;0
7967971978;-1.9929919;0;0;0;0;0;0;0;0;0;0
7968477767;-2.0606735;0;0;0;0;0;0;0;0;0;0
7968983793;-2.054072;0;0;0;0;0;0;0;0;0;0
7969489766;-2.0708537;0;0;0;0;0;0;0;0;0;0
7969995883;-2.2130897;0;0;0;0;0;0;0;0;0;0
7970501922;-2.407933;0;0;0;0;0;0;0;0;0;0
7971007765;-2.3997943;0;0;0;0;0;0;0;0;0;0
7971514203;-2.3631506;0;0;0;0;0;0;0;0;0;0
7972019783;-2.2882547;0;0;0;0;0;0;0;0;0;0
7972525785;-2.2194717;0;0;0;0;0;0;0;0;0;0
7973032004;-2.1766682;0;0;0;0;0;0;0;0;0;0
7973537765;-2.2286036;0;0;0;0;0;0;0;0;0;0
7974043785;-2.114659;0;0;0;0;0;0;0;0;0;0
7974549764;-2.0811367;0;0;0;0;0;0;0;0;0;0
7975055766;-2.0402179;0;0;0;0;0;0;0;0;0;0
7975562013;-1.946701;0;0;0;0;0;0;0;0;0;0
7976067824;-2.0231125;0;0;0;0;0;0;0;0;0;0
7976573863;-1.9696076;0;0;0;0;0;0;0;0;0;0
7977079768;-1.9092491;0;0;0;0;0;0;0;0;0;0
7977585786;-1.8682753;0;0;0;0;0;0;0;0;0;0
7978092403;-1.8890214;0;0;0;0;0;0;0;0;0;0
7978597987;-1.956878;0;0;0;0;0;0;0;0;0;0
7979103973;-2.0828753;0;0;0;0;0;0;0;0;0;0
7979609766;-2.271572;0;0;0;0;0;0;0;0;0;0
7980115767;-2.2847843;0;0;0;0;0;0;0;0;0;0
7980621909;-2.3051522;0;0;0;0;0;0;0;0;0;0
7981127767;-2.3853533;0;0;0;0;0;0;0;0;0;0
7981633862;-2.4307446;0;0;0;0;0;0;0;0;0;0
7982139767;-2.4755893;0;0;0;0;0;0;0;0;0;0
7982645792;-2.6105676;0;0;0;0;0;0;0;0;0;0
7983151930;-2.626675;0;0;0;0;0;0;0;0;0;0
7983657765;-2.626138;0;0;0;0;0;0;0;0;0;0
7984163767;-2.5816944;0;0;0;0;0;0;0;0;0;0
7984670887;-2.6892905;0;0;0;0;0;0;0;0;0;0
7985176811;-2.6907454;0;0;0;0;0;0;0;0;0;0
7985682767;-2.6873684;0;0;0;0;0;0;0;0;0;0
7986188766;-2.8465428;0;0;0;0;0;0;0;0;0;0
7986694787;-2.861911;0;0;0;0;0;0;0;0;0;0
7987200883;-2.8866649;0;0;0;0;0;0;0;0;0;0
7987706786;-2.9539576;0;0;0;0;0;0;0;0;0;0
7988212765;-2.9816444;0;0;0;0;0;0;0;0;0;0
7988719163;-2.9049354;0;0;0;0;0;0;0;0;0;0
7989224767;-2.9490492;0;0;0;0;0;0;0;0;0;0
7989731400;-2.8621883;0;0;0;0;0;0;0;0;0;0
7990236789;-2.7906764;0;0;0;0;0;0;0;0;0;0
7990742768;-2.8501217;0;0;0;0;0;0;0;0;0;0
7991248851;-2.8105245;0;0;0;0;0;0;0;0;0;0
7991754826;-2.9641564;0;0;0;0;0;0;0;0;0;0
7992260768;-3.0049686;0;0;0;0;0;0;0;0;0;0
7992766784;-2.9028335;0;0;0;0;0;0;0;0;0;0
7993272767;-2.7582474;0;0;0;0;0;0;0;0;0;0
7993779026;-2.6236165;0;0;0;0;0;0;0;0;0;0
7994284765;-2.570149;0;0;0;0;0;0;0;0;0;0
7994790766;-2.5239487;0;0;0;0;0;0;0;0;0;0
7995296904;-2.5304983;0;0;0;0;0;0;0;0;0;0
7995802784;-2.4811718;0;0;0;0;0;0;0;0;0;0
7996308869;-2.5235531;0;0;0;0;0;0;0;0;0;0
7996814766;-2.6235766;0;0;0;0;0;0;0;0;0;0
7997322123;-2.6137578;0;0;0;0;0;0;0;0;0;0
7997827785;-2.5758595;0;0;0;0;0;0;0;0;0;0
7998333766;-2.5147932;0;0;0;0;0;0;0;0;0;0
7998839785;-2.492988;0;0;0;0;0;0;0;0;0;0
7999346166;-2.460228;0;0;0;0;0;0;0;0;0;0
7999851902;-2.4240391;0;0;0;0;0;0;0;0;0;0
8000357766;-2.4379227;0;0;0;0;0;0;0;0;0;0
8000863765;-2.439386;0;0;0;0;0;0;0;0;0;0
8001369818;-2.4851582;0;0;0;0;0;0;0;0;0;0
8001875767;-2.4266095;0;0;0;0;0;0;0;0;0;0
8002381928;-2.3704977;0;0;0;0;0;0;0;0;0;0
8002887766;-2.274564;0;0;0;0;0;0;0;0;0;0
8003393766;-2.2201784;0;0;0;0;0;0;0;0;0;0
8003899765;-2.0976238;0;0;0;0;0;0;0;0;0;0
8004405799;-2.2032697;0;0;0;0;0;0;0;0;0;0
8004912360;-2.207209;0;0;0;0;0;0;0;0;0;0
8005417849;-2.2819397;0;0;0;0;0;0;0;0;0;0
8005923918;-2.2446983;0;0;0;0;0;0;0;0;0;0
8006429766;-2.2145348;0;0;0;0;0;0;0;0;0;0
8006935919;-2.174778;0;0;0;0;0;0;0;0;0;0
8007441943;-2.072743;0;0;0;0;0;0;0;0;0;0
8007948767;-2.0681138;0;0;0;0;0;0;0;0;0;0
8008455150;-2.0349417;0;0;0;0;0;0;0;0;0;0
8008960767;-2.0330825;0;0;0;0;0;0;0;0;0;0
8009466829;-2.0332184;0;0;0;0;0;0;0;0;0;0
8009972919;-2.0702424;0;0;0;0;0;0;0;0;0;0
8010478787;-2.2544565;0;0;0;0;0;0;0;0;0;0
8010984783;-2.2822454;0;0;0;0;0;0;0;0;0;0
8011490766;-2.3149312;0;0;0;0;0;0;0;0;0;0
8011996765;-2.3405862;0;0;0;0;0;0;0;0;0;0
8012502919;-2.3141634;0;0;0;0;0;0;0;0;0;0
8013008765;-2.20863;0;0;0;0;0;0;0;0;0;0
8013515767;-2.1531675;0;0;0;0;0;0;0;0;0;0
8014022415;-2.1609805;0;0;0;0;0;0;0;0;0;0
8014527766;-2.1305056;0;0;0;0;0;0;0;0;0;0
8015033765;-2.1194255;0;0;0;0;0;0;0;0;0;0
8015539766;-2.1754365;0;0;0;0;0;0;0;0;0;0
8016045765;-2.2109356;0;0;0;0;0;0;0;0;0;0
8016551787;-2.2721555;0;0;0;0;0;0;0;0;0;0
8017057765;-2.2977955;0;0;0;0;0;0;0;0;0;0
8017563767;-2.210118;0;0;0;0;0;0;0;0;0;0
8018069834;-2.2276325;0;0;0;0;0;0;0;0;0;0
8018575766;-2.1851628;0;0;0;0;0;0;0;0;0;0
8019081785;-2.1322968;0;0;0;0;0;0;0;0;0;0
8019587766;-2.0362403;0;0;0;0;0;0;0;0;0;0
8020093780;-1.9837241;0;0;0;0;0;0;0;0;0;0
8020600154;-2.0124114;0;0;0;0;0;0;0;0;0;0
8021105768;-2.0785513;0;0;0;0;0;0;0;0;0;0
8021611782;-2.1104076;0;0;0;0;0;0;0;0;0;0
8022117766;-2.0912528;0;0;0;0;0;0;0;0;0;0
8022623786;-2.118821;0;0;0;0;0;0;0;0;0;0
8023129839;-2.2034423;0;0;0;0;0;0;0;0;0;0
8023635837;-2.138086;0;0;0;0;0;0;0;0;0;0
8024141765;-2.0932457;0;0;0;0;0;0;0;0;0;0
8024647766;-2.2060559;0;0;0;0;0;0;0;0;0;0
8025153765;-2.20026;0;0;0;0;0;0;0;0;0;0
8025659766;-2.1409645;0;0;0;0;0;0;0;0;0;0
8026165844;-2.1063204;0;0;0;0;0;0;0;0;0;0
8026671766;-2.0514736;0;0;0;0;0;0;0;0;0;0
8027177854;-1.9632254;0;0;0;0;0;0;0;0;0;0
8027683766;-1.905637;0;0;0;0;0;0;0;0;0;0
8028189808;-1.983291;0;0;0;0;0;0;0;0;0;0
8028695774;-2.0340471;0;0;0;0;0;0;0;0;0;0
8029201786;-2.0098786;0;0;0;0;0;0;0;0;0;0
8029707765;-1.9826256;0;0;0;0;0;0;0;0;0;0
8030213766;-2.0095036;0;0;0;0;0;0;0;0;0;0
8030719889;-2.1894965;0;0;0;0;0;0;0;0;0;0
8031226154;-2.2325523;0;0;0;0;0;0;0;0;0;0
8031731839;-2.440058;0;0;0;0;0;0;0;0;0;0
8032237779;-2.620385;0;0;0;0;0;0;0;0;0;0
8032743766;-2.7182539;0;0;0;0;0;0;0;0;0;0
8033249765;-2.7307572;0;0;0;0;0;0;0;0;0;0
8033755765;-2.816607;0;0;0;0;0;0;0;0;0;0
8034261769;-2.9034865;0;0;0;0;0;0;0;0;0;0
8034767765;-3.1164849;0;0;0;0;0;0;0;0;0;0
8035274006;-3.13246;0;0;0;0;0;0;0;0;0;0
8035780436;-3.2205553;0;0;0;0;0;0;0;0;0;0
8036285767;-3.327557;0;0;0;0;0;0;0;0;0;0
8036791765;-3.3910484;0;0;0;0;0;0;0;0;0;0
8037297765;-3.2428656;0;0;0;0;0;0;0;0;0;0
8037803766;-3.1921735;0;0;0;0;0;0;0;0;0;0
8038309767;-3.2583108;0;0;0;0;0;0;0;0;0;0
8038815766;-3.1740985;0;0;0;0;0;0;0;0;0;0
8039321766;-3.234809;0;0;0;0;0;0;0;0;0;0
8039827779;-3.3063383;0;0;0;0;0;0;0;0;0;0
8040334766;-3.407779;0;0;0;0;0;0;0;0;0;0
8040840767;-3.4554715;0;0;0;0;0;0;0;0;0;0
8041346766;-3.4730394;0;0;0;0;0;0;0;0;0;0
8041852765;-3.4525764;0;0;0;0;0;0;0;0;0;0
8042358865;-3.4969695;0;0;0;0;0;0;0;0;0;0
8042864767;-3.532928;0;0;0;0;0;0;0;0;0;0
8043370769;-3.6011374;0;0;0;0;0;0;0;0;0;0
8043876803;-3.6308818;0;0;0;0;0;0;0;0;0;0
8044382806;-3.5837631;0;0;0;0;0;0;0;0;0;0
8044890766;-3.4496388;0;0;0;0;0;0;0;0;0;0
8045396766;-3.3541503;0;0;0;0;0;0;0;0;0;0
8045903172;-3.2935512;0;0;0;0;0;0;0;0;0;0
8046408766;-3.2391195;0;0;0;0;0;0;0;0;0;0
8046915162;-3.1061502;0;0;0;0;0;0;0;0;0;0
8047420767;-2.946231;0;0;0;0;0;0;0;0;0;0
8047926773;-2.917426;0;0;0;0;0;0;0;0;0;0
8048432767;-2.9816747;0;0;0;0;0;0;0;0;0;0
8048938786;-2.975867;0;0;0;0;0;0;0;0;0;0
8049445197;-2.8828843;0;0;0;0;0;0;0;0;0;0
8049950767;-2.8049598;0;0;0;0;0;0;0;0;0;0
8050456766;-2.6877491;0;0;0;0;0;0;0;0;0;0
8050962765;-2.6330667;0;0;0;0;0;0;0;0;0;0
8051468815;-2.5362346;0;0;0;0;0;0;0;0;0;0
8051975025;-2.561567;0;0;0;0;0;0;0;0;0;0
8052480906;-2.569114;0;0;0;0;0;0;0;0;0;0
8052986785;-2.7482076;0;0;0;0;0;0;0;0;0;0
8053492809;-2.7806334;0;0;0;0;0;0;0;0;0;0
8053998766;-2.73;0;0;0;0;0;0;0;0;0;0
8054505590;-2.8335185;0;0;0;0;0;0;0;0;0;0
8055010766;-2.740114;0;0;0;0;0;0;0;0;0;0
8055516766;-2.7755044;0;0;0;0;0;0;0;0;0;0
8056022766;-2.8713288;0;0;0;0;0;0;0;0;0;0
8056528765;-2.9674313;0;0;0;0;0;0;0;0;0;0
8057035453;-2.9714096;0;0;0;0;0;0;0;0;0;0
8057540791;-2.947986;0;0;0;0;0;0;0;0;0;0
8058046766;-2.8499863;0;0;0;0;0;0;0;0;0;0
8058552766;-2.7279387;0;0;0;0;0;0;0;0;0;0
8059059794;-2.6345713;0;0;0;0;0;0;0;0;0;0
8059565791;-2.6043773;0;0;0;0;0;0;0;0;0;0
8060071914;-2.5291953;0;0;0;0;0;0;0;0;0;0
8060578008;-2.6203043;0;0;0;0;0;0;0;0;0;0
8061083766;-2.6260347;0;0;0;0;0;0;0;0;0;0
8061589765;-2.8657286;0;0;0;0;0;0;0;0;0;0
8062095767;-2.8913689;0;0;0;0;0;0;0;0;0;0
8062601817;-2.7985287;0;0;0;0;0;0;0;0;0;0
8063107765;-2.8166656;0;0;0;0;0;0;0;0;0;0
8063613767;-2.839634;0;0;0;0;0;0;0;0;0;0
8064119766;-2.8367527;0;0;0;0;0;0;0;0;0;0
8064625765;-2.7876434;0;0;0;0;0;0;0;0;0;0
8065132316;-2.8300047;0;0;0;0;0;0;0;0;0;0
8065637766;-2.7751966;0;0;0;0;0;0;0;0;0;0
8066143768;-2.7468379;0;0;0;0;0;0;0;0;0;0
8066649789;-2.744821;0;0;0;0;0;0;0;0;0;0
8067155767;-2.8841531;0;0;0;0;0;0;0;0;0;0
8067661768;-3.0066051;0;0;0;0;0;0;0;0;0;0
8068167831;-2.9553225;0;0;0;0;0;0;0;0;0;0
8068673796;-2.8265195;0;0;0;0;0;0;0;0;0;0
8069179856;-2.7408044;0;0;0;0;0;0;0;0;0;0
8069685766;-2.672892;0;0;0;0;0;0;0;0;0;0
8070191821;-2.6137774;0;0;0;0;0;0;0;0;0;0
8070697767;-2.6333106;0;0;0;0;0;0;0;0;0;0
8071203784;-2.7190611;0;0;0;0;0;0;0;0;0;0
8071709978;-2.6313598;0;0;0;0;0;0;0;0;0;0
8072215765;-2.6671517;0;0;0;0;0;0;0;0;0;0
8072721904;-2.7017;0;0;0;0;0;0;0;0;0;0
8073227766;-2.7865393;0;0;0;0;0;0;0;0;0;0
8073733765;-2.8948834;0;0;0;0;0;0;0;0;0;0
8074239765;-2.7660978;0;0;0;0;0;0;0;0;0;0
8074747826;-2.9334183;0;0;0;0;0;0;0;0;0;0
8075253852;-3.077919;0;0;0;0;0;0;0;0;0;0
8075759767;-3.1863542;0;0;0;0;0;0;0;0;0;0
8076265989;-3.125997;0;0;0;0;0;0;0;0;0;0
8076771779;-3.2282338;0;0;0;0;0;0;0;0;0;0
8077277774;-3.346983;0;0;0;0;0;0;0;0;0;0
8077783766;-3.3444364;0;0;0;0;0;0;0;0;0;0
8078289765;-3.4510727;0;0;0;0;0;0;0;0;0;0
8078795902;-3.4280674;0;0;0;0;0;0;0;0;0;0
8079301765;-3.4412835;0;0;0;0;0;0;0;0;0;0
8079808330;-3.6381936;0;0;0;0;0;0;0;0;0;0
8080313765;-3.6030226;0;0;0;0;0;0;0;0;0;0
8080819784;-3.6680238;0;0;0;0;0;0;0;0;0;0
8081325970;-3.6278117;0;0;0;0;0;0;0;0;0;0
8081831767;-3.6814167;0;0;0;0;0;0;0;0;0;0
8082337845;-3.8020477;0;0;0;0;0;0;0;0;0;0
8082844143;-3.7751298;0;0;0;0;0;0;0;0;0;0
8083349765;-3.8560157;0;0;0;0;0;0;0;0;0;0
8083856016;-3.839704;0;0;0;0;0;0;0;0;0;0
8084361767;-3.8497038;0;0;0;0;0;0;0;0;0;0
8084867840;-3.825889;0;0;0;0;0;0;0;0;0;0
8085373768;-3.8762975;0;0;0;0;0;0;0;0;0;0
8085879766;-3.8672721;0;0;0;0;0;0;0;0;0;0
8086385970;-3.896037;0;0;0;0;0;0;0;0;0;0
8086891766;-3.9007394;0;0;0;0;0;0;0;0;0;0
8087397783;-3.8852956;0;0;0;0;0;0;0;0;0;0
8087903799;-3.8700016;0;0;0;0;0;0;0;0;0;0
8088409765;-3.932292;0;0;0;0;0;0;0;0;0;0
8088915920;-3.8206692;0;0;0;0;0;0;0;0;0;0
8089421777;-3.8504415;0;0;0;0;0;0;0;0;0;0
8089928765;-3.9067476;0;0;0;0;0;0;0;0;0;0
8090435047;-3.9284906;0;0;0;0;0;0;0;0;0;0
8090940778;-3.8453274;0;0;0;0;0;0;0;0;0;0
8091447183;-3.7944043;0;0;0;0;0;0;0;0;0;0
8091952765;-3.8481688;0;0;0;0;0;0;0;0;0;0
8092458836;-3.8127809;0;0;0;0;0;0;0;0;0;0
8092964810;-3.7560887;0;0;0;0;0;0;0;0;0;0
8093470837;-3.6817892;0;0;0;0;0;0;0;0;0;0
8093977301;-3.5423737;0;0;0;0;0;0;0;0;0;0
8094482767;-3.5280366;0;0;0;0;0;0;0;0;0;0
8094988767;-3.4101934;0;0;0;0;0;0;0;0;0;0
8095494766;-3.3997247;0;0;0;0;0;0;0;0;0;0
8096000766;-3.21698;0;0;0;0;0;0;0;0;0;0
8096506932;-3.1017172;0;0;0;0;0;0;0;0;0;0
8097012767;-3.0458632;0;0;0;0;0;0;0;0;0;0
8097518766;-2.9707901;0;0;0;0;0;0;0;0;0;0
8098024766;-2.9828887;0;0;0;0;0;0;0;0;0;0
8098530767;-3.132661;0;0;0;0;0;0;0;0;0;0
8099037300;-3.2918315;0;0;0;0;0;0;0;0;0;0
8099542785;-3.4040859;0;0;0;0;0;0;0;0;0;0
8100048785;-3.4360769;0;0;0;0;0;0;0;0;0;0
8100554812;-3.3634002;0;0;0;0;0;0;0;0;0;0
8101060826;-3.379061;0;0;0;0;0;0;0;0;0;0
8101567316;-3.289837;0;0;0;0;0;0;0;0;0;0
8102072807;-3.2617903;0;0;0;0;0;0;0;0;0;0
8102578777;-3.282011;0;0;0;0;0;0;0;0;0;0
8103086411;-3.411125;0;0;0;0;0;0;0;0;0;0
8103591791;-3.3055642;0;0;0;0;0;0;0;0;0;0
8104097766;-3.2842562;0;0;0;0;0;0;0;0;0;0
8104603765;-3.290271;0;0;0;0;0;0;0;0;0;0
8105109936;-3.327578;0;0;0;0;0;0;0;0;0;0
8105615794;-3.3665814;0;0;0;0;0;0;0;0;0;0
8106121765;-3.35623;0;0;0;0;0;0;0;0;0;0
8106627808;-3.3880353;0;0;0;0;0;0;0;0;0;0
8107133765;-3.371303;0;0;0;0;0;0;0;0;0;0
8107639765;-3.396911;0;0;0;0;0;0;0;0;0;0
8108145766;-3.3222625;0;0;0;0;0;0;0;0;0;0
8108651766;-3.2894409;0;0;0;0;0;0;0;0;0;0
8109157827;-3.1772685;0;0;0;0;0;0;0;0;0;0
8109663963;-3.0625637;0;0;0;0;0;0;0;0;0;0
8110169779;-3.0162373;0;0;0;0;0;0;0;0;0;0
8110675927;-2.9600644;0;0;0;0;0;0;0;0;0;0
8111181791;-2.966297;0;0;0;0;0;0;0;0;0;0
8111687780;-3.0004408;0;0;0;0;0;0;0;0;0;0
8112193766;-2.9770372;0;0;0;0;0;0;0;0;0;0
8112700473;-2.8685865;0;0;0;0;0;0;0;0;0;0
8113205827;-2.7306802;0;0;0;0;0;0;0;0;0;0
8113711784;-2.6319559;0;0;0;0;0;0;0;0;0;0
8114217766;-2.6129043;0;0;0;0;0;0;0;0;0;0
8114723766;-2.6585732;0;0;0;0;0;0;0;0;0;0
8115229766;-2.7678998;0;0;0;0;0;0;0;0;0;0
8115735767;-2.8377266;0;0;0;0;0;0;0;0;0;0
8116241825;-2.8393042;0;0;0;0;0;0;0;0;0;0
8116747785;-3.037358;0;0;0;0;0;0;0;0;0;0
8117253773;-3.0670404;0;0;0;0;0;0;0;0;0;0
8117759767;-2.9946141;0;0;0;0;0;0;0;0;0;0
8118266312;-2.857873;0;0;0;0;0;0;0;0;0;0
8118771781;-2.8804073;0;0;0;0;0;0;0;0;0;0
8119277967;-2.9178054;0;0;0;0;0;0;0;0;0;0
8119783784;-3.015839;0;0;0;0;0;0;0;0;0;0
8120289784;-3.0345104;0;0;0;0;0;0;0;0;0;0
8120796766;-3.0663764;0;0;0;0;0;0;0;0;0;0
8121303765;-3.16689;0;0;0;0;0;0;0;0;0;0
8121809803;-3.2029445;0;0;0;0;0;0;0;0;0;0
8122315844;-3.3438275;0;0;0;0;0;0;0;0;0;0
8122821766;-3.3924603;0;0;0;0;0;0;0;0;0;0
8123328322;-3.5285354;0;0;0;0;0;0;0;0;0;0
8123833869;-3.5125132;0;0;0;0;0;0;0;0;0;0
8124339810;-3.5569806;0;0;0;0;0;0;0;0;0;0
8124845766;-3.4298878;0;0;0;0;0;0;0;0;0;0
8125351814;-3.3726497;0;0;0;0;0;0;0;0;0;0
8125857967;-3.4077241;0;0;0;0;0;0;0;0;0;0
8126364325;-3.484032;0;0;0;0;0;0;0;0;0;0
8126869780;-3.4158888;0;0;0;0;0;0;0;0;0;0
8127375766;-3.460818;0;0;0;0;0;0;0;0;0;0
8127881803;-3.3259065;0;0;0;0;0;0;0;0;0;0
8128387966;-3.181405;0;0;0;0;0;0;0;0;0;0
8128893776;-2.9977448;0;0;0;0;0;0;0;0;0;0
8129399765;-2.8365188;0;0;0;0;0;0;0;0;0;0
8129905765;-2.7397354;0;0;0;0;0;0;0;0;0;0
8130412765;-2.6598687;0;0;0;0;0;0;0;0;0;0
8130919865;-2.6486168;0;0;0;0;0;0;0;0;0;0
8131425764;-2.565139;0;0;0;0;0;0;0;0;0;0
8131931786;-2.5305886;0;0;0;0;0;0;0;0;0;0
8132438060;-2.4739013;0;0;0;0;0;0;0;0;0;0
8132943798;-2.436827;0;0;0;0;0;0;0;0;0;0
8133449989;-2.3241935;0;0;0;0;0;0;0;0;0;0
8133955767;-2.3283994;0;0;0;0;0;0;0;0;0;0
8134461801;-2.3746848;0;0;0;0;0;0;0;0;0;0
8134967767;-2.4274392;0;0;0;0;0;0;0;0;0;0
8135473833;-2.428866;0;0;0;0;0;0;0;0;0;0
8135979795;-2.2932825;0;0;0;0;0;0;0;0;0;0
8136485790;-2.325171;0;0;0;0;0;0;0;0;0;0
8136991766;-2.255915;0;0;0;0;0;0;0;0;0;0
8137497766;-2.2127192;0;0;0;0;0;0;0;0;0;0
8138004177;-2.140632;0;0;0;0;0;0;0;0;0;0
8138509769;-2.2366133;0;0;0;0;0;0;0;0;0;0
8139015784;-2.3518233;0;0;0;0;0;0;0;0;0;0
8139521764;-2.368603;0;0;0;0;0;0;0;0;0;0
8140027767;-2.4754138;0;0;0;0;0;0;0;0;0;0
8140534767;-2.4964142;0;0;0;0;0;0;0;0;0;0
8141040766;-2.5201604;0;0;0;0;0;0;0;0;0;0
8141546840;-2.509154;0;0;0;0;0;0;0;0;0;0
8142052778;-2.4243426;0;0;0;0;0;0;0;0;0;0
8142558831;-2.4091713;0;0;0;0;0;0;0;0;0;0
8143064977;-2.3764088;0;0;0;0;0;0;0;0;0;0
8143570765;-2.367324;0;0;0;0;0;0;0;0;0;0
8144077786;-2.3504176;0;0;0;0;0;0;0;0;0;0
8144583765;-2.4147975;0;0;0;0;0;0;0;0;0;0
8145089904;-2.4171;0;0;0;0;0;0;0;0;0;0
8145595767;-2.3736248;0;0;0;0;0;0;0;0;0;0
8146101766;-2.3757842;0;0;0;0;0;0;0;0;0;0
8146607784;-2.325544;0;0;0;0;0;0;0;0;0;0
8147113860;-2.3567433;0;0;0;0;0;0;0;0;0;0
8147619941;-2.3076231;0;0;0;0;0;0;0;0;0;0
8148125790;-2.2296789;0;0;0;0;0;0;0;0;0;0
8148632125;-2.2308095;0;0;0;0;0;0;0;0;0;0
8149137785;-2.3160808;0;0;0;0;0;0;0;0;0;0
8149643786;-2.2230268;0;0;0;0;0;0;0;0;0;0
8150149980;-2.3032289;0;0;0;0;0;0;0;0;0;0
8150655766;-2.4802406;0;0;0;0;0;0;0;0;0;0
8151161767;-2.4958935;0;0;0;0;0;0;0;0;0;0
8151667782;-2.528507;0;0;0;0;0;0;0;0;0;0
8152173767;-2.6007102;0;0;0;0;0;0;0;0;0;0
8152680083;-2.671552;0;0;0;0;0;0;0;0;0;0
8153185833;-2.6986563;0;0;0;0;0;0;0;0;0;0
8153691768;-2.6542146;0;0;0;0;0;0;0;0;0;0
8154197768;-2.5631492;0;0;0;0;0;0;0;0;0;0
8154703785;-2.5507298;0;0;0;0;0;0;0;0;0;0
8155209990;-2.6257687;0;0;0;0;0;0;0;0;0;0
8155715981;-2.573214;0;0;0;0;0;0;0;0;0;0
8156221765;-2.729094;0;0;0;0;0;0;0;0;0;0
8156727843;-2.714404;0;0;0;0;0;0;0;0;0;0
8157233766;-2.586316;0;0;0;0;0;0;0;0;0;0
8157740556;-2.4684033;0;0;0;0;0;0;0;0;0;0
8158245764;-2.4815576;0;0;0;0;0;0;0;0;0;0
8158753767;-2.5269084;0;0;0;0;0;0;0;0;0;0
8159260440;-2.525448;0;0;0;0;0;0;0;0;0;0
8159765812;-2.655439;0;0;0;0;0;0;0;0;0;0
8160271767;-2.5660667;0;0;0;0;0;0;0;0;0;0
8160777784;-2.507574;0;0;0;0;0;0;0;0;0;0
8161283786;-2.491909;0;0;0;0;0;0;0;0;0;0
8161789997;-2.555462;0;0;0;0;0;0;0;0;0;0
8162295766;-2.6276002;0;0;0;0;0;0;0;0;0;0
8162801765;-2.5460954;0;0;0;0;0;0;0;0;0;0
8163307765;-2.4415598;0;0;0;0;0;0;0;0;0;0
8163814108;-2.4331696;0;0;0;0;0;0;0;0;0;0
8164319933;-2.5010042;0;0;0;0;0;0;0;0;0;0
8164826032;-2.520275;0;0;0;0;0;0;0;0;0;0
8165331781;-2.5308695;0;0;0;0;0;0;0;0;0;0
8165837767;-2.5884533;0;0;0;0;0;0;0;0;0;0
8166343779;-2.615284;0;0;0;0;0;0;0;0;0;0
8166850305;-2.5872765;0;0;0;0;0;0;0;0;0;0
8167355886;-2.5168135;0;0;0;0;0;0;0;0;0;0
8167861818;-2.4453804;0;0;0;0;0;0;0;0;0;0
8168367779;-2.3650112;0;0;0;0;0;0;0;0;0;0
8168873768;-2.345068;0;0;0;0;0;0;0;0;0;0
8169379932;-2.3140285;0;0;0;0;0;0;0;0;0;0
8169885807;-2.235202;0;0;0;0;0;0;0;0;0;0
8170391766;-2.1369388;0;0;0;0;0;0;0;0;0;0
8170897858;-2.1505568;0;0;0;0;0;0;0;0;0;0
8171403809;-2.0506728;0;0;0;0;0;0;0;0;0;0
8171909901;-2.0827863;0;0;0;0;0;0;0;0;0;0
8172416152;-2.0419488;0;0;0;0;0;0;0;0;0;0
8172921767;-2.2852733;0;0;0;0;0;0;0;0;0;0
8173427767;-2.2756958;0;0;0;0;0;0;0;0;0;0
8173933766;-2.3330915;0;0;0;0;0;0;0;0;0;0
8174439971;-2.4681818;0;0;0;0;0;0;0;0;0;0
8174945767;-2.4576368;0;0;0;0;0;0;0;0;0;0
8175452765;-2.5143397;0;0;0;0;0;0;0;0;0;0
8175958767;-2.507858;0;0;0;0;0;0;0;0;0;0
8176465766;-2.583142;0;0;0;0;0;0;0;0;0;0
8176971767;-2.6348567;0;0;0;0;0;0;0;0;0;0
8177477765;-2.6061196;0;0;0;0;0;0;0;0;0;0
8177983766;-2.6547868;0;0;0;0;0;0;0;0;0;0
8178490006;-2.6007428;0;0;0;0;0;0;0;0;0;0
8178995767;-2.576754;0;0;0;0;0;0;0;0;0;0
8179501870;-2.6068199;0;0;0;0;0;0;0;0;0;0
8180007767;-2.6512322;0;0;0;0;0;0;0;0;0;0
8180514317;-2.705776;0;0;0;0;0;0;0;0;0;0
8181019955;-2.7569034;0;0;0;0;0;0;0;0;0;0
8181525815;-2.8154626;0;0;0;0;0;0;0;0;0;0
8182031767;-2.8015556;0;0;0;0;0;0;0;0;0;0
8182537767;-2.8510208;0;0;0;0;0;0;0;0;0;0
8183043799;-2.940396;0;0;0;0;0;0;0;0;0;0
8183549968;-2.9997025;0;0;0;0;0;0;0;0;0;0
8184055827;-3.1227176;0;0;0;0;0;0;0;0;0;0
8184561765;-3.0405025;0;0;0;0;0;0;0;0;0;0
8185067827;-2.99748;0;0;0;0;0;0;0;0;0;0
8185573785;-3.0909827;0;0;0;0;0;0;0;0;0;0
8186079982;-3.1150358;0;0;0;0;0;0;0;0;0;0
8186585799;-3.026003;0;0;0;0;0;0;0;0;0;0
8187092093;-3.024501;0;0;0;0;0;0;0;0;0;0
8187597774;-3.0917618;0;0;0;0;0;0;0;0;0;0
8188103834;-3.147777;0;0;0;0;0;0;0;0;0;0
8188611280;-3.188711;0;0;0;0;0;0;0;0;0;0
8189116831;-3.3683136;0;0;0;0;0;0;0;0;0;0
8189622858;-3.2760146;0;0;0;0;0;0;0;0;0;0
8190128767;-3.153459;0;0;0;0;0;0;0;0;0;0
8190634764;-3.2155983;0;0;0;0;0;0;0;0;0;0
8191141045;-3.135004;0;0;0;0;0;0;0;0;0;0
8191646766;-3.0720482;0;0;0;0;0;0;0;0;0;0
8192153093;-3.041972;0;0;0;0;0;0;0;0;0;0
8192658822;-3.1113644;0;0;0;0;0;0;0;0;0;0
8193164767;-2.9641123;0;0;0;0;0;0;0;0;0;0
8193670767;-2.972791;0;0;0;0;0;0;0;0;0;0
8194176766;-2.9620214;0;0;0;0;0;0;0;0;0;0
8194682765;-3.009466;0;0;0;0;0;0;0;0;0;0
8195188766;-3.0751672;0;0;0;0;0;0;0;0;0;0
8195694786;-3.0912206;0;0;0;0;0;0;0;0;0;0
8196200815;-3.1813304;0;0;0;0;0;0;0;0;0;0
8196706835;-3.2054162;0;0;0;0;0;0;0;0;0;0
8197212788;-3.248761;0;0;0;0;0;0;0;0;0;0
8197718765;-3.366777;0;0;0;0;0;0;0;0;0;0
8198224865;-3.4519243;0;0;0;0;0;0;0;0;0;0
8198730765;-3.5436335;0;0;0;0;0;0;0;0;0;0
8199236766;-3.535271;0;0;0;0;0;0;0;0;0;0
8199743029;-3.5621004;0;0;0;0;0;0;0;0;0;0
8200248770;-3.5462391;0;0;0;0;0;0;0;0;0;0
8200754978;-3.5915067;0;0;0;0;0;0;0;0;0;0
8201260767;-3.5993347;0;0;0;0;0;0;0;0;0;0
8201766780;-3.6203668;0;0;0;0;0;0;0;0;0;0
8202272786;-3.5963912;0;0;0;0;0;0;0;0;0;0
8202779904;-3.602699;0;0;0;0;0;0;0;0;0;0
8203286765;-3.7012393;0;0;0;0;0;0;0;0;0;0
8203792765;-3.7116702;0;0;0;0;0;0;0;0;0;0
8204298767;-3.7512274;0;0;0;0;0;0;0;0;0;0
8204804766;-3.8444283;0;0;0;0;0;0;0;0;0;0
8205310948;-3.7899084;0;0;0;0;0;0;0;0;0;0
8205816766;-3.7659574;0;0;0;0;0;0;0;0;0;0
8206322766;-3.7947564;0;0;0;0;0;0;0;0;0;0
8206828786;-3.7829;0;0;0;0;0;0;0;0;0;0
8207334781;-3.8084762;0;0;0;0;0;0;0;0;0;0
8207841574;-3.8670998;0;0;0;0;0;0;0;0;0;0
8208346765;-3.8491514;0;0;0;0;0;0;0;0;0;0
8208852764;-3.883137;0;0;0;0;0;0;0;0;0;0
8209358823;-3.96221;0;0;0;0;0;0;0;0;0;0
8209864786;-3.945967;0;0;0;0;0;0;0;0;0;0
8210370920;-3.8692486;0;0;0;0;0;0;0;0;0;0
8210876766;-3.7937288;0;0;0;0;0;0;0;0;0;0
8211382884;-3.7759197;0;0;0;0;0;0;0;0;0;0
8211888766;-3.6973846;0;0;0;0;0;0;0;0;0;0
8212394766;-3.7156787;0;0;0;0;0;0;0;0;0;0
8212901094;-3.7126558;0;0;0;0;0;0;0;0;0;0
8213406802;-3.670145;0;0;0;0;0;0;0;0;0;0
8213912801;-3.662296;0;0;0;0;0;0;0;0;0;0
8214419482;-3.6669273;0;0;0;0;0;0;0;0;0;0
8214924767;-3.681439;0;0;0;0;0;0;0;0;0;0
8215430952;-3.6746163;0;0;0;0;0;0;0;0;0;0
8215936774;-3.6740274;0;0;0;0;0;0;0;0;0;0
8216443398;-3.619766;0;0;0;0;0;0;0;0;0;0
8216948766;-3.511038;0;0;0;0;0;0;0;0;0;0
8217454826;-3.5662453;0;0;0;0;0;0;0;0;0;0
8217962366;-3.580746;0;0;0;0;0;0;0;0;0;0
8218467779;-3.5588648;0;0;0;0;0;0;0;0;0;0
8218973767;-3.5383117;0;0;0;0;0;0;0;0;0;0
8219479766;-3.5981972;0;0;0;0;0;0;0;0;0;0
8219985764;-3.5789006;0;0;0;0;0;0;0;0;0;0
8220492765;-3.6063254;0;0;0;0;0;0;0;0;0;0
8220998766;-3.5669918;0;0;0;0;0;0;0;0;0;0
8221504767;-3.4437044;0;0;0;0;0;0;0;0;0;0
8222011028;-3.4005308;0;0;0;0;0;0;0;0;0;0
8222516837;-3.4012866;0;0;0;0;0;0;0;0;0;0
8223022766;-3.4170947;0;0;0;0;0;0;0;0;0;0
8223528766;-3.4487529;0;0;0;0;0;0;0;0;0;0
8224034766;-3.4904819;0;0;0;0;0;0;0;0;0;0
8224541533;-3.431006;0;0;0;0;0;0;0;0;0;0
8225046766;-3.4496255;0;0;0;0;0;0;0;0;0;0
8225552768;-3.4837084;0;0;0;0;0;0;0;0;0;0
8226059766;-3.4520516;0;0;0;0;0;0;0;0;0;0
8226566115;-3.3949192;0;0;0;0;0;0;0;0;0;0
8227071952;-3.3840957;0;0;0;0;0;0;0;0;0;0
8227577862;-3.3496232;0;0;0;0;0;0;0;0;0;0
8228083814;-3.4737308;0;0;0;0;0;0;0;0;0;0
8228590765;-3.4341507;0;0;0;0;0;0;0;0;0;0
8229096821;-3.4276547;0;0;0;0;0;0;0;0;0;0
8229603018;-3.496536;0;0;0;0;0;0;0;0;0;0
8230108838;-3.58317;0;0;0;0;0;0;0;0;0;0
8230615018;-3.5970676;0;0;0;0;0;0;0;0;0;0
8231120830;-3.5905674;0;0;0;0;0;0;0;0;0;0
8231626955;-3.5634673;0;0;0;0;0;0;0;0;0;0
8232132901;-3.6249652;0;0;0;0;0;0;0;0;0;0
8232638766;-3.623575;0;0;0;0;0;0;0;0;0;0
8233144766;-3.6839077;0;0;0;0;0;0;0;0;0;0
8233650767;-3.5974817;0;0;0;0;0;0;0;0;0;0
8234156766;-3.5929377;0;0;0;0;0;0;0;0;0;0
8234662937;-3.5410547;0;0;0;0;0;0;0;0;0;0
8235168787;-3.5918877;0;0;0;0;0;0;0;0;0;0
8235674788;-3.5366194;0;0;0;0;0;0;0;0;0;0
8236180771;-3.5542018;0;0;0;0;0;0;0;0;0;0
8236686967;-3.5663075;0;0;0;0;0;0;0;0;0;0
8237192942;-3.5307093;0;0;0;0;0;0;0;0;0;0
8237698884;-3.4742486;0;0;0;0;0;0;0;0;0;0
8238204767;-3.4277356;0;0;0;0;0;0;0;0;0;0
8238710786;-3.4158597;0;0;0;0;0;0;0;0;0;0
8239217009;-3.4126432;0;0;0;0;0;0;0;0;0;0
8239722940;-3.4317355;0;0;0;0;0;0;0;0;0;0
8240228968;-3.509549;0;0;0;0;0;0;0;0;0;0
8240734779;-3.5133443;0;0;0;0;0;0;0;0;0;0
8241240766;-3.4536827;0;0;0;0;0;0;0;0;0;0
8241746766;-3.3958828;0;0;0;0;0;0;0;0;0;0
8242252934;-3.2647953;0;0;0;0;0;0;0;0;0;0
8242758766;-3.1984093;0;0;0;0;0;0;0;0;0;0
8243264786;-3.0790436;0;0;0;0;0;0;0;0;0;0
8243771765;-3.0630744;0;0;0;0;0;0;0;0;0;0
8244277950;-3.1657872;0;0;0;0;0;0;0;0;0;0
8244783766;-3.2385595;0;0;0;0;0;0;0;0;0;0
8245289766;-3.1924317;0;0;0;0;0;0;0;0;0;0
8245795778;-3.1685662;0;0;0;0;0;0;0;0;0;0
8246301791;-3.1549003;0;0;0;0;0;0;0;0;0;0
8246807854;-3.125548;0;0;0;0;0;0;0;0;0;0
8247313768;-3.0639734;0;0;0;0;0;0;0;0;0;0
8247819766;-3.009444;0;0;0;0;0;0;0;0;0;0
8248325767;-2.8837056;0;0;0;0;0;0;0;0;0;0
8248832796;-2.8109088;0;0;0;0;0;0;0;0;0;0
8249338785;-2.796938;0;0;0;0;0;0;0;0;0;0
8249846481;-2.718668;0;0;0;0;0;0;0;0;0;0
8250351799;-2.707879;0;0;0;0;0;0;0;0;0;0
8250857816;-2.6846142;0;0;0;0;0;0;0;0;0;0
8251364150;-2.6429949;0;0;0;0;0;0;0;0;0;0
8251869767;-2.6106975;0;0;0;0;0;0;0;0;0;0
8252375802;-2.6155117;0;0;0;0;0;0;0;0;0;0
8252881765;-2.594554;0;0;0;0;0;0;0;0;0;0
8253387766;-2.5918841;0;0;0;0;0;0;0;0;0;0
8253893768;-2.5918229;0;0;0;0;0;0;0;0;0;0
8254399767;-2.5128577;0;0;0;0;0;0;0;0;0;0
8254906766;-2.5287037;0;0;0;0;0;0;0;0;0;0
8255413241;-2.5633585;0;0;0;0;0;0;0;0;0;0
8255918766;-2.5956204;0;0;0;0;0;0;0;0;0;0
8256424767;-2.54477;0;0;0;0;0;0;0;0;0;0
8256930766;-2.5129151;0;0;0;0;0;0;0;0;0;0
8257436765;-2.530818;0;0;0;0;0;0;0;0;0;0
8257942767;-2.5212033;0;0;0;0;0;0;0;0;0;0
8258448772;-2.5257204;0;0;0;0;0;0;0;0;0;0
8258954852;-2.608147;0;0;0;0;0;0;0;0;0;0
8259462339;-2.6236348;0;0;0;0;0;0;0;0;0;0
8259967785;-2.592495;0;0;0;0;0;0;0;0;0;0
8260474286;-2.5382352;0;0;0;0;0;0;0;0;0;0
8260979787;-2.5888827;0;0;0;0;0;0;0;0;0;0
8261485965;-2.6534195;0;0;0;0;0;0;0;0;0;0
8261991766;-2.7562637;0;0;0;0;0;0;0;0;0;0
8262497765;-2.8044252;0;0;0;0;0;0;0;0;0;0
8263003932;-2.7167754;0;0;0;0;0;0;0;0;0;0
8263509767;-2.6678178;0;0;0;0;0;0;0;0;0;0
8264015902;-2.744998;0;0;0;0;0;0;0;0;0;0
8264521776;-2.6906238;0;0;0;0;0;0;0;0;0;0
8265027765;-2.63293;0;0;0;0;0;0;0;0;0;0
8265533837;-2.6517868;0;0;0;0;0;0;0;0;0;0
8266039766;-2.6467505;0;0;0;0;0;0;0;0;0;0
8266545973;-2.6403546;0;0;0;0;0;0;0;0;0;0
8267052836;-2.6065488;0;0;0;0;0;0;0;0;0;0
8267558767;-2.5825746;0;0;0;0;0;0;0;0;0;0
8268064972;-2.5501573;0;0;0;0;0;0;0;0;0;0
8268570799;-2.653148;0;0;0;0;0;0;0;0;0;0
8269076766;-2.6883316;0;0;0;0;0;0;0;0;0;0
8269582766;-2.7256367;0;0;0;0;0;0;0;0;0;0
8270088813;-2.6357815;0;0;0;0;0;0;0;0;0;0
8270594765;-2.730737;0;0;0;0;0;0;0;0;0;0
8271102082;-2.7180996;0;0;0;0;0;0;0;0;0;0
8271607766;-2.7576919;0;0;0;0;0;0;0;0;0;0
8272113766;-2.7676258;0;0;0;0;0;0;0;0;0;0
8272619766;-2.8033664;0;0;0;0;0;0;0;0;0;0
8273125765;-2.791292;0;0;0;0;0;0;0;0;0;0
8273631766;-2.75005;0;0;0;0;0;0;0;0;0;0
8274137784;-2.7138252;0;0;0;0;0;0;0;0;0;0
8274643772;-2.6798298;0;0;0;0;0;0;0;0;0;0
8275149767;-2.6140409;0;0;0;0;0;0;0;0;0;0
8275655797;-2.5462046;0;0;0;0;0;0;0;0;0;0
8276162363;-2.5664623;0;0;0;0;0;0;0;0;0;0
8276668766;-2.5239916;0;0;0;0;0;0;0;0;0;0
8277174766;-2.5503738;0;0;0;0;0;0;0;0;0;0
8277680765;-2.5435271;0;0;0;0;0;0;0;0;0;0
8278187860;-2.5365794;0;0;0;0;0;0;0;0;0;0
8278694895;-2.5233788;0;0;0;0;0;0;0;0;0;0
8279200766;-2.506706;0;0;0;0;0;0;0;0;0;0
8279706765;-2.4375203;0;0;0;0;0;0;0;0;0;0
8280212767;-2.5298672;0;0;0;0;0;0;0;0;0;0
8280718766;-2.4578133;0;0;0;0;0;0;0;0;0;0
8281224766;-2.4385316;0;0;0;0;0;0;0;0;0;0
8281730768;-2.3987806;0;0;0;0;0;0;0;0;0;0
8282236911;-2.375178;0;0;0;0;0;0;0;0;0;0
8282742765;-2.3306334;0;0;0;0;0;0;0;0;0;0
8283248764;-2.3787696;0;0;0;0;0;0;0;0;0;0
8283754845;-2.4044151;0;0;0;0;0;0;0;0;0;0
8284260767;-2.3417704;0;0;0;0;0;0;0;0;0;0
8284766839;-2.2668238;0;0;0;0;0;0;0;0;0;0
8285272765;-2.176887;0;0;0;0;0;0;0;0;0;0
8285778766;-2.0408695;0;0;0;0;0;0;0;0;0;0
8286284904;-1.9264483;0;0;0;0;0;0;0;0;0;0
8286790767;-1.9206622;0;0;0;0;0;0;0;0;0;0
8287297036;-1.926213;0;0;0;0;0;0;0;0;0;0
8287802767;-1.8813703;0;0;0;0;0;0;0;0;0;0
8288308785;-1.8317776;0;0;0;0;0;0;0;0;0;0
8288814778;-1.8952119;0;0;0;0;0;0;0;0;0;0
8289320793;-2.014421;0;0;0;0;0;0;0;0;0;0
8289826765;-2.1426315;0;0;0;0;0;0;0;0;0;0
8290332785;-2.2097206;0;0;0;0;0;0;0;0;0;0
8290838860;-2.186285;0;0;0;0;0;0;0;0;0;0
8291344765;-2.2236729;0;0;0;0;0;0;0;0;0;0
8291850801;-2.2146173;0;0;0;0;0;0;0;0;0;0
8292356766;-2.2566;0;0;0;0;0;0;0;0;0;0
8292862960;-2.3741214;0;0;0;0;0;0;0;0;0;0
8293368831;-2.3062525;0;0;0;0;0;0;0;0;0;0
8293874765;-2.3411644;0;0;0;0;0;0;0;0;0;0
8294380766;-2.439239;0;0;0;0;0;0;0;0;0;0
8294887211;-2.6254573;0;0;0;0;0;0;0;0;0;0
8295392766;-2.754478;0;0;0;0;0;0;0;0;0;0
8295898976;-2.9237232;0;0;0;0;0;0;0;0;0;0
8296404782;-3.0109434;0;0;0;0;0;0;0;0;0;0
8296910790;-3.0199943;0;0;0;0;0;0;0;0;0;0
8297416785;-3.0228357;0;0;0;0;0;0;0;0;0;0
8297922767;-3.0275996;0;0;0;0;0;0;0;0;0;0
8298428787;-3.0583186;0;0;0;0;0;0;0;0;0;0
8298934766;-3.0253725;0;0;0;0;0;0;0;0;0;0
8299440877;-3.0908365;0;0;0;0;0;0;0;0;0;0
8299946768;-3.1796346;0;0;0;0;0;0;0;0;0;0
8300452775;-3.2806613;0;0;0;0;0;0;0;0;0;0
8300958873;-3.2795427;0;0;0;0;0;0;0;0;0;0
8301464766;-3.1221554;0;0;0;0;0;0;0;0;0;0
8301971765;-3.2004597;0;0;0;0;0;0;0;0;0;0
8302477766;-3.2725384;0;0;0;0;0;0;0;0;0;0
8302983767;-3.2530658;0;0;0;0;0;0;0;0;0;0
8303489998;-3.2835827;0;0;0;0;0;0;0;0;0;0
8303995765;-3.3044972;0;0;0;0;0;0;0;0;0;0
8304501764;-3.2826414;0;0;0;0;0;0;0;0;0;0
8305007767;-3.173158;0;0;0;0;0;0;0;0;0;0
8305514790;-3.1189103;0;0;0;0;0;0;0;0;0;0
8306020766;-3.1118293;0;0;0;0;0;0;0;0;0;0
8306526798;-3.1130242;0;0;0;0;0;0;0;0;0;0
8307033169;-3.2067475;0;0;0;0;0;0;0;0;0;0
8307538786;-3.161036;0;0;0;0;0;0;0;0;0;0
8308044786;-3.1026633;0;0;0;0;0;0;0;0;0;0
8308550818;-3.098013;0;0;0;0;0;0;0;0;0;0
8309056766;-3.1251612;0;0;0;0;0;0;0;0;0;0
8309562779;-3.147374;0;0;0;0;0;0;0;0;0;0
8310068827;-3.1826472;0;0;0;0;0;0;0;0;0;0
8310574764;-3.1519237;0;0;0;0;0;0;0;0;0;0
8311080767;-3.171401;0;0;0;0;0;0;0;0;0;0
8311587062;-3.2351506;0;0;0;0;0;0;0;0;0;0
8312092765;-3.2378197;0;0;0;0;0;0;0;0;0;0
8312598869;-3.246533;0;0;0;0;0;0;0;0;0;0
8313104817;-3.2211087;0;0;0;0;0;0;0;0;0;0
8313610854;-3.252647;0;0;0;0;0;0;0;0;0;0
8314117906;-3.2862377;0;0;0;0;0;0;0;0;0;0
8314623767;-3.299806;0;0;0;0;0;0;0;0;0;0
8315129943;-3.3007777;0;0;0;0;0;0;0;0;0;0
8315636090;-3.238988;0;0;0;0;0;0;0;0;0;0
8316141872;-3.1808617;0;0;0;0;0;0;0;0;0;0
8316648023;-3.1132538;0;0;0;0;0;0;0;0;0;0
8317153845;-3.0076067;0;0;0;0;0;0;0;0;0;0
8317659938;-2.8834496;0;0;0;0;0;0;0;0;0;0
8318165767;-2.7655387;0;0;0;0;0;0;0;0;0;0
8318672767;-2.6741087;0;0;0;0;0;0;0;0;0;0
8319178784;-2.5955112;0;0;0;0;0;0;0;0;0;0
8319685841;-2.4852402;0;0;0;0;0;0;0;0;0;0
8320191786;-2.3590543;0;0;0;0;0;0;0;0;0;0
8320697766;-2.2589333;0;0;0;0;0;0;0;0;0;0
8321204135;-2.1834671;0;0;0;0;0;0;0;0;0;0
8321709991;-2.165698;0;0;0;0;0;0;0;0;0;0
8322215766;-2.1589177;0;0;0;0;0;0;0;0;0;0
8322721764;-2.2012506;0;0;0;0;0;0;0;0;0;0
8323227765;-2.2201648;0;0;0;0;0;0;0;0;0;0
8323734061;-2.1799784;0;0;0;0;0;0;0;0;0;0
8324239932;-2.1638227;0;0;0;0;0;0;0;0;0;0
8324746365;-2.1483397;0;0;0;0;0;0;0;0;0;0
8325251822;-2.152672;0;0;0;0;0;0;0;0;0;0
8325757879;-2.1715586;0;0;0;0;0;0;0;0;0;0
8326263791;-2.168203;0;0;0;0;0;0;0;0;0;0
8326770020;-2.174852;0;0;0;0;0;0;0;0;0;0
8327275818;-2.2634356;0;0;0;0;0;0;0;0;0;0
8327781788;-2.3010385;0;0;0;0;0;0;0;0;0;0
8328287766;-2.3821182;0;0;0;0;0;0;0;0;0;0
8328793852;-2.3898027;0;0;0;0;0;0;0;0;0;0
8329299916;-2.3757172;0;0;0;0;0;0;0;0;0;0
8329805768;-2.4837484;0;0;0;0;0;0;0;0;0;0
8330311784;-2.4674504;0;0;0;0;0;0;0;0;0;0
8330817765;-2.4007695;0;0;0;0;0;0;0;0;0;0
8331324813;-2.3250823;0;0;0;0;0;0;0;0;0;0
8331830965;-2.2261436;0;0;0;0;0;0;0;0;0;0
8332336766;-2.1685448;0;0;0;0;0;0;0;0;0;0
8332843767;-2.13063;0;0;0;0;0;0;0;0;0;0
8333349813;-2.1316617;0;0;0;0;0;0;0;0;0;0
8333855766;-2.0651102;0;0;0;0;0;0;0;0;0;0
8334361766;-2.0413125;0;0;0;0;0;0;0;0;0;0
8334867767;-1.9666505;0;0;0;0;0;0;0;0;0;0
8335373850;-1.9941195;0;0;0;0;0;0;0;0;0;0
8335879780;-1.9344648;0;0;0;0;0;0;0;0;0;0
8336385803;-2.0123825;0;0;0;0;0;0;0;0;0;0
8336891812;-2.0254147;0;0;0;0;0;0;0;0;0;0
8337397785;-2.0899775;0;0;0;0;0;0;0;0;0;0
8337903765;-2.1958237;0;0;0;0;0;0;0;0;0;0
8338409766;-2.304934;0;0;0;0;0;0;0;0;0;0
8338915765;-2.3295102;0;0;0;0;0;0;0;0;0;0
8339421848;-2.32153;0;0;0;0;0;0;0;0;0;0
8339927766;-2.3456247;0;0;0;0;0;0;0;0;0;0
8340434260;-2.5349886;0;0;0;0;0;0;0;0;0;0
8340939786;-2.6232018;0;0;0;0;0;0;0;0;0;0
8341445766;-2.6229196;0;0;0;0;0;0;0;0;0;0
8341951766;-2.687715;0;0;0;0;0;0;0;0;0;0
8342457776;-2.753699;0;0;0;0;0;0;0;0;0;0
8342963766;-2.7387142;0;0;0;0;0;0;0;0;0;0
8343470903;-2.7409513;0;0;0;0;0;0;0;0;0;0
8343976785;-2.7242985;0;0;0;0;0;0;0;0;0;0
8344483309;-2.7538505;0;0;0;0;0;0;0;0;0;0
8344988811;-2.8464737;0;0;0;0;0;0;0;0;0;0
8345494765;-2.8851743;0;0;0;0;0;0;0;0;0;0
8346000925;-2.8686805;0;0;0;0;0;0;0;0;0;0
8346507810;-2.8553686;0;0;0;0;0;0;0;0;0;0
8347013766;-2.9196343;0;0;0;0;0;0;0;0;0;0
8347519766;-2.9451828;0;0;0;0;0;0;0;0;0;0
8348025765;-2.8990664;0;0;0;0;0;0;0;0;0;0
8348532550;-2.782327;0;0;0;0;0;0;0;0;0;0
8349037766;-2.7203317;0;0;0;0;0;0;0;0;0;0
8349543789;-2.7217042;0;0;0;0;0;0;0;0;0;0
8350049767;-2.794053;0;0;0;0;0;0;0;0;0;0
8350555765;-2.9243536;0;0;0;0;0;0;0;0;0;0
8351061787;-2.988584;0;0;0;0;0;0;0;0;0;0
8351567784;-3.050324;0;0;0;0;0;0;0;0;0;0
8352073896;-3.000753;0;0;0;0;0;0;0;0;0;0
8352579799;-2.9792593;0;0;0;0;0;0;0;0;0;0
8353085783;-3.003925;0;0;0;0;0;0;0;0;0;0
8353592270;-3.1407251;0;0;0;0;0;0;0;0;0;0
8354097768;-3.1059444;0;0;0;0;0;0;0;0;0;0
8354603778;-3.1115215;0;0;0;0;0;0;0;0;0;0
8355110011;-3.0548434;0;0;0;0;0;0;0;0;0;0
8355615766;-3.0921478;0;0;0;0;0;0;0;0;0;0
8356121766;-3.1111646;0;0;0;0;0;0;0;0;0;0
8356627765;-3.0394402;0;0;0;0;0;0;0;0;0;0
8357134168;-2.9998686;0;0;0;0;0;0;0;0;0;0
8357639772;-2.9196033;0;0;0;0;0;0;0;0;0;0
8358145784;-2.9809625;0;0;0;0;0;0;0;0;0;0
8358651814;-2.9443004;0;0;0;0;0;0;0;0;0;0
8359157767;-2.9753678;0;0;0;0;0;0;0;0;0;0
8359663784;-2.9307907;0;0;0;0;0;0;0;0;0;0
8360169768;-2.9625242;0;0;0;0;0;0;0;0;0;0
8360675836;-2.9238853;0;0;0;0;0;0;0;0;0;0
8361182242;-2.849935;0;0;0;0;0;0;0;0;0;0
8361687784;-2.8970377;0;0;0;0;0;0;0;0;0;0
8362193786;-2.9505255;0;0;0;0;0;0;0;0;0;0
8362699767;-2.9297683;0;0;0;0;0;0;0;0;0;0
8363205787;-2.9018025;0;0;0;0;0;0;0;0;0;0
8363711767;-2.9243376;0;0;0;0;0;0;0;0;0;0
8364217766;-3.0750425;0;0;0;0;0;0;0;0;0;0
8364723765;-3.1334162;0;0;0;0;0;0;0;0;0;0
8365229766;-3.2721198;0;0;0;0;0;0;0;0;0;0
8365736076;-3.475244;0;0;0;0;0;0;0;0;0;0
8366241765;-3.4556258;0;0;0;0;0;0;0;0;0;0
8366747999;-3.3565493;0;0;0;0;0;0;0;0;0;0
8367253875;-3.3604922;0;0;0;0;0;0;0;0;0;0
8367759793;-3.2763517;0;0;0;0;0;0;0;0;0;0
8368265795;-3.2701037;0;0;0;0;0;0;0;0;0;0
8368772129;-3.269021;0;0;0;0;0;0;0;0;0;0
8369278780;-3.259632;0;0;0;0;0;0;0;0;0;0
8369785230;-3.2578297;0;0;0;0;0;0;0;0;0;0
8370290816;-3.2155168;0;0;0;0;0;0;0;0;0;0
8370797088;-3.2511375;0;0;0;0;0;0;0;0;0;0
8371302767;-3.1780448;0;0;0;0;0;0;0;0;0;0
8371808766;-3.1705155;0;0;0;0;0;0;0;0;0;0
8372314860;-3.187735;0;0;0;0;0;0;0;0;0;0
8372821929;-3.0840285;0;0;0;0;0;0;0;0;0;0
8373327773;-3.1068563;0;0;0;0;0;0;0;0;0;0
8373834097;-3.0593374;0;0;0;0;0;0;0;0;0;0
8374339786;-3.0903928;0;0;0;0;0;0;0;0;0;0
8374846765;-3.2183747;0;0;0;0;0;0;0;0;0;0
8375353025;-3.142345;0;0;0;0;0;0;0;0;0;0
8375858766;-3.2898898;0;0;0;0;0;0;0;0;0;0
8376364815;-3.2909272;0;0;0;0;0;0;0;0;0;0
8376870809;-3.34289;0;0;0;0;0;0;0;0;0;0
8377376765;-3.3061852;0;0;0;0;0;0;0;0;0;0
8377883343;-3.4459288;0;0;0;0;0;0;0;0;0;0
8378388766;-3.55922;0;0;0;0;0;0;0;0;0;0
8378894765;-3.4908357;0;0;0;0;0;0;0;0;0;0
8379400783;-3.5065136;0;0;0;0;0;0;0;0;0;0
8379906789;-3.476389;0;0;0;0;0;0;0;0;0;0
8380412922;-3.49061;0;0;0;0;0;0;0;0;0;0
8380918765;-3.5383465;0;0;0;0;0;0;0;0;0;0
8381424845;-3.458422;0;0;0;0;0;0;0;0;0;0
8381930785;-3.3942854;0;0;0;0;0;0;0;0;0;0
8382436767;-3.3858979;0;0;0;0;0;0;0;0;0;0
8382942909;-3.3186755;0;0;0;0;0;0;0;0;0;0
8383448766;-3.270526;0;0;0;0;0;0;0;0;0;0
8383954894;-3.268572;0;0;0;0;0;0;0;0;0;0
8384460767;-3.2844865;0;0;0;0;0;0;0;0;0;0
8384966764;-3.2871313;0;0;0;0;0;0;0;0;0;0
8385473986;-3.317243;0;0;0;0;0;0;0;0;0;0
8385981465;-3.2268188;0;0;0;0;0;0;0;0;0;0
8386486765;-3.223723;0;0;0;0;0;0;0;0;0;0
8386992767;-3.3073697;0;0;0;0;0;0;0;0;0;0
8387498768;-3.3018394;0;0;0;0;0;0;0;0;0;0
8388004948;-3.4038503;0;0;0;0;0;0;0;0;0;0
8388510767;-3.2587178;0;0;0;0;0;0;0;0;0;0
8389016765;-3.1498556;0;0;0;0;0;0;0;0;0;0
8389522767;-3.080676;0;0;0;0;0;0;0;0;0;0
8390028788;-2.9879203;0;0;0;0;0;0;0;0;0;0
8390534938;-3.1449883;0;0;0;0;0;0;0;0;0;0
8391040766;-3.1330535;0;0;0;0;0;0;0;0;0;0
8391546768;-3.0198216;0;0;0;0;0;0;0;0;0;0
8392052786;-3.0605474;0;0;0;0;0;0;0;0;0;0
8392559767;-3.067974;0;0;0;0;0;0;0;0;0;0
8393066043;-3.0464647;0;0;0;0;0;0;0;0;0;0
8393571786;-3.0209765;0;0;0;0;0;0;0;0;0;0
8394077765;-2.9385126;0;0;0;0;0;0;0;0;0;0
8394583765;-2.744857;0;0;0;0;0;0;0;0;0;0
8395089778;-2.8033807;0;0;0;0;0;0;0;0;0;0
8395595923;-2.9298415;0;0;0;0;0;0;0;0;0;0
8396101833;-2.970552;0;0;0;0;0;0;0;0;0;0
8396607765;-2.9553113;0;0;0;0;0;0;0;0;0;0
8397113791;-3.0399897;0;0;0;0;0;0;0;0;0;0
8397621765;-3.0468352;0;0;0;0;0;0;0;0;0;0
8398128427;-2.9350119;0;0;0;0;0;0;0;0;0;0
8398633766;-2.917504;0;0;0;0;0;0;0;0;0;0
8399139765;-3.063241;0;0;0;0;0;0;0;0;0;0
8399645907;-3.158856;0;0;0;0;0;0;0;0;0;0
8400151767;-3.1187923;0;0;0;0;0;0;0;0;0;0
8400657780;-3.1615741;0;0;0;0;0;0;0;0;0;0
8401163790;-3.0925786;0;0;0;0;0;0;0;0;0;0
8401669780;-3.0628166;0;0;0;0;0;0;0;0;0;0
8402175903;-2.9801083;0;0;0;0;0;0;0;0;0;0
8402681766;-2.9320183;0;0;0;0;0;0;0;0;0;0
8403187766;-2.9173267;0;0;0;0;0;0;0;0;0;0
8403693786;-2.9818769;0;0;0;0;0;0;0;0;0;0
8404199837;-2.9890609;0;0;0;0;0;0;0;0;0;0
8404705964;-2.9465249;0;0;0;0;0;0;0;0;0;0
8405211765;-2.9881456;0;0;0;0;0;0;0;0;0;0
8405717785;-3.0798197;0;0;0;0;0;0;0;0;0;0
8406224766;-3.1648247;0;0;0;0;0;0;0;0;0;0
8406730765;-3.1809063;0;0;0;0;0;0;0;0;0;0
8407236918;-3.2250893;0;0;0;0;0;0;0;0;0;0
8407742766;-3.3039694;0;0;0;0;0;0;0;0;0;0
8408248878;-3.3566813;0;0;0;0;0;0;0;0;0;0
8408755162;-3.387508;0;0;0;0;0;0;0;0;0;0
8409260775;-3.3530967;0;0;0;0;0;0;0;0;0;0
8409766964;-3.1084907;0;0;0;0;0;0;0;0;0;0
8410273766;-2.931579;0;0;0;0;0;0;0;0;0;0
8410779764;-3.0195374;0;0;0;0;0;0;0;0;0;0
8411285767;-3.02492;0;0;0;0;0;0;0;0;0;0
8411791766;-3.0740368;0;0;0;0;0;0;0;0;0;0
8412297877;-3.156602;0;0;0;0;0;0;0;0;0;0
8412803839;-3.266561;0;0;0;0;0;0;0;0;0;0
8413309767;-3.2684329;0;0;0;0;0;0;0;0;0;0
8413815765;-3.2082071;0;0;0;0;0;0;0;0;0;0
8414321765;-3.1845;0;0;0;0;0;0;0;0;0;0
8414828439;-3.202496;0;0;0;0;0;0;0;0;0;0
8415333784;-3.2602015;0;0;0;0;0;0;0;0;0;0
8415839767;-3.231311;0;0;0;0;0;0;0;0;0;0
8416345825;-3.221316;0;0;0;0;0;0;0;0;0;0
8416851767;-3.2889895;0;0;0;0;0;0;0;0;0;0
8417357779;-3.3002071;0;0;0;0;0;0;0;0;0;0
8417863766;-3.1807625;0;0;0;0;0;0;0;0;0;0
8418369793;-3.0379379;0;0;0;0;0;0;0;0;0;0
8418875802;-2.8590794;0;0;0;0;0;0;0;0;0;0
8419073945;-2.7729073;0;0;0;0;0;0;0;0;0;0
8419091981;-2.7729073;0;0;0;0;0;0;0;0;0;0
8419107430;-2.7729073;0;0;0;0;0;0;0;0;0;0
8419615267;-2.5644257;0;0;0;0;0;0;0;0;0;0
