timestamp;safe_points_id;is_evaluation_pending;has_vtol_approach;rtl_type;safe_point_index
7867364405;0;0;98;1;0
7869397583;0;0;98;1;0
7871422383;0;0;98;1;0
7873438124;0;0;98;1;0
7875462895;0;0;98;1;0
7877487543;0;0;98;1;0
7879512302;0;0;98;1;0
7881537110;0;0;98;1;0
7883561772;0;0;98;1;0
7885586392;0;0;98;1;0
7887611526;0;0;98;1;0
7889635911;0;0;98;1;0
7891660647;0;0;98;1;0
7893686036;0;0;98;1;0
7895710079;0;0;98;1;0
7897734749;0;0;98;1;0
7899759566;0;0;98;1;0
7901784177;0;0;98;1;0
7903800254;0;0;98;1;0
7905824616;0;0;98;1;0
7907858792;0;0;98;1;0
7909874476;0;0;98;1;0
7911899106;0;0;98;1;0
7913923388;0;0;98;1;0
7915948181;0;0;98;1;0
7917972888;0;0;98;1;0
7919997484;0;0;98;1;0
7922022285;0;0;98;1;0
7924046949;0;0;98;1;0
7926071640;0;0;98;1;0
7928096668;0;0;98;1;0
7930121300;0;0;98;1;0
7932145954;0;0;98;1;0
7934170350;0;0;98;1;0
7936195066;0;0;98;1;0
7938219718;0;0;98;1;0
7940244516;0;0;98;1;0
7942269113;0;0;98;1;0
7944293884;0;0;98;1;0
7946318508;0;0;98;1;0
7948343194;0;0;98;1;0
7950367867;0;0;98;1;0
7952393102;0;0;98;1;0
7954417077;0;0;98;1;0
7956441726;0;0;98;1;0
7958466419;0;0;98;1;0
7960482018;0;0;98;1;0
7962506978;0;0;98;1;0
7964531464;0;0;98;1;0
7966556044;0;0;98;1;0
7968580641;0;0;98;1;0
7970605334;0;0;98;1;0
7972630410;0;0;98;1;0
7974654847;0;0;98;1;0
7976679549;0;0;98;1;0
7978703979;0;0;98;1;0
7980728611;0;0;98;1;0
7982753181;0;0;98;1;0
7984777992;0;0;98;1;0
7986802618;0;0;98;1;0
7988827100;0;0;98;1;0
7990851708;0;0;98;1;0
7992867399;0;0;98;1;0
7994892050;0;0;98;1;0
7996916820;0;0;98;1;0
7998941602;0;0;98;1;0
8000965970;0;0;98;1;0
8002990421;0;0;98;1;0
8005015159;0;0;98;1;0
8007040120;0;0;98;1;0
8009064298;0;0;98;1;0
8011088963;0;0;98;1;0
8013113563;0;0;98;1;0
8015138217;0;0;98;1;0
8017162778;0;0;98;1;0
8019187716;0;0;98;1;0
8021212278;0;0;98;1;0
8023236694;0;0;98;1;0
8025261305;0;0;98;1;0
8027285918;0;0;98;1;0
8029310404;0;0;98;1;0
8031326096;0;0;98;1;0
8033350626;0;0;98;1;0
8035375248;0;0;98;1;0
8037399881;0;0;98;1;0
8039424420;0;0;98;1;0
8041449468;0;0;98;1;0
8043473936;0;0;98;1;0
8045498249;0;0;98;1;0
8047522906;0;0;98;1;0
8049547410;0;0;98;1;0
8051572066;0;0;98;1;0
8053596584;0;0;98;1;0
8055621245;0;0;98;1;0
8057645781;0;0;98;1;0
8059670548;0;0;98;1;0
8061694980;0;0;98;1;0
8063721422;0;0;98;1;0
8065744388;0;0;98;1;0
8067768803;0;0;98;1;0
8069793407;0;0;98;1;0
8071817902;0;0;98;1;0
8073842550;0;0;98;1;0
8075867518;0;0;98;1;0
8077891576;0;0;98;1;0
8079916235;0;0;98;1;0
8081931823;0;0;98;1;0
8083956406;0;0;98;1;0
8085981411;0;0;98;1;0
8088005826;0;0;98;1;0
8090030276;0;0;98;1;0
8092054672;0;0;98;1;0
8094079226;0;0;98;1;0
8096103836;0;0;98;1;0
8098128491;0;0;98;1;0
8100152999;0;0;98;1;0
8102177578;0;0;98;1;0
8104202169;0;0;98;1;0
8106226752;0;0;98;1;0
8108251646;0;0;98;1;0
8110276216;0;0;98;1;0
8112300483;0;0;98;1;0
8114324913;0;0;98;1;0
8116349491;0;0;98;1;0
8118374124;0;0;98;1;0
8120398671;0;0;98;1;0
8122423188;0;0;98;1;0
8124447756;0;0;98;1;0
8126472364;0;0;98;1;0
8128487951;0;0;98;1;0
8130513047;0;0;98;1;0
8132546138;0;0;98;1;0
8134571081;0;0;98;1;0
8136586132;0;0;98;1;0
8138610714;0;0;98;1;0
8140635199;0;0;98;1;0
8142659980;0;0;98;1;0
8144684403;0;0;98;1;0
8146708999;0;0;98;1;0
8148733500;0;0;98;1;0
8150758290;0;0;98;1;0
8152782824;0;0;98;1;0
8154807552;0;0;98;1;0
8156831673;0;0;98;1;0
8158856256;0;0;98;1;0
8160880979;0;0;98;1;0
8162905330;0;0;98;1;0
8164929934;0;0;98;1;0
8166954553;0;0;98;1;0
8168979039;0;0;98;1;0
8171003489;0;0;98;1;0
8173028445;0;0;98;1;0
8175052686;0;0;98;1;0
8177077130;0;0;98;1;0
8179101939;0;0;98;1;0
8181126264;0;0;98;1;0
8183150859;0;0;98;1;0
8185175401;0;0;98;1;0
8187199993;0;0;98;1;0
8189224931;0;0;98;1;0
8191248957;0;0;98;1;0
8193273794;0;0;98;1;0
8195289411;0;0;98;1;0
8197313550;0;0;98;1;0
8199338935;0;0;98;1;0
8201362654;0;0;98;1;0
8203387232;0;0;98;1;0
8205411764;0;0;98;1;0
8207436258;0;0;98;1;0
8209460914;0;0;98;1;0
8211485488;0;0;98;1;0
8213509983;0;0;98;1;0
8215534423;0;0;98;1;0
8217559341;0;0;98;1;0
8219583544;0;0;98;1;0
8221607999;0;0;98;1;0
8223632955;0;0;98;1;0
8225657137;0;0;98;1;0
8227681781;0;0;98;1;0
8229706136;0;0;98;1;0
8231730756;0;0;98;1;0
8233755758;0;0;98;1;0
8235779782;0;0;98;1;0
8237804582;0;0;98;1;0
8239828947;0;0;98;1;0
8241853437;0;0;98;1;0
8243877933;0;0;98;1;0
8245902579;0;0;98;1;0
8247926909;0;0;98;1;0
8249951516;0;0;98;1;0
8251976122;0;0;98;1;0
8254000528;0;0;98;1;0
8256025107;0;0;98;1;0
8258050217;0;0;98;1;0
8260074188;0;0;98;1;0
8262098649;0;0;98;1;0
8264123253;0;0;98;1;0
8266147748;0;0;98;1;0
8268172203;0;0;98;1;0
8270196821;0;0;98;1;0
8272221283;0;0;98;1;0
8274245847;0;0;98;1;0
8276270315;0;0;98;1;0
8278295273;0;0;98;1;0
8280319701;0;0;98;1;0
8282344092;0;0;98;1;0
8284368464;0;0;98;1;0
8286392968;0;0;98;1;0
8288417476;0;0;98;1;0
8290433176;0;0;98;1;0
8292457506;0;0;98;1;0
8294482048;0;0;98;1;0
8296506545;0;0;98;1;0
8298531068;0;0;98;1;0
8300555626;0;0;98;1;0
8302580851;0;0;98;1;0
8304604679;0;0;98;1;0
8306629180;0;0;98;1;0
8308653671;0;0;98;1;0
8310678185;0;0;98;1;0
8312702707;0;0;98;1;0
8314727374;0;0;98;1;0
8316751780;0;0;98;1;0
8318776292;0;0;98;1;0
8320800802;0;0;98;1;0
8322825673;0;0;98;1;0
8324850161;0;0;98;1;0
8326874602;0;0;98;1;0
8328899021;0;0;98;1;0
8330923424;0;0;98;1;0
8332947945;0;0;98;1;0
8334972453;0;0;98;1;0
8336997418;0;0;98;1;0
8339021486;0;0;98;1;0
8341046023;0;0;98;1;0
8343070524;0;0;98;1;0
8345095304;0;0;98;1;0
8347119555;0;0;98;1;0
8349144186;0;0;98;1;0
8351169046;0;0;98;1;0
8353193120;0;0;98;1;0
8355217659;0;0;98;1;0
8357242162;0;0;98;1;0
8359266615;0;0;98;1;0
8361282173;0;0;98;1;0
8363306719;0;0;98;1;0
8365331165;0;0;98;1;0
8367356095;0;0;98;1;0
8369380175;0;0;98;1;0
8371404952;0;0;98;1;0
8373429302;0;0;98;1;0
8375453763;0;0;98;1;0
8377478415;0;0;98;1;0
8379502845;0;0;98;1;0
8381527730;0;0;98;1;0
8383551845;0;0;98;1;0
8385576342;0;0;98;1;0
8387600857;0;0;98;1;0
8389625642;0;0;98;1;0
8391649950;0;0;98;1;0
8393674436;0;0;98;1;0
8395699094;0;0;98;1;0
8397723352;0;0;98;1;0
8399747910;0;0;98;1;0
8401772510;0;0;98;1;0
8403797008;0;0;98;1;0
8405821913;0;0;98;1;0
8407845999;0;0;98;1;0
8409870820;0;0;98;1;0
8411895024;0;0;98;1;0
8413919478;0;0;98;1;0
8415944032;0;0;98;1;0
8417968524;0;0;98;1;0
8419092131;0;0;98;1;0
8419107532;0;0;98;1;0
