timestamp;timestamp_last_signal;rssi;rssi_dbm;rc_lost_frame_count;rc_total_frame_count;rc_ppm_frame_length;values[0];values[1];values[2];values[3];values[4];values[5];values[6];values[7];values[8];values[9];values[10];values[11];values[12];values[13];values[14];values[15];values[16];values[17];channel_count;rc_failsafe;rc_lost;input_source;link_quality
1251306237;1251305675;41;nan;0;25581;0;1495;1496;1084;1898;1084;1084;1494;1084;1494;1494;1494;1494;1494;1494;1494;1494;998;998;18;0;0;4;-1
1251823597;1251823036;41;nan;0;25639;0;1495;1497;1084;1488;1084;1084;1494;1084;1494;1494;1494;1494;1494;1494;1494;1494;998;998;18;0;0;4;-1
1252318498;1252317939;41;nan;0;25694;0;1495;1497;1084;1491;1084;1084;1494;1084;1494;1494;1494;1494;1494;1494;1494;1494;998;998;18;0;0;4;-1
1252820364;1252819805;41;nan;0;25750;0;1495;1497;1235;1491;1084;1084;1494;1084;1494;1494;1494;1494;1494;1494;1494;1494;998;998;18;0;0;4;-1
1253308275;1253307715;41;nan;0;25804;0;1495;1496;1268;1491;1084;1084;1494;1084;1494;1494;1494;1494;1494;1494;1494;1494;998;998;18;0;0;4;-1
1253803173;1253802613;41;nan;0;25859;0;1495;1497;1280;1491;1084;1084;1494;1084;1494;1494;1494;1494;1494;1494;1494;1494;998;998;18;0;0;4;-1
1254320583;1254320020;41;nan;0;25916;0;1495;1497;1322;1490;1084;1084;1494;1084;1494;1494;1494;1494;1494;1494;1494;1494;998;998;18;0;0;4;-1
1254815492;1254814933;41;nan;0;25971;0;1495;1497;1336;1490;1084;1084;1494;1084;1494;1494;1494;1494;1494;1494;1494;1494;998;998;18;0;0;4;-1
1255310385;1255309826;41;nan;0;26026;0;1495;1497;1328;1490;1084;1084;1494;1084;1494;1494;1494;1494;1494;1494;1494;1494;998;998;18;0;0;4;-1
1255805309;1255804748;41;nan;0;26081;0;1495;1497;1326;1491;1084;1084;1494;1084;1494;1494;1494;1494;1494;1494;1494;1494;998;998;18;0;0;4;-1
1256300128;1256299562;41;nan;0;26136;0;1495;1497;1334;1491;1084;1084;1494;1084;1494;1494;1494;1494;1494;1494;1494;1494;998;998;18;0;0;4;-1
1256817546;1256816986;41;nan;0;26194;0;1495;1497;1348;1491;1084;1084;1494;1084;1494;1494;1494;1494;1494;1494;1494;1494;998;998;18;0;0;4;-1
1257312397;1257311838;41;nan;0;26249;0;1495;1497;1321;1491;1084;1084;1494;1084;1494;1494;1494;1494;1494;1494;1494;1494;998;998;18;0;0;4;-1
1257807299;1257806739;41;nan;0;26304;0;1495;1496;1333;1491;1084;1084;1494;1084;1494;1494;1494;1494;1494;1494;1494;1494;998;998;18;0;0;4;-1
1258302209;1258301650;41;nan;0;26359;0;1495;1497;1338;1491;1084;1084;1494;1084;1494;1494;1494;1494;1494;1494;1494;1494;998;998;18;0;0;4;-1
1258819641;1258819082;41;nan;0;26416;0;1495;1497;1336;1491;1084;1084;1494;1084;1494;1494;1494;1494;1494;1494;1494;1494;998;998;18;0;0;4;-1
1259314487;1259313917;41;nan;0;26471;0;1495;1497;1343;1491;1084;1084;1494;1084;1494;1494;1494;1494;1494;1494;1494;1494;998;998;18;0;0;4;-1
1259809382;1259808822;41;nan;0;26526;0;1495;1497;1342;1491;1084;1084;1494;1084;1494;1494;1494;1494;1494;1494;1494;1494;998;998;18;0;0;4;-1
1260304264;1260303703;41;nan;0;26581;0;1495;1496;1336;1491;1084;1084;1494;1084;1494;1494;1494;1494;1494;1494;1494;1494;998;998;18;0;0;4;-1
1260821638;1260821078;41;nan;0;26639;0;1495;1497;1336;1491;1084;1084;1494;1084;1494;1494;1494;1494;1494;1494;1494;1494;998;998;18;0;0;4;-1
1261316589;1261316030;41;nan;0;26694;0;1495;1497;1337;1491;1084;1084;1494;1084;1494;1494;1494;1494;1494;1494;1494;1494;998;998;18;0;0;4;-1
1261811416;1261810857;41;nan;0;26749;0;1495;1497;1344;1491;1084;1084;1494;1084;1494;1494;1494;1494;1494;1494;1494;1494;998;998;18;0;0;4;-1
1262306305;1262305747;41;nan;0;26804;0;1495;1497;1343;1491;1084;1084;1494;1084;1494;1494;1494;1494;1494;1494;1494;1494;998;998;18;0;0;4;-1
1262801219;1262800661;41;nan;0;26859;0;1495;1497;1333;1491;1084;1084;1494;1084;1494;1494;1494;1494;1494;1494;1494;1494;998;998;18;0;0;4;-1
1263318684;1263318118;41;nan;0;26916;0;1495;1497;1344;1491;1084;1084;1494;1084;1494;1494;1494;1494;1494;1494;1494;1494;998;998;18;0;0;4;-1
1263813653;1263812997;41;nan;0;26971;0;1495;1497;1339;1491;1084;1084;1494;1084;1494;1494;1494;1494;1494;1494;1494;1494;998;998;18;0;0;4;-1
1264308384;1264307824;41;nan;0;27026;0;1495;1497;1338;1491;1084;1084;1494;1084;1494;1494;1494;1494;1494;1494;1494;1494;998;998;18;0;0;4;-1
1264803288;1264802716;41;nan;0;27081;0;1495;1497;1338;1491;1084;1084;1494;1084;1494;1494;1494;1494;1494;1494;1494;1494;998;998;18;0;0;4;-1
1265320660;1265320100;41;nan;0;27139;0;1495;1497;1338;1491;1084;1084;1494;1084;1494;1494;1494;1494;1494;1494;1494;1494;998;998;18;0;0;4;-1
1265815628;1265815069;41;nan;0;27194;0;1495;1497;1338;1491;1084;1084;1494;1084;1494;1494;1494;1494;1494;1494;1494;1494;998;998;18;0;0;4;-1
1266310441;1266309880;41;nan;0;27249;0;1495;1497;1338;1491;1084;1084;1494;1084;1494;1494;1494;1494;1494;1494;1494;1494;998;998;18;0;0;4;-1
1266805332;1266804772;41;nan;0;27304;0;1495;1497;1338;1491;1084;1084;1494;1084;1494;1494;1494;1494;1494;1494;1494;1494;998;998;18;0;0;4;-1
1267300227;1267299667;41;nan;0;27359;0;1495;1497;1338;1491;1084;1084;1494;1084;1494;1494;1494;1494;1494;1494;1494;1494;998;998;18;0;0;4;-1
1267817700;1267817089;41;nan;0;27416;0;1495;1497;1338;1490;1084;1084;1494;1084;1494;1494;1494;1494;1494;1494;1494;1494;998;998;18;0;0;4;-1
1268312528;1268311967;41;nan;0;27471;0;1495;1496;1338;1490;1084;1084;1494;1084;1494;1494;1494;1494;1494;1494;1494;1494;998;998;18;0;0;4;-1
1268807393;1268806834;41;nan;0;27526;0;1495;1496;1339;1490;1084;1084;1494;1084;1494;1494;1494;1494;1494;1494;1494;1494;998;998;18;0;0;4;-1
1269302316;1269301757;41;nan;0;27581;0;1495;1496;1339;1490;1084;1084;1494;1084;1494;1494;1494;1494;1494;1494;1494;1494;998;998;18;0;0;4;-1
1269819683;1269819122;41;nan;0;27639;0;1495;1497;1339;1490;1084;1084;1494;1084;1494;1494;1494;1494;1494;1494;1494;1494;998;998;18;0;0;4;-1
1270314571;1270314009;41;nan;0;27694;0;1495;1496;1339;1490;1084;1084;1494;1084;1494;1494;1494;1494;1494;1494;1494;1494;998;998;18;0;0;4;-1
1270809472;1270808912;41;nan;0;27749;0;1495;1496;1339;1490;1084;1084;1494;1084;1494;1494;1494;1494;1494;1494;1494;1494;998;998;18;0;0;4;-1
1271304353;1271303792;41;nan;0;27804;0;1495;1497;1339;1490;1084;1084;1494;1084;1494;1494;1494;1494;1494;1494;1494;1494;998;998;18;0;0;4;-1
1271821743;1271821178;41;nan;0;27861;0;1495;1496;1339;1490;1084;1084;1494;1084;1494;1494;1494;1494;1494;1494;1494;1494;998;998;18;0;0;4;-1
1272316666;1272316078;41;nan;0;27916;0;1495;1496;1339;1490;1084;1084;1494;1084;1494;1494;1494;1494;1494;1494;1494;1494;998;998;18;0;0;4;-1
1272811558;1272810999;41;nan;0;27971;0;1495;1496;1340;1490;1084;1084;1494;1084;1494;1494;1494;1494;1494;1494;1494;1494;998;998;18;0;0;4;-1
1273306410;1273305851;41;nan;0;28026;0;1495;1497;1339;1490;1084;1084;1494;1084;1494;1494;1494;1494;1494;1494;1494;1494;998;998;18;0;0;4;-1
1273801303;1273800744;41;nan;0;28081;0;1495;1497;1339;1490;1084;1084;1494;1084;1494;1494;1494;1494;1494;1494;1494;1494;998;998;18;0;0;4;-1
1274318685;1274318126;41;nan;0;28139;0;1495;1497;1339;1490;1084;1084;1494;1084;1494;1494;1494;1494;1494;1494;1494;1494;998;998;18;0;0;4;-1
1274813586;1274813025;41;nan;0;28194;0;1495;1496;1339;1490;1084;1084;1494;1084;1494;1494;1494;1494;1494;1494;1494;1494;998;998;18;0;0;4;-1
1275308506;1275307947;41;nan;0;28249;0;1495;1496;1339;1490;1084;1084;1494;1084;1494;1494;1494;1494;1494;1494;1494;1494;998;998;18;0;0;4;-1
1275803364;1275802803;41;nan;0;28304;0;1495;1497;1340;1490;1084;1084;1494;1084;1494;1494;1494;1494;1494;1494;1494;1494;998;998;18;0;0;4;-1
1276320757;1276320197;41;nan;0;28361;0;1495;1496;1339;1490;1084;1084;1494;1084;1494;1494;1494;1494;1494;1494;1494;1494;998;998;18;0;0;4;-1
1276815644;1276815084;41;nan;0;28416;0;1495;1496;1339;1490;1084;1084;1494;1084;1494;1494;1494;1494;1494;1494;1494;1494;998;998;18;0;0;4;-1
1277310530;1277309971;41;nan;0;28471;0;1495;1497;1340;1490;1084;1084;1494;1084;1494;1494;1494;1494;1494;1494;1494;1494;998;998;18;0;0;4;-1
1277805430;1277804869;41;nan;0;28526;0;1495;1496;1339;1490;1084;1084;1494;1084;1494;1494;1494;1494;1494;1494;1494;1494;998;998;18;0;0;4;-1
1278300312;1278299753;41;nan;0;28581;0;1495;1496;1339;1490;1084;1084;1494;1084;1494;1494;1494;1494;1494;1494;1494;1494;998;998;18;0;0;4;-1
1278817701;1278817142;41;nan;0;28638;0;1495;1496;1339;1490;1084;1084;1494;1084;1494;1494;1494;1494;1494;1494;1494;1494;998;998;18;0;0;4;-1
1279312597;1279312038;41;nan;0;28693;0;1495;1497;1339;1490;1084;1084;1494;1084;1494;1494;1494;1494;1494;1494;1494;1494;998;998;18;0;0;4;-1
1279807543;1279806984;41;nan;0;28748;0;1495;1497;1340;1490;1084;1084;1494;1084;1494;1494;1494;1494;1494;1494;1494;1494;998;998;18;0;0;4;-1
1280302413;1280301853;41;nan;0;28803;0;1495;1497;1340;1490;1084;1084;1494;1084;1494;1494;1494;1494;1494;1494;1494;1494;998;998;18;0;0;4;-1
1280819768;1280819209;41;nan;0;28861;0;1495;1496;1339;1490;1084;1084;1494;1084;1494;1494;1494;1494;1494;1494;1494;1494;998;998;18;0;0;4;-1
1281314666;1281314093;41;nan;0;28916;0;1495;1496;1339;1490;1084;1084;1494;1084;1494;1494;1494;1494;1494;1494;1494;1494;998;998;18;0;0;4;-1
1281809533;1281808974;41;nan;0;28971;0;1495;1496;1339;1490;1084;1084;1494;1084;1494;1494;1494;1494;1494;1494;1494;1494;998;998;18;0;0;4;-1
1282304433;1282303872;41;nan;0;29026;0;1495;1496;1340;1490;1084;1084;1494;1084;1494;1494;1494;1494;1494;1494;1494;1494;998;998;18;0;0;4;-1
1282821824;1282821264;41;nan;0;29083;0;1495;1496;1339;1490;1084;1084;1494;1084;1494;1494;1494;1494;1494;1494;1494;1494;998;998;18;0;0;4;-1
1283316735;1283316162;41;nan;0;29138;0;1495;1496;1339;1490;1084;1084;1494;1084;1494;1494;1494;1494;1494;1494;1494;1494;998;998;18;0;0;4;-1
1283811640;1283811081;41;nan;0;29193;0;1495;1496;1340;1490;1084;1084;1494;1084;1494;1494;1494;1494;1494;1494;1494;1494;998;998;18;0;0;4;-1
1284306578;1284306011;41;nan;0;29248;0;1495;1496;1339;1490;1084;1084;1494;1084;1494;1494;1494;1494;1494;1494;1494;1494;998;998;18;0;0;4;-1
1284801378;1284800813;41;nan;0;29303;0;1495;1496;1340;1490;1084;1084;1494;1084;1494;1494;1494;1494;1494;1494;1494;1494;998;998;18;0;0;4;-1
1285318755;1285318196;41;nan;0;29361;0;1495;1496;1339;1490;1084;1084;1494;1084;1494;1494;1494;1494;1494;1494;1494;1494;998;998;18;0;0;4;-1
1285813655;1285813094;41;nan;0;29416;0;1495;1496;1339;1490;1084;1084;1494;1084;1494;1494;1494;1494;1494;1494;1494;1494;998;998;18;0;0;4;-1
1286308553;1286307994;41;nan;0;29471;0;1495;1496;1339;1490;1084;1084;1494;1084;1494;1494;1494;1494;1494;1494;1494;1494;998;998;18;0;0;4;-1
1286803435;1286802875;41;nan;0;29526;0;1495;1497;1340;1490;1084;1084;1494;1084;1494;1494;1494;1494;1494;1494;1494;1494;998;998;18;0;0;4;-1
1287320818;1287320254;41;nan;0;29583;0;1495;1497;1339;1490;1084;1084;1494;1084;1494;1494;1494;1494;1494;1494;1494;1494;998;998;18;0;0;4;-1
1287815714;1287815156;41;nan;0;29638;0;1495;1496;1339;1490;1084;1084;1494;1084;1494;1494;1494;1494;1494;1494;1494;1494;998;998;18;0;0;4;-1
1288310597;1288310034;41;nan;0;29693;0;1495;1496;1339;1490;1084;1084;1494;1084;1494;1494;1494;1494;1494;1494;1494;1494;998;998;18;0;0;4;-1
1288805594;1288805025;41;nan;0;29748;0;1495;1497;1339;1490;1084;1084;1494;1084;1494;1494;1494;1494;1494;1494;1494;1494;998;998;18;0;0;4;-1
1289322857;1289322297;41;nan;0;29806;0;1495;1496;1340;1490;1084;1084;1494;1084;1494;1494;1494;1494;1494;1494;1494;1494;998;998;18;0;0;4;-1
1289817752;1289817192;41;nan;0;29861;0;1495;1497;1339;1490;1084;1084;1494;1084;1494;1494;1494;1494;1494;1494;1494;1494;998;998;18;0;0;4;-1
1290312644;1290312086;41;nan;0;29916;0;1495;1497;1340;1490;1084;1084;1494;1084;1494;1494;1494;1494;1494;1494;1494;1494;998;998;18;0;0;4;-1
1290807557;1290806998;41;nan;0;29971;0;1495;1496;1340;1490;1084;1084;1494;1084;1494;1494;1494;1494;1494;1494;1494;1494;998;998;18;0;0;4;-1
1291302416;1291301856;41;nan;0;30026;0;1495;1496;1340;1490;1084;1084;1494;1084;1494;1494;1494;1494;1494;1494;1494;1494;998;998;18;0;0;4;-1
1291819974;1291819356;41;nan;0;30083;0;1495;1497;1339;1490;1084;1084;1494;1084;1494;1494;1494;1494;1494;1494;1494;1494;998;998;18;0;0;4;-1
1292314715;1292314154;41;nan;0;30138;0;1495;1497;1339;1490;1084;1084;1494;1084;1494;1494;1494;1494;1494;1494;1494;1494;998;998;18;0;0;4;-1
1292809599;1292809040;41;nan;0;30193;0;1495;1496;1340;1490;1084;1084;1494;1084;1494;1494;1494;1494;1494;1494;1494;1494;998;998;18;0;0;4;-1
1293311477;1293310918;41;nan;0;30249;0;1495;1496;1339;1490;1084;1084;1494;1084;1494;1494;1494;1494;1494;1494;1494;1494;998;998;18;0;0;4;-1
1293821850;1293821289;41;nan;0;30306;0;1495;1496;1339;1490;1084;1084;1494;1084;1494;1494;1494;1494;1494;1494;1494;1494;998;998;18;0;0;4;-1
1294294259;1294293688;41;nan;0;30358;0;1495;1496;1340;1490;1084;1084;1494;1084;1494;1494;1494;1494;1494;1494;1494;1494;998;998;18;0;0;4;-1
1294811623;1294811062;41;nan;0;30416;0;1495;1496;1339;1490;1084;1084;1494;1084;1494;1494;1494;1494;1494;1494;1494;1494;998;998;18;0;0;4;-1
1295306509;1295305945;41;nan;0;30471;0;1495;1496;1339;1490;1084;1084;1494;1084;1494;1494;1494;1494;1494;1494;1494;1494;998;998;18;0;0;4;-1
1295801389;1295800830;41;nan;0;30526;0;1495;1496;1339;1490;1084;1084;1494;1084;1494;1494;1494;1494;1494;1494;1494;1494;998;998;18;0;0;4;-1
1296318803;1296318240;41;nan;0;30583;0;1495;1496;1339;1490;1084;1084;1494;1084;1494;1494;1494;1494;1494;1494;1494;1494;998;998;18;0;0;4;-1
1296813709;1296813132;41;nan;0;30638;0;1495;1496;1339;1490;1084;1084;1494;1084;1494;1494;1494;1494;1494;1494;1494;1494;998;998;18;0;0;4;-1
1297308568;1297307997;41;nan;0;30693;0;1495;1497;1339;1490;1084;1084;1494;1084;1494;1494;1494;1494;1494;1494;1494;1494;998;998;18;0;0;4;-1
1297803436;1297802875;41;nan;0;30748;0;1495;1497;1340;1490;1084;1084;1494;1084;1494;1494;1494;1494;1494;1494;1494;1494;998;998;18;0;0;4;-1
1298320835;1298320261;41;nan;0;30806;0;1495;1496;1340;1490;1084;1084;1494;1084;1494;1494;1494;1494;1494;1494;1494;1494;998;998;18;0;0;4;-1
1298815708;1298815146;41;nan;0;30861;0;1495;1496;1339;1490;1084;1084;1494;1084;1494;1494;1494;1494;1494;1494;1494;1494;998;998;18;0;0;4;-1
1299310619;1299310060;41;nan;0;30916;0;1495;1497;1339;1490;1084;1084;1494;1084;1494;1494;1494;1494;1494;1494;1494;1494;998;998;18;0;0;4;-1
1299805538;1299804979;41;nan;0;30971;0;1495;1497;1340;1490;1084;1084;1494;1084;1494;1494;1494;1494;1494;1494;1494;1494;998;998;18;0;0;4;-1
1300322878;1300322307;41;nan;0;31028;0;1495;1496;1339;1490;1084;1084;1494;1084;1494;1494;1494;1494;1494;1494;1494;1494;998;998;18;0;0;4;-1
1300817749;1300817188;41;nan;0;31083;0;1495;1496;1339;1490;1084;1084;1494;1084;1494;1494;1494;1494;1494;1494;1494;1494;998;998;18;0;0;4;-1
1301312665;1301312106;41;nan;0;31138;0;1495;1496;1340;1490;1084;1084;1494;1084;1494;1494;1494;1494;1494;1494;1494;1494;998;998;18;0;0;4;-1
1301807522;1301806962;41;nan;0;31193;0;1495;1496;1340;1490;1084;1084;1494;1084;1494;1494;1494;1494;1494;1494;1494;1494;998;998;18;0;0;4;-1
1302302399;1302301839;41;nan;0;31248;0;1495;1496;1339;1490;1084;1084;1494;1084;1494;1494;1494;1494;1494;1494;1494;1494;998;998;18;0;0;4;-1
1302819837;1302819278;41;nan;0;31306;0;1495;1496;1339;1490;1084;1084;1494;1084;1494;1494;1494;1494;1494;1494;1494;1494;998;998;18;0;0;4;-1
1303314672;1303314110;41;nan;0;31361;0;1495;1496;1339;1490;1084;1084;1494;1084;1494;1494;1494;1494;1494;1494;1494;1494;998;998;18;0;0;4;-1
1303809553;1303808994;41;nan;0;31416;0;1495;1496;1340;1490;1084;1084;1494;1084;1494;1494;1494;1494;1494;1494;1494;1494;998;998;18;0;0;4;-1
1304304444;1304303884;41;nan;0;31471;0;1495;1496;1340;1490;1084;1084;1494;1084;1494;1494;1494;1494;1494;1494;1494;1494;998;998;18;0;0;4;-1
1304799335;1304798774;41;nan;0;31526;0;1495;1496;1340;1490;1084;1084;1494;1084;1494;1494;1494;1494;1494;1494;1494;1494;998;998;18;0;0;4;-1
1305316710;1305316151;41;nan;0;31583;0;1495;1497;1339;1490;1084;1084;1494;1084;1494;1494;1494;1494;1494;1494;1494;1494;998;998;18;0;0;4;-1
1305811593;1305811034;41;nan;0;31638;0;1495;1496;1340;1490;1084;1084;1494;1084;1494;1494;1494;1494;1494;1494;1494;1494;998;998;18;0;0;4;-1
1306306510;1306305951;41;nan;0;31693;0;1495;1496;1340;1490;1084;1084;1494;1084;1494;1494;1494;1494;1494;1494;1494;1494;998;998;18;0;0;4;-1
1306801358;1306800799;41;nan;0;31748;0;1495;1496;1339;1490;1084;1084;1494;1084;1494;1494;1494;1494;1494;1494;1494;1494;998;998;18;0;0;4;-1
1307318754;1307318196;41;nan;0;31805;0;1495;1497;1340;1490;1084;1084;1494;1084;1494;1494;1494;1494;1494;1494;1494;1494;998;998;18;0;0;4;-1
1307813656;1307813097;41;nan;0;31860;0;1495;1496;1340;1490;1084;1084;1494;1084;1494;1494;1494;1494;1494;1494;1494;1494;998;998;18;0;0;4;-1
1308308560;1308308000;41;nan;0;31915;0;1495;1497;1340;1490;1084;1084;1494;1084;1494;1494;1494;1494;1494;1494;1494;1494;998;998;18;0;0;4;-1
1308803480;1308802921;41;nan;0;31970;0;1495;1496;1340;1490;1084;1084;1494;1084;1494;1494;1494;1494;1494;1494;1494;1494;998;998;18;0;0;4;-1
1309320775;1309320216;41;nan;0;32028;0;1495;1497;1340;1490;1084;1084;1494;1084;1494;1494;1494;1494;1494;1494;1494;1494;998;998;18;0;0;4;-1
1309815663;1309815103;41;nan;0;32083;0;1495;1496;1339;1490;1084;1084;1494;1084;1494;1494;1494;1494;1494;1494;1494;1494;998;998;18;0;0;4;-1
1310310551;1310309992;41;nan;0;32138;0;1495;1496;1339;1490;1084;1084;1494;1084;1494;1494;1494;1494;1494;1494;1494;1494;998;998;18;0;0;4;-1
1310805427;1310804866;41;nan;0;32193;0;1495;1497;1340;1490;1084;1084;1494;1084;1494;1494;1494;1494;1494;1494;1494;1494;998;998;18;0;0;4;-1
1311322821;1311322262;41;nan;0;32250;0;1495;1496;1339;1490;1084;1084;1494;1084;1494;1494;1494;1494;1494;1494;1494;1494;998;998;18;0;0;4;-1
1311817712;1311817143;41;nan;0;32305;0;1495;1497;1340;1490;1084;1084;1494;1084;1494;1494;1494;1494;1494;1494;1494;1494;998;998;18;0;0;4;-1
1312312582;1312312018;41;nan;0;32360;0;1495;1496;1339;1490;1084;1084;1494;1084;1494;1494;1494;1494;1494;1494;1494;1494;998;998;18;0;0;4;-1
1312807486;1312806909;41;nan;0;32415;0;1495;1496;1339;1490;1084;1084;1494;1084;1494;1494;1494;1494;1494;1494;1494;1494;998;998;18;0;0;4;-1
1313302401;1313301788;41;nan;0;32470;0;1495;1497;1340;1490;1084;1084;1494;1084;1494;1494;1494;1494;1494;1494;1494;1494;998;998;18;0;0;4;-1
1313819729;1313819167;41;nan;0;32528;0;1495;1496;1339;1490;1084;1084;1494;1084;1494;1494;1494;1494;1494;1494;1494;1494;998;998;18;0;0;4;-1
1314314642;1314314083;41;nan;0;32583;0;1495;1497;1339;1490;1084;1084;1494;1084;1494;1494;1494;1494;1494;1494;1494;1494;998;998;18;0;0;4;-1
1314809485;1314808927;41;nan;0;32638;0;1495;1496;1339;1490;1084;1084;1494;1084;1494;1494;1494;1494;1494;1494;1494;1494;998;998;18;0;0;4;-1
1315304373;1315303814;41;nan;0;32693;0;1495;1496;1339;1490;1084;1084;1494;1084;1494;1494;1494;1494;1494;1494;1494;1494;998;998;18;0;0;4;-1
1315799259;1315798700;41;nan;0;32748;0;1495;1497;1340;1490;1084;1084;1494;1084;1494;1494;1494;1494;1494;1494;1494;1494;998;998;18;0;0;4;-1
1316316673;1316316114;41;nan;0;32805;0;1495;1496;1339;1490;1084;1084;1494;1084;1494;1494;1494;1494;1494;1494;1494;1494;998;998;18;0;0;4;-1
1316811521;1316810961;41;nan;0;32860;0;1495;1496;1340;1490;1084;1084;1494;1084;1494;1494;1494;1494;1494;1494;1494;1494;998;998;18;0;0;4;-1
1317306425;1317305856;41;nan;0;32915;0;1495;1496;1339;1490;1084;1084;1494;1084;1494;1494;1494;1494;1494;1494;1494;1494;998;998;18;0;0;4;-1
1317801348;1317800788;41;nan;0;32970;0;1495;1496;1340;1490;1084;1084;1494;1084;1494;1494;1494;1494;1494;1494;1494;1494;998;998;18;0;0;4;-1
1318318649;1318318089;41;nan;0;33028;0;1495;1496;1339;1490;1084;1084;1494;1084;1494;1494;1494;1494;1494;1494;1494;1494;998;998;18;0;0;4;-1
1318813537;1318812976;41;nan;0;33083;0;1495;1496;1339;1490;1084;1084;1494;1084;1494;1494;1494;1494;1494;1494;1494;1494;998;998;18;0;0;4;-1
1319308413;1319307854;41;nan;0;33138;0;1495;1496;1340;1490;1084;1084;1494;1084;1494;1494;1494;1494;1494;1494;1494;1494;998;998;18;0;0;4;-1
1319803291;1319802733;41;nan;0;33193;0;1495;1496;1340;1490;1084;1084;1494;1084;1494;1494;1494;1494;1494;1494;1494;1494;998;998;18;0;0;4;-1
1320320728;1320320156;41;nan;0;33250;0;1495;1497;1340;1490;1084;1084;1494;1084;1494;1494;1494;1494;1494;1494;1494;1494;998;998;18;0;0;4;-1
1320815593;1320815034;41;nan;0;33305;0;1495;1496;1340;1490;1084;1084;1494;1084;1494;1494;1494;1494;1494;1494;1494;1494;998;998;18;0;0;4;-1
1321310441;1321309880;41;nan;0;33360;0;1495;1497;1339;1490;1084;1084;1494;1084;1494;1494;1494;1494;1494;1494;1494;1494;998;998;18;0;0;4;-1
1321805323;1321804761;41;nan;0;33415;0;1495;1496;1339;1490;1084;1084;1494;1084;1494;1494;1494;1494;1494;1494;1494;1494;998;998;18;0;0;4;-1
1322300210;1322299640;41;nan;0;33470;0;1495;1497;1339;1490;1084;1084;1494;1084;1494;1494;1494;1494;1494;1494;1494;1494;998;998;18;0;0;4;-1
1322817577;1322817013;41;nan;0;33528;0;1495;1496;1339;1490;1084;1084;1494;1084;1494;1494;1494;1494;1494;1494;1494;1494;998;998;18;0;0;4;-1
1323312463;1323311903;41;nan;0;33583;0;1495;1496;1339;1490;1084;1084;1494;1084;1494;1494;1494;1494;1494;1494;1494;1494;998;998;18;0;0;4;-1
1323807340;1323806779;41;nan;0;33638;0;1495;1496;1339;1490;1084;1084;1494;1084;1494;1494;1494;1494;1494;1494;1494;1494;998;998;18;0;0;4;-1
1324302222;1324301660;41;nan;0;33693;0;1495;1497;1339;1490;1084;1084;1494;1084;1494;1494;1494;1494;1494;1494;1494;1494;998;998;18;0;0;4;-1
1324819599;1324819037;41;nan;0;33750;0;1495;1496;1340;1490;1084;1084;1494;1084;1494;1494;1494;1494;1494;1494;1494;1494;998;998;18;0;0;4;-1
1325314472;1325313912;41;nan;0;33805;0;1495;1497;1340;1490;1084;1084;1494;1084;1494;1494;1494;1494;1494;1494;1494;1494;998;998;18;0;0;4;-1
1325809370;1325808790;41;nan;0;33860;0;1495;1496;1339;1490;1084;1084;1494;1084;1494;1494;1494;1494;1494;1494;1494;1494;998;998;18;0;0;4;-1
1326304242;1326303683;41;nan;0;33915;0;1495;1496;1339;1490;1084;1084;1494;1084;1494;1494;1494;1494;1494;1494;1494;1494;998;998;18;0;0;4;-1
1326821608;1326821049;41;nan;0;33973;0;1495;1497;1339;1490;1084;1084;1494;1084;1494;1494;1494;1494;1494;1494;1494;1494;998;998;18;0;0;4;-1
1327316497;1327315937;41;nan;0;34028;0;1495;1496;1340;1490;1084;1084;1494;1084;1494;1494;1494;1494;1494;1494;1494;1494;998;998;18;0;0;4;-1
1327811421;1327810857;41;nan;0;34083;0;1495;1497;1339;1490;1084;1084;1494;1084;1494;1494;1494;1494;1494;1494;1494;1494;998;998;18;0;0;4;-1
1328306240;1328305681;41;nan;0;34138;0;1495;1497;1340;1490;1084;1084;1494;1084;1494;1494;1494;1494;1494;1494;1494;1494;998;998;18;0;0;4;-1
1328801125;1328800565;41;nan;0;34192;0;1495;1496;1339;1490;1084;1084;1494;1084;1494;1494;1494;1494;1494;1494;1494;1494;998;998;18;0;0;4;-1
1329318512;1329317953;41;nan;0;34250;0;1495;1496;1340;1490;1084;1084;1494;1084;1494;1494;1494;1494;1494;1494;1494;1494;998;998;18;0;0;4;-1
1329813383;1329812822;41;nan;0;34305;0;1495;1497;1339;1490;1084;1084;1494;1084;1494;1494;1494;1494;1494;1494;1494;1494;998;998;18;0;0;4;-1
1330308256;1330307698;41;nan;0;34360;0;1495;1497;1339;1490;1084;1084;1494;1084;1494;1494;1494;1494;1494;1494;1494;1494;998;998;18;0;0;4;-1
1330803146;1330802586;41;nan;0;34415;0;1495;1496;1339;1490;1084;1084;1494;1084;1494;1494;1494;1494;1494;1494;1494;1494;998;998;18;0;0;4;-1
1331320513;1331319953;41;nan;0;34472;0;1495;1497;1339;1490;1084;1084;1494;1084;1494;1494;1494;1494;1494;1494;1494;1494;998;998;18;0;0;4;-1
1331815452;1331814892;41;nan;0;34527;0;1495;1497;1340;1490;1084;1084;1494;1084;1494;1494;1494;1494;1494;1494;1494;1494;998;998;18;0;0;4;-1
1332310274;1332309714;41;nan;0;34582;0;1495;1497;1339;1490;1084;1084;1494;1084;1494;1494;1494;1494;1494;1494;1494;1494;998;998;18;0;0;4;-1
1332805160;1332804602;41;nan;0;34637;0;1495;1496;1340;1490;1084;1084;1494;1084;1494;1494;1494;1494;1494;1494;1494;1494;998;998;18;0;0;4;-1
1333300056;1333299497;41;nan;0;34692;0;1495;1496;1340;1490;1084;1084;1494;1084;1494;1494;1494;1494;1494;1494;1494;1494;998;998;18;0;0;4;-1
1333817397;1333816838;41;nan;0;34750;0;1495;1496;1339;1490;1084;1084;1494;1084;1494;1494;1494;1494;1494;1494;1494;1494;998;998;18;0;0;4;-1
1334312321;1334311761;41;nan;0;34805;0;1495;1497;1339;1490;1084;1084;1494;1084;1494;1494;1494;1494;1494;1494;1494;1494;998;998;18;0;0;4;-1
1334814169;1334813611;41;nan;0;34861;0;1495;1496;1339;1490;1084;1084;1494;1084;1494;1494;1494;1494;1494;1494;1494;1494;998;998;18;0;0;4;-1
1335302037;1335301477;41;nan;0;34915;0;1495;1496;1340;1490;1084;1084;1494;1084;1494;1494;1494;1494;1494;1494;1494;1494;998;998;18;0;0;4;-1
1335796931;1335796363;41;nan;0;34970;0;1495;1497;1340;1490;1084;1084;1494;1084;1494;1494;1494;1494;1494;1494;1494;1494;998;998;18;0;0;4;-1
1336314306;1336313747;41;nan;0;35027;0;1495;1496;1339;1490;1084;1084;1494;1084;1494;1494;1494;1494;1494;1494;1494;1494;998;998;18;0;0;4;-1
1336809207;1336808636;41;nan;0;35082;0;1495;1496;1340;1490;1084;1084;1494;1084;1494;1494;1494;1494;1494;1494;1494;1494;998;998;18;0;0;4;-1
1337304107;1337303547;41;nan;0;35137;0;1495;1496;1339;1490;1084;1084;1494;1084;1494;1494;1494;1494;1494;1494;1494;1494;998;998;18;0;0;4;-1
1337821416;1337820855;41;nan;0;35195;0;1495;1496;1340;1490;1084;1084;1494;1084;1494;1494;1494;1494;1494;1494;1494;1494;998;998;18;0;0;4;-1
1338316296;1338315733;41;nan;0;35250;0;1495;1497;1340;1490;1084;1084;1494;1084;1494;1494;1494;1494;1494;1494;1494;1494;998;998;18;0;0;4;-1
1338811174;1338810613;41;nan;0;35305;0;1495;1497;1340;1490;1084;1084;1494;1084;1494;1494;1494;1494;1494;1494;1494;1494;998;998;18;0;0;4;-1
1339306039;1339305480;41;nan;0;35360;0;1495;1496;1340;1490;1084;1084;1494;1084;1494;1494;1494;1494;1494;1494;1494;1494;998;998;18;0;0;4;-1
1339800929;1339800362;41;nan;0;35415;0;1495;1497;1340;1490;1084;1084;1494;1084;1494;1494;1494;1494;1494;1494;1494;1494;998;998;18;0;0;4;-1
1340318375;1340317816;41;nan;0;35472;0;1495;1496;1339;1490;1084;1084;1494;1084;1494;1494;1494;1494;1494;1494;1494;1494;998;998;18;0;0;4;-1
1340813177;1340812618;41;nan;0;35527;0;1495;1496;1340;1490;1084;1084;1494;1084;1494;1494;1494;1494;1494;1494;1494;1494;998;998;18;0;0;4;-1
1341308079;1341307518;41;nan;0;35582;0;1495;1496;1339;1490;1084;1084;1494;1084;1494;1494;1494;1494;1494;1494;1494;1494;998;998;18;0;0;4;-1
1341802991;1341802415;41;nan;0;35637;0;1495;1496;1339;1490;1084;1084;1494;1084;1494;1494;1494;1494;1494;1494;1494;1494;998;998;18;0;0;4;-1
1342320300;1342319740;41;nan;0;35695;0;1495;1496;1339;1490;1084;1084;1494;1084;1494;1494;1494;1494;1494;1494;1494;1494;998;998;18;0;0;4;-1
1342815175;1342814614;41;nan;0;35750;0;1495;1496;1340;1490;1084;1084;1494;1084;1494;1494;1494;1494;1494;1494;1494;1494;998;998;18;0;0;4;-1
1343310058;1343309499;41;nan;0;35805;0;1495;1496;1339;1490;1084;1084;1494;1084;1494;1494;1494;1494;1494;1494;1494;1494;998;998;18;0;0;4;-1
1343804922;1343804362;41;nan;0;35860;0;1495;1496;1339;1490;1084;1084;1494;1084;1494;1494;1494;1494;1494;1494;1494;1494;998;998;18;0;0;4;-1
1344299804;1344299243;41;nan;0;35915;0;1495;1496;1340;1490;1084;1084;1494;1084;1494;1494;1494;1494;1494;1494;1494;1494;998;998;18;0;0;4;-1
1344817178;1344816619;41;nan;0;35972;0;1495;1496;1340;1490;1084;1084;1494;1084;1494;1494;1494;1494;1494;1494;1494;1494;998;998;18;0;0;4;-1
1345312109;1345311504;41;nan;0;36027;0;1495;1497;1339;1490;1084;1084;1494;1084;1494;1494;1494;1494;1494;1494;1494;1494;998;998;18;0;0;4;-1
1345806972;1345806407;41;nan;0;36082;0;1495;1496;1340;1490;1084;1084;1494;1084;1494;1494;1494;1494;1494;1494;1494;1494;998;998;18;0;0;4;-1
1346301808;1346301235;41;nan;0;36137;0;1495;1496;1339;1490;1084;1084;1494;1084;1494;1494;1494;1494;1494;1494;1494;1494;998;998;18;0;0;4;-1
1346819171;1346818610;41;nan;0;36195;0;1495;1496;1339;1490;1084;1084;1494;1084;1494;1494;1494;1494;1494;1494;1494;1494;998;998;18;0;0;4;-1
1347314037;1347313479;41;nan;0;36250;0;1495;1496;1339;1490;1084;1084;1494;1084;1494;1494;1494;1494;1494;1494;1494;1494;998;998;18;0;0;4;-1
1347808932;1347808372;41;nan;0;36305;0;1495;1497;1340;1490;1084;1084;1494;1084;1494;1494;1494;1494;1494;1494;1494;1494;998;998;18;0;0;4;-1
1348303801;1348303235;41;nan;0;36360;0;1495;1497;1339;1490;1084;1084;1494;1084;1494;1494;1494;1494;1494;1494;1494;1494;998;998;18;0;0;4;-1
1348821165;1348820604;41;nan;0;36417;0;1495;1496;1339;1490;1084;1084;1494;1084;1494;1494;1494;1494;1494;1494;1494;1494;998;998;18;0;0;4;-1
1349316059;1349315499;41;nan;0;36472;0;1495;1496;1340;1490;1084;1084;1494;1084;1494;1494;1494;1494;1494;1494;1494;1494;998;998;18;0;0;4;-1
1349810914;1349810353;41;nan;0;36527;0;1495;1497;1339;1490;1084;1084;1494;1084;1494;1494;1494;1494;1494;1494;1494;1494;998;998;18;0;0;4;-1
1350305790;1350305227;41;nan;0;36582;0;1495;1497;1339;1490;1084;1084;1494;1084;1494;1494;1494;1494;1494;1494;1494;1494;998;998;18;0;0;4;-1
1350800659;1350800097;41;nan;0;36637;0;1495;1497;1339;1490;1084;1084;1494;1084;1494;1494;1494;1494;1494;1494;1494;1494;998;998;18;0;0;4;-1
1351318032;1351317471;41;nan;0;36695;0;1495;1496;1340;1490;1084;1084;1494;1084;1494;1494;1494;1494;1494;1494;1494;1494;998;998;18;0;0;4;-1
1351812927;1351812342;41;nan;0;36750;0;1495;1496;1339;1490;1084;1084;1494;1084;1494;1494;1494;1494;1494;1494;1494;1494;998;998;18;0;0;4;-1
1352307845;1352307256;41;nan;0;36805;0;1495;1497;1339;1490;1084;1084;1494;1084;1494;1494;1494;1494;1494;1494;1494;1494;998;998;18;0;0;4;-1
1352802645;1352802087;41;nan;0;36860;0;1495;1496;1339;1490;1084;1084;1494;1084;1494;1494;1494;1494;1494;1494;1494;1494;998;998;18;0;0;4;-1
1353320021;1353319460;41;nan;0;36917;0;1495;1497;1340;1490;1084;1084;1494;1084;1494;1494;1494;1494;1494;1494;1494;1494;998;998;18;0;0;4;-1
1353814927;1353814363;41;nan;0;36972;0;1495;1496;1339;1490;1084;1084;1494;1084;1494;1494;1494;1494;1494;1494;1494;1494;998;998;18;0;0;4;-1
1354309767;1354309207;41;nan;0;37027;0;1495;1496;1340;1490;1084;1084;1494;1084;1494;1494;1494;1494;1494;1494;1494;1494;998;998;18;0;0;4;-1
1354804645;1354804085;41;nan;0;37082;0;1495;1496;1339;1490;1084;1084;1494;1084;1494;1494;1494;1494;1494;1494;1494;1494;998;998;18;0;0;4;-1
1355322115;1355321555;41;nan;0;37139;0;1495;1496;1339;1490;1084;1084;1494;1084;1494;1494;1494;1494;1494;1494;1494;1494;998;998;18;0;0;4;-1
1355816885;1355816323;41;nan;0;37194;0;1495;1496;1339;1490;1084;1084;1494;1084;1494;1494;1494;1494;1494;1494;1494;1494;998;998;18;0;0;4;-1
1356311774;1356311214;41;nan;0;37249;0;1495;1496;1340;1490;1084;1084;1494;1084;1494;1494;1494;1494;1494;1494;1494;1494;998;998;18;0;0;4;-1
1356806675;1356806116;41;nan;0;37304;0;1495;1497;1340;1490;1084;1084;1494;1084;1494;1494;1494;1494;1494;1494;1494;1494;998;998;18;0;0;4;-1
1357301562;1357301002;41;nan;0;37359;0;1495;1496;1340;1490;1084;1084;1494;1084;1494;1494;1494;1494;1494;1494;1494;1494;998;998;18;0;0;4;-1
1357818864;1357818305;41;nan;0;37417;0;1495;1496;1340;1490;1084;1084;1494;1084;1494;1494;1494;1494;1494;1494;1494;1494;998;998;18;0;0;4;-1
1358313769;1358313210;41;nan;0;37472;0;1495;1497;1340;1490;1084;1084;1494;1084;1494;1494;1494;1494;1494;1494;1494;1494;998;998;18;0;0;4;-1
1358808609;1358808050;41;nan;0;37527;0;1495;1496;1339;1490;1084;1084;1494;1084;1494;1494;1494;1494;1494;1494;1494;1494;998;998;18;0;0;4;-1
1359303484;1359302925;41;nan;0;37582;0;1495;1496;1339;1490;1084;1084;1494;1084;1494;1494;1494;1494;1494;1494;1494;1494;998;998;18;0;0;4;-1
1359820944;1359820385;41;nan;0;37639;0;1495;1496;1339;1490;1084;1084;1494;1084;1494;1494;1494;1494;1494;1494;1494;1494;998;998;18;0;0;4;-1
1360315752;1360315181;41;nan;0;37694;0;1495;1496;1340;1490;1084;1084;1494;1084;1494;1494;1494;1494;1494;1494;1494;1494;998;998;18;0;0;4;-1
1360810630;1360810068;41;nan;0;37749;0;1495;1497;1339;1490;1084;1084;1494;1084;1494;1494;1494;1494;1494;1494;1494;1494;998;998;18;0;0;4;-1
1361305480;1361304921;41;nan;0;37804;0;1495;1496;1339;1490;1084;1084;1494;1084;1494;1494;1494;1494;1494;1494;1494;1494;998;998;18;0;0;4;-1
1361800352;1361799793;41;nan;0;37859;0;1495;1496;1339;1490;1084;1084;1494;1084;1494;1494;1494;1494;1494;1494;1494;1494;998;998;18;0;0;4;-1
1362317715;1362317155;41;nan;0;37917;0;1495;1496;1340;1490;1084;1084;1494;1084;1494;1494;1494;1494;1494;1494;1494;1494;998;998;18;0;0;4;-1
1362812592;1362812031;41;nan;0;37972;0;1495;1497;1339;1490;1084;1084;1494;1084;1494;1494;1494;1494;1494;1494;1494;1494;998;998;18;0;0;4;-1
1363307482;1363306923;41;nan;0;38027;0;1495;1496;1339;1490;1084;1084;1494;1084;1494;1494;1494;1494;1494;1494;1494;1494;998;998;18;0;0;4;-1
1363802318;1363801759;41;nan;0;38082;0;1495;1496;1339;1490;1084;1084;1494;1084;1494;1494;1494;1494;1494;1494;1494;1494;998;998;18;0;0;4;-1
1364319734;1364319172;41;nan;0;38139;0;1495;1496;1339;1490;1084;1084;1494;1084;1494;1494;1494;1494;1494;1494;1494;1494;998;998;18;0;0;4;-1
1364814578;1364814019;41;nan;0;38194;0;1495;1496;1340;1490;1084;1084;1494;1084;1494;1494;1494;1494;1494;1494;1494;1494;998;998;18;0;0;4;-1
1365309456;1365308897;41;nan;0;38249;0;1495;1496;1339;1490;1084;1084;1494;1084;1494;1494;1494;1494;1494;1494;1494;1494;998;998;18;0;0;4;-1
1365804406;1365803829;41;nan;0;38304;0;1495;1496;1339;1490;1084;1084;1494;1084;1494;1494;1494;1494;1494;1494;1494;1494;998;998;18;0;0;4;-1
1366321678;1366321117;41;nan;0;38362;0;1495;1497;1339;1490;1084;1084;1494;1084;1494;1494;1494;1494;1494;1494;1494;1494;998;998;18;0;0;4;-1
1366816545;1366815984;41;nan;0;38417;0;1495;1496;1339;1490;1084;1084;1494;1084;1494;1494;1494;1494;1494;1494;1494;1494;998;998;18;0;0;4;-1
1367311417;1367310856;41;nan;0;38472;0;1495;1496;1339;1490;1084;1084;1494;1084;1494;1494;1494;1494;1494;1494;1494;1494;998;998;18;0;0;4;-1
1367806285;1367805726;41;nan;0;38527;0;1495;1496;1339;1490;1084;1084;1494;1084;1494;1494;1494;1494;1494;1494;1494;1494;998;998;18;0;0;4;-1
1368301179;1368300598;41;nan;0;38582;0;1495;1496;1339;1490;1084;1084;1494;1084;1494;1494;1494;1494;1494;1494;1494;1494;998;998;18;0;0;4;-1
1368818537;1368817976;41;nan;0;38639;0;1495;1497;1339;1490;1084;1084;1494;1084;1494;1494;1494;1494;1494;1494;1494;1494;998;998;18;0;0;4;-1
1369313395;1369312835;41;nan;0;38694;0;1495;1496;1339;1490;1084;1084;1494;1084;1494;1494;1494;1494;1494;1494;1494;1494;998;998;18;0;0;4;-1
1369808304;1369807722;41;nan;0;38749;0;1495;1496;1340;1490;1084;1084;1494;1084;1494;1494;1494;1494;1494;1494;1494;1494;998;998;18;0;0;4;-1
1370303132;1370302573;41;nan;0;38804;0;1495;1496;1339;1490;1084;1084;1494;1084;1494;1494;1494;1494;1494;1494;1494;1494;998;998;18;0;0;4;-1
1370820505;1370819943;41;nan;0;38862;0;1495;1497;1340;1490;1084;1084;1494;1084;1494;1494;1494;1494;1494;1494;1494;1494;998;998;18;0;0;4;-1
1371315395;1371314835;41;nan;0;38917;0;1495;1496;1340;1490;1084;1084;1494;1084;1494;1494;1494;1494;1494;1494;1494;1494;998;998;18;0;0;4;-1
1371810246;1371809687;41;nan;0;38972;0;1495;1496;1340;1490;1084;1084;1494;1084;1494;1494;1494;1494;1494;1494;1494;1494;998;998;18;0;0;4;-1
1372305118;1372304557;41;nan;0;39027;0;1495;1497;1339;1490;1084;1084;1494;1084;1494;1494;1494;1494;1494;1494;1494;1494;998;998;18;0;0;4;-1
1372822509;1372821949;41;nan;0;39084;0;1495;1497;1339;1490;1084;1084;1494;1084;1494;1494;1494;1494;1494;1494;1494;1494;998;998;18;0;0;4;-1
1373317353;1373316792;41;nan;0;39139;0;1495;1497;1339;1490;1084;1084;1494;1084;1494;1494;1494;1494;1494;1494;1494;1494;998;998;18;0;0;4;-1
1373812216;1373811655;41;nan;0;39194;0;1495;1497;1340;1490;1084;1084;1494;1084;1494;1494;1494;1494;1494;1494;1494;1494;998;998;18;0;0;4;-1
1374307105;1374306546;41;nan;0;39249;0;1495;1496;1339;1490;1084;1084;1494;1084;1494;1494;1494;1494;1494;1494;1494;1494;998;998;18;0;0;4;-1
1374801960;1374801395;41;nan;0;39304;0;1495;1497;1340;1490;1084;1084;1494;1084;1494;1494;1494;1494;1494;1494;1494;1494;998;998;18;0;0;4;-1
1375319356;1375318797;41;nan;0;39362;0;1495;1497;1339;1490;1084;1084;1494;1084;1494;1494;1494;1494;1494;1494;1494;1494;998;998;18;0;0;4;-1
1375814190;1375813629;41;nan;0;39416;0;1495;1496;1339;1490;1084;1084;1494;1084;1494;1494;1494;1494;1494;1494;1494;1494;998;998;18;0;0;4;-1
1376315933;1376315372;41;nan;0;39472;0;1495;1497;1339;1490;1084;1084;1494;1084;1494;1494;1494;1494;1494;1494;1494;1494;998;998;18;0;0;4;-1
1376803943;1376803384;41;nan;0;39526;0;1495;1496;1339;1490;1084;1084;1494;1084;1494;1494;1494;1494;1494;1494;1494;1494;998;998;18;0;0;4;-1
1377298796;1377298233;41;nan;0;39581;0;1495;1496;1339;1490;1084;1084;1494;1084;1494;1494;1494;1494;1494;1494;1494;1494;998;998;18;0;0;4;-1
1377816171;1377815611;41;nan;0;39639;0;1495;1496;1339;1490;1084;1084;1494;1084;1494;1494;1494;1494;1494;1494;1494;1494;998;998;18;0;0;4;-1
1378311034;1378310474;41;nan;0;39694;0;1495;1497;1339;1490;1084;1084;1494;1084;1494;1494;1494;1494;1494;1494;1494;1494;998;998;18;0;0;4;-1
1378805900;1378805340;41;nan;0;39749;0;1495;1497;1340;1490;1084;1084;1494;1084;1494;1494;1494;1494;1494;1494;1494;1494;998;998;18;0;0;4;-1
1379300770;1379300210;41;nan;0;39804;0;1495;1496;1339;1490;1084;1084;1494;1084;1494;1494;1494;1494;1494;1494;1494;1494;998;998;18;0;0;4;-1
1379818138;1379817580;41;nan;0;39861;0;1495;1496;1339;1490;1084;1084;1494;1084;1494;1494;1494;1494;1494;1494;1494;1494;998;998;18;0;0;4;-1
1380313020;1380312461;41;nan;0;39916;0;1495;1497;1339;1490;1084;1084;1494;1084;1494;1494;1494;1494;1494;1494;1494;1494;998;998;18;0;0;4;-1
1380807877;1380807318;41;nan;0;39971;0;1495;1497;1339;1490;1084;1084;1494;1084;1494;1494;1494;1494;1494;1494;1494;1494;998;998;18;0;0;4;-1
1381302789;1381302230;41;nan;0;40026;0;1495;1496;1340;1490;1084;1084;1494;1084;1494;1494;1494;1494;1494;1494;1494;1494;998;998;18;0;0;4;-1
1381820097;1381819539;41;nan;0;40084;0;1495;1496;1339;1490;1084;1084;1494;1084;1494;1494;1494;1494;1494;1494;1494;1494;998;998;18;0;0;4;-1
1382314972;1382314411;41;nan;0;40139;0;1495;1496;1339;1490;1084;1084;1494;1084;1494;1494;1494;1494;1494;1494;1494;1494;998;998;18;0;0;4;-1
1382809839;1382809278;41;nan;0;40194;0;1495;1497;1340;1490;1084;1084;1494;1084;1494;1494;1494;1494;1494;1494;1494;1494;998;998;18;0;0;4;-1
1383304706;1383304144;41;nan;0;40249;0;1495;1496;1339;1490;1084;1084;1494;1084;1494;1494;1494;1494;1494;1494;1494;1494;998;998;18;0;0;4;-1
1383822146;1383821587;41;nan;0;40306;0;1495;1497;1339;1490;1084;1084;1494;1084;1494;1494;1494;1494;1494;1494;1494;1494;998;998;18;0;0;4;-1
1384316949;1384316389;41;nan;0;40361;0;1495;1496;1339;1490;1084;1084;1494;1084;1494;1494;1494;1494;1494;1494;1494;1494;998;998;18;0;0;4;-1
1384811840;1384811273;41;nan;0;40416;0;1495;1497;1340;1490;1084;1084;1494;1084;1494;1494;1494;1494;1494;1494;1494;1494;998;998;18;0;0;4;-1
1385306733;1385306174;41;nan;0;40471;0;1495;1496;1340;1490;1084;1084;1494;1084;1494;1494;1494;1494;1494;1494;1494;1494;998;998;18;0;0;4;-1
1385801653;1385801093;41;nan;0;40526;0;1495;1497;1340;1490;1084;1084;1494;1084;1494;1494;1494;1494;1494;1494;1494;1494;998;998;18;0;0;4;-1
1386318902;1386318339;41;nan;0;40584;0;1495;1497;1339;1490;1084;1084;1494;1084;1494;1494;1494;1494;1494;1494;1494;1494;998;998;18;0;0;4;-1
1386813809;1386813250;41;nan;0;40639;0;1495;1497;1340;1490;1084;1084;1494;1084;1494;1494;1494;1494;1494;1494;1494;1494;998;998;18;0;0;4;-1
1387308634;1387308073;41;nan;0;40694;0;1495;1497;1339;1490;1084;1084;1494;1084;1494;1494;1494;1494;1494;1494;1494;1494;998;998;18;0;0;4;-1
1387803507;1387802947;41;nan;0;40749;0;1495;1497;1339;1490;1084;1084;1494;1084;1494;1494;1494;1494;1494;1494;1494;1494;998;998;18;0;0;4;-1
1388320927;1388320365;41;nan;0;40806;0;1495;1497;1340;1490;1084;1084;1494;1084;1494;1494;1494;1494;1494;1494;1494;1494;998;998;18;0;0;4;-1
1388815823;1388815192;41;nan;0;40861;0;1495;1497;1340;1490;1084;1084;1494;1084;1494;1494;1494;1494;1494;1494;1494;1494;998;998;18;0;0;4;-1
1389310735;1389310122;41;nan;0;40916;0;1495;1497;1339;1490;1084;1084;1494;1084;1494;1494;1494;1494;1494;1494;1494;1494;998;998;18;0;0;4;-1
1389805471;1389804907;41;nan;0;40971;0;1495;1497;1340;1490;1084;1084;1494;1084;1494;1494;1494;1494;1494;1494;1494;1494;998;998;18;0;0;4;-1
1390300339;1390299774;41;nan;0;41026;0;1495;1497;1340;1490;1084;1084;1494;1084;1494;1494;1494;1494;1494;1494;1494;1494;998;998;18;0;0;4;-1
1390817695;1390817136;41;nan;0;41084;0;1495;1497;1340;1490;1084;1084;1494;1084;1494;1494;1494;1494;1494;1494;1494;1494;998;998;18;0;0;4;-1
1391312562;1391312002;41;nan;0;41139;0;1495;1497;1340;1490;1084;1084;1494;1084;1494;1494;1494;1494;1494;1494;1494;1494;998;998;18;0;0;4;-1
1391807438;1391806877;41;nan;0;41194;0;1495;1496;1340;1490;1084;1084;1494;1084;1494;1494;1494;1494;1494;1494;1494;1494;998;998;18;0;0;4;-1
1392302291;1392301732;41;nan;0;41249;0;1495;1496;1340;1490;1084;1084;1494;1084;1494;1494;1494;1494;1494;1494;1494;1494;998;998;18;0;0;4;-1
1392819662;1392819100;41;nan;0;41306;0;1495;1497;1340;1490;1084;1084;1494;1084;1494;1494;1494;1494;1494;1494;1494;1494;998;998;18;0;0;4;-1
1393314539;1393313969;41;nan;0;41361;0;1495;1496;1339;1490;1084;1084;1494;1084;1494;1494;1494;1494;1494;1494;1494;1494;998;998;18;0;0;4;-1
1393809403;1393808840;41;nan;0;41416;0;1495;1497;1339;1490;1084;1084;1494;1084;1494;1494;1494;1494;1494;1494;1494;1494;998;998;18;0;0;4;-1
1394304257;1394303697;41;nan;0;41471;0;1495;1496;1340;1490;1084;1084;1494;1084;1494;1494;1494;1494;1494;1494;1494;1494;998;998;18;0;0;4;-1
1394821624;1394821060;41;nan;0;41529;0;1495;1497;1340;1490;1084;1084;1494;1084;1494;1494;1494;1494;1494;1494;1494;1494;998;998;18;0;0;4;-1
1395316488;1395315927;41;nan;0;41584;0;1495;1496;1339;1490;1084;1084;1494;1084;1494;1494;1494;1494;1494;1494;1494;1494;998;998;18;0;0;4;-1
1395811354;1395810794;41;nan;0;41639;0;1495;1497;1338;1491;1084;1084;1494;1084;1494;1494;1494;1494;1494;1494;1494;1494;998;998;18;0;0;4;-1
1396306263;1396305704;41;nan;0;41694;0;1495;1496;1338;1491;1084;1084;1494;1084;1494;1494;1494;1494;1494;1494;1494;1494;998;998;18;0;0;4;-1
1396801080;1396800522;41;nan;0;41749;0;1495;1496;1338;1491;1084;1084;1494;1084;1494;1494;1494;1494;1494;1494;1494;1494;998;998;18;0;0;4;-1
1397318448;1397317887;41;nan;0;41806;0;1495;1497;1338;1491;1084;1084;1494;1084;1494;1494;1494;1494;1494;1494;1494;1494;998;998;18;0;0;4;-1
1397813308;1397812749;41;nan;0;41861;0;1495;1497;1338;1491;1084;1084;1494;1084;1494;1494;1494;1494;1494;1494;1494;1494;998;998;18;0;0;4;-1
1398308181;1398307619;41;nan;0;41916;0;1495;1497;1338;1490;1084;1084;1494;1084;1494;1494;1494;1494;1494;1494;1494;1494;998;998;18;0;0;4;-1
1398803040;1398802481;41;nan;0;41971;0;1495;1497;1338;1491;1084;1084;1494;1084;1494;1494;1494;1494;1494;1494;1494;1494;998;998;18;0;0;4;-1
1399320415;1399319856;41;nan;0;42028;0;1495;1496;1338;1491;1084;1084;1494;1084;1494;1494;1494;1494;1494;1494;1494;1494;998;998;18;0;0;4;-1
1399815298;1399814739;41;nan;0;42083;0;1495;1497;1338;1491;1084;1084;1494;1084;1494;1494;1494;1494;1494;1494;1494;1494;998;998;18;0;0;4;-1
1400310206;1400309647;41;nan;0;42138;0;1495;1497;1338;1490;1084;1084;1494;1084;1494;1494;1494;1494;1494;1494;1494;1494;998;998;18;0;0;4;-1
1400804994;1400804436;41;nan;0;42193;0;1495;1496;1338;1491;1084;1084;1494;1084;1494;1494;1494;1494;1494;1494;1494;1494;998;998;18;0;0;4;-1
1401322391;1401321831;41;nan;0;42251;0;1495;1496;1338;1491;1084;1084;1494;1084;1494;1494;1494;1494;1494;1494;1494;1494;998;998;18;0;0;4;-1
1401817221;1401816662;41;nan;0;42306;0;1495;1497;1338;1491;1084;1084;1494;1084;1494;1494;1494;1494;1494;1494;1494;1494;998;998;18;0;0;4;-1
1402312091;1402311530;41;nan;0;42361;0;1495;1496;1338;1491;1084;1084;1494;1084;1494;1494;1494;1494;1494;1494;1494;1494;998;998;18;0;0;4;-1
1402806954;1402806394;41;nan;0;42416;0;1495;1497;1338;1491;1084;1084;1494;1084;1494;1494;1494;1494;1494;1494;1494;1494;998;998;18;0;0;4;-1
1403301822;1403301263;41;nan;0;42471;0;1495;1497;1338;1491;1084;1084;1494;1084;1494;1494;1494;1494;1494;1494;1494;1494;998;998;18;0;0;4;-1
1403819297;1403818698;41;nan;0;42528;0;1495;1496;1338;1491;1084;1084;1494;1084;1494;1494;1494;1494;1494;1494;1494;1494;998;998;18;0;0;4;-1
1404314213;1404313618;41;nan;0;42583;0;1495;1497;1338;1491;1084;1084;1494;1084;1494;1494;1494;1494;1494;1494;1494;1494;998;998;18;0;0;4;-1
1404808938;1404808356;41;nan;0;42638;0;1495;1497;1338;1491;1084;1084;1494;1084;1494;1494;1494;1494;1494;1494;1494;1494;998;998;18;0;0;4;-1
1405303795;1405303229;41;nan;0;42693;0;1495;1496;1338;1490;1084;1084;1494;1084;1494;1494;1494;1494;1494;1494;1494;1494;998;998;18;0;0;4;-1
1405821160;1405820600;41;nan;0;42751;0;1495;1497;1338;1491;1084;1084;1494;1084;1494;1494;1494;1494;1494;1494;1494;1494;998;998;18;0;0;4;-1
1406315998;1406315439;41;nan;0;42806;0;1495;1496;1338;1491;1084;1084;1494;1084;1494;1494;1494;1494;1494;1494;1494;1494;998;998;18;0;0;4;-1
1406810867;1406810305;41;nan;0;42861;0;1495;1496;1338;1491;1084;1084;1494;1084;1494;1494;1494;1494;1494;1494;1494;1494;998;998;18;0;0;4;-1
1407305719;1407305161;41;nan;0;42916;0;1495;1496;1338;1490;1084;1084;1494;1084;1494;1494;1494;1494;1494;1494;1494;1494;998;998;18;0;0;4;-1
1407800599;1407800030;41;nan;0;42971;0;1495;1497;1338;1491;1084;1084;1494;1084;1494;1494;1494;1494;1494;1494;1494;1494;998;998;18;0;0;4;-1
1408318045;1408317479;41;nan;0;43028;0;1495;1497;1338;1490;1084;1084;1494;1084;1494;1494;1494;1494;1494;1494;1494;1494;998;998;18;0;0;4;-1
1408812956;1408812397;41;nan;0;43083;0;1495;1497;1338;1491;1084;1084;1494;1084;1494;1494;1494;1494;1494;1494;1494;1494;998;998;18;0;0;4;-1
1409307731;1409307169;41;nan;0;43138;0;1495;1497;1338;1491;1084;1084;1494;1084;1494;1494;1494;1494;1494;1494;1494;1494;998;998;18;0;0;4;-1
1409802544;1409801984;41;nan;0;43193;0;1495;1497;1338;1490;1084;1084;1494;1084;1494;1494;1494;1494;1494;1494;1494;1494;998;998;18;0;0;4;-1
1410319908;1410319348;41;nan;0;43251;0;1495;1497;1338;1491;1084;1084;1494;1084;1494;1494;1494;1494;1494;1494;1494;1494;998;998;18;0;0;4;-1
1410814767;1410814209;41;nan;0;43306;0;1495;1497;1338;1491;1084;1084;1494;1084;1494;1494;1494;1494;1494;1494;1494;1494;998;998;18;0;0;4;-1
1411309639;1411309078;41;nan;0;43361;0;1495;1497;1338;1490;1084;1084;1494;1084;1494;1494;1494;1494;1494;1494;1494;1494;998;998;18;0;0;4;-1
1411804495;1411803937;41;nan;0;43416;0;1495;1497;1338;1491;1084;1084;1494;1084;1494;1494;1494;1494;1494;1494;1494;1494;998;998;18;0;0;4;-1
1412299364;1412298803;41;nan;0;43471;0;1495;1496;1338;1490;1084;1084;1494;1084;1494;1494;1494;1494;1494;1494;1494;1494;998;998;18;0;0;4;-1
1412816798;1412816178;41;nan;0;43528;0;1495;1497;1338;1491;1084;1084;1494;1084;1494;1494;1494;1494;1494;1494;1494;1494;998;998;18;0;0;4;-1
1413311619;1413311049;41;nan;0;43583;0;1495;1496;1338;1491;1084;1084;1494;1084;1494;1494;1494;1494;1494;1494;1494;1494;998;998;18;0;0;4;-1
1413806473;1413805896;41;nan;0;43638;0;1495;1496;1338;1491;1084;1084;1494;1084;1494;1494;1494;1494;1494;1494;1494;1494;998;998;18;0;0;4;-1
1414301324;1414300745;41;nan;0;43693;0;1495;1496;1338;1491;1084;1084;1494;1084;1494;1494;1494;1494;1494;1494;1494;1494;998;998;18;0;0;4;-1
1414818672;1414818111;41;nan;0;43751;0;1495;1497;1338;1491;1084;1084;1494;1084;1494;1494;1494;1494;1494;1494;1494;1494;998;998;18;0;0;4;-1
1415313537;1415312978;41;nan;0;43806;0;1495;1496;1338;1491;1084;1084;1494;1084;1494;1494;1494;1494;1494;1494;1494;1494;998;998;18;0;0;4;-1
1415808388;1415807830;41;nan;0;43861;0;1495;1496;1338;1490;1084;1084;1494;1084;1494;1494;1494;1494;1494;1494;1494;1494;998;998;18;0;0;4;-1
1416303256;1416302697;41;nan;0;43916;0;1495;1497;1338;1490;1084;1084;1494;1084;1494;1494;1494;1494;1494;1494;1494;1494;998;998;18;0;0;4;-1
1416820612;1416820052;41;nan;0;43973;0;1495;1496;1338;1491;1084;1084;1494;1084;1494;1494;1494;1494;1494;1494;1494;1494;998;998;18;0;0;4;-1
1417315483;1417314924;41;nan;0;44028;0;1495;1496;1338;1491;1084;1084;1494;1084;1494;1494;1494;1494;1494;1494;1494;1494;998;998;18;0;0;4;-1
1417817310;1417816750;41;nan;0;44084;0;1495;1497;1338;1491;1084;1084;1494;1084;1494;1494;1494;1494;1494;1494;1494;1494;998;998;18;0;0;4;-1
1418305208;1418304647;41;nan;0;44138;0;1495;1496;1338;1490;1084;1084;1494;1084;1494;1494;1494;1494;1494;1494;1494;1494;998;998;18;0;0;4;-1
1418800095;1418799536;41;nan;0;44193;0;1495;1497;1338;1490;1084;1084;1494;1084;1494;1494;1494;1494;1494;1494;1494;1494;998;998;18;0;0;4;-1
1419317433;1419316874;41;nan;0;44250;0;1495;1497;1338;1491;1084;1084;1494;1084;1494;1494;1494;1494;1494;1494;1494;1494;998;998;18;0;0;4;-1
1419812385;1419811823;41;nan;0;44305;0;1495;1497;1338;1490;1084;1084;1494;1084;1494;1494;1494;1494;1494;1494;1494;1494;998;998;18;0;0;4;-1
1420307146;1420306585;41;nan;0;44360;0;1495;1497;1338;1491;1084;1084;1494;1084;1494;1494;1494;1494;1494;1494;1494;1494;998;998;18;0;0;4;-1
1420802041;1420801482;41;nan;0;44415;0;1495;1497;1338;1491;1084;1084;1494;1084;1494;1494;1494;1494;1494;1494;1494;1494;998;998;18;0;0;4;-1
1421319367;1421318808;41;nan;0;44473;0;1495;1497;1338;1491;1084;1084;1494;1084;1494;1494;1494;1494;1494;1494;1494;1494;998;998;18;0;0;4;-1
1421814261;1421813680;41;nan;0;44528;0;1495;1497;1338;1491;1084;1084;1494;1084;1494;1494;1494;1494;1494;1494;1494;1494;998;998;18;0;0;4;-1
1422309109;1422308550;41;nan;0;44583;0;1495;1497;1338;1491;1084;1084;1494;1084;1494;1494;1494;1494;1494;1494;1494;1494;998;998;18;0;0;4;-1
1422803961;1422803398;41;nan;0;44638;0;1495;1497;1338;1491;1084;1084;1494;1084;1494;1494;1494;1494;1494;1494;1494;1494;998;998;18;0;0;4;-1
1423321367;1423320808;41;nan;0;44695;0;1495;1497;1338;1491;1084;1084;1494;1084;1494;1494;1494;1494;1494;1494;1494;1494;998;998;18;0;0;4;-1
1423816187;1423815627;41;nan;0;44750;0;1495;1497;1338;1491;1084;1084;1494;1084;1494;1494;1494;1494;1494;1494;1494;1494;998;998;18;0;0;4;-1
1424311037;1424310477;41;nan;0;44805;0;1495;1497;1338;1491;1084;1084;1494;1084;1494;1494;1494;1494;1494;1494;1494;1494;998;998;18;0;0;4;-1
1424805899;1424805339;41;nan;0;44860;0;1495;1497;1338;1491;1084;1084;1494;1084;1494;1494;1494;1494;1494;1494;1494;1494;998;998;18;0;0;4;-1
1425300779;1425300214;41;nan;0;44915;0;1495;1497;1338;1491;1084;1084;1494;1084;1494;1494;1494;1494;1494;1494;1494;1494;998;998;18;0;0;4;-1
1425818118;1425817558;41;nan;0;44973;0;1495;1497;1338;1491;1084;1084;1494;1084;1494;1494;1494;1494;1494;1494;1494;1494;998;998;18;0;0;4;-1
1426312984;1426312423;41;nan;0;45028;0;1495;1497;1338;1491;1084;1084;1494;1084;1494;1494;1494;1494;1494;1494;1494;1494;998;998;18;0;0;4;-1
1426807847;1426807286;41;nan;0;45083;0;1495;1497;1338;1491;1084;1084;1494;1084;1494;1494;1494;1494;1494;1494;1494;1494;998;998;18;0;0;4;-1
1427302701;1427302142;41;nan;0;45138;0;1495;1497;1338;1491;1084;1084;1494;1084;1494;1494;1494;1494;1494;1494;1494;1494;998;998;18;0;0;4;-1
1427820123;1427819560;41;nan;0;45195;0;1495;1497;1338;1491;1084;1084;1494;1084;1494;1494;1494;1494;1494;1494;1494;1494;998;998;18;0;0;4;-1
1428314949;1428314378;41;nan;0;45250;0;1495;1497;1338;1491;1084;1084;1494;1084;1494;1494;1494;1494;1494;1494;1494;1494;998;998;18;0;0;4;-1
1428809857;1428809298;41;nan;0;45305;0;1495;1497;1338;1491;1084;1084;1494;1084;1494;1494;1494;1494;1494;1494;1494;1494;998;998;18;0;0;4;-1
1429304716;1429304137;41;nan;0;45360;0;1495;1497;1338;1491;1084;1084;1494;1084;1494;1494;1494;1494;1494;1494;1494;1494;998;998;18;0;0;4;-1
1429821998;1429821439;41;nan;0;45418;0;1495;1497;1338;1491;1084;1084;1494;1084;1494;1494;1494;1494;1494;1494;1494;1494;998;998;18;0;0;4;-1
1430316867;1430316305;41;nan;0;45473;0;1495;1497;1338;1491;1084;1084;1494;1084;1494;1494;1494;1494;1494;1494;1494;1494;998;998;18;0;0;4;-1
1430811762;1430811167;41;nan;0;45528;0;1495;1497;1338;1491;1084;1084;1494;1084;1494;1494;1494;1494;1494;1494;1494;1494;998;998;18;0;0;4;-1
1431306607;1431306048;41;nan;0;45583;0;1495;1497;1338;1491;1084;1084;1494;1084;1494;1494;1494;1494;1494;1494;1494;1494;998;998;18;0;0;4;-1
1431801450;1431800889;41;nan;0;45638;0;1495;1497;1338;1491;1084;1084;1494;1084;1494;1494;1494;1494;1494;1494;1494;1494;998;998;18;0;0;4;-1
1432318875;1432318314;41;nan;0;45695;0;1495;1497;1338;1491;1084;1084;1494;1084;1494;1494;1494;1494;1494;1494;1494;1494;998;998;18;0;0;4;-1
1432813676;1432813104;41;nan;0;45750;0;1495;1497;1338;1491;1084;1084;1494;1084;1494;1494;1494;1494;1494;1494;1494;1494;998;998;18;0;0;4;-1
1433308554;1433307993;41;nan;0;45805;0;1495;1497;1338;1491;1084;1084;1494;1084;1494;1494;1494;1494;1494;1494;1494;1494;998;998;18;0;0;4;-1
1433803403;1433802843;41;nan;0;45860;0;1495;1497;1338;1491;1084;1084;1494;1084;1494;1494;1494;1494;1494;1494;1494;1494;998;998;18;0;0;4;-1
1434320746;1434320183;41;nan;0;45918;0;1495;1497;1338;1491;1084;1084;1494;1084;1494;1494;1494;1494;1494;1494;1494;1494;998;998;18;0;0;4;-1
1434815606;1434815045;41;nan;0;45973;0;1495;1496;1338;1490;1084;1084;1494;1084;1494;1494;1494;1494;1494;1494;1494;1494;998;998;18;0;0;4;-1
1435310483;1435309924;41;nan;0;46028;0;1495;1497;1338;1491;1084;1084;1494;1084;1494;1494;1494;1494;1494;1494;1494;1494;998;998;18;0;0;4;-1
1435805319;1435804760;41;nan;0;46083;0;1495;1497;1338;1491;1084;1084;1494;1084;1494;1494;1494;1494;1494;1494;1494;1494;998;998;18;0;0;4;-1
1436322676;1436322116;41;nan;0;46140;0;1495;1497;1338;1491;1084;1084;1494;1084;1494;1494;1494;1494;1494;1494;1494;1494;998;998;18;0;0;4;-1
1436817537;1436816979;41;nan;0;46195;0;1495;1497;1339;1491;1084;1084;1494;1084;1494;1494;1494;1494;1494;1494;1494;1494;998;998;18;0;0;4;-1
1437312400;1437311840;41;nan;0;46250;0;1495;1497;1339;1491;1084;1084;1494;1084;1494;1494;1494;1494;1494;1494;1494;1494;998;998;18;0;0;4;-1
1437807263;1437806702;41;nan;0;46305;0;1495;1497;1339;1491;1084;1084;1494;1084;1494;1494;1494;1494;1494;1494;1494;1494;998;998;18;0;0;4;-1
1438302111;1438301553;41;nan;0;46360;0;1495;1497;1338;1491;1084;1084;1494;1084;1494;1494;1494;1494;1494;1494;1494;1494;998;998;18;0;0;4;-1
1438819481;1438818918;41;nan;0;46417;0;1495;1496;1338;1491;1084;1084;1494;1084;1494;1494;1494;1494;1494;1494;1494;1494;998;998;18;0;0;4;-1
1439314356;1439313795;41;nan;0;46472;0;1495;1497;1338;1491;1084;1084;1494;1084;1494;1494;1494;1494;1494;1494;1494;1494;998;998;18;0;0;4;-1
1439809262;1439808685;41;nan;0;46528;0;1495;1497;1338;1491;1084;1084;1494;1084;1494;1494;1494;1494;1494;1494;1494;1494;998;998;18;0;0;4;-1
1440304050;1440303491;41;nan;0;46582;0;1495;1497;1338;1491;1084;1084;1494;1084;1494;1494;1494;1494;1494;1494;1494;1494;998;998;18;0;0;4;-1
1440821428;1440820864;41;nan;0;46640;0;1495;1497;1338;1491;1084;1084;1494;1084;1494;1494;1494;1494;1494;1494;1494;1494;998;998;18;0;0;4;-1
1441316272;1441315709;41;nan;0;46695;0;1495;1497;1338;1491;1084;1084;1494;1084;1494;1494;1494;1494;1494;1494;1494;1494;998;998;18;0;0;4;-1
1441811136;1441810577;41;nan;0;46750;0;1495;1497;1338;1491;1084;1084;1494;1084;1494;1494;1494;1494;1494;1494;1494;1494;998;998;18;0;0;4;-1
1442305987;1442305428;41;nan;0;46805;0;1495;1497;1338;1491;1084;1084;1494;1084;1494;1494;1494;1494;1494;1494;1494;1494;998;998;18;0;0;4;-1
1442800922;1442800363;41;nan;0;46860;0;1495;1497;1324;1491;1084;1084;1494;1084;1494;1494;1494;1494;1494;1494;1494;1494;998;998;18;0;0;4;-1
1443813150;1443812580;41;nan;0;46972;0;1495;1497;1340;1491;1084;1084;1494;1084;1494;1494;1494;1494;1494;1494;1494;1494;998;998;18;0;0;4;-1
1444308044;1444307484;41;nan;0;47027;0;1495;1497;1340;1491;1084;1084;1494;1084;1494;1494;1494;1494;1494;1494;1494;1494;998;998;18;0;0;4;-1
1444802847;1444802262;41;nan;0;47082;0;1495;1497;1084;1084;1084;1084;1494;1084;1494;1494;1494;1494;1494;1494;1494;1494;998;998;18;0;0;4;-1
1445320131;1445319573;41;nan;0;47140;0;1495;1497;1084;1084;1084;1084;1494;1084;1494;1494;1494;1494;1494;1494;1494;1494;998;998;18;0;0;4;-1
1445814996;1445814437;41;nan;0;47195;0;1495;1497;1084;1084;1084;1084;1494;1084;1494;1494;1494;1494;1494;1494;1494;1494;998;998;18;0;0;4;-1
1446309896;1446309335;41;nan;0;47250;0;1495;1497;1084;1084;1084;1084;1494;1084;1494;1494;1494;1494;1494;1494;1494;1494;998;998;18;0;0;4;-1
1446804720;1446804159;41;nan;0;47305;0;1495;1497;1084;1084;1084;1084;1494;1084;1494;1494;1494;1494;1494;1494;1494;1494;998;998;18;0;0;4;-1
