timestamp;timestamp_sample;baro_device_id;baro_alt_meter;baro_pressure_pa;ambient_temperature;rho;temperature_source;calibration_count
1250820306;1250800772;4028193;10.077807;101204.0;15.0;1.2233362;0;0
1250885232;1250860244;4028193;10.038173;101204.5;15.0;1.2233423;0;0
1250993363;1250973833;4028193;10.1835;101202.75;15.0;1.2233212;0;0
1251231294;1251206322;4028193;10.017034;101204.75;15.0;1.2233454;0;0
1251404080;1251379184;4028193;10.05931;101204.25;15.0;1.2233393;0;0
1251631192;1251608951;4028193;10.162361;101203.0;15.0;1.2233242;0;0
1251804098;1251781877;4028193;10.244272;101202.0;15.0;1.2233121;0;0
1252030990;1252011486;4028193;9.995894;101205.0;15.0;1.2233484;0;0
1252203812;1252184315;4028193;10.077807;101204.0;15.0;1.2233362;0;0
1252376656;1252357142;4028193;10.1835;101202.75;15.0;1.2233212;0;0
1252614310;1252589404;4028193;10.017034;101204.75;15.0;1.2233454;0;0
1252787234;1252762307;4028193;10.038173;101204.5;15.0;1.2233423;0;0
1253014079;1252991852;4028193;10.141222;101203.25;15.0;1.2233273;0;0
1253241085;1253221551;4028193;10.05931;101204.25;15.0;1.2233393;0;0
1253414026;1253394513;4028193;10.328828;101201.0;15.0;1.2233;0;0
1253586870;1253567338;4028193;10.162361;101203.0;15.0;1.2233242;0;0
1253824721;1253799818;4028193;10.098945;101203.75;15.0;1.2233332;0;0
1253997728;1253972809;4028193;10.265411;101201.75;15.0;1.2233092;0;0
1254224806;1254202583;4028193;10.05931;101204.25;15.0;1.2233393;0;0
1254397705;1254375441;4028193;10.225777;101202.25;15.0;1.2233151;0;0
1254624657;1254605142;4028193;10.1835;101202.75;15.0;1.2233212;0;0
1254797649;1254778101;4028193;10.162361;101203.0;15.0;1.2233242;0;0
1255035417;1255010509;4028193;10.1835;101202.75;15.0;1.2233212;0;0
1255208299;1255183361;4028193;10.05931;101204.25;15.0;1.2233393;0;0
1255435204;1255412968;4028193;10.162361;101203.0;15.0;1.2233242;0;0
1255608089;1255585866;4028193;10.077807;101204.0;15.0;1.2233362;0;0
1255834862;1255815359;4028193;10.141222;101203.25;15.0;1.2233273;0;0
1256007856;1255988300;4028193;10.077807;101204.0;15.0;1.2233362;0;0
1256180735;1256161211;4028193;9.974756;101205.25;15.0;1.2233514;0;0
1256418338;1256393412;4028193;10.120084;101203.5;15.0;1.2233303;0;0
1256591268;1256566371;4028193;10.1835;101202.75;15.0;1.2233212;0;0
1256818056;1256795852;4028193;10.204638;101202.5;15.0;1.2233181;0;0
1256990798;1256968601;4028193;10.1835;101202.75;15.0;1.2233212;0;0
1257217700;1257198204;4028193;10.371104;101200.5;15.0;1.223294;0;0
1257390688;1257371163;4028193;10.225777;101202.25;15.0;1.2233151;0;0
1257628457;1257603529;4028193;10.225777;101202.25;15.0;1.2233151;0;0
1257801458;1257776524;4028193;10.328828;101201.0;15.0;1.2233;0;0
1258028266;1258006054;4028193;10.265411;101201.75;15.0;1.2233092;0;0
1258201213;1258178980;4028193;10.307689;101201.25;15.0;1.2233031;0;0
1258428068;1258408567;4028193;10.162361;101203.0;15.0;1.2233242;0;0
1258601042;1258581509;4028193;10.392242;101200.25;15.0;1.2232909;0;0
1258838759;1258813819;4028193;10.1835;101202.75;15.0;1.2233212;0;0
1259011785;1258986843;4028193;10.162361;101203.0;15.0;1.2233242;0;0
1259238804;1259216583;4028193;10.28655;101201.5;15.0;1.2233061;0;0
1259411651;1259389431;4028193;10.141222;101203.25;15.0;1.2233273;0;0
1259638632;1259619094;4028193;10.077807;101204.0;15.0;1.2233362;0;0
1259811750;1259792240;4028193;10.307689;101201.25;15.0;1.2233031;0;0
1259984609;1259965110;4028193;10.1835;101202.75;15.0;1.2233212;0;0
1260222243;1260197347;4028193;10.265411;101201.75;15.0;1.2233092;0;0
1260395062;1260370160;4028193;10.349965;101200.75;15.0;1.223297;0;0
1260621795;1260599595;4028193;10.162361;101203.0;15.0;1.2233242;0;0
1260794723;1260772420;4028193;10.265411;101201.75;15.0;1.2233092;0;0
1261021645;1261002129;4028193;10.225777;101202.25;15.0;1.2233151;0;0
1261194400;1261174898;4028193;10.141222;101203.25;15.0;1.2233273;0;0
1261432110;1261407196;4028193;10.328828;101201.0;15.0;1.2233;0;0
1261605043;1261580111;4028193;10.371104;101200.5;15.0;1.223294;0;0
1261832001;1261809796;4028193;10.1835;101202.75;15.0;1.2233212;0;0
1262004847;1261982627;4028193;10.120084;101203.5;15.0;1.2233303;0;0
1262231821;1262212322;4028193;10.204638;101202.5;15.0;1.2233181;0;0
1262404639;1262385135;4028193;10.244272;101202.0;15.0;1.2233121;0;0
1262577397;1262557887;4028193;10.204638;101202.5;15.0;1.2233181;0;0
1262815335;1262790397;4028193;10.1835;101202.75;15.0;1.2233212;0;0
1262988266;1262963329;4028193;10.307689;101201.25;15.0;1.2233031;0;0
1263215094;1263192882;4028193;10.162361;101203.0;15.0;1.2233242;0;0
1263388068;1263365818;4028193;10.371104;101200.5;15.0;1.223294;0;0
1263615193;1263595667;4028193;10.265411;101201.75;15.0;1.2233092;0;0
1263788094;1263768593;4028193;10.225777;101202.25;15.0;1.2233151;0;0
1264025785;1264000888;4028193;10.1835;101202.75;15.0;1.2233212;0;0
1264198716;1264173823;4028193;10.244272;101202.0;15.0;1.2233121;0;0
1264425755;1264403503;4028193;10.28655;101201.5;15.0;1.2233061;0;0
1264598661;1264576466;4028193;10.204638;101202.5;15.0;1.2233181;0;0
1264825397;1264805894;4028193;10.162361;101203.0;15.0;1.2233242;0;0
1264998229;1264978714;4028193;10.328828;101201.0;15.0;1.2233;0;0
1265235989;1265211081;4028193;10.038173;101204.5;15.0;1.2233423;0;0
1265408821;1265383907;4028193;10.098945;101203.75;15.0;1.2233332;0;0
1265635798;1265613562;4028193;10.28655;101201.5;15.0;1.2233061;0;0
1265808786;1265786585;4028193;10.077807;101204.0;15.0;1.2233362;0;0
1266035629;1266016131;4028193;10.162361;101203.0;15.0;1.2233242;0;0
1266208396;1266188894;4028193;10.244272;101202.0;15.0;1.2233121;0;0
1266381247;1266361704;4028193;10.141222;101203.25;15.0;1.2233273;0;0
1266619024;1266594072;4028193;10.1835;101202.75;15.0;1.2233212;0;0
1266791989;1266767071;4028193;10.244272;101202.0;15.0;1.2233121;0;0
1267018849;1266996638;4028193;10.120084;101203.5;15.0;1.2233303;0;0
1267191781;1267169580;4028193;10.098945;101203.75;15.0;1.2233332;0;0
1267418628;1267399128;4028193;10.265411;101201.75;15.0;1.2233092;0;0
1267591457;1267571938;4028193;10.077807;101204.0;15.0;1.2233362;0;0
1267829260;1267804327;4028193;10.204638;101202.5;15.0;1.2233181;0;0
1268002265;1267977239;4028193;10.141222;101203.25;15.0;1.2233273;0;0
1268229114;1268206908;4028193;10.141222;101203.25;15.0;1.2233273;0;0
1268402045;1268379818;4028193;10.162361;101203.0;15.0;1.2233242;0;0
1268629095;1268609556;4028193;10.141222;101203.25;15.0;1.2233273;0;0
1268801892;1268782384;4028193;10.120084;101203.5;15.0;1.2233303;0;0
1269039672;1269014661;4028193;10.392242;101200.25;15.0;1.2232909;0;0
1269212514;1269187609;4028193;10.28655;101201.5;15.0;1.2233061;0;0
1269439463;1269417257;4028193;10.225777;101202.25;15.0;1.2233151;0;0
1269612325;1269590103;4028193;10.244272;101202.0;15.0;1.2233121;0;0
1269839264;1269819765;4028193;9.974756;101205.25;15.0;1.2233514;0;0
1270012214;1269992652;4028193;10.141222;101203.25;15.0;1.2233273;0;0
1270185132;1270165618;4028193;10.225777;101202.25;15.0;1.2233151;0;0
1270422959;1270397977;4028193;10.265411;101201.75;15.0;1.2233092;0;0
1270595871;1270570967;4028193;10.120084;101203.5;15.0;1.2233303;0;0
1270822869;1270800601;4028193;10.265411;101201.75;15.0;1.2233092;0;0
1270995721;1270973522;4028193;10.05931;101204.25;15.0;1.2233393;0;0
1271222757;1271203219;4028193;9.995894;101205.0;15.0;1.2233484;0;0
1271395634;1271376134;4028193;10.265411;101201.75;15.0;1.2233092;0;0
1271633345;1271608421;4028193;10.225777;101202.25;15.0;1.2233151;0;0
1271806267;1271781343;4028193;10.328828;101201.0;15.0;1.2233;0;0
1272033285;1272010992;4028193;10.28655;101201.5;15.0;1.2233061;0;0
1272206194;1272183916;4028193;10.244272;101202.0;15.0;1.2233121;0;0
1272433115;1272413580;4028193;10.28655;101201.5;15.0;1.2233061;0;0
1272606064;1272586548;4028193;10.307689;101201.25;15.0;1.2233031;0;0
1272779098;1272759536;4028193;10.098945;101203.75;15.0;1.2233332;0;0
1273016800;1272991893;4028193;10.244272;101202.0;15.0;1.2233121;0;0
1273189678;1273164781;4028193;10.244272;101202.0;15.0;1.2233121;0;0
1273416630;1273394412;4028193;10.1835;101202.75;15.0;1.2233212;0;0
1273589572;1273567355;4028193;10.162361;101203.0;15.0;1.2233242;0;0
1273816504;1273796996;4028193;10.098945;101203.75;15.0;1.2233332;0;0
1273989446;1273969917;4028193;10.162361;101203.0;15.0;1.2233242;0;0
1274227201;1274202270;4028193;10.371104;101200.5;15.0;1.223294;0;0
1274400201;1274375237;4028193;10.098945;101203.75;15.0;1.2233332;0;0
1274627208;1274604994;4028193;10.225777;101202.25;15.0;1.2233151;0;0
1274800022;1274777824;4028193;10.077807;101204.0;15.0;1.2233362;0;0
1275026875;1275007313;4028193;10.077807;101204.0;15.0;1.2233362;0;0
1275199819;1275180280;4028193;10.307689;101201.25;15.0;1.2233031;0;0
1275437513;1275412544;4028193;9.871706;101206.5;15.0;1.2233665;0;0
1275610400;1275585424;4028193;10.05931;101204.25;15.0;1.2233393;0;0
1275837206;1275815001;4028193;10.077807;101204.0;15.0;1.2233362;0;0
1276010029;1275987817;4028193;10.265411;101201.75;15.0;1.2233092;0;0
1276236988;1276217479;4028193;10.120084;101203.5;15.0;1.2233303;0;0
1276409842;1276390301;4028193;10.162361;101203.0;15.0;1.2233242;0;0
1276582770;1276563244;4028193;10.307689;101201.25;15.0;1.2233031;0;0
1276820452;1276795538;4028193;10.077807;101204.0;15.0;1.2233362;0;0
1276993417;1276968490;4028193;10.204638;101202.5;15.0;1.2233181;0;0
1277220236;1277198036;4028193;10.162361;101203.0;15.0;1.2233242;0;0
1277393234;1277371018;4028193;10.328828;101201.0;15.0;1.2233;0;0
1277620050;1277600512;4028193;10.05931;101204.25;15.0;1.2233393;0;0
1277793124;1277773597;4028193;10.204638;101202.5;15.0;1.2233181;0;0
1278030867;1278005966;4028193;10.1835;101202.75;15.0;1.2233212;0;0
1278203660;1278178752;4028193;10.265411;101201.75;15.0;1.2233092;0;0
1278430515;1278408286;4028193;10.265411;101201.75;15.0;1.2233092;0;0
1278603408;1278581192;4028193;10.265411;101201.75;15.0;1.2233092;0;0
1278830243;1278810731;4028193;10.1835;101202.75;15.0;1.2233212;0;0
1279003002;1278983505;4028193;10.05931;101204.25;15.0;1.2233393;0;0
1279175848;1279156339;4028193;10.05931;101204.25;15.0;1.2233393;0;0
1279413654;1279388722;4028193;10.204638;101202.5;15.0;1.2233181;0;0
1279640537;1279618321;4028193;10.162361;101203.0;15.0;1.2233242;0;0
1279813480;1279791246;4028193;9.911341;101206.0;15.0;1.2233605;0;0
1280040318;1280020816;4028193;9.995894;101205.0;15.0;1.2233484;0;0
1280213232;1280193719;4028193;9.974756;101205.25;15.0;1.2233514;0;0
1280386035;1280366520;4028193;10.431877;101199.75;15.0;1.2232848;0;0
1280624028;1280599039;4028193;10.120084;101203.5;15.0;1.2233303;0;0
1280796858;1280771954;4028193;10.017034;101204.75;15.0;1.2233454;0;0
1281023782;1281001510;4028193;9.953617;101205.5;15.0;1.2233545;0;0
1281196665;1281174424;4028193;9.995894;101205.0;15.0;1.2233484;0;0
1281423505;1281403993;4028193;9.829429;101207.0;15.0;1.2233726;0;0
1281596513;1281577006;4028193;10.017034;101204.75;15.0;1.2233454;0;0
1281834246;1281809323;4028193;9.911341;101206.0;15.0;1.2233605;0;0
1282007090;1281982193;4028193;10.077807;101204.0;15.0;1.2233362;0;0
1282234117;1282211890;4028193;10.038173;101204.5;15.0;1.2233423;0;0
1282407070;1282384836;4028193;9.80829;101207.25;15.0;1.2233756;0;0
1282633987;1282614489;4028193;9.995894;101205.0;15.0;1.2233484;0;0
1282806881;1282787307;4028193;9.995894;101205.0;15.0;1.2233484;0;0
1282979825;1282960295;4028193;10.077807;101204.0;15.0;1.2233362;0;0
1283217461;1283192537;4028193;9.702598;101208.5;15.0;1.2233907;0;0
1283390400;1283365485;4028193;9.744874;101208.0;15.0;1.2233846;0;0
1283617316;1283595075;4028193;10.017034;101204.75;15.0;1.2233454;0;0
1283790184;1283767927;4028193;9.829429;101207.0;15.0;1.2233726;0;0
1284017162;1283997637;4028193;9.953617;101205.5;15.0;1.2233545;0;0
1284190208;1284170657;4028193;9.829429;101207.0;15.0;1.2233726;0;0
1284427941;1284403017;4028193;9.890202;101206.25;15.0;1.2233635;0;0
1284600732;1284575812;4028193;9.974756;101205.25;15.0;1.2233514;0;0
1284827694;1284805472;4028193;10.141222;101203.25;15.0;1.2233273;0;0
1285000490;1284978280;4028193;9.829429;101207.0;15.0;1.2233726;0;0
1285227488;1285207937;4028193;10.017034;101204.75;15.0;1.2233454;0;0
1285400339;1285380826;4028193;9.93248;101205.75;15.0;1.2233574;0;0
1285638072;1285613176;4028193;9.80829;101207.25;15.0;1.2233756;0;0
1285810912;1285786014;4028193;9.995894;101205.0;15.0;1.2233484;0;0
1286037867;1286015662;4028193;9.953617;101205.5;15.0;1.2233545;0;0
1286210700;1286188501;4028193;9.995894;101205.0;15.0;1.2233484;0;0
1286437753;1286418225;4028193;9.953617;101205.5;15.0;1.2233545;0;0
1286610488;1286590986;4028193;9.953617;101205.5;15.0;1.2233545;0;0
1286783324;1286763818;4028193;9.702598;101208.5;15.0;1.2233907;0;0
1287021072;1286996159;4028193;9.890202;101206.25;15.0;1.2233635;0;0
1287193923;1287169011;4028193;9.995894;101205.0;15.0;1.2233484;0;0
1287420985;1287398743;4028193;9.850567;101206.75;15.0;1.2233695;0;0
1287593920;1287571696;4028193;9.871706;101206.5;15.0;1.2233665;0;0
1287820867;1287801350;4028193;9.911341;101206.0;15.0;1.2233605;0;0
1287993701;1287974199;4028193;9.93248;101205.75;15.0;1.2233574;0;0
1288231635;1288206733;4028193;9.890202;101206.25;15.0;1.2233635;0;0
1288404416;1288379511;4028193;10.098945;101203.75;15.0;1.2233332;0;0
1288631334;1288609120;4028193;9.850567;101206.75;15.0;1.2233695;0;0
1288804282;1288782044;4028193;9.871706;101206.5;15.0;1.2233665;0;0
1289031088;1289011554;4028193;9.829429;101207.0;15.0;1.2233726;0;0
1289204011;1289184482;4028193;10.017034;101204.75;15.0;1.2233454;0;0
1289376881;1289357307;4028193;9.890202;101206.25;15.0;1.2233635;0;0
1289614531;1289589605;4028193;9.850567;101206.75;15.0;1.2233695;0;0
1289841437;1289819237;4028193;10.05931;101204.25;15.0;1.2233393;0;0
1290014476;1289992220;4028193;9.766013;101207.75;15.0;1.2233816;0;0
1290187416;1290165132;4028193;9.890202;101206.25;15.0;1.2233635;0;0
1290414283;1290394759;4028193;9.766013;101207.75;15.0;1.2233816;0;0
1290587068;1290567545;4028193;9.953617;101205.5;15.0;1.2233545;0;0
1290824837;1290799874;4028193;9.787152;101207.5;15.0;1.2233787;0;0
1290997616;1290972707;4028193;9.744874;101208.0;15.0;1.2233846;0;0
1291224489;1291202211;4028193;9.953617;101205.5;15.0;1.2233545;0;0
1291397340;1291375142;4028193;9.850567;101206.75;15.0;1.2233695;0;0
1291624426;1291604912;4028193;9.953617;101205.5;15.0;1.2233545;0;0
1291797236;1291777737;4028193;9.93248;101205.75;15.0;1.2233574;0;0
1292035005;1292010048;4028193;9.702598;101208.5;15.0;1.2233907;0;0
1292207935;1292183030;4028193;10.05931;101204.25;15.0;1.2233393;0;0
1292434859;1292412659;4028193;10.038173;101204.5;15.0;1.2233423;0;0
1292607716;1292585501;4028193;9.829429;101207.0;15.0;1.2233726;0;0
1292834653;1292815158;4028193;9.787152;101207.5;15.0;1.2233787;0;0
1293007661;1292988071;4028193;9.890202;101206.25;15.0;1.2233635;0;0
1293180584;1293161049;4028193;9.578408;101210.0;15.0;1.2234088;0;0
1293418333;1293393435;4028193;9.995894;101205.0;15.0;1.2233484;0;0
1293591240;1293566320;4028193;9.871706;101206.5;15.0;1.2233665;0;0
1293818134;1293795912;4028193;9.850567;101206.75;15.0;1.2233695;0;0
1293991067;1293968843;4028193;9.911341;101206.0;15.0;1.2233605;0;0
1294217992;1294198487;4028193;9.911341;101206.0;15.0;1.2233605;0;0
1294390961;1294371419;4028193;9.953617;101205.5;15.0;1.2233545;0;0
1294628720;1294603744;4028193;9.829429;101207.0;15.0;1.2233726;0;0
1294801714;1294776739;4028193;9.787152;101207.5;15.0;1.2233787;0;0
1295028714;1295006470;4028193;9.911341;101206.0;15.0;1.2233605;0;0
1295201745;1295179529;4028193;9.93248;101205.75;15.0;1.2233574;0;0
1295428793;1295409281;4028193;9.80829;101207.25;15.0;1.2233756;0;0
1295601760;1295582242;4028193;9.93248;101205.75;15.0;1.2233574;0;0
1295839461;1295814565;4028193;9.641825;101209.25;15.0;1.2233998;0;0
1296012529;1295987558;4028193;10.120084;101203.5;15.0;1.2233303;0;0
1296185543;1296160618;4028193;9.787152;101207.5;15.0;1.2233787;0;0
1296412350;1296390114;4028193;9.787152;101207.5;15.0;1.2233787;0;0
1296639325;1296619799;4028193;9.599547;101209.75;15.0;1.2234058;0;0
1296812311;1296792715;4028193;9.744874;101208.0;15.0;1.2233846;0;0
1296985289;1296965760;4028193;9.890202;101206.25;15.0;1.2233635;0;0
1297223003;1297198105;4028193;9.681459;101208.75;15.0;1.2233938;0;0
1297395805;1297370894;4028193;9.681459;101208.75;15.0;1.2233938;0;0
1297622866;1297600618;4028193;9.871706;101206.5;15.0;1.2233665;0;0
1297795732;1297773510;4028193;9.80829;101207.25;15.0;1.2233756;0;0
1298022861;1298003302;4028193;9.890202;101206.25;15.0;1.2233635;0;0
1298195712;1298176206;4028193;9.662962;101209.0;15.0;1.2233968;0;0
1298433473;1298408572;4028193;9.850567;101206.75;15.0;1.2233695;0;0
1298606338;1298581396;4028193;9.744874;101208.0;15.0;1.2233846;0;0
1298833363;1298811128;4028193;9.995894;101205.0;15.0;1.2233484;0;0
1299006118;1298983918;4028193;9.871706;101206.5;15.0;1.2233665;0;0
1299233210;1299213656;4028193;9.787152;101207.5;15.0;1.2233787;0;0
1299406194;1299386667;4028193;9.766013;101207.75;15.0;1.2233816;0;0
1299579181;1299559578;4028193;10.017034;101204.75;15.0;1.2233454;0;0
1299816922;1299791990;4028193;9.787152;101207.5;15.0;1.2233787;0;0
1299989853;1299964938;4028193;9.953617;101205.5;15.0;1.2233545;0;0
1300216707;1300194468;4028193;9.93248;101205.75;15.0;1.2233574;0;0
1300389486;1300367272;4028193;9.80829;101207.25;15.0;1.2233756;0;0
1300616451;1300596919;4028193;9.723736;101208.25;15.0;1.2233876;0;0
1300789341;1300769769;4028193;9.829429;101207.0;15.0;1.2233726;0;0
1301027188;1301002220;4028193;9.974756;101205.25;15.0;1.2233514;0;0
1301200179;1301175205;4028193;9.850567;101206.75;15.0;1.2233695;0;0
1301427203;1301404965;4028193;9.744874;101208.0;15.0;1.2233846;0;0
1301600134;1301577930;4028193;9.787152;101207.5;15.0;1.2233787;0;0
1301827206;1301807635;4028193;9.953617;101205.5;15.0;1.2233545;0;0
1302000010;1301980497;4028193;9.953617;101205.5;15.0;1.2233545;0;0
1302237720;1302212819;4028193;9.974756;101205.25;15.0;1.2233514;0;0
1302410686;1302385763;4028193;9.744874;101208.0;15.0;1.2233846;0;0
1302637656;1302615430;4028193;9.890202;101206.25;15.0;1.2233635;0;0
1302810435;1302788228;4028193;9.995894;101205.0;15.0;1.2233484;0;0
1303037296;1303017723;4028193;9.80829;101207.25;15.0;1.2233756;0;0
1303210085;1303190587;4028193;9.93248;101205.75;15.0;1.2233574;0;0
1303383042;1303363535;4028193;10.017034;101204.75;15.0;1.2233454;0;0
1303620833;1303595901;4028193;9.766013;101207.75;15.0;1.2233816;0;0
1303793656;1303768745;4028193;10.05931;101204.25;15.0;1.2233393;0;0
1304020626;1303998429;4028193;9.829429;101207.0;15.0;1.2233726;0;0
1304193440;1304171224;4028193;10.017034;101204.75;15.0;1.2233454;0;0
1304420453;1304400916;4028193;9.890202;101206.25;15.0;1.2233635;0;0
1304593398;1304573866;4028193;9.974756;101205.25;15.0;1.2233514;0;0
1304831103;1304806205;4028193;9.953617;101205.5;15.0;1.2233545;0;0
1305004059;1304979128;4028193;9.953617;101205.5;15.0;1.2233545;0;0
1305230871;1305208670;4028193;9.974756;101205.25;15.0;1.2233514;0;0
1305403621;1305381422;4028193;9.620686;101209.5;15.0;1.2234027;0;0
1305630492;1305610930;4028193;9.953617;101205.5;15.0;1.2233545;0;0
1305803401;1305783897;4028193;9.953617;101205.5;15.0;1.2233545;0;0
1305976397;1305956843;4028193;9.80829;101207.25;15.0;1.2233756;0;0
1306214038;1306189096;4028193;9.871706;101206.5;15.0;1.2233665;0;0
1306440928;1306418701;4028193;10.038173;101204.5;15.0;1.2233423;0;0
1306613848;1306591649;4028193;9.80829;101207.25;15.0;1.2233756;0;0
1306840888;1306821316;4028193;10.05931;101204.25;15.0;1.2233393;0;0
1307013640;1306994139;4028193;9.744874;101208.0;15.0;1.2233846;0;0
1307186468;1307166970;4028193;10.120084;101203.5;15.0;1.2233303;0;0
1307424113;1307399218;4028193;9.80829;101207.25;15.0;1.2233756;0;0
1307597107;1307572181;4028193;9.850567;101206.75;15.0;1.2233695;0;0
1307824045;1307801815;4028193;9.850567;101206.75;15.0;1.2233695;0;0
1307996840;1307974636;4028193;9.890202;101206.25;15.0;1.2233635;0;0
1308223807;1308204248;4028193;9.681459;101208.75;15.0;1.2233938;0;0
1308396664;1308377146;4028193;9.787152;101207.5;15.0;1.2233787;0;0
1308634431;1308609532;4028193;9.911341;101206.0;15.0;1.2233605;0;0
1308807251;1308782350;4028193;9.953617;101205.5;15.0;1.2233545;0;0
1309034293;1309012071;4028193;9.890202;101206.25;15.0;1.2233635;0;0
1309207093;1309184875;4028193;9.890202;101206.25;15.0;1.2233635;0;0
1309434111;1309414588;4028193;9.681459;101208.75;15.0;1.2233938;0;0
1309607024;1309587515;4028193;9.953617;101205.5;15.0;1.2233545;0;0
1309779906;1309760378;4028193;10.141222;101203.25;15.0;1.2233273;0;0
1310017487;1309992543;4028193;9.974756;101205.25;15.0;1.2233514;0;0
1310190421;1310165517;4028193;9.787152;101207.5;15.0;1.2233787;0;0
1310417258;1310395049;4028193;9.871706;101206.5;15.0;1.2233665;0;0
1310590028;1310567821;4028193;9.995894;101205.0;15.0;1.2233484;0;0
1310816993;1310797482;4028193;9.829429;101207.0;15.0;1.2233726;0;0
1310989821;1310970304;4028193;9.871706;101206.5;15.0;1.2233665;0;0
1311227544;1311202584;4028193;9.829429;101207.0;15.0;1.2233726;0;0
1311400417;1311375491;4028193;9.829429;101207.0;15.0;1.2233726;0;0
1311627452;1311605199;4028193;9.829429;101207.0;15.0;1.2233726;0;0
1311800245;1311778043;4028193;9.829429;101207.0;15.0;1.2233726;0;0
1312027132;1312007606;4028193;9.829429;101207.0;15.0;1.2233726;0;0
1312200042;1312180545;4028193;9.953617;101205.5;15.0;1.2233545;0;0
1312437786;1312412841;4028193;9.850567;101206.75;15.0;1.2233695;0;0
1312610694;1312585792;4028193;9.995894;101205.0;15.0;1.2233484;0;0
1312837651;1312815450;4028193;9.953617;101205.5;15.0;1.2233545;0;0
1313010459;1312988258;4028193;9.911341;101206.0;15.0;1.2233605;0;0
1313237401;1313217856;4028193;10.077807;101204.0;15.0;1.2233362;0;0
1313410260;1313390761;4028193;10.120084;101203.5;15.0;1.2233303;0;0
1313583088;1313563549;4028193;9.953617;101205.5;15.0;1.2233545;0;0
1313820820;1313795911;4028193;10.017034;101204.75;15.0;1.2233454;0;0
1313993630;1313968737;4028193;10.120084;101203.5;15.0;1.2233303;0;0
1314220457;1314198220;4028193;9.766013;101207.75;15.0;1.2233816;0;0
1314393403;1314371186;4028193;9.723736;101208.25;15.0;1.2233876;0;0
1314620260;1314600754;4028193;9.871706;101206.5;15.0;1.2233665;0;0
1314793196;1314773677;4028193;10.038173;101204.5;15.0;1.2233423;0;0
1315031001;1315006039;4028193;9.890202;101206.25;15.0;1.2233635;0;0
1315203823;1315178903;4028193;9.787152;101207.5;15.0;1.2233787;0;0
1315430825;1315408595;4028193;9.890202;101206.25;15.0;1.2233635;0;0
1315603632;1315581418;4028193;9.953617;101205.5;15.0;1.2233545;0;0
1315830447;1315810929;4028193;9.995894;101205.0;15.0;1.2233484;0;0
1316003370;1315983817;4028193;9.995894;101205.0;15.0;1.2233484;0;0
1316241260;1316216323;4028193;9.974756;101205.25;15.0;1.2233514;0;0
1316414303;1316389360;4028193;9.93248;101205.75;15.0;1.2233574;0;0
1316587137;1316562202;4028193;9.829429;101207.0;15.0;1.2233726;0;0
1316814194;1316791959;4028193;9.829429;101207.0;15.0;1.2233726;0;0
1316987067;1316964867;4028193;9.911341;101206.0;15.0;1.2233605;0;0
1317214087;1317194546;4028193;9.974756;101205.25;15.0;1.2233514;0;0
1317387060;1317367557;4028193;9.850567;101206.75;15.0;1.2233695;0;0
1317624749;1317599813;4028193;9.702598;101208.5;15.0;1.2233907;0;0
1317797646;1317772735;4028193;9.787152;101207.5;15.0;1.2233787;0;0
1318024878;1318002583;4028193;10.098945;101203.75;15.0;1.2233332;0;0
1318197786;1318175575;4028193;9.911341;101206.0;15.0;1.2233605;0;0
1318424710;1318405210;4028193;9.953617;101205.5;15.0;1.2233545;0;0
1318597665;1318578089;4028193;9.953617;101205.5;15.0;1.2233545;0;0
1318835453;1318810469;4028193;9.787152;101207.5;15.0;1.2233787;0;0
1319008323;1318983426;4028193;9.766013;101207.75;15.0;1.2233816;0;0
1319235249;1319213028;4028193;9.620686;101209.5;15.0;1.2234027;0;0
1319408174;1319385897;4028193;9.829429;101207.0;15.0;1.2233726;0;0
1319635126;1319615598;4028193;9.850567;101206.75;15.0;1.2233695;0;0
1319808058;1319788555;4028193;9.787152;101207.5;15.0;1.2233787;0;0
1319981016;1319961484;4028193;10.077807;101204.0;15.0;1.2233362;0;0
1320218688;1320193756;4028193;9.850567;101206.75;15.0;1.2233695;0;0
1320391688;1320366785;4028193;9.850567;101206.75;15.0;1.2233695;0;0
1320618803;1320596595;4028193;9.787152;101207.5;15.0;1.2233787;0;0
1320791803;1320769581;4028193;9.80829;101207.25;15.0;1.2233756;0;0
1321018637;1320999116;4028193;9.93248;101205.75;15.0;1.2233574;0;0
1321191591;1321172054;4028193;9.890202;101206.25;15.0;1.2233635;0;0
1321429340;1321404338;4028193;9.974756;101205.25;15.0;1.2233514;0;0
1321602359;1321577350;4028193;9.93248;101205.75;15.0;1.2233574;0;0
1321829396;1321807111;4028193;9.80829;101207.25;15.0;1.2233756;0;0
1322002276;1321980045;4028193;9.871706;101206.5;15.0;1.2233665;0;0
1322229127;1322209617;4028193;10.017034;101204.75;15.0;1.2233454;0;0
1322402056;1322382531;4028193;9.93248;101205.75;15.0;1.2233574;0;0
1322639901;1322614975;4028193;9.890202;101206.25;15.0;1.2233635;0;0
1322812713;1322787818;4028193;10.017034;101204.75;15.0;1.2233454;0;0
1323039444;1323017247;4028193;10.162361;101203.0;15.0;1.2233242;0;0
1323212247;1323190044;4028193;9.641825;101209.25;15.0;1.2233998;0;0
1323439337;1323419809;4028193;9.766013;101207.75;15.0;1.2233816;0;0
1323612329;1323592821;4028193;9.681459;101208.75;15.0;1.2233938;0;0
1323785133;1323765607;4028193;9.787152;101207.5;15.0;1.2233787;0;0
1324022933;1323997989;4028193;9.911341;101206.0;15.0;1.2233605;0;0
1324195754;1324170838;4028193;9.995894;101205.0;15.0;1.2233484;0;0
1324422679;1324400459;4028193;9.850567;101206.75;15.0;1.2233695;0;0
1324595450;1324573238;4028193;9.766013;101207.75;15.0;1.2233816;0;0
1324822249;1324802741;4028193;9.890202;101206.25;15.0;1.2233635;0;0
1324995222;1324975681;4028193;9.850567;101206.75;15.0;1.2233695;0;0
1325232839;1325207942;4028193;9.953617;101205.5;15.0;1.2233545;0;0
1325405605;1325380685;4028193;9.80829;101207.25;15.0;1.2233756;0;0
1325632499;1325610298;4028193;9.662962;101209.0;15.0;1.2233968;0;0
1325805521;1325783245;4028193;9.80829;101207.25;15.0;1.2233756;0;0
1326032455;1326012950;4028193;9.702598;101208.5;15.0;1.2233907;0;0
1326205314;1326185760;4028193;9.995894;101205.0;15.0;1.2233484;0;0
1326378258;1326358760;4028193;9.911341;101206.0;15.0;1.2233605;0;0
1326615879;1326590964;4028193;9.850567;101206.75;15.0;1.2233695;0;0
1326788820;1326763906;4028193;9.890202;101206.25;15.0;1.2233635;0;0
1327015663;1326993460;4028193;9.93248;101205.75;15.0;1.2233574;0;0
1327188540;1327166318;4028193;9.80829;101207.25;15.0;1.2233756;0;0
1327415558;1327395982;4028193;9.850567;101206.75;15.0;1.2233695;0;0
1327588408;1327568907;4028193;9.620686;101209.5;15.0;1.2234027;0;0
1327826191;1327801259;4028193;9.744874;101208.0;15.0;1.2233846;0;0
1327999038;1327974112;4028193;9.953617;101205.5;15.0;1.2233545;0;0
1328225800;1328203594;4028193;10.017034;101204.75;15.0;1.2233454;0;0
1328398620;1328376413;4028193;9.850567;101206.75;15.0;1.2233695;0;0
1328625530;1328606001;4028193;9.744874;101208.0;15.0;1.2233846;0;0
1328798564;1328779057;4028193;9.80829;101207.25;15.0;1.2233756;0;0
1329036258;1329011337;4028193;9.80829;101207.25;15.0;1.2233756;0;0
1329209220;1329184249;4028193;9.953617;101205.5;15.0;1.2233545;0;0
1329436055;1329413847;4028193;9.80829;101207.25;15.0;1.2233756;0;0
1329608919;1329586723;4028193;9.974756;101205.25;15.0;1.2233514;0;0
1329835904;1329816345;4028193;9.995894;101205.0;15.0;1.2233484;0;0
1330008716;1329989200;4028193;9.953617;101205.5;15.0;1.2233545;0;0
1330181764;1330162240;4028193;9.871706;101206.5;15.0;1.2233665;0;0
1330419480;1330394563;4028193;9.953617;101205.5;15.0;1.2233545;0;0
1330592420;1330567479;4028193;9.829429;101207.0;15.0;1.2233726;0;0
1330819247;1330797048;4028193;9.911341;101206.0;15.0;1.2233605;0;0
1330992190;1330969937;4028193;10.038173;101204.5;15.0;1.2233423;0;0
1331219337;1331199818;4028193;9.80829;101207.25;15.0;1.2233756;0;0
1331392127;1331372622;4028193;9.93248;101205.75;15.0;1.2233574;0;0
1331629881;1331604951;4028193;9.974756;101205.25;15.0;1.2233514;0;0
1331802822;1331777897;4028193;9.850567;101206.75;15.0;1.2233695;0;0
1332029902;1332007604;4028193;9.953617;101205.5;15.0;1.2233545;0;0
1332202843;1332180641;4028193;9.723736;101208.25;15.0;1.2233876;0;0
1332429753;1332410237;4028193;9.829429;101207.0;15.0;1.2233726;0;0
1332602725;1332583155;4028193;9.850567;101206.75;15.0;1.2233695;0;0
1332775643;1332756135;4028193;9.80829;101207.25;15.0;1.2233756;0;0
1333013304;1332988369;4028193;9.829429;101207.0;15.0;1.2233726;0;0
1333240251;1333218043;4028193;9.620686;101209.5;15.0;1.2234027;0;0
1333413091;1333390883;4028193;9.599547;101209.75;15.0;1.2234058;0;0
1333640031;1333620530;4028193;9.766013;101207.75;15.0;1.2233816;0;0
1333812931;1333793367;4028193;9.662962;101209.0;15.0;1.2233968;0;0
1333985904;1333966398;4028193;9.620686;101209.5;15.0;1.2234027;0;0
1334223437;1334198534;4028193;9.871706;101206.5;15.0;1.2233665;0;0
1334396457;1334371500;4028193;9.55727;101210.25;15.0;1.2234119;0;0
1334623397;1334601181;4028193;9.744874;101208.0;15.0;1.2233846;0;0
1334796336;1334774110;4028193;9.829429;101207.0;15.0;1.2233726;0;0
1335023299;1335003787;4028193;9.953617;101205.5;15.0;1.2233545;0;0
1335196304;1335176748;4028193;9.93248;101205.75;15.0;1.2233574;0;0
1335433931;1335409015;4028193;9.766013;101207.75;15.0;1.2233816;0;0
1335606901;1335581995;4028193;9.995894;101205.0;15.0;1.2233484;0;0
1335833765;1335811546;4028193;9.744874;101208.0;15.0;1.2233846;0;0
1336006659;1335984448;4028193;9.766013;101207.75;15.0;1.2233816;0;0
1336233802;1336214254;4028193;9.871706;101206.5;15.0;1.2233665;0;0
1336406656;1336387137;4028193;9.578408;101210.0;15.0;1.2234088;0;0
1336579602;1336560099;4028193;9.766013;101207.75;15.0;1.2233816;0;0
1336817234;1336792321;4028193;9.744874;101208.0;15.0;1.2233846;0;0
1336990199;1336965254;4028193;9.953617;101205.5;15.0;1.2233545;0;0
1337217243;1337195017;4028193;9.829429;101207.0;15.0;1.2233726;0;0
1337390063;1337367856;4028193;9.787152;101207.5;15.0;1.2233787;0;0
1337616808;1337597311;4028193;9.890202;101206.25;15.0;1.2233635;0;0
1337789833;1337770286;4028193;9.829429;101207.0;15.0;1.2233726;0;0
1338027421;1338002496;4028193;9.681459;101208.75;15.0;1.2233938;0;0
1338200293;1338175365;4028193;9.744874;101208.0;15.0;1.2233846;0;0
1338427292;1338405034;4028193;10.05931;101204.25;15.0;1.2233393;0;0
1338600138;1338577919;4028193;9.995894;101205.0;15.0;1.2233484;0;0
1338827004;1338807501;4028193;9.723736;101208.25;15.0;1.2233876;0;0
1338999920;1338980362;4028193;9.871706;101206.5;15.0;1.2233665;0;0
1339237692;1339212765;4028193;9.787152;101207.5;15.0;1.2233787;0;0
1339410659;1339385741;4028193;9.93248;101205.75;15.0;1.2233574;0;0
1339637545;1339615263;4028193;9.974756;101205.25;15.0;1.2233514;0;0
1339810402;1339788163;4028193;9.995894;101205.0;15.0;1.2233484;0;0
1340037245;1340017738;4028193;9.911341;101206.0;15.0;1.2233605;0;0
1340210192;1340190661;4028193;9.702598;101208.5;15.0;1.2233907;0;0
1340383176;1340363622;4028193;9.871706;101206.5;15.0;1.2233665;0;0
1340620844;1340595947;4028193;9.723736;101208.25;15.0;1.2233876;0;0
1340793764;1340768768;4028193;10.05931;101204.25;15.0;1.2233393;0;0
1341020650;1340998430;4028193;9.641825;101209.25;15.0;1.2233998;0;0
1341193445;1341171234;4028193;9.995894;101205.0;15.0;1.2233484;0;0
1341420302;1341400785;4028193;9.80829;101207.25;15.0;1.2233756;0;0
1341593202;1341573689;4028193;9.93248;101205.75;15.0;1.2233574;0;0
1341830934;1341806023;4028193;9.787152;101207.5;15.0;1.2233787;0;0
1342004082;1341979074;4028193;10.05931;101204.25;15.0;1.2233393;0;0
1342231034;1342208747;4028193;10.141222;101203.25;15.0;1.2233273;0;0
1342404079;1342381799;4028193;10.141222;101203.25;15.0;1.2233273;0;0
1342631041;1342611514;4028193;9.850567;101206.75;15.0;1.2233695;0;0
1342804095;1342784508;4028193;9.871706;101206.5;15.0;1.2233665;0;0
1343041858;1343016945;4028193;9.787152;101207.5;15.0;1.2233787;0;0
1343214751;1343189799;4028193;9.829429;101207.0;15.0;1.2233726;0;0
1343387702;1343362770;4028193;9.93248;101205.75;15.0;1.2233574;0;0
1343614624;1343592394;4028193;9.93248;101205.75;15.0;1.2233574;0;0
1343787403;1343765208;4028193;9.93248;101205.75;15.0;1.2233574;0;0
1344014399;1343994864;4028193;10.038173;101204.5;15.0;1.2233423;0;0
1344187243;1344167742;4028193;10.017034;101204.75;15.0;1.2233454;0;0
1344424857;1344399957;4028193;9.829429;101207.0;15.0;1.2233726;0;0
1344597809;1344572897;4028193;10.038173;101204.5;15.0;1.2233423;0;0
1344824638;1344802418;4028193;9.723736;101208.25;15.0;1.2233876;0;0
1344997504;1344975292;4028193;9.871706;101206.5;15.0;1.2233665;0;0
1345224431;1345204899;4028193;10.05931;101204.25;15.0;1.2233393;0;0
1345397204;1345377699;4028193;9.787152;101207.5;15.0;1.2233787;0;0
1345634988;1345610068;4028193;9.995894;101205.0;15.0;1.2233484;0;0
1345808027;1345783065;4028193;10.038173;101204.5;15.0;1.2233423;0;0
1346034844;1346012616;4028193;9.93248;101205.75;15.0;1.2233574;0;0
1346207701;1346185485;4028193;9.890202;101206.25;15.0;1.2233635;0;0
1346434785;1346415260;4028193;10.038173;101204.5;15.0;1.2233423;0;0
1346607706;1346588210;4028193;9.766013;101207.75;15.0;1.2233816;0;0
1346780710;1346761213;4028193;9.890202;101206.25;15.0;1.2233635;0;0
1347018322;1346993377;4028193;9.995894;101205.0;15.0;1.2233484;0;0
1347191163;1347166220;4028193;9.974756;101205.25;15.0;1.2233514;0;0
1347418077;1347395870;4028193;10.038173;101204.5;15.0;1.2233423;0;0
1347590986;1347568781;4028193;9.829429;101207.0;15.0;1.2233726;0;0
1347817900;1347798384;4028193;9.911341;101206.0;15.0;1.2233605;0;0
1347990818;1347971287;4028193;9.953617;101205.5;15.0;1.2233545;0;0
1348228446;1348203545;4028193;9.995894;101205.0;15.0;1.2233484;0;0
1348401401;1348376435;4028193;9.974756;101205.25;15.0;1.2233514;0;0
1348628242;1348606027;4028193;9.995894;101205.0;15.0;1.2233484;0;0
1348801019;1348778817;4028193;9.80829;101207.25;15.0;1.2233756;0;0
1349027991;1349008494;4028193;9.871706;101206.5;15.0;1.2233665;0;0
1349200954;1349181394;4028193;9.850567;101206.75;15.0;1.2233695;0;0
1349438728;1349413794;4028193;10.017034;101204.75;15.0;1.2233454;0;0
1349611688;1349586756;4028193;9.93248;101205.75;15.0;1.2233574;0;0
1349838721;1349816523;4028193;9.766013;101207.75;15.0;1.2233816;0;0
1350011506;1349989286;4028193;9.850567;101206.75;15.0;1.2233695;0;0
1350238494;1350218986;4028193;10.05931;101204.25;15.0;1.2233393;0;0
1350411496;1350391989;4028193;9.974756;101205.25;15.0;1.2233514;0;0
1350584301;1350564800;4028193;9.911341;101206.0;15.0;1.2233605;0;0
1350821912;1350796984;4028193;9.80829;101207.25;15.0;1.2233756;0;0
1350994916;1350970017;4028193;9.890202;101206.25;15.0;1.2233635;0;0
1351221703;1351199486;4028193;9.890202;101206.25;15.0;1.2233635;0;0
1351394650;1351372432;4028193;9.953617;101205.5;15.0;1.2233545;0;0
1351621651;1351602116;4028193;9.974756;101205.25;15.0;1.2233514;0;0
1351794569;1351775034;4028193;9.80829;101207.25;15.0;1.2233756;0;0
1352032399;1352007431;4028193;9.953617;101205.5;15.0;1.2233545;0;0
1352205254;1352180304;4028193;9.93248;101205.75;15.0;1.2233574;0;0
1352432335;1352410039;4028193;9.890202;101206.25;15.0;1.2233635;0;0
1352605248;1352583037;4028193;9.911341;101206.0;15.0;1.2233605;0;0
1352832162;1352812623;4028193;9.93248;101205.75;15.0;1.2233574;0;0
1353005024;1352985528;4028193;9.995894;101205.0;15.0;1.2233484;0;0
1353177956;1353158427;4028193;9.829429;101207.0;15.0;1.2233726;0;0
1353415706;1353390796;4028193;9.850567;101206.75;15.0;1.2233695;0;0
1353588661;1353563755;4028193;9.871706;101206.5;15.0;1.2233665;0;0
1353815498;1353793294;4028193;9.890202;101206.25;15.0;1.2233635;0;0
1353988438;1353966236;4028193;10.077807;101204.0;15.0;1.2233362;0;0
1354215387;1354195776;4028193;9.890202;101206.25;15.0;1.2233635;0;0
1354388250;1354368752;4028193;9.850567;101206.75;15.0;1.2233695;0;0
1354625819;1354600924;4028193;9.744874;101208.0;15.0;1.2233846;0;0
1354798874;1354773945;4028193;9.681459;101208.75;15.0;1.2233938;0;0
1355025893;1355003648;4028193;9.599547;101209.75;15.0;1.2234058;0;0
1355198763;1355176530;4028193;9.911341;101206.0;15.0;1.2233605;0;0
1355425675;1355406170;4028193;9.995894;101205.0;15.0;1.2233484;0;0
1355598573;1355579036;4028193;10.1835;101202.75;15.0;1.2233212;0;0
1355836281;1355811366;4028193;9.890202;101206.25;15.0;1.2233635;0;0
1356009070;1355984177;4028193;9.871706;101206.5;15.0;1.2233665;0;0
1356236049;1356213832;4028193;9.871706;101206.5;15.0;1.2233665;0;0
1356408909;1356386714;4028193;9.620686;101209.5;15.0;1.2234027;0;0
1356635813;1356616296;4028193;9.723736;101208.25;15.0;1.2233876;0;0
1356808670;1356789164;4028193;9.890202;101206.25;15.0;1.2233635;0;0
1356981608;1356962096;4028193;9.93248;101205.75;15.0;1.2233574;0;0
1357219354;1357194427;4028193;9.829429;101207.0;15.0;1.2233726;0;0
1357392214;1357367315;4028193;9.911341;101206.0;15.0;1.2233605;0;0
1357619025;1357596808;4028193;9.871706;101206.5;15.0;1.2233665;0;0
1357792029;1357769754;4028193;9.850567;101206.75;15.0;1.2233695;0;0
1358018905;1357999406;4028193;9.974756;101205.25;15.0;1.2233514;0;0
1358191795;1358172283;4028193;9.995894;101205.0;15.0;1.2233484;0;0
1358429476;1358404555;4028193;10.017034;101204.75;15.0;1.2233454;0;0
1358602397;1358577484;4028193;9.787152;101207.5;15.0;1.2233787;0;0
1358829246;1358807043;4028193;10.017034;101204.75;15.0;1.2233454;0;0
1359002058;1358979863;4028193;9.890202;101206.25;15.0;1.2233635;0;0
1359228893;1359209374;4028193;9.953617;101205.5;15.0;1.2233545;0;0
1359401800;1359382289;4028193;9.744874;101208.0;15.0;1.2233846;0;0
1359639626;1359614683;4028193;9.850567;101206.75;15.0;1.2233695;0;0
1359812474;1359787568;4028193;9.890202;101206.25;15.0;1.2233635;0;0
1360039338;1360017116;4028193;9.787152;101207.5;15.0;1.2233787;0;0
1360212354;1360190140;4028193;9.850567;101206.75;15.0;1.2233695;0;0
1360439194;1360419680;4028193;10.120084;101203.5;15.0;1.2233303;0;0
1360612045;1360592540;4028193;9.911341;101206.0;15.0;1.2233605;0;0
1360784995;1360765494;4028193;9.871706;101206.5;15.0;1.2233665;0;0
1361022761;1360997790;4028193;9.974756;101205.25;15.0;1.2233514;0;0
1361195603;1361170704;4028193;9.871706;101206.5;15.0;1.2233665;0;0
1361422591;1361400312;4028193;9.787152;101207.5;15.0;1.2233787;0;0
1361595578;1361573304;4028193;9.766013;101207.75;15.0;1.2233816;0;0
1361822659;1361803117;4028193;9.80829;101207.25;15.0;1.2233756;0;0
1361995488;1361975988;4028193;9.890202;101206.25;15.0;1.2233635;0;0
1362233197;1362208242;4028193;9.829429;101207.0;15.0;1.2233726;0;0
1362406065;1362381172;4028193;10.098945;101203.75;15.0;1.2233332;0;0
1362632935;1362610717;4028193;9.829429;101207.0;15.0;1.2233726;0;0
1362805917;1362783706;4028193;9.871706;101206.5;15.0;1.2233665;0;0
1363032930;1363013428;4028193;9.829429;101207.0;15.0;1.2233726;0;0
1363205865;1363186313;4028193;9.744874;101208.0;15.0;1.2233846;0;0
1363378636;1363359135;4028193;9.871706;101206.5;15.0;1.2233665;0;0
1363616456;1363591493;4028193;9.702598;101208.5;15.0;1.2233907;0;0
1363789286;1363764347;4028193;9.829429;101207.0;15.0;1.2233726;0;0
1364016254;1363994038;4028193;9.890202;101206.25;15.0;1.2233635;0;0
1364189216;1364166972;4028193;9.829429;101207.0;15.0;1.2233726;0;0
1364416089;1364396583;4028193;9.766013;101207.75;15.0;1.2233816;0;0
1364589144;1364569560;4028193;9.93248;101205.75;15.0;1.2233574;0;0
1364826792;1364801898;4028193;9.702598;101208.5;15.0;1.2233907;0;0
1364999800;1364974808;4028193;9.871706;101206.5;15.0;1.2233665;0;0
1365226637;1365204432;4028193;9.953617;101205.5;15.0;1.2233545;0;0
1365399588;1365377388;4028193;10.017034;101204.75;15.0;1.2233454;0;0
1365626518;1365606963;4028193;10.162361;101203.0;15.0;1.2233242;0;0
1365799397;1365779886;4028193;10.077807;101204.0;15.0;1.2233362;0;0
1366037244;1366012282;4028193;9.80829;101207.25;15.0;1.2233756;0;0
1366210040;1366185139;4028193;9.787152;101207.5;15.0;1.2233787;0;0
1366436839;1366414641;4028193;9.681459;101208.75;15.0;1.2233938;0;0
1366609727;1366587454;4028193;9.953617;101205.5;15.0;1.2233545;0;0
1366836707;1366817161;4028193;9.974756;101205.25;15.0;1.2233514;0;0
1367009642;1366990126;4028193;9.93248;101205.75;15.0;1.2233574;0;0
1367182449;1367162931;4028193;9.953617;101205.5;15.0;1.2233545;0;0
1367420212;1367395317;4028193;9.744874;101208.0;15.0;1.2233846;0;0
1367593023;1367568125;4028193;9.80829;101207.25;15.0;1.2233756;0;0
1367819944;1367797676;4028193;9.80829;101207.25;15.0;1.2233756;0;0
1367992833;1367970634;4028193;9.850567;101206.75;15.0;1.2233695;0;0
1368219862;1368200353;4028193;9.829429;101207.0;15.0;1.2233726;0;0
1368392800;1368373264;4028193;9.80829;101207.25;15.0;1.2233756;0;0
1368630422;1368605522;4028193;10.098945;101203.75;15.0;1.2233332;0;0
1368803289;1368778359;4028193;9.787152;101207.5;15.0;1.2233787;0;0
1369030214;1369007945;4028193;9.93248;101205.75;15.0;1.2233574;0;0
1369203144;1369180917;4028193;9.890202;101206.25;15.0;1.2233635;0;0
1369430046;1369410539;4028193;9.787152;101207.5;15.0;1.2233787;0;0
1369602916;1369583416;4028193;9.93248;101205.75;15.0;1.2233574;0;0
1369840614;1369815708;4028193;9.850567;101206.75;15.0;1.2233695;0;0
1370013520;1369988605;4028193;9.787152;101207.5;15.0;1.2233787;0;0
1370186473;1370161551;4028193;9.93248;101205.75;15.0;1.2233574;0;0
1370413397;1370391139;4028193;9.871706;101206.5;15.0;1.2233665;0;0
1370640228;1370620716;4028193;9.871706;101206.5;15.0;1.2233665;0;0
1370813216;1370793682;4028193;9.974756;101205.25;15.0;1.2233514;0;0
1370986111;1370966553;4028193;9.744874;101208.0;15.0;1.2233846;0;0
1371223893;1371198984;4028193;9.911341;101206.0;15.0;1.2233605;0;0
1371396834;1371371904;4028193;9.80829;101207.25;15.0;1.2233756;0;0
1371623672;1371601426;4028193;9.850567;101206.75;15.0;1.2233695;0;0
1371796533;1371774319;4028193;9.829429;101207.0;15.0;1.2233726;0;0
1372023481;1372003953;4028193;9.850567;101206.75;15.0;1.2233695;0;0
1372196319;1372176817;4028193;9.723736;101208.25;15.0;1.2233876;0;0
1372434058;1372409137;4028193;9.850567;101206.75;15.0;1.2233695;0;0
1372607052;1372582073;4028193;9.93248;101205.75;15.0;1.2233574;0;0
1372833822;1372811623;4028193;9.871706;101206.5;15.0;1.2233665;0;0
1373006613;1372984400;4028193;10.017034;101204.75;15.0;1.2233454;0;0
1373233607;1373214008;4028193;9.93248;101205.75;15.0;1.2233574;0;0
1373406468;1373386926;4028193;10.038173;101204.5;15.0;1.2233423;0;0
1373579400;1373559886;4028193;9.953617;101205.5;15.0;1.2233545;0;0
1373817262;1373792319;4028193;9.953617;101205.5;15.0;1.2233545;0;0
1373990032;1373965120;4028193;9.890202;101206.25;15.0;1.2233635;0;0
1374217003;1374194765;4028193;10.038173;101204.5;15.0;1.2233423;0;0
1374389876;1374367651;4028193;9.723736;101208.25;15.0;1.2233876;0;0
1374616837;1374597335;4028193;9.681459;101208.75;15.0;1.2233938;0;0
1374789666;1374770153;4028193;9.850567;101206.75;15.0;1.2233695;0;0
1375027536;1375002585;4028193;9.744874;101208.0;15.0;1.2233846;0;0
1375200432;1375175536;4028193;9.850567;101206.75;15.0;1.2233695;0;0
1375427306;1375405053;4028193;9.787152;101207.5;15.0;1.2233787;0;0
1375600323;1375578051;4028193;10.038173;101204.5;15.0;1.2233423;0;0
1375827282;1375807767;4028193;9.93248;101205.75;15.0;1.2233574;0;0
1376000329;1375980763;4028193;9.953617;101205.5;15.0;1.2233545;0;0
1376238113;1376213220;4028193;9.890202;101206.25;15.0;1.2233635;0;0
1376411098;1376386095;4028193;9.850567;101206.75;15.0;1.2233695;0;0
1376637964;1376615740;4028193;9.723736;101208.25;15.0;1.2233876;0;0
1376810858;1376788625;4028193;9.871706;101206.5;15.0;1.2233665;0;0
1377037845;1377018291;4028193;9.662962;101209.0;15.0;1.2233968;0;0
1377210819;1377191289;4028193;9.787152;101207.5;15.0;1.2233787;0;0
1377383657;1377364133;4028193;9.871706;101206.5;15.0;1.2233665;0;0
1377621407;1377596474;4028193;9.80829;101207.25;15.0;1.2233756;0;0
1377794301;1377769368;4028193;10.017034;101204.75;15.0;1.2233454;0;0
1378021253;1377999045;4028193;10.038173;101204.5;15.0;1.2233423;0;0
1378194157;1378171927;4028193;9.871706;101206.5;15.0;1.2233665;0;0
1378421045;1378401520;4028193;9.829429;101207.0;15.0;1.2233726;0;0
1378593989;1378574479;4028193;9.829429;101207.0;15.0;1.2233726;0;0
1378831633;1378806735;4028193;9.829429;101207.0;15.0;1.2233726;0;0
1379004399;1378979492;4028193;9.890202;101206.25;15.0;1.2233635;0;0
1379231316;1379209121;4028193;10.05931;101204.25;15.0;1.2233393;0;0
1379404195;1379381987;4028193;9.829429;101207.0;15.0;1.2233726;0;0
1379631258;1379611711;4028193;10.05931;101204.25;15.0;1.2233393;0;0
1379804022;1379784523;4028193;9.974756;101205.25;15.0;1.2233514;0;0
1379976884;1379957382;4028193;9.995894;101205.0;15.0;1.2233484;0;0
1380214655;1380189725;4028193;9.890202;101206.25;15.0;1.2233635;0;0
1380441603;1380419402;4028193;9.744874;101208.0;15.0;1.2233846;0;0
1380614503;1380592216;4028193;9.829429;101207.0;15.0;1.2233726;0;0
1380841438;1380821910;4028193;9.702598;101208.5;15.0;1.2233907;0;0
1381014304;1380994770;4028193;9.974756;101205.25;15.0;1.2233514;0;0
1381187265;1381167745;4028193;9.702598;101208.5;15.0;1.2233907;0;0
1381424941;1381400020;4028193;9.93248;101205.75;15.0;1.2233574;0;0
1381597839;1381572938;4028193;9.93248;101205.75;15.0;1.2233574;0;0
1381824806;1381802585;4028193;10.038173;101204.5;15.0;1.2233423;0;0
1381997638;1381975409;4028193;9.766013;101207.75;15.0;1.2233816;0;0
1382224593;1382205067;4028193;9.93248;101205.75;15.0;1.2233574;0;0
1382397425;1382377915;4028193;9.871706;101206.5;15.0;1.2233665;0;0
1382635149;1382610200;4028193;9.974756;101205.25;15.0;1.2233514;0;0
1382807998;1382783091;4028193;9.871706;101206.5;15.0;1.2233665;0;0
1383034986;1383012777;4028193;9.93248;101205.75;15.0;1.2233574;0;0
1383207929;1383185700;4028193;10.05931;101204.25;15.0;1.2233393;0;0
1383434790;1383415293;4028193;9.953617;101205.5;15.0;1.2233545;0;0
1383607744;1383588231;4028193;9.829429;101207.0;15.0;1.2233726;0;0
1383780762;1383761184;4028193;10.017034;101204.75;15.0;1.2233454;0;0
1384018589;1383993568;4028193;9.890202;101206.25;15.0;1.2233635;0;0
1384191451;1384166518;4028193;9.681459;101208.75;15.0;1.2233938;0;0
1384418290;1384396084;4028193;9.871706;101206.5;15.0;1.2233665;0;0
1384591123;1384568917;4028193;9.620686;101209.5;15.0;1.2234027;0;0
1384818044;1384798531;4028193;9.829429;101207.0;15.0;1.2233726;0;0
1384990887;1384971363;4028193;10.017034;101204.75;15.0;1.2233454;0;0
1385228590;1385203640;4028193;9.93248;101205.75;15.0;1.2233574;0;0
1385401448;1385376551;4028193;9.911341;101206.0;15.0;1.2233605;0;0
1385628415;1385606189;4028193;9.995894;101205.0;15.0;1.2233484;0;0
1385801194;1385778993;4028193;9.80829;101207.25;15.0;1.2233756;0;0
1386028248;1386008713;4028193;9.80829;101207.25;15.0;1.2233756;0;0
1386201192;1386181668;4028193;10.038173;101204.5;15.0;1.2233423;0;0
1386438924;1386414000;4028193;10.017034;101204.75;15.0;1.2233454;0;0
1386611871;1386586911;4028193;9.890202;101206.25;15.0;1.2233635;0;0
1386838786;1386816552;4028193;9.744874;101208.0;15.0;1.2233846;0;0
1387011632;1386989436;4028193;9.829429;101207.0;15.0;1.2233726;0;0
1387238575;1387219038;4028193;9.80829;101207.25;15.0;1.2233756;0;0
1387411454;1387391918;4028193;9.953617;101205.5;15.0;1.2233545;0;0
1387584212;1387564714;4028193;10.05931;101204.25;15.0;1.2233393;0;0
1387822008;1387797100;4028193;10.077807;101204.0;15.0;1.2233362;0;0
1387994819;1387969899;4028193;10.05931;101204.25;15.0;1.2233393;0;0
1388221714;1388199498;4028193;9.974756;101205.25;15.0;1.2233514;0;0
1388394652;1388372448;4028193;9.850567;101206.75;15.0;1.2233695;0;0
1388621641;1388602123;4028193;9.911341;101206.0;15.0;1.2233605;0;0
1388794454;1388774928;4028193;9.974756;101205.25;15.0;1.2233514;0;0
1389032219;1389007323;4028193;9.890202;101206.25;15.0;1.2233635;0;0
1389205243;1389180324;4028193;9.787152;101207.5;15.0;1.2233787;0;0
1389432165;1389409899;4028193;9.953617;101205.5;15.0;1.2233545;0;0
1389605032;1389582837;4028193;9.995894;101205.0;15.0;1.2233484;0;0
1389831919;1389812378;4028193;9.850567;101206.75;15.0;1.2233695;0;0
1390004903;1389985378;4028193;9.93248;101205.75;15.0;1.2233574;0;0
1390177932;1390158341;4028193;10.05931;101204.25;15.0;1.2233393;0;0
1390415652;1390390723;4028193;9.890202;101206.25;15.0;1.2233635;0;0
1390588497;1390563602;4028193;9.953617;101205.5;15.0;1.2233545;0;0
1390815509;1390793290;4028193;9.702598;101208.5;15.0;1.2233907;0;0
1390988338;1390966117;4028193;9.911341;101206.0;15.0;1.2233605;0;0
1391215299;1391195800;4028193;9.787152;101207.5;15.0;1.2233787;0;0
1391388130;1391368620;4028193;10.017034;101204.75;15.0;1.2233454;0;0
1391626006;1391601069;4028193;9.787152;101207.5;15.0;1.2233787;0;0
1391798921;1391773992;4028193;9.93248;101205.75;15.0;1.2233574;0;0
1392025838;1392003606;4028193;10.017034;101204.75;15.0;1.2233454;0;0
1392198730;1392176512;4028193;10.038173;101204.5;15.0;1.2233423;0;0
1392425849;1392406317;4028193;9.787152;101207.5;15.0;1.2233787;0;0
1392598850;1392579339;4028193;9.93248;101205.75;15.0;1.2233574;0;0
1392836675;1392811762;4028193;9.787152;101207.5;15.0;1.2233787;0;0
1393009519;1392984594;4028193;10.017034;101204.75;15.0;1.2233454;0;0
1393236453;1393214254;4028193;9.871706;101206.5;15.0;1.2233665;0;0
1393409541;1393387315;4028193;9.80829;101207.25;15.0;1.2233756;0;0
1393636336;1393616831;4028193;10.017034;101204.75;15.0;1.2233454;0;0
1393809216;1393789677;4028193;9.995894;101205.0;15.0;1.2233484;0;0
1393982080;1393962552;4028193;9.787152;101207.5;15.0;1.2233787;0;0
1394219634;1394194728;4028193;9.974756;101205.25;15.0;1.2233514;0;0
1394392569;1394367634;4028193;9.766013;101207.75;15.0;1.2233816;0;0
1394619396;1394597186;4028193;9.911341;101206.0;15.0;1.2233605;0;0
1394792234;1394770023;4028193;9.953617;101205.5;15.0;1.2233545;0;0
1395019277;1394999718;4028193;10.038173;101204.5;15.0;1.2233423;0;0
1395192158;1395172625;4028193;9.850567;101206.75;15.0;1.2233695;0;0
1395429946;1395404968;4028193;9.787152;101207.5;15.0;1.2233787;0;0
1395602795;1395577889;4028193;9.953617;101205.5;15.0;1.2233545;0;0
1395829667;1395807442;4028193;9.995894;101205.0;15.0;1.2233484;0;0
1396002663;1395980447;4028193;9.80829;101207.25;15.0;1.2233756;0;0
1396229635;1396210135;4028193;9.850567;101206.75;15.0;1.2233695;0;0
1396402591;1396383092;4028193;9.995894;101205.0;15.0;1.2233484;0;0
1396640285;1396615379;4028193;9.93248;101205.75;15.0;1.2233574;0;0
1396813212;1396788230;4028193;9.80829;101207.25;15.0;1.2233756;0;0
1396986119;1396961211;4028193;9.723736;101208.25;15.0;1.2233876;0;0
1397213080;1397190861;4028193;9.953617;101205.5;15.0;1.2233545;0;0
1397385860;1397363659;4028193;10.05931;101204.25;15.0;1.2233393;0;0
1397612857;1397593316;4028193;9.890202;101206.25;15.0;1.2233635;0;0
1397785849;1397766307;4028193;9.995894;101205.0;15.0;1.2233484;0;0
1398023529;1397998609;4028193;10.098945;101203.75;15.0;1.2233332;0;0
1398196364;1398171416;4028193;10.098945;101203.75;15.0;1.2233332;0;0
1398423288;1398401079;4028193;9.953617;101205.5;15.0;1.2233545;0;0
1398596080;1398573859;4028193;9.662962;101209.0;15.0;1.2233968;0;0
1398822839;1398803333;4028193;9.911341;101206.0;15.0;1.2233605;0;0
1398995786;1398976284;4028193;9.953617;101205.5;15.0;1.2233545;0;0
1399233631;1399208736;4028193;9.911341;101206.0;15.0;1.2233605;0;0
1399406715;1399381742;4028193;9.911341;101206.0;15.0;1.2233605;0;0
1399633528;1399611317;4028193;9.93248;101205.75;15.0;1.2233574;0;0
1399806468;1399784211;4028193;9.93248;101205.75;15.0;1.2233574;0;0
1400033280;1400013757;4028193;9.93248;101205.75;15.0;1.2233574;0;0
1400206249;1400186731;4028193;9.871706;101206.5;15.0;1.2233665;0;0
1400379174;1400359609;4028193;9.911341;101206.0;15.0;1.2233605;0;0
1400616852;1400591943;4028193;9.93248;101205.75;15.0;1.2233574;0;0
1400789683;1400764778;4028193;9.80829;101207.25;15.0;1.2233756;0;0
1401016916;1400994624;4028193;9.93248;101205.75;15.0;1.2233574;0;0
1401189747;1401167539;4028193;10.05931;101204.25;15.0;1.2233393;0;0
1401416656;1401397141;4028193;10.1835;101202.75;15.0;1.2233212;0;0
1401589696;1401570134;4028193;10.038173;101204.5;15.0;1.2233423;0;0
1401827450;1401802506;4028193;9.974756;101205.25;15.0;1.2233514;0;0
1402000400;1401975434;4028193;9.911341;101206.0;15.0;1.2233605;0;0
1402227203;1402204999;4028193;9.93248;101205.75;15.0;1.2233574;0;0
1402400096;1402377860;4028193;10.141222;101203.25;15.0;1.2233273;0;0
1402627017;1402607481;4028193;9.974756;101205.25;15.0;1.2233514;0;0
1402799944;1402780407;4028193;10.265411;101201.75;15.0;1.2233092;0;0
1403037738;1403012812;4028193;10.120084;101203.5;15.0;1.2233303;0;0
1403210634;1403185702;4028193;10.05931;101204.25;15.0;1.2233393;0;0
1403437626;1403415429;4028193;9.953617;101205.5;15.0;1.2233545;0;0
1403610417;1403588209;4028193;10.038173;101204.5;15.0;1.2233423;0;0
1403837510;1403817962;4028193;9.953617;101205.5;15.0;1.2233545;0;0
1404010397;1403990902;4028193;9.995894;101205.0;15.0;1.2233484;0;0
1404183210;1404163702;4028193;9.890202;101206.25;15.0;1.2233635;0;0
1404420940;1404396015;4028193;10.038173;101204.5;15.0;1.2233423;0;0
1404593820;1404568925;4028193;9.93248;101205.75;15.0;1.2233574;0;0
1404820708;1404798501;4028193;9.890202;101206.25;15.0;1.2233635;0;0
1404993592;1404971388;4028193;9.995894;101205.0;15.0;1.2233484;0;0
1405220617;1405201109;4028193;9.80829;101207.25;15.0;1.2233756;0;0
1405393431;1405373919;4028193;10.017034;101204.75;15.0;1.2233454;0;0
1405631237;1405606296;4028193;10.120084;101203.5;15.0;1.2233303;0;0
1405804066;1405779134;4028193;9.850567;101206.75;15.0;1.2233695;0;0
1406031170;1406008867;4028193;10.307689;101201.25;15.0;1.2233031;0;0
1406204030;1406181809;4028193;10.038173;101204.5;15.0;1.2233423;0;0
1406430896;1406411377;4028193;9.974756;101205.25;15.0;1.2233514;0;0
1406603819;1406584316;4028193;10.038173;101204.5;15.0;1.2233423;0;0
1406776640;1406757135;4028193;9.93248;101205.75;15.0;1.2233574;0;0
1407014423;1406989433;4028193;10.05931;101204.25;15.0;1.2233393;0;0
1407241366;1407219135;4028193;9.890202;101206.25;15.0;1.2233635;0;0
1407414271;1407392035;4028193;9.93248;101205.75;15.0;1.2233574;0;0
1407587196;1407564992;4028193;9.80829;101207.25;15.0;1.2233756;0;0
1407814095;1407794581;4028193;9.787152;101207.5;15.0;1.2233787;0;0
1407987043;1407967499;4028193;10.05931;101204.25;15.0;1.2233393;0;0
1408224786;1408199885;4028193;10.017034;101204.75;15.0;1.2233454;0;0
1408397622;1408372726;4028193;10.038173;101204.5;15.0;1.2233423;0;0
1408624409;1408602211;4028193;10.1835;101202.75;15.0;1.2233212;0;0
1408797412;1408775208;4028193;10.141222;101203.25;15.0;1.2233273;0;0
1409024228;1409004708;4028193;10.244272;101202.0;15.0;1.2233121;0;0
1409197246;1409177686;4028193;9.850567;101206.75;15.0;1.2233695;0;0
1409434988;1409410052;4028193;10.038173;101204.5;15.0;1.2233423;0;0
1409607894;1409582988;4028193;10.038173;101204.5;15.0;1.2233423;0;0
1409834817;1409812617;4028193;9.995894;101205.0;15.0;1.2233484;0;0
1410007614;1409985404;4028193;9.890202;101206.25;15.0;1.2233635;0;0
1410234418;1410214889;4028193;10.098945;101203.75;15.0;1.2233332;0;0
1410407461;1410387920;4028193;9.766013;101207.75;15.0;1.2233816;0;0
1410580397;1410560848;4028193;10.162361;101203.0;15.0;1.2233242;0;0
1410818078;1410793123;4028193;10.162361;101203.0;15.0;1.2233242;0;0
1410990927;1410965994;4028193;9.953617;101205.5;15.0;1.2233545;0;0
1411217803;1411195601;4028193;10.05931;101204.25;15.0;1.2233393;0;0
1411390758;1411368477;4028193;9.911341;101206.0;15.0;1.2233605;0;0
1411617794;1411598202;4028193;10.204638;101202.5;15.0;1.2233181;0;0
1411790623;1411771122;4028193;9.995894;101205.0;15.0;1.2233484;0;0
1412028423;1412003484;4028193;9.953617;101205.5;15.0;1.2233545;0;0
1412201189;1412176292;4028193;9.953617;101205.5;15.0;1.2233545;0;0
1412428111;1412405867;4028193;9.953617;101205.5;15.0;1.2233545;0;0
1412601031;1412578789;4028193;9.974756;101205.25;15.0;1.2233514;0;0
1412827990;1412808482;4028193;9.93248;101205.75;15.0;1.2233574;0;0
1413000818;1412981304;4028193;9.974756;101205.25;15.0;1.2233514;0;0
1413238630;1413213724;4028193;9.974756;101205.25;15.0;1.2233514;0;0
1413411486;1413386562;4028193;10.077807;101204.0;15.0;1.2233362;0;0
1413638406;1413616148;4028193;10.077807;101204.0;15.0;1.2233362;0;0
1413811336;1413789063;4028193;9.974756;101205.25;15.0;1.2233514;0;0
1414038193;1414018688;4028193;10.077807;101204.0;15.0;1.2233362;0;0
1414211029;1414191516;4028193;10.120084;101203.5;15.0;1.2233303;0;0
1414383958;1414364436;4028193;9.974756;101205.25;15.0;1.2233514;0;0
1414621625;1414596693;4028193;10.1835;101202.75;15.0;1.2233212;0;0
1414794496;1414769582;4028193;10.038173;101204.5;15.0;1.2233423;0;0
1415021449;1414999218;4028193;10.098945;101203.75;15.0;1.2233332;0;0
1415194425;1415172202;4028193;10.141222;101203.25;15.0;1.2233273;0;0
1415421399;1415401848;4028193;10.017034;101204.75;15.0;1.2233454;0;0
1415594272;1415574735;4028193;10.017034;101204.75;15.0;1.2233454;0;0
1415832071;1415807146;4028193;10.120084;101203.5;15.0;1.2233303;0;0
1416005072;1415980125;4028193;10.017034;101204.75;15.0;1.2233454;0;0
1416232091;1416209843;4028193;9.911341;101206.0;15.0;1.2233605;0;0
1416404859;1416382660;4028193;10.038173;101204.5;15.0;1.2233423;0;0
1416631628;1416612110;4028193;10.038173;101204.5;15.0;1.2233423;0;0
1416804538;1416785014;4028193;9.850567;101206.75;15.0;1.2233695;0;0
1416977430;1416957884;4028193;10.05931;101204.25;15.0;1.2233393;0;0
1417215173;1417190228;4028193;9.995894;101205.0;15.0;1.2233484;0;0
1417387986;1417363085;4028193;9.93248;101205.75;15.0;1.2233574;0;0
1417614898;1417592688;4028193;10.038173;101204.5;15.0;1.2233423;0;0
1417787862;1417765611;4028193;9.93248;101205.75;15.0;1.2233574;0;0
1418014767;1417995252;4028193;10.141222;101203.25;15.0;1.2233273;0;0
1418187632;1418168134;4028193;9.995894;101205.0;15.0;1.2233484;0;0
1418425512;1418400579;4028193;9.974756;101205.25;15.0;1.2233514;0;0
1418598396;1418573473;4028193;9.974756;101205.25;15.0;1.2233514;0;0
1418825220;1418803022;4028193;9.890202;101206.25;15.0;1.2233635;0;0
1418998115;1418975883;4028193;9.995894;101205.0;15.0;1.2233484;0;0
1419225099;1419205546;4028193;9.871706;101206.5;15.0;1.2233665;0;0
1419398080;1419378534;4028193;9.995894;101205.0;15.0;1.2233484;0;0
1419635830;1419610914;4028193;10.077807;101204.0;15.0;1.2233362;0;0
1419808725;1419783772;4028193;9.911341;101206.0;15.0;1.2233605;0;0
1420035661;1420013450;4028193;9.953617;101205.5;15.0;1.2233545;0;0
1420208600;1420186293;4028193;9.850567;101206.75;15.0;1.2233695;0;0
1420435445;1420415938;4028193;9.974756;101205.25;15.0;1.2233514;0;0
1420608194;1420588693;4028193;9.953617;101205.5;15.0;1.2233545;0;0
1420781124;1420761538;4028193;9.995894;101205.0;15.0;1.2233484;0;0
1421018832;1420993894;4028193;10.038173;101204.5;15.0;1.2233423;0;0
1421191664;1421166717;4028193;10.05931;101204.25;15.0;1.2233393;0;0
1421418815;1421396549;4028193;9.766013;101207.75;15.0;1.2233816;0;0
1421591624;1421569417;4028193;9.662962;101209.0;15.0;1.2233968;0;0
1421818587;1421799070;4028193;10.098945;101203.75;15.0;1.2233332;0;0
1421991418;1421971920;4028193;10.162361;101203.0;15.0;1.2233242;0;0
1422229057;1422204131;4028193;10.077807;101204.0;15.0;1.2233362;0;0
1422401904;1422376972;4028193;10.077807;101204.0;15.0;1.2233362;0;0
1422628911;1422606619;4028193;9.871706;101206.5;15.0;1.2233665;0;0
1422801790;1422779583;4028193;9.911341;101206.0;15.0;1.2233605;0;0
1423028791;1423009259;4028193;10.077807;101204.0;15.0;1.2233362;0;0
1423201619;1423182111;4028193;10.017034;101204.75;15.0;1.2233454;0;0
1423439305;1423414388;4028193;9.953617;101205.5;15.0;1.2233545;0;0
1423612282;1423587329;4028193;9.890202;101206.25;15.0;1.2233635;0;0
1423785210;1423760274;4028193;10.05931;101204.25;15.0;1.2233393;0;0
1424012195;1423989954;4028193;9.911341;101206.0;15.0;1.2233605;0;0
1424239052;1424219509;4028193;9.890202;101206.25;15.0;1.2233635;0;0
1424411993;1424392484;4028193;9.871706;101206.5;15.0;1.2233665;0;0
1424584939;1424565388;4028193;9.871706;101206.5;15.0;1.2233665;0;0
1424822640;1424797711;4028193;10.017034;101204.75;15.0;1.2233454;0;0
1424995511;1424970573;4028193;9.995894;101205.0;15.0;1.2233484;0;0
1425222442;1425200225;4028193;9.787152;101207.5;15.0;1.2233787;0;0
1425395323;1425373048;4028193;10.098945;101203.75;15.0;1.2233332;0;0
1425622302;1425602778;4028193;9.974756;101205.25;15.0;1.2233514;0;0
1425795236;1425775726;4028193;9.953617;101205.5;15.0;1.2233545;0;0
1426032953;1426007986;4028193;10.05931;101204.25;15.0;1.2233393;0;0
1426205824;1426180929;4028193;9.974756;101205.25;15.0;1.2233514;0;0
1426432783;1426410563;4028193;10.038173;101204.5;15.0;1.2233423;0;0
1426605647;1426583437;4028193;10.038173;101204.5;15.0;1.2233423;0;0
1426832565;1426813031;4028193;9.93248;101205.75;15.0;1.2233574;0;0
1427005485;1426985951;4028193;10.265411;101201.75;15.0;1.2233092;0;0
1427178559;1427158999;4028193;9.953617;101205.5;15.0;1.2233545;0;0
1427416328;1427391416;4028193;9.890202;101206.25;15.0;1.2233635;0;0
1427589262;1427564349;4028193;9.995894;101205.0;15.0;1.2233484;0;0
1427816145;1427793908;4028193;10.120084;101203.5;15.0;1.2233303;0;0
1427988921;1427966714;4028193;10.120084;101203.5;15.0;1.2233303;0;0
1428215818;1428196322;4028193;10.077807;101204.0;15.0;1.2233362;0;0
1428388902;1428369357;4028193;9.911341;101206.0;15.0;1.2233605;0;0
1428626762;1428601799;4028193;9.829429;101207.0;15.0;1.2233726;0;0
1428799632;1428774714;4028193;10.017034;101204.75;15.0;1.2233454;0;0
1429026528;1429004316;4028193;9.787152;101207.5;15.0;1.2233787;0;0
1429199511;1429177295;4028193;9.890202;101206.25;15.0;1.2233635;0;0
1429426438;1429406915;4028193;9.911341;101206.0;15.0;1.2233605;0;0
1429599335;1429579825;4028193;10.038173;101204.5;15.0;1.2233423;0;0
1429837071;1429812075;4028193;10.038173;101204.5;15.0;1.2233423;0;0
1430009845;1429984943;4028193;9.787152;101207.5;15.0;1.2233787;0;0
1430236783;1430214584;4028193;9.911341;101206.0;15.0;1.2233605;0;0
1430409731;1430387527;4028193;10.120084;101203.5;15.0;1.2233303;0;0
1430636720;1430617209;4028193;10.141222;101203.25;15.0;1.2233273;0;0
1430809557;1430790049;4028193;9.871706;101206.5;15.0;1.2233665;0;0
1430982655;1430963143;4028193;9.995894;101205.0;15.0;1.2233484;0;0
1431220398;1431195485;4028193;9.953617;101205.5;15.0;1.2233545;0;0
1431393326;1431368403;4028193;9.890202;101206.25;15.0;1.2233635;0;0
1431620451;1431598154;4028193;9.829429;101207.0;15.0;1.2233726;0;0
1431793338;1431771133;4028193;9.850567;101206.75;15.0;1.2233695;0;0
1432020257;1432000731;4028193;10.077807;101204.0;15.0;1.2233362;0;0
1432193072;1432173534;4028193;10.098945;101203.75;15.0;1.2233332;0;0
1432430748;1432405758;4028193;9.829429;101207.0;15.0;1.2233726;0;0
1432603656;1432578760;4028193;9.953617;101205.5;15.0;1.2233545;0;0
1432830422;1432808196;4028193;9.953617;101205.5;15.0;1.2233545;0;0
1433003276;1432981034;4028193;9.93248;101205.75;15.0;1.2233574;0;0
1433230246;1433210703;4028193;9.93248;101205.75;15.0;1.2233574;0;0
1433403207;1433383633;4028193;10.05931;101204.25;15.0;1.2233393;0;0
1433640951;1433616004;4028193;9.890202;101206.25;15.0;1.2233635;0;0
1433813815;1433788910;4028193;10.077807;101204.0;15.0;1.2233362;0;0
1434040624;1434018422;4028193;9.995894;101205.0;15.0;1.2233484;0;0
1434213528;1434191295;4028193;9.974756;101205.25;15.0;1.2233514;0;0
1434386448;1434364219;4028193;10.162361;101203.0;15.0;1.2233242;0;0
1434613334;1434593830;4028193;9.662962;101209.0;15.0;1.2233968;0;0
1434786142;1434766613;4028193;10.05931;101204.25;15.0;1.2233393;0;0
1435023869;1434998951;4028193;9.871706;101206.5;15.0;1.2233665;0;0
1435196726;1435171815;4028193;9.80829;101207.25;15.0;1.2233756;0;0
1435423555;1435401323;4028193;10.038173;101204.5;15.0;1.2233423;0;0
1435596481;1435574270;4028193;10.05931;101204.25;15.0;1.2233393;0;0
1435823425;1435803872;4028193;9.974756;101205.25;15.0;1.2233514;0;0
1435996373;1435976825;4028193;9.911341;101206.0;15.0;1.2233605;0;0
1436234127;1436209205;4028193;9.871706;101206.5;15.0;1.2233665;0;0
1436407025;1436382072;4028193;9.850567;101206.75;15.0;1.2233695;0;0
1436633873;1436611661;4028193;9.829429;101207.0;15.0;1.2233726;0;0
1436806681;1436784481;4028193;9.911341;101206.0;15.0;1.2233605;0;0
1437033733;1437014193;4028193;9.974756;101205.25;15.0;1.2233514;0;0
1437206728;1437187212;4028193;9.953617;101205.5;15.0;1.2233545;0;0
1437379527;1437360003;4028193;9.911341;101206.0;15.0;1.2233605;0;0
1437617399;1437592445;4028193;9.890202;101206.25;15.0;1.2233635;0;0
1437790397;1437765460;4028193;10.038173;101204.5;15.0;1.2233423;0;0
1438017465;1437995229;4028193;9.995894;101205.0;15.0;1.2233484;0;0
1438190343;1438168103;4028193;10.05931;101204.25;15.0;1.2233393;0;0
1438417249;1438397738;4028193;9.723736;101208.25;15.0;1.2233876;0;0
1438590242;1438570680;4028193;9.93248;101205.75;15.0;1.2233574;0;0
1438827858;1438802962;4028193;10.038173;101204.5;15.0;1.2233423;0;0
1439000787;1438975861;4028193;10.05931;101204.25;15.0;1.2233393;0;0
1439227611;1439205400;4028193;9.995894;101205.0;15.0;1.2233484;0;0
1439400488;1439378224;4028193;10.038173;101204.5;15.0;1.2233423;0;0
1439627492;1439607986;4028193;9.93248;101205.75;15.0;1.2233574;0;0
1439800424;1439780920;4028193;9.974756;101205.25;15.0;1.2233514;0;0
1440038133;1440013195;4028193;9.93248;101205.75;15.0;1.2233574;0;0
1440210989;1440186086;4028193;9.871706;101206.5;15.0;1.2233665;0;0
1440437956;1440415717;4028193;9.80829;101207.25;15.0;1.2233756;0;0
1440610835;1440588596;4028193;9.995894;101205.0;15.0;1.2233484;0;0
1440837749;1440818233;4028193;9.995894;101205.0;15.0;1.2233484;0;0
1441010642;1440991142;4028193;9.829429;101207.0;15.0;1.2233726;0;0
1441183621;1441164113;4028193;9.871706;101206.5;15.0;1.2233665;0;0
1441421338;1441396388;4028193;10.162361;101203.0;15.0;1.2233242;0;0
1441594242;1441569331;4028193;9.766013;101207.75;15.0;1.2233816;0;0
1441821220;1441799022;4028193;10.120084;101203.5;15.0;1.2233303;0;0
1441994029;1441971792;4028193;10.038173;101204.5;15.0;1.2233423;0;0
1442220939;1442201379;4028193;10.017034;101204.75;15.0;1.2233454;0;0
1442393801;1442374303;4028193;10.244272;101202.0;15.0;1.2233121;0;0
1442631487;1442606515;4028193;10.098945;101203.75;15.0;1.2233332;0;0
1442804327;1442779424;4028193;9.911341;101206.0;15.0;1.2233605;0;0
1443031508;1443009293;4028193;9.890202;101206.25;15.0;1.2233635;0;0
1443777316;1443757786;4028193;9.93248;101205.75;15.0;1.2233574;0;0
1444014847;1443989952;4028193;9.995894;101205.0;15.0;1.2233484;0;0
1444187783;1444162862;4028193;10.05931;101204.25;15.0;1.2233393;0;0
1444414636;1444392413;4028193;10.141222;101203.25;15.0;1.2233273;0;0
1444587568;1444565321;4028193;9.850567;101206.75;15.0;1.2233695;0;0
1444814459;1444794962;4028193;9.995894;101205.0;15.0;1.2233484;0;0
1444987311;1444967751;4028193;10.038173;101204.5;15.0;1.2233423;0;0
1445225074;1445200126;4028193;9.953617;101205.5;15.0;1.2233545;0;0
1445397985;1445373088;4028193;9.702598;101208.5;15.0;1.2233907;0;0
1445624852;1445602630;4028193;9.953617;101205.5;15.0;1.2233545;0;0
1445797801;1445775566;4028193;9.93248;101205.75;15.0;1.2233574;0;0
1446024765;1446005220;4028193;9.974756;101205.25;15.0;1.2233514;0;0
1446197873;1446178306;4028193;9.995894;101205.0;15.0;1.2233484;0;0
1446435585;1446410646;4028193;9.723736;101208.25;15.0;1.2233876;0;0
1446608608;1446583676;4028193;9.911341;101206.0;15.0;1.2233605;0;0
1446835598;1446813396;4028193;9.829429;101207.0;15.0;1.2233726;0;0
