timestamp;voltage5v_v;voltage_payload_v;sensors3v3[0];sensors3v3[1];sensors3v3[2];sensors3v3[3];sensors3v3_valid;usb_connected;brick_valid;usb_valid;servo_valid;periph_5v_oc;hipower_5v_oc;comp_5v_valid;can1_gps1_5v_valid;payload_v_valid
1251308388;5.0223083;0.0;0.0;0.0;0.0;0.0;0;1;1;1;1;0;0;0;0;0
1251808468;4.983536;0.0;0.0;0.0;0.0;0.0;0;1;1;1;1;0;0;0;0;0
1252298390;5.011029;0.0;0.0;0.0;0.0;0.0;0;1;1;1;1;0;0;0;0;0
1252798907;4.9975343;0.0;0.0;0.0;0.0;0.0;0;1;1;1;1;0;0;0;0;0
1253308390;5.0207977;0.0;0.0;0.0;0.0;0.0;0;1;1;1;1;0;0;0;0;0
1253808387;5.0452695;0.0;0.0;0.0;0.0;0.0;0;1;1;1;1;0;0;0;0;0
1254308388;5.009317;0.0;0.0;0.0;0.0;0.0;0;1;1;1;1;0;0;0;0;0
1254808777;5.041846;0.0;0.0;0.0;0.0;0.0;0;1;1;1;1;0;0;0;0;0
1255308387;5.0449677;0.0;0.0;0.0;0.0;0.0;0;1;1;1;1;0;0;0;0;0
1255798388;5.0470824;0.0;0.0;0.0;0.0;0.0;0;1;1;1;1;0;0;0;0;0
1256298388;5.049399;0.0;0.0;0.0;0.0;0.0;0;1;1;1;1;0;0;0;0;0
1256808391;5.0177765;0.0;0.0;0.0;0.0;0.0;0;1;1;1;1;0;0;0;0;0
1257308423;5.0310698;0.0;0.0;0.0;0.0;0.0;0;1;1;1;1;0;0;0;0;0
1257808388;4.972659;0.0;0.0;0.0;0.0;0.0;0;1;1;1;1;0;0;0;0;0
1258308388;5.0450683;0.0;0.0;0.0;0.0;0.0;0;1;1;1;1;0;0;0;0;0
1258808388;5.058563;0.0;0.0;0.0;0.0;0.0;0;1;1;1;1;0;0;0;0;0
1259298387;5.0470824;0.0;0.0;0.0;0.0;0.0;0;1;1;1;1;0;0;0;0;0
1259798388;5.075583;0.0;0.0;0.0;0.0;0.0;0;1;1;1;1;0;0;0;0;0
1260308390;5.0007567;0.0;0.0;0.0;0.0;0.0;0;1;1;1;1;0;0;0;0;0
1260808387;5.0435576;0.0;0.0;0.0;0.0;0.0;0;1;1;1;1;0;0;0;0;0
1261308387;5.010324;0.0;0.0;0.0;0.0;0.0;0;1;1;1;1;0;0;0;0;0
1261808407;5.0260344;0.0;0.0;0.0;0.0;0.0;0;1;1;1;1;0;0;0;0;0
1262308387;5.000052;0.0;0.0;0.0;0.0;0.0;0;1;1;1;1;0;0;0;0;0
1262798388;5.0450683;0.0;0.0;0.0;0.0;0.0;0;1;1;1;1;0;0;0;0;0
1263298388;5.0108275;0.0;0.0;0.0;0.0;0.0;0;1;1;1;1;0;0;0;0;0
1263808391;5.0260344;0.0;0.0;0.0;0.0;0.0;0;1;1;1;1;0;0;0;0;0
1264308415;5.0374146;0.0;0.0;0.0;0.0;0.0;0;1;1;1;1;0;0;0;0;0
1264808388;4.9729614;0.0;0.0;0.0;0.0;0.0;0;1;1;1;1;0;0;0;0;0
1265308562;5.0442624;0.0;0.0;0.0;0.0;0.0;0;1;1;1;1;0;0;0;0;0
1265808390;4.997433;0.0;0.0;0.0;0.0;0.0;0;1;1;1;1;0;0;0;0;0
1266298389;5.0464783;0.0;0.0;0.0;0.0;0.0;0;1;1;1;1;0;0;0;0;0
1266798389;5.004181;0.0;0.0;0.0;0.0;0.0;0;1;1;1;1;0;0;0;0;0
1267308390;5.04386;0.0;0.0;0.0;0.0;0.0;0;1;1;1;1;0;0;0;0;0
1267808388;5.035501;0.0;0.0;0.0;0.0;0.0;0;1;1;1;1;0;0;0;0;0
1268308406;4.9838376;0.0;0.0;0.0;0.0;0.0;0;1;1;1;1;0;0;0;0;0
1268808387;5.0443635;0.0;0.0;0.0;0.0;0.0;0;1;1;1;1;0;0;0;0;0
1269308425;5.0073028;0.0;0.0;0.0;0.0;0.0;0;1;1;1;1;0;0;0;0;0
1269798387;5.0245237;0.0;0.0;0.0;0.0;0.0;0;1;1;1;1;0;0;0;0;0
1270298388;4.9969296;0.0;0.0;0.0;0.0;0.0;0;1;1;1;1;0;0;0;0;0
1270808390;5.044766;0.0;0.0;0.0;0.0;0.0;0;1;1;1;1;0;0;0;0;0
1271308388;5.0284514;0.0;0.0;0.0;0.0;0.0;0;1;1;1;1;0;0;0;0;0
1271808387;5.033688;0.0;0.0;0.0;0.0;0.0;0;1;1;1;1;0;0;0;0;0
1272308399;5.050708;0.0;0.0;0.0;0.0;0.0;0;1;1;1;1;0;0;0;0;0
1272808388;4.9315705;0.0;0.0;0.0;0.0;0.0;0;1;1;1;1;0;0;0;0;0
1273298391;5.046982;0.0;0.0;0.0;0.0;0.0;0;1;1;1;1;0;0;0;0;0
1273798388;5.0049863;0.0;0.0;0.0;0.0;0.0;0;1;1;1;1;0;0;0;0;0
1274308404;5.0474854;0.0;0.0;0.0;0.0;0.0;0;1;1;1;1;0;0;0;0;0
1274808408;5.01405;0.0;0.0;0.0;0.0;0.0;0;1;1;1;1;0;0;0;0;0
1275308387;5.045471;0.0;0.0;0.0;0.0;0.0;0;1;1;1;1;0;0;0;0;0
1275808390;5.0536284;0.0;0.0;0.0;0.0;0.0;0;1;1;1;1;0;0;0;0;0
1276308407;5.0276456;0.0;0.0;0.0;0.0;0.0;0;1;1;1;1;0;0;0;0;0
1276798388;5.0673246;0.0;0.0;0.0;0.0;0.0;0;1;1;1;1;0;0;0;0;0
1277298387;5.045471;0.0;0.0;0.0;0.0;0.0;0;1;1;1;1;0;0;0;0;0
1277808417;5.0474854;0.0;0.0;0.0;0.0;0.0;0;1;1;1;1;0;0;0;0;0
1278308416;4.9887724;0.0;0.0;0.0;0.0;0.0;0;1;1;1;1;0;0;0;0;0
1278808436;5.0408387;0.0;0.0;0.0;0.0;0.0;0;1;1;1;1;0;0;0;0;0
1279308401;5.0036774;0.0;0.0;0.0;0.0;0.0;0;1;1;1;1;0;0;0;0;0
1279808387;5.0488954;0.0;0.0;0.0;0.0;0.0;0;1;1;1;1;0;0;0;0;0
1280298388;4.9894776;0.0;0.0;0.0;0.0;0.0;0;1;1;1;1;0;0;0;0;0
1280798387;5.033386;0.0;0.0;0.0;0.0;0.0;0;1;1;1;1;0;0;0;0;0
1281308390;5.048593;0.0;0.0;0.0;0.0;0.0;0;1;1;1;1;0;0;0;0;0
1281808705;5.0118346;0.0;0.0;0.0;0.0;0.0;0;1;1;1;1;0;0;0;0;0
1282308387;5.043054;0.0;0.0;0.0;0.0;0.0;0;1;1;1;1;0;0;0;0;0
1282808419;5.01687;0.0;0.0;0.0;0.0;0.0;0;1;1;1;1;0;0;0;0;0
1283308387;5.041241;0.0;0.0;0.0;0.0;0.0;0;1;1;1;1;0;0;0;0;0
1283798388;5.006799;0.0;0.0;0.0;0.0;0.0;0;1;1;1;1;0;0;0;0;0
1284298387;5.044061;0.0;0.0;0.0;0.0;0.0;0;1;1;1;1;0;0;0;0;0
1284808390;5.047989;0.0;0.0;0.0;0.0;0.0;0;1;1;1;1;0;0;0;0;0
1285309215;5.0184813;0.0;0.0;0.0;0.0;0.0;0;1;1;1;1;0;0;0;0;0
1285808387;5.0464783;0.0;0.0;0.0;0.0;0.0;0;1;1;1;1;0;0;0;0;0
1286308400;4.9780974;0.0;0.0;0.0;0.0;0.0;0;1;1;1;1;0;0;0;0;0
1286808387;5.0449677;0.0;0.0;0.0;0.0;0.0;0;1;1;1;1;0;0;0;0;0
1287298389;5.014856;0.0;0.0;0.0;0.0;0.0;0;1;1;1;1;0;0;0;0;0
1287798409;5.034494;0.0;0.0;0.0;0.0;0.0;0;1;1;1;1;0;0;0;0;0
1288308390;5.007907;0.0;0.0;0.0;0.0;0.0;0;1;1;1;1;0;0;0;0;0
1288808387;5.044464;0.0;0.0;0.0;0.0;0.0;0;1;1;1;1;0;0;0;0;0
1289308406;5.0388246;0.0;0.0;0.0;0.0;0.0;0;1;1;1;1;0;0;0;0;0
1289808388;4.998038;0.0;0.0;0.0;0.0;0.0;0;1;1;1;1;0;0;0;0;0
1290308388;5.036508;0.0;0.0;0.0;0.0;0.0;0;1;1;1;1;0;0;0;0;0
1290798388;4.964502;0.0;0.0;0.0;0.0;0.0;0;1;1;1;1;0;0;0;0;0
1291298387;5.02684;0.0;0.0;0.0;0.0;0.0;0;1;1;1;1;0;0;0;0;0
1291808389;4.993405;0.0;0.0;0.0;0.0;0.0;0;1;1;1;1;0;0;0;0;0
1292308388;5.04104;0.0;0.0;0.0;0.0;0.0;0;1;1;1;1;0;0;0;0;0
1292808414;5.0681305;0.0;0.0;0.0;0.0;0.0;0;1;1;1;1;0;0;0;0;0
1293308395;5.0431547;0.0;0.0;0.0;0.0;0.0;0;1;1;1;1;0;0;0;0;0
1293798389;5.068634;0.0;0.0;0.0;0.0;0.0;0;1;1;1;1;0;0;0;0;0
1294298388;5.027142;0.0;0.0;0.0;0.0;0.0;0;1;1;1;1;0;0;0;0;0
1294798387;5.0478883;0.0;0.0;0.0;0.0;0.0;0;1;1;1;1;0;0;0;0;0
1295308394;5.012137;0.0;0.0;0.0;0.0;0.0;0;1;1;1;1;0;0;0;0;0
1295808388;5.0449677;0.0;0.0;0.0;0.0;0.0;0;1;1;1;1;0;0;0;0;0
1296308501;5.023215;0.0;0.0;0.0;0.0;0.0;0;1;1;1;1;0;0;0;0;0
1296808480;5.0387235;0.0;0.0;0.0;0.0;0.0;0;1;1;1;1;0;0;0;0;0
1297308388;5.037112;0.0;0.0;0.0;0.0;0.0;0;1;1;1;1;0;0;0;0;0
1297798388;5.0480895;0.0;0.0;0.0;0.0;0.0;0;1;1;1;1;0;0;0;0;0
1298298402;5.0484924;0.0;0.0;0.0;0.0;0.0;0;1;1;1;1;0;0;0;0;0
1298808391;4.9873624;0.0;0.0;0.0;0.0;0.0;0;1;1;1;1;0;0;0;0;0
1299308387;5.0499024;0.0;0.0;0.0;0.0;0.0;0;1;1;1;1;0;0;0;0;0
1299808399;5.0007567;0.0;0.0;0.0;0.0;0.0;0;1;1;1;1;0;0;0;0;0
1300308460;5.0277467;0.0;0.0;0.0;0.0;0.0;0;1;1;1;1;0;0;0;0;0
1300808388;4.986758;0.0;0.0;0.0;0.0;0.0;0;1;1;1;1;0;0;0;0;0
1301298388;5.050305;0.0;0.0;0.0;0.0;0.0;0;1;1;1;1;0;0;0;0;0
1301798389;4.999951;0.0;0.0;0.0;0.0;0.0;0;1;1;1;1;0;0;0;0;0
1302308401;4.964905;0.0;0.0;0.0;0.0;0.0;0;1;1;1;1;0;0;0;0;0
1302808408;5.0462766;0.0;0.0;0.0;0.0;0.0;0;1;1;1;1;0;0;0;0;0
1303308388;5.0157623;0.0;0.0;0.0;0.0;0.0;0;1;1;1;1;0;0;0;0;0
1303808673;5.0408387;0.0;0.0;0.0;0.0;0.0;0;1;1;1;1;0;0;0;0;0
1304308400;4.9870605;0.0;0.0;0.0;0.0;0.0;0;1;1;1;1;0;0;0;0;0
1304798474;5.061484;0.0;0.0;0.0;0.0;0.0;0;1;1;1;1;0;0;0;0;0
1305298660;5.0056915;0.0;0.0;0.0;0.0;0.0;0;1;1;1;1;0;0;0;0;0
1305808390;5.046579;0.0;0.0;0.0;0.0;0.0;0;1;1;1;1;0;0;0;0;0
1306308388;5.049298;0.0;0.0;0.0;0.0;0.0;0;1;1;1;1;0;0;0;0;0
1306808405;4.9523163;0.0;0.0;0.0;0.0;0.0;0;1;1;1;1;0;0;0;0;0
1307309107;5.0603757;0.0;0.0;0.0;0.0;0.0;0;1;1;1;1;0;0;0;0;0
1307808388;5.001059;0.0;0.0;0.0;0.0;0.0;0;1;1;1;1;0;0;0;0;0
1308298586;5.0529237;0.0;0.0;0.0;0.0;0.0;0;1;1;1;1;0;0;0;0;0
1308798389;4.990082;0.0;0.0;0.0;0.0;0.0;0;1;1;1;1;0;0;0;0;0
1309308391;5.0394287;0.0;0.0;0.0;0.0;0.0;0;1;1;1;1;0;0;0;0;0
1309808407;5.076892;0.0;0.0;0.0;0.0;0.0;0;1;1;1;1;0;0;0;0;0
1310308388;5.0374146;0.0;0.0;0.0;0.0;0.0;0;1;1;1;1;0;0;0;0;0
1310808406;5.0443635;0.0;0.0;0.0;0.0;0.0;0;1;1;1;1;0;0;0;0;0
1311308387;5.0112305;0.0;0.0;0.0;0.0;0.0;0;1;1;1;1;0;0;0;0;0
1311798831;5.0432553;0.0;0.0;0.0;0.0;0.0;0;1;1;1;1;0;0;0;0;0
1312298388;5.0171723;0.0;0.0;0.0;0.0;0.0;0;1;1;1;1;0;0;0;0;0
1312808390;5.0302644;0.0;0.0;0.0;0.0;0.0;0;1;1;1;1;0;0;0;0;0
1313308459;4.99129;0.0;0.0;0.0;0.0;0.0;0;1;1;1;1;0;0;0;0;0
1313808399;5.044464;0.0;0.0;0.0;0.0;0.0;0;1;1;1;1;0;0;0;0;0
1314308388;5.059067;0.0;0.0;0.0;0.0;0.0;0;1;1;1;1;0;0;0;0;0
1314808712;4.9641995;0.0;0.0;0.0;0.0;0.0;0;1;1;1;1;0;0;0;0;0
1315299185;5.0529237;0.0;0.0;0.0;0.0;0.0;0;1;1;1;1;0;0;0;0;0
1315798470;5.0207977;0.0;0.0;0.0;0.0;0.0;0;1;1;1;1;0;0;0;0;0
1316308390;5.04386;0.0;0.0;0.0;0.0;0.0;0;1;1;1;1;0;0;0;0;0
1316808388;5.0143523;0.0;0.0;0.0;0.0;0.0;0;1;1;1;1;0;0;0;0;0
1317308387;5.0417447;0.0;0.0;0.0;0.0;0.0;0;1;1;1;1;0;0;0;0;0
1317808388;4.993506;0.0;0.0;0.0;0.0;0.0;0;1;1;1;1;0;0;0;0;0
1318308388;5.0452695;0.0;0.0;0.0;0.0;0.0;0;1;1;1;1;0;0;0;0;0
1318798388;5.014453;0.0;0.0;0.0;0.0;0.0;0;1;1;1;1;0;0;0;0;0
1319298389;5.0439606;0.0;0.0;0.0;0.0;0.0;0;1;1;1;1;0;0;0;0;0
1319808390;5.0463777;0.0;0.0;0.0;0.0;0.0;0;1;1;1;1;0;0;0;0;0
1320308389;4.9950166;0.0;0.0;0.0;0.0;0.0;0;1;1;1;1;0;0;0;0;0
1320808387;5.0459747;0.0;0.0;0.0;0.0;0.0;0;1;1;1;1;0;0;0;0;0
1321308388;5.012338;0.0;0.0;0.0;0.0;0.0;0;1;1;1;1;0;0;0;0;0
1321808576;5.020395;0.0;0.0;0.0;0.0;0.0;0;1;1;1;1;0;0;0;0;0
1322298388;4.9821258;0.0;0.0;0.0;0.0;0.0;0;1;1;1;1;0;0;0;0;0
1322798401;5.0397305;0.0;0.0;0.0;0.0;0.0;0;1;1;1;1;0;0;0;0;0
1323308390;5.044061;0.0;0.0;0.0;0.0;0.0;0;1;1;1;1;0;0;0;0;0
1323808387;4.996225;0.0;0.0;0.0;0.0;0.0;0;1;1;1;1;0;0;0;0;0
1324308388;5.0505066;0.0;0.0;0.0;0.0;0.0;0;1;1;1;1;0;0;0;0;0
1324808387;4.9901824;0.0;0.0;0.0;0.0;0.0;0;1;1;1;1;0;0;0;0;0
1325308407;5.034897;0.0;0.0;0.0;0.0;0.0;0;1;1;1;1;0;0;0;0;0
1325798389;4.993506;0.0;0.0;0.0;0.0;0.0;0;1;1;1;1;0;0;0;0;0
1326298507;5.046176;0.0;0.0;0.0;0.0;0.0;0;1;1;1;1;0;0;0;0;0
1326808391;5.068231;0.0;0.0;0.0;0.0;0.0;0;1;1;1;1;0;0;0;0;0
1327308388;5.0381193;0.0;0.0;0.0;0.0;0.0;0;1;1;1;1;0;0;0;0;0
1327808445;5.048392;0.0;0.0;0.0;0.0;0.0;0;1;1;1;1;0;0;0;0;0
1328308388;5.0026703;0.0;0.0;0.0;0.0;0.0;0;1;1;1;1;0;0;0;0;0
1328808388;5.044061;0.0;0.0;0.0;0.0;0.0;0;1;1;1;1;0;0;0;0;0
1329298392;5.0011597;0.0;0.0;0.0;0.0;0.0;0;1;1;1;1;0;0;0;0;0
1329798409;5.0530243;0.0;0.0;0.0;0.0;0.0;0;1;1;1;1;0;0;0;0;0
1330308390;4.9890747;0.0;0.0;0.0;0.0;0.0;0;1;1;1;1;0;0;0;0;0
1330808387;5.0486937;0.0;0.0;0.0;0.0;0.0;0;1;1;1;1;0;0;0;0;0
1331308394;5.011331;0.0;0.0;0.0;0.0;0.0;0;1;1;1;1;0;0;0;0;0
1331808388;5.046881;0.0;0.0;0.0;0.0;0.0;0;1;1;1;1;0;0;0;0;0
1332308398;5.04386;0.0;0.0;0.0;0.0;0.0;0;1;1;1;1;0;0;0;0;0
1332798408;5.0452695;0.0;0.0;0.0;0.0;0.0;0;1;1;1;1;0;0;0;0;0
1333298387;5.04819;0.0;0.0;0.0;0.0;0.0;0;1;1;1;1;0;0;0;0;0
1333808948;5.002368;0.0;0.0;0.0;0.0;0.0;0;1;1;1;1;0;0;0;0;0
1334308387;5.041644;0.0;0.0;0.0;0.0;0.0;0;1;1;1;1;0;0;0;0;0
1334808388;5.0184813;0.0;0.0;0.0;0.0;0.0;0;1;1;1;1;0;0;0;0;0
1335308400;5.045874;0.0;0.0;0.0;0.0;0.0;0;1;1;1;1;0;0;0;0;0
1335808387;5.055139;0.0;0.0;0.0;0.0;0.0;0;1;1;1;1;0;0;0;0;0
1336298388;5.0301633;0.0;0.0;0.0;0.0;0.0;0;1;1;1;1;0;0;0;0;0
1336798388;5.056146;0.0;0.0;0.0;0.0;0.0;0;1;1;1;1;0;0;0;0;0
1337308390;4.9993467;0.0;0.0;0.0;0.0;0.0;0;1;1;1;1;0;0;0;0;0
1337808387;5.0453706;0.0;0.0;0.0;0.0;0.0;0;1;1;1;1;0;0;0;0;0
1338308439;5.0063963;0.0;0.0;0.0;0.0;0.0;0;1;1;1;1;0;0;0;0;0
1338808388;5.04104;0.0;0.0;0.0;0.0;0.0;0;1;1;1;1;0;0;0;0;0
1339308387;5.028552;0.0;0.0;0.0;0.0;0.0;0;1;1;1;1;0;0;0;0;0
1339798388;5.0480895;0.0;0.0;0.0;0.0;0.0;0;1;1;1;1;0;0;0;0;0
1340298388;5.0129423;0.0;0.0;0.0;0.0;0.0;0;1;1;1;1;0;0;0;0;0
1340808390;4.9402313;0.0;0.0;0.0;0.0;0.0;0;1;1;1;1;0;0;0;0;0
1341308388;5.046579;0.0;0.0;0.0;0.0;0.0;0;1;1;1;1;0;0;0;0;0
1341808388;5.0058928;0.0;0.0;0.0;0.0;0.0;0;1;1;1;1;0;0;0;0;0
1342308390;5.048392;0.0;0.0;0.0;0.0;0.0;0;1;1;1;1;0;0;0;0;0
1342808388;5.0161653;0.0;0.0;0.0;0.0;0.0;0;1;1;1;1;0;0;0;0;0
1343298395;5.0322785;0.0;0.0;0.0;0.0;0.0;0;1;1;1;1;0;0;0;0;0
1343798388;4.9959226;0.0;0.0;0.0;0.0;0.0;0;1;1;1;1;0;0;0;0;0
1344308528;5.044867;0.0;0.0;0.0;0.0;0.0;0;1;1;1;1;0;0;0;0;0
1344808387;5.049298;0.0;0.0;0.0;0.0;0.0;0;1;1;1;1;0;0;0;0;0
1345308388;5.007605;0.0;0.0;0.0;0.0;0.0;0;1;1;1;1;0;0;0;0;0
1345808416;5.030768;0.0;0.0;0.0;0.0;0.0;0;1;1;1;1;0;0;0;0;0
1346298388;5.0022674;0.0;0.0;0.0;0.0;0.0;0;1;1;1;1;0;0;0;0;0
1346798387;5.030365;0.0;0.0;0.0;0.0;0.0;0;1;1;1;1;0;0;0;0;0
1347298387;5.0169706;0.0;0.0;0.0;0.0;0.0;0;1;1;1;1;0;0;0;0;0
1347808401;5.0245237;0.0;0.0;0.0;0.0;0.0;0;1;1;1;1;0;0;0;0;0
1348308401;5.067828;0.0;0.0;0.0;0.0;0.0;0;1;1;1;1;0;0;0;0;0
1348808387;5.0433564;0.0;0.0;0.0;0.0;0.0;0;1;1;1;1;0;0;0;0;0
1349308388;5.0488954;0.0;0.0;0.0;0.0;0.0;0;1;1;1;1;0;0;0;0;0
1349808387;5.005188;0.0;0.0;0.0;0.0;0.0;0;1;1;1;1;0;0;0;0;0
1350298399;5.0508084;0.0;0.0;0.0;0.0;0.0;0;1;1;1;1;0;0;0;0;0
1350798387;4.9874635;0.0;0.0;0.0;0.0;0.0;0;1;1;1;1;0;0;0;0;0
1351308390;5.042651;0.0;0.0;0.0;0.0;0.0;0;1;1;1;1;0;0;0;0;0
1351808401;5.010525;0.0;0.0;0.0;0.0;0.0;0;1;1;1;1;0;0;0;0;0
1352308393;5.0270414;0.0;0.0;0.0;0.0;0.0;0;1;1;1;1;0;0;0;0;0
1352808637;5.0566497;0.0;0.0;0.0;0.0;0.0;0;1;1;1;1;0;0;0;0;0
1353308387;4.9674225;0.0;0.0;0.0;0.0;0.0;0;1;1;1;1;0;0;0;0;0
1353798539;5.051715;0.0;0.0;0.0;0.0;0.0;0;1;1;1;1;0;0;0;0;0
1354298387;4.9880676;0.0;0.0;0.0;0.0;0.0;0;1;1;1;1;0;0;0;0;0
1354808390;5.0452695;0.0;0.0;0.0;0.0;0.0;0;1;1;1;1;0;0;0;0;0
1355308388;5.011029;0.0;0.0;0.0;0.0;0.0;0;1;1;1;1;0;0;0;0;0
1355808387;5.028149;0.0;0.0;0.0;0.0;0.0;0;1;1;1;1;0;0;0;0;0
1356308389;5.010123;0.0;0.0;0.0;0.0;0.0;0;1;1;1;1;0;0;0;0;0
1356808387;5.046982;0.0;0.0;0.0;0.0;0.0;0;1;1;1;1;0;0;0;0;0
1357298387;5.041443;0.0;0.0;0.0;0.0;0.0;0;1;1;1;1;0;0;0;0;0
1357798388;5.0462766;0.0;0.0;0.0;0.0;0.0;0;1;1;1;1;0;0;0;0;0
1358308390;5.0488954;0.0;0.0;0.0;0.0;0.0;0;1;1;1;1;0;0;0;0;0
1358808388;4.9635954;0.0;0.0;0.0;0.0;0.0;0;1;1;1;1;0;0;0;0;0
1359308436;5.045169;0.0;0.0;0.0;0.0;0.0;0;1;1;1;1;0;0;0;0;0
1359808388;4.999951;0.0;0.0;0.0;0.0;0.0;0;1;1;1;1;0;0;0;0;0
1360308387;5.0442624;0.0;0.0;0.0;0.0;0.0;0;1;1;1;1;0;0;0;0;0
1360798389;5.024121;0.0;0.0;0.0;0.0;0.0;0;1;1;1;1;0;0;0;0;0
1361298387;5.045471;0.0;0.0;0.0;0.0;0.0;0;1;1;1;1;0;0;0;0;0
1361808488;5.03822;0.0;0.0;0.0;0.0;0.0;0;1;1;1;1;0;0;0;0;0
1362308883;5.005792;0.0;0.0;0.0;0.0;0.0;0;1;1;1;1;0;0;0;0;0
1362808400;5.0417447;0.0;0.0;0.0;0.0;0.0;0;1;1;1;1;0;0;0;0;0
1363308387;5.015057;0.0;0.0;0.0;0.0;0.0;0;1;1;1;1;0;0;0;0;0
1363808458;5.040033;0.0;0.0;0.0;0.0;0.0;0;1;1;1;1;0;0;0;0;0
1364298412;4.9953184;0.0;0.0;0.0;0.0;0.0;0;1;1;1;1;0;0;0;0;0
1364798387;5.04819;0.0;0.0;0.0;0.0;0.0;0;1;1;1;1;0;0;0;0;0
1365308558;5.04386;0.0;0.0;0.0;0.0;0.0;0;1;1;1;1;0;0;0;0;0
1365808389;5.0460753;0.0;0.0;0.0;0.0;0.0;0;1;1;1;1;0;0;0;0;0
1366308430;5.0257325;0.0;0.0;0.0;0.0;0.0;0;1;1;1;1;0;0;0;0;0
1366808387;4.9909883;0.0;0.0;0.0;0.0;0.0;0;1;1;1;1;0;0;0;0;0
1367308409;5.0310698;0.0;0.0;0.0;0.0;0.0;0;1;1;1;1;0;0;0;0;0
1367798388;5.01687;0.0;0.0;0.0;0.0;0.0;0;1;1;1;1;0;0;0;0;0
1368298388;5.029156;0.0;0.0;0.0;0.0;0.0;0;1;1;1;1;0;0;0;0;0
1368808647;5.0136476;0.0;0.0;0.0;0.0;0.0;0;1;1;1;1;0;0;0;0;0
1369308389;5.0391264;0.0;0.0;0.0;0.0;0.0;0;1;1;1;1;0;0;0;0;0
1369808402;5.0581603;0.0;0.0;0.0;0.0;0.0;0;1;1;1;1;0;0;0;0;0
1370308395;4.9947143;0.0;0.0;0.0;0.0;0.0;0;1;1;1;1;0;0;0;0;0
1370808390;5.047586;0.0;0.0;0.0;0.0;0.0;0;1;1;1;1;0;0;0;0;0
1371298429;4.931671;0.0;0.0;0.0;0.0;0.0;0;1;1;1;1;0;0;0;0;0
1371798828;5.0287538;0.0;0.0;0.0;0.0;0.0;0;1;1;1;1;0;0;0;0;0
1372309016;4.989276;0.0;0.0;0.0;0.0;0.0;0;1;1;1;1;0;0;0;0;0
1372808389;5.046579;0.0;0.0;0.0;0.0;0.0;0;1;1;1;1;0;0;0;0;0
1373308417;5.0058928;0.0;0.0;0.0;0.0;0.0;0;1;1;1;1;0;0;0;0;0
1373808387;5.0460753;0.0;0.0;0.0;0.0;0.0;0;1;1;1;1;0;0;0;0;0
1374308388;5.0587645;0.0;0.0;0.0;0.0;0.0;0;1;1;1;1;0;0;0;0;0
1374798387;5.045471;0.0;0.0;0.0;0.0;0.0;0;1;1;1;1;0;0;0;0;0
1375298388;5.041846;0.0;0.0;0.0;0.0;0.0;0;1;1;1;1;0;0;0;0;0
1375808871;5.014453;0.0;0.0;0.0;0.0;0.0;0;1;1;1;1;0;0;0;0;0
1376308388;5.04245;0.0;0.0;0.0;0.0;0.0;0;1;1;1;1;0;0;0;0;0
1376808409;5.0147552;0.0;0.0;0.0;0.0;0.0;0;1;1;1;1;0;0;0;0;0
1377308387;5.0301633;0.0;0.0;0.0;0.0;0.0;0;1;1;1;1;0;0;0;0;0
1377808412;5.0901856;0.0;0.0;0.0;0.0;0.0;0;1;1;1;1;0;0;0;0;0
1378298388;5.0499024;0.0;0.0;0.0;0.0;0.0;0;1;1;1;1;0;0;0;0;0
1378798401;5.089984;0.0;0.0;0.0;0.0;0.0;0;1;1;1;1;0;0;0;0;0
1379309261;5.0184813;0.0;0.0;0.0;0.0;0.0;0;1;1;1;1;0;0;0;0;0
1379808387;5.031372;0.0;0.0;0.0;0.0;0.0;0;1;1;1;1;0;0;0;0;0
1380308786;4.979608;0.0;0.0;0.0;0.0;0.0;0;1;1;1;1;0;0;0;0;0
1380808387;5.0443635;0.0;0.0;0.0;0.0;0.0;0;1;1;1;1;0;0;0;0;0
1381308389;5.0094175;0.0;0.0;0.0;0.0;0.0;0;1;1;1;1;0;0;0;0;0
1381798387;5.0480895;0.0;0.0;0.0;0.0;0.0;0;1;1;1;1;0;0;0;0;0
1382298389;4.9943113;0.0;0.0;0.0;0.0;0.0;0;1;1;1;1;0;0;0;0;0
1382808962;5.0482907;0.0;0.0;0.0;0.0;0.0;0;1;1;1;1;0;0;0;0;0
1383308387;5.029358;0.0;0.0;0.0;0.0;0.0;0;1;1;1;1;0;0;0;0;0
1383808387;5.007504;0.0;0.0;0.0;0.0;0.0;0;1;1;1;1;0;0;0;0;0
1384308387;5.039227;0.0;0.0;0.0;0.0;0.0;0;1;1;1;1;0;0;0;0;0
1384808389;5.0180783;0.0;0.0;0.0;0.0;0.0;0;1;1;1;1;0;0;0;0;0
1385298388;5.0486937;0.0;0.0;0.0;0.0;0.0;0;1;1;1;1;0;0;0;0;0
1385798388;5.0100217;0.0;0.0;0.0;0.0;0.0;0;1;1;1;1;0;0;0;0;0
1386308408;5.0563474;0.0;0.0;0.0;0.0;0.0;0;1;1;1;1;0;0;0;0;0
1386808389;5.0474854;0.0;0.0;0.0;0.0;0.0;0;1;1;1;1;0;0;0;0;0
1387308389;4.9815216;0.0;0.0;0.0;0.0;0.0;0;1;1;1;1;0;0;0;0;0
1387808387;5.0308685;0.0;0.0;0.0;0.0;0.0;0;1;1;1;1;0;0;0;0;0
1388308388;4.9961243;0.0;0.0;0.0;0.0;0.0;0;1;1;1;1;0;0;0;0;0
1388798388;5.0439606;0.0;0.0;0.0;0.0;0.0;0;1;1;1;1;0;0;0;0;0
1389298511;5.036508;0.0;0.0;0.0;0.0;0.0;0;1;1;1;1;0;0;0;0;0
1389809323;5.0215025;0.0;0.0;0.0;0.0;0.0;0;1;1;1;1;0;0;0;0;0
1390308418;4.986758;0.0;0.0;0.0;0.0;0.0;0;1;1;1;1;0;0;0;0;0
1390808390;5.043054;0.0;0.0;0.0;0.0;0.0;0;1;1;1;1;0;0;0;0;0
1391308397;5.048996;0.0;0.0;0.0;0.0;0.0;0;1;1;1;1;0;0;0;0;0
1391798388;5.0505066;0.0;0.0;0.0;0.0;0.0;0;1;1;1;1;0;0;0;0;0
1392298387;5.04678;0.0;0.0;0.0;0.0;0.0;0;1;1;1;1;0;0;0;0;0
1392798388;4.978198;0.0;0.0;0.0;0.0;0.0;0;1;1;1;1;0;0;0;0;0
1393308390;5.0456724;0.0;0.0;0.0;0.0;0.0;0;1;1;1;1;0;0;0;0;0
1393808388;4.9953184;0.0;0.0;0.0;0.0;0.0;0;1;1;1;1;0;0;0;0;0
1394308389;5.046881;0.0;0.0;0.0;0.0;0.0;0;1;1;1;1;0;0;0;0;0
1394808387;5.0660157;0.0;0.0;0.0;0.0;0.0;0;1;1;1;1;0;0;0;0;0
1395308387;5.0421476;0.0;0.0;0.0;0.0;0.0;0;1;1;1;1;0;0;0;0;0
1395798402;5.0573545;0.0;0.0;0.0;0.0;0.0;0;1;1;1;1;0;0;0;0;0
1396298388;5.044162;0.0;0.0;0.0;0.0;0.0;0;1;1;1;1;0;0;0;0;0
1396808392;5.0459747;0.0;0.0;0.0;0.0;0.0;0;1;1;1;1;0;0;0;0;0
1397308387;5.011734;0.0;0.0;0.0;0.0;0.0;0;1;1;1;1;0;0;0;0;0
1397808390;5.0453706;0.0;0.0;0.0;0.0;0.0;0;1;1;1;1;0;0;0;0;0
1398308750;4.9971313;0.0;0.0;0.0;0.0;0.0;0;1;1;1;1;0;0;0;0;0
1398808387;5.0498013;0.0;0.0;0.0;0.0;0.0;0;1;1;1;1;0;0;0;0;0
1399298687;5.014453;0.0;0.0;0.0;0.0;0.0;0;1;1;1;1;0;0;0;0;0
1399798389;5.048392;0.0;0.0;0.0;0.0;0.0;0;1;1;1;1;0;0;0;0;0
1400308391;5.064404;0.0;0.0;0.0;0.0;0.0;0;1;1;1;1;0;0;0;0;0
1400808387;4.9904847;0.0;0.0;0.0;0.0;0.0;0;1;1;1;1;0;0;0;0;0
1401308388;5.0439606;0.0;0.0;0.0;0.0;0.0;0;1;1;1;1;0;0;0;0;0
1401808387;4.9897795;0.0;0.0;0.0;0.0;0.0;0;1;1;1;1;0;0;0;0;0
1402298389;5.0472836;0.0;0.0;0.0;0.0;0.0;0;1;1;1;1;0;0;0;0;0
1402798402;4.980212;0.0;0.0;0.0;0.0;0.0;0;1;1;1;1;0;0;0;0;0
1403298388;5.0442624;0.0;0.0;0.0;0.0;0.0;0;1;1;1;1;0;0;0;0;0
1403808396;5.0453706;0.0;0.0;0.0;0.0;0.0;0;1;1;1;1;0;0;0;0;0
1404308387;5.0036774;0.0;0.0;0.0;0.0;0.0;0;1;1;1;1;0;0;0;0;0
1404808415;5.027243;0.0;0.0;0.0;0.0;0.0;0;1;1;1;1;0;0;0;0;0
1405308387;5.015259;0.0;0.0;0.0;0.0;0.0;0;1;1;1;1;0;0;0;0;0
1405808389;5.0459747;0.0;0.0;0.0;0.0;0.0;0;1;1;1;1;0;0;0;0;0
1406298388;5.0056915;0.0;0.0;0.0;0.0;0.0;0;1;1;1;1;0;0;0;0;0
1406798387;5.046982;0.0;0.0;0.0;0.0;0.0;0;1;1;1;1;0;0;0;0;0
1407308397;5.0235167;0.0;0.0;0.0;0.0;0.0;0;1;1;1;1;0;0;0;0;0
1407808832;5.028149;0.0;0.0;0.0;0.0;0.0;0;1;1;1;1;0;0;0;0;0
1408308389;5.057959;0.0;0.0;0.0;0.0;0.0;0;1;1;1;1;0;0;0;0;0
1408808430;4.970343;0.0;0.0;0.0;0.0;0.0;0;1;1;1;1;0;0;0;0;0
1409308401;5.0460753;0.0;0.0;0.0;0.0;0.0;0;1;1;1;1;0;0;0;0;0
1409798387;5.0159636;0.0;0.0;0.0;0.0;0.0;0;1;1;1;1;0;0;0;0;0
1410298387;5.041241;0.0;0.0;0.0;0.0;0.0;0;1;1;1;1;0;0;0;0;0
1410808391;5.017474;0.0;0.0;0.0;0.0;0.0;0;1;1;1;1;0;0;0;0;0
1411308424;5.0474854;0.0;0.0;0.0;0.0;0.0;0;1;1;1;1;0;0;0;0;0
1411808389;5.0694394;0.0;0.0;0.0;0.0;0.0;0;1;1;1;1;0;0;0;0;0
1412308441;5.03963;0.0;0.0;0.0;0.0;0.0;0;1;1;1;1;0;0;0;0;0
1412808388;5.0482907;0.0;0.0;0.0;0.0;0.0;0;1;1;1;1;0;0;0;0;0
1413298401;5.0486937;0.0;0.0;0.0;0.0;0.0;0;1;1;1;1;0;0;0;0;0
1413798388;5.0358033;0.0;0.0;0.0;0.0;0.0;0;1;1;1;1;0;0;0;0;0
1414308393;4.9909883;0.0;0.0;0.0;0.0;0.0;0;1;1;1;1;0;0;0;0;0
1414808390;5.0484924;0.0;0.0;0.0;0.0;0.0;0;1;1;1;1;0;0;0;0;0
1415308387;5.0092163;0.0;0.0;0.0;0.0;0.0;0;1;1;1;1;0;0;0;0;0
1415808428;5.0529237;0.0;0.0;0.0;0.0;0.0;0;1;1;1;1;0;0;0;0;0
1416308560;5.0381193;0.0;0.0;0.0;0.0;0.0;0;1;1;1;1;0;0;0;0;0
1416798387;5.0452695;0.0;0.0;0.0;0.0;0.0;0;1;1;1;1;0;0;0;0;0
1417298388;5.052722;0.0;0.0;0.0;0.0;0.0;0;1;1;1;1;0;0;0;0;0
1417808419;5.007907;0.0;0.0;0.0;0.0;0.0;0;1;1;1;1;0;0;0;0;0
1418308473;5.0349975;0.0;0.0;0.0;0.0;0.0;0;1;1;1;1;0;0;0;0;0
1418808389;5.0219054;0.0;0.0;0.0;0.0;0.0;0;1;1;1;1;0;0;0;0;0
1419308388;5.0459747;0.0;0.0;0.0;0.0;0.0;0;1;1;1;1;0;0;0;0;0
1419808387;4.988672;0.0;0.0;0.0;0.0;0.0;0;1;1;1;1;0;0;0;0;0
1420298388;5.057657;0.0;0.0;0.0;0.0;0.0;0;1;1;1;1;0;0;0;0;0
1420798388;5.01687;0.0;0.0;0.0;0.0;0.0;0;1;1;1;1;0;0;0;0;0
1421308391;4.9862547;0.0;0.0;0.0;0.0;0.0;0;1;1;1;1;0;0;0;0;0
1421808505;5.046579;0.0;0.0;0.0;0.0;0.0;0;1;1;1;1;0;0;0;0;0
1422308414;5.0001526;0.0;0.0;0.0;0.0;0.0;0;1;1;1;1;0;0;0;0;0
1422808388;5.033487;0.0;0.0;0.0;0.0;0.0;0;1;1;1;1;0;0;0;0;0
1423308388;4.9949155;0.0;0.0;0.0;0.0;0.0;0;1;1;1;1;0;0;0;0;0
1423798387;5.046579;0.0;0.0;0.0;0.0;0.0;0;1;1;1;1;0;0;0;0;0
1424298387;4.9909883;0.0;0.0;0.0;0.0;0.0;0;1;1;1;1;0;0;0;0;0
1424808774;5.043457;0.0;0.0;0.0;0.0;0.0;0;1;1;1;1;0;0;0;0;0
1425308541;5.037314;0.0;0.0;0.0;0.0;0.0;0;1;1;1;1;0;0;0;0;0
1425808583;5.0184813;0.0;0.0;0.0;0.0;0.0;0;1;1;1;1;0;0;0;0;0
1426308387;5.0332856;0.0;0.0;0.0;0.0;0.0;0;1;1;1;1;0;0;0;0;0
1426808400;4.9611783;0.0;0.0;0.0;0.0;0.0;0;1;1;1;1;0;0;0;0;0
1427298404;5.0473847;0.0;0.0;0.0;0.0;0.0;0;1;1;1;1;0;0;0;0;0
1427798386;5.013446;0.0;0.0;0.0;0.0;0.0;0;1;1;1;1;0;0;0;0;0
1428308390;5.0470824;0.0;0.0;0.0;0.0;0.0;0;1;1;1;1;0;0;0;0;0
1428808597;5.0548368;0.0;0.0;0.0;0.0;0.0;0;1;1;1;1;0;0;0;0;0
1429308389;5.024222;0.0;0.0;0.0;0.0;0.0;0;1;1;1;1;0;0;0;0;0
1429808387;5.039026;0.0;0.0;0.0;0.0;0.0;0;1;1;1;1;0;0;0;0;0
1430308387;5.007605;0.0;0.0;0.0;0.0;0.0;0;1;1;1;1;0;0;0;0;0
1430798387;5.0473847;0.0;0.0;0.0;0.0;0.0;0;1;1;1;1;0;0;0;0;0
1431298389;4.9894776;0.0;0.0;0.0;0.0;0.0;0;1;1;1;1;0;0;0;0;0
1431808391;5.0300627;0.0;0.0;0.0;0.0;0.0;0;1;1;1;1;0;0;0;0;0
1432308519;4.9729614;0.0;0.0;0.0;0.0;0.0;0;1;1;1;1;0;0;0;0;0
1432808388;5.049298;0.0;0.0;0.0;0.0;0.0;0;1;1;1;1;0;0;0;0;0
1433308390;5.0681305;0.0;0.0;0.0;0.0;0.0;0;1;1;1;1;0;0;0;0;0
1433798448;5.045773;0.0;0.0;0.0;0.0;0.0;0;1;1;1;1;0;0;0;0;0
1434298488;5.045169;0.0;0.0;0.0;0.0;0.0;0;1;1;1;1;0;0;0;0;0
1434798388;5.048593;0.0;0.0;0.0;0.0;0.0;0;1;1;1;1;0;0;0;0;0
1435308390;5.048593;0.0;0.0;0.0;0.0;0.0;0;1;1;1;1;0;0;0;0;0
1435808598;5.010324;0.0;0.0;0.0;0.0;0.0;0;1;1;1;1;0;0;0;0;0
1436308388;5.0449677;0.0;0.0;0.0;0.0;0.0;0;1;1;1;1;0;0;0;0;0
1436808388;5.01687;0.0;0.0;0.0;0.0;0.0;0;1;1;1;1;0;0;0;0;0
1437298387;5.047787;0.0;0.0;0.0;0.0;0.0;0;1;1;1;1;0;0;0;0;0
1437798407;5.0014615;0.0;0.0;0.0;0.0;0.0;0;1;1;1;1;0;0;0;0;0
1438298388;5.0502043;0.0;0.0;0.0;0.0;0.0;0;1;1;1;1;0;0;0;0;0
1438808391;5.0463777;0.0;0.0;0.0;0.0;0.0;0;1;1;1;1;0;0;0;0;0
1439308552;5.0135465;0.0;0.0;0.0;0.0;0.0;0;1;1;1;1;0;0;0;0;0
1439808388;5.046579;0.0;0.0;0.0;0.0;0.0;0;1;1;1;1;0;0;0;0;0
1440308388;4.9897795;0.0;0.0;0.0;0.0;0.0;0;1;1;1;1;0;0;0;0;0
1440798388;5.047787;0.0;0.0;0.0;0.0;0.0;0;1;1;1;1;0;0;0;0;0
1441298406;5.0200925;0.0;0.0;0.0;0.0;0.0;0;1;1;1;1;0;0;0;0;0
1441798390;5.0276456;0.0;0.0;0.0;0.0;0.0;0;1;1;1;1;0;0;0;0;0
1442308485;5.04819;0.0;0.0;0.0;0.0;0.0;0;1;1;1;1;0;0;0;0;0
1442808687;4.9863553;0.0;0.0;0.0;0.0;0.0;0;1;1;1;1;0;0;0;0;0
1443808389;5.00549;0.0;0.0;0.0;0.0;0.0;0;1;1;1;1;0;0;0;0;0
1444298388;5.048593;0.0;0.0;0.0;0.0;0.0;0;1;1;1;1;0;0;0;0;0
1444798441;4.976587;0.0;0.0;0.0;0.0;0.0;0;1;1;1;1;0;0;0;0;0
1445298387;5.043457;0.0;0.0;0.0;0.0;0.0;0;1;1;1;1;0;0;0;0;0
1445808391;5.0661163;0.0;0.0;0.0;0.0;0.0;0;1;1;1;1;0;0;0;0;0
1446308406;4.96853;0.0;0.0;0.0;0.0;0.0;0;1;1;1;1;0;0;0;0;0
1446808388;5.0542326;0.0;0.0;0.0;0.0;0.0;0;1;1;1;1;0;0;0;0;0
