timestamp;mode_req_angular_velocity;mode_req_attitude;mode_req_local_alt;mode_req_local_position;mode_req_local_position_relaxed;mode_req_global_position;mode_req_global_position_relaxed;mode_req_mission;mode_req_offboard_signal;mode_req_home_position;mode_req_wind_and_flight_time_compliance;mode_req_prevent_arming;mode_req_manual_control;mode_req_other;angular_velocity_invalid;attitude_invalid;local_altitude_invalid;local_position_invalid;local_position_invalid_relaxed;local_velocity_invalid;global_position_invalid;global_position_invalid_relaxed;auto_mission_missing;offboard_control_signal_lost;home_position_invalid;manual_control_signal_lost;gcs_connection_lost;battery_warning;battery_low_remaining_time;battery_unhealthy;geofence_breached;mission_failure;vtol_fixed_wing_system_failure;wind_limit_exceeded;flight_time_limit_exceeded;position_accuracy_low;navigator_failure;fd_critical_failure;fd_esc_arming_failure;fd_imbalanced_prop;fd_motor_failure
1250336017;8312190;8311166;8257918;7995448;262212;56;0;8;16384;32;2621464;3944480;34119;2139095040;0;0;0;1;1;1;1;1;1;1;1;0;0;0;0;0;0;0;0;0;0;0;0;0;0;0;0
1250884067;8312190;8311166;8257918;7995448;262212;56;0;8;16384;32;2621464;3944480;34119;2139095040;0;0;0;1;1;1;1;1;1;1;1;0;0;0;0;0;0;0;0;0;0;0;0;0;0;0;0
1251424374;8312190;8311166;8257918;7995448;262212;56;0;8;16384;32;2621464;3944480;34119;2139095040;0;0;0;1;1;1;1;1;1;1;1;0;0;0;0;0;0;0;0;0;0;0;0;0;0;0;0
1251973935;8312190;8311166;8257918;7995448;262212;56;0;8;16384;32;2621464;3944480;34119;2139095040;0;0;0;1;1;1;1;1;1;1;1;0;0;0;0;0;0;0;0;0;0;0;0;0;0;0;0
1252523896;8312190;8311166;8257918;7995448;262212;56;0;8;16384;32;2621464;3944480;34119;2139095040;0;0;0;1;1;1;1;1;1;1;1;0;0;0;0;0;0;0;0;0;0;0;0;0;0;0;0
1253073956;8312190;8311166;8257918;7995448;262212;56;0;8;16384;32;2621464;3944480;34119;2139095040;0;0;0;1;1;1;1;1;1;1;1;0;0;0;0;0;0;0;0;0;0;0;0;0;0;0;0
1253623939;8312190;8311166;8257918;7995448;262212;56;0;8;16384;32;2621464;3944480;34119;2139095040;0;0;0;1;1;1;1;1;1;1;1;0;0;0;0;0;0;0;0;0;0;0;0;0;0;0;0
1254173954;8312190;8311166;8257918;7995448;262212;56;0;8;16384;32;2621464;3944480;34119;2139095040;0;0;0;1;1;1;1;1;1;1;1;0;0;0;0;0;0;0;0;0;0;0;0;0;0;0;0
1254723960;8312190;8311166;8257918;7995448;262212;56;0;8;16384;32;2621464;3944480;34119;2139095040;0;0;0;1;1;1;1;1;1;1;1;0;0;0;0;0;0;0;0;0;0;0;0;0;0;0;0
1255274036;8312190;8311166;8257918;7995448;262212;56;0;8;16384;32;2621464;3944480;34119;2139095040;0;0;0;1;1;1;1;1;1;1;1;0;0;0;0;0;0;0;0;0;0;0;0;0;0;0;0
1255823910;8312190;8311166;8257918;7995448;262212;56;0;8;16384;32;2621464;3944480;34119;2139095040;0;0;0;1;1;1;1;1;1;1;1;0;0;0;0;0;0;0;0;0;0;0;0;0;0;0;0
1256373905;8312190;8311166;8257918;7995448;262212;56;0;8;16384;32;2621464;3944480;34119;2139095040;0;0;0;1;1;1;1;1;1;1;1;0;0;0;0;0;0;0;0;0;0;0;0;0;0;0;0
1256924230;8312190;8311166;8257918;7995448;262212;56;0;8;16384;32;2621464;3944480;34119;2139095040;0;0;0;1;1;1;1;1;1;1;1;0;0;0;0;0;0;0;0;0;0;0;0;0;0;0;0
1257464196;8312190;8311166;8257918;7995448;262212;56;0;8;16384;32;2621464;3944480;34119;2139095040;0;0;0;1;1;1;1;1;1;1;1;0;0;0;0;0;0;0;0;0;0;0;0;0;0;0;0
1258013894;8312190;8311166;8257918;7995448;262212;56;0;8;16384;32;2621464;3944480;34119;2139095040;0;0;0;1;1;1;1;1;1;1;1;0;0;0;0;0;0;0;0;0;0;0;0;0;0;0;0
1258563907;8312190;8311166;8257918;7995448;262212;56;0;8;16384;32;2621464;3944480;34119;2139095040;0;0;0;1;1;1;1;1;1;1;1;0;0;0;0;0;0;0;0;0;0;0;0;0;0;0;0
1259113921;8312190;8311166;8257918;7995448;262212;56;0;8;16384;32;2621464;3944480;34119;2139095040;0;0;0;1;1;1;1;1;1;1;1;0;0;0;0;0;0;0;0;0;0;0;0;0;0;0;0
1259664534;8312190;8311166;8257918;7995448;262212;56;0;8;16384;32;2621464;3944480;34119;2139095040;0;0;0;1;1;1;1;1;1;1;1;0;0;0;0;0;0;0;0;0;0;0;0;0;0;0;0
1260213979;8312190;8311166;8257918;7995448;262212;56;0;8;16384;32;2621464;3944480;34119;2139095040;0;0;0;1;1;1;1;1;1;1;1;0;0;0;0;0;0;0;0;0;0;0;0;0;0;0;0
1260763938;8312190;8311166;8257918;7995448;262212;56;0;8;16384;32;2621464;3944480;34119;2139095040;0;0;0;1;1;1;1;1;1;1;1;0;0;0;0;0;0;0;0;0;0;0;0;0;0;0;0
1261313934;8312190;8311166;8257918;7995448;262212;56;0;8;16384;32;2621464;3944480;34119;2139095040;0;0;0;1;1;1;1;1;1;1;1;0;0;0;0;0;0;0;0;0;0;0;0;0;0;0;0
1261864118;8312190;8311166;8257918;7995448;262212;56;0;8;16384;32;2621464;3944480;34119;2139095040;0;0;0;1;1;1;1;1;1;1;1;0;0;0;0;0;0;0;0;0;0;0;0;0;0;0;0
1262413922;8312190;8311166;8257918;7995448;262212;56;0;8;16384;32;2621464;3944480;34119;2139095040;0;0;0;1;1;1;1;1;1;1;1;0;0;0;0;0;0;0;0;0;0;0;0;0;0;0;0
1262963911;8312190;8311166;8257918;7995448;262212;56;0;8;16384;32;2621464;3944480;34119;2139095040;0;0;0;1;1;1;1;1;1;1;1;0;0;0;0;0;0;0;0;0;0;0;0;0;0;0;0
1263513912;8312190;8311166;8257918;7995448;262212;56;0;8;16384;32;2621464;3944480;34119;2139095040;0;0;0;1;1;1;1;1;1;1;1;0;0;0;0;0;0;0;0;0;0;0;0;0;0;0;0
1264064568;8312190;8311166;8257918;7995448;262212;56;0;8;16384;32;2621464;3944480;34119;2139095040;0;0;0;1;1;1;1;1;1;1;1;0;0;0;0;0;0;0;0;0;0;0;0;0;0;0;0
1264613945;8312190;8311166;8257918;7995448;262212;56;0;8;16384;32;2621464;3944480;34119;2139095040;0;0;0;1;1;1;1;1;1;1;1;0;0;0;0;0;0;0;0;0;0;0;0;0;0;0;0
1265163910;8312190;8311166;8257918;7995448;262212;56;0;8;16384;32;2621464;3944480;34119;2139095040;0;0;0;1;1;1;1;1;1;1;1;0;0;0;0;0;0;0;0;0;0;0;0;0;0;0;0
1265714330;8312190;8311166;8257918;7995448;262212;56;0;8;16384;32;2621464;3944480;34119;2139095040;0;0;0;1;1;1;1;1;1;1;1;0;0;0;0;0;0;0;0;0;0;0;0;0;0;0;0
1266263891;8312190;8311166;8257918;7995448;262212;56;0;8;16384;32;2621464;3944480;34119;2139095040;0;0;0;1;1;1;1;1;1;1;1;0;0;0;0;0;0;0;0;0;0;0;0;0;0;0;0
1266813930;8312190;8311166;8257918;7995448;262212;56;0;8;16384;32;2621464;3944480;34119;2139095040;0;0;0;1;1;1;1;1;1;1;1;0;0;0;0;0;0;0;0;0;0;0;0;0;0;0;0
1267363918;8312190;8311166;8257918;7995448;262212;56;0;8;16384;32;2621464;3944480;34119;2139095040;0;0;0;1;1;1;1;1;1;1;1;0;0;0;0;0;0;0;0;0;0;0;0;0;0;0;0
1267913975;8312190;8311166;8257918;7995448;262212;56;0;8;16384;32;2621464;3944480;34119;2139095040;0;0;0;1;1;1;1;1;1;1;1;0;0;0;0;0;0;0;0;0;0;0;0;0;0;0;0
1268463953;8312190;8311166;8257918;7995448;262212;56;0;8;16384;32;2621464;3944480;34119;2139095040;0;0;0;1;1;1;1;1;1;1;1;0;0;0;0;0;0;0;0;0;0;0;0;0;0;0;0
1269013937;8312190;8311166;8257918;7995448;262212;56;0;8;16384;32;2621464;3944480;34119;2139095040;0;0;0;1;1;1;1;1;1;1;1;0;0;0;0;0;0;0;0;0;0;0;0;0;0;0;0
1269564102;8312190;8311166;8257918;7995448;262212;56;0;8;16384;32;2621464;3944480;34119;2139095040;0;0;0;1;1;1;1;1;1;1;1;0;0;0;0;0;0;0;0;0;0;0;0;0;0;0;0
1270103891;8312190;8311166;8257918;7995448;262212;56;0;8;16384;32;2621464;3944480;34119;2139095040;0;0;0;1;1;1;1;1;1;1;1;0;0;0;0;0;0;0;0;0;0;0;0;0;0;0;0
1270653929;8312190;8311166;8257918;7995448;262212;56;0;8;16384;32;2621464;3944480;34119;2139095040;0;0;0;1;1;1;1;1;1;1;1;0;0;0;0;0;0;0;0;0;0;0;0;0;0;0;0
1271204229;8312190;8311166;8257918;7995448;262212;56;0;8;16384;32;2621464;3944480;34119;2139095040;0;0;0;1;1;1;1;1;1;1;1;0;0;0;0;0;0;0;0;0;0;0;0;0;0;0;0
1271744218;8312190;8311166;8257918;7995448;262212;56;0;8;16384;32;2621464;3944480;34119;2139095040;0;0;0;1;1;1;1;1;1;1;1;0;0;0;0;0;0;0;0;0;0;0;0;0;0;0;0
1272293900;8312190;8311166;8257918;7995448;262212;56;0;8;16384;32;2621464;3944480;34119;2139095040;0;0;0;1;1;1;1;1;1;1;1;0;0;0;0;0;0;0;0;0;0;0;0;0;0;0;0
1272843980;8312190;8311166;8257918;7995448;262212;56;0;8;16384;32;2621464;3944480;34119;2139095040;0;0;0;1;1;1;1;1;1;1;1;0;0;0;0;0;0;0;0;0;0;0;0;0;0;0;0
1273394015;8312190;8311166;8257918;7995448;262212;56;0;8;16384;32;2621464;3944480;34119;2139095040;0;0;0;1;1;1;1;1;1;1;1;0;0;0;0;0;0;0;0;0;0;0;0;0;0;0;0
1273944597;8312190;8311166;8257918;7995448;262212;56;0;8;16384;32;2621464;3944480;34119;2139095040;0;0;0;1;1;1;1;1;1;1;1;0;0;0;0;0;0;0;0;0;0;0;0;0;0;0;0
1274494031;8312190;8311166;8257918;7995448;262212;56;0;8;16384;32;2621464;3944480;34119;2139095040;0;0;0;1;1;1;1;1;1;1;1;0;0;0;0;0;0;0;0;0;0;0;0;0;0;0;0
1275043918;8312190;8311166;8257918;7995448;262212;56;0;8;16384;32;2621464;3944480;34119;2139095040;0;0;0;1;1;1;1;1;1;1;1;0;0;0;0;0;0;0;0;0;0;0;0;0;0;0;0
1275593962;8312190;8311166;8257918;7995448;262212;56;0;8;16384;32;2621464;3944480;34119;2139095040;0;0;0;1;1;1;1;1;1;1;1;0;0;0;0;0;0;0;0;0;0;0;0;0;0;0;0
1276144178;8312190;8311166;8257918;7995448;262212;56;0;8;16384;32;2621464;3944480;34119;2139095040;0;0;0;1;1;1;1;1;1;1;1;0;0;0;0;0;0;0;0;0;0;0;0;0;0;0;0
1276694034;8312190;8311166;8257918;7995448;262212;56;0;8;16384;32;2621464;3944480;34119;2139095040;0;0;0;1;1;1;1;1;1;1;1;0;0;0;0;0;0;0;0;0;0;0;0;0;0;0;0
1277243909;8312190;8311166;8257918;7995448;262212;56;0;8;16384;32;2621464;3944480;34119;2139095040;0;0;0;1;1;1;1;1;1;1;1;0;0;0;0;0;0;0;0;0;0;0;0;0;0;0;0
1277793965;8312190;8311166;8257918;7995448;262212;56;0;8;16384;32;2621464;3944480;34119;2139095040;0;0;0;1;1;1;1;1;1;1;1;0;0;0;0;0;0;0;0;0;0;0;0;0;0;0;0
1278344717;8312190;8311166;8257918;7995448;262212;56;0;8;16384;32;2621464;3944480;34119;2139095040;0;0;0;1;1;1;1;1;1;1;1;0;0;0;0;0;0;0;0;0;0;0;0;0;0;0;0
1278884619;8312190;8311166;8257918;7995448;262212;56;0;8;16384;32;2621464;3944480;34119;2139095040;0;0;0;1;1;1;1;1;1;1;1;0;0;0;0;0;0;0;0;0;0;0;0;0;0;0;0
1279433894;8312190;8311166;8257918;7995448;262212;56;0;8;16384;32;2621464;3944480;34119;2139095040;0;0;0;1;1;1;1;1;1;1;1;0;0;0;0;0;0;0;0;0;0;0;0;0;0;0;0
1279983925;8312190;8311166;8257918;7995448;262212;56;0;8;16384;32;2621464;3944480;34119;2139095040;0;0;0;1;1;1;1;1;1;1;1;0;0;0;0;0;0;0;0;0;0;0;0;0;0;0;0
1280533932;8312190;8311166;8257918;7995448;262212;56;0;8;16384;32;2621464;3944480;34119;2139095040;0;0;0;1;1;1;1;1;1;1;1;0;0;0;0;0;0;0;0;0;0;0;0;0;0;0;0
1281084124;8312190;8311166;8257918;7995448;262212;56;0;8;16384;32;2621464;3944480;34119;2139095040;0;0;0;1;1;1;1;1;1;1;1;0;0;0;0;0;0;0;0;0;0;0;0;0;0;0;0
1281633959;8312190;8311166;8257918;7995448;262212;56;0;8;16384;32;2621464;3944480;34119;2139095040;0;0;0;1;1;1;1;1;1;1;1;0;0;0;0;0;0;0;0;0;0;0;0;0;0;0;0
1282183921;8312190;8311166;8257918;7995448;262212;56;0;8;16384;32;2621464;3944480;34119;2139095040;0;0;0;1;1;1;1;1;1;1;1;0;0;0;0;0;0;0;0;0;0;0;0;0;0;0;0
1282733890;8312190;8311166;8257918;7995448;262212;56;0;8;16384;32;2621464;3944480;34119;2139095040;0;0;0;1;1;1;1;1;1;1;1;0;0;0;0;0;0;0;0;0;0;0;0;0;0;0;0
1283284469;8312190;8311166;8257918;7995448;262212;56;0;8;16384;32;2621464;3944480;34119;2139095040;0;0;0;1;1;1;1;1;1;1;1;0;0;0;0;0;0;0;0;0;0;0;0;0;0;0;0
1283834363;8312190;8311166;8257918;7995448;262212;56;0;8;16384;32;2621464;3944480;34119;2139095040;0;0;0;1;1;1;1;1;1;1;1;0;0;0;0;0;0;0;0;0;0;0;0;0;0;0;0
1284383911;8312190;8311166;8257918;7995448;262212;56;0;8;16384;32;2621464;3944480;34119;2139095040;0;0;0;1;1;1;1;1;1;1;1;0;0;0;0;0;0;0;0;0;0;0;0;0;0;0;0
1284933911;8312190;8311166;8257918;7995448;262212;56;0;8;16384;32;2621464;3944480;34119;2139095040;0;0;0;1;1;1;1;1;1;1;1;0;0;0;0;0;0;0;0;0;0;0;0;0;0;0;0
1285484266;8312190;8311166;8257918;7995448;262212;56;0;8;16384;32;2621464;3944480;34119;2139095040;0;0;0;1;1;1;1;1;1;1;1;0;0;0;0;0;0;0;0;0;0;0;0;0;0;0;0
1286033891;8312190;8311166;8257918;7995448;262212;56;0;8;16384;32;2621464;3944480;34119;2139095040;0;0;0;1;1;1;1;1;1;1;1;0;0;0;0;0;0;0;0;0;0;0;0;0;0;0;0
1286583893;8312190;8311166;8257918;7995448;262212;56;0;8;16384;32;2621464;3944480;34119;2139095040;0;0;0;1;1;1;1;1;1;1;1;0;0;0;0;0;0;0;0;0;0;0;0;0;0;0;0
1287123896;8312190;8311166;8257918;7995448;262212;56;0;8;16384;32;2621464;3944480;34119;2139095040;0;0;0;1;1;1;1;1;1;1;1;0;0;0;0;0;0;0;0;0;0;0;0;0;0;0;0
1287674287;8312190;8311166;8257918;7995448;262212;56;0;8;16384;32;2621464;3944480;34119;2139095040;0;0;0;1;1;1;1;1;1;1;1;0;0;0;0;0;0;0;0;0;0;0;0;0;0;0;0
1288224526;8312190;8311166;8257918;7995448;262212;56;0;8;16384;32;2621464;3944480;34119;2139095040;0;0;0;1;1;1;1;1;1;1;1;0;0;0;0;0;0;0;0;0;0;0;0;0;0;0;0
1288773958;8312190;8311166;8257918;7995448;262212;56;0;8;16384;32;2621464;3944480;34119;2139095040;0;0;0;1;1;1;1;1;1;1;1;0;0;0;0;0;0;0;0;0;0;0;0;0;0;0;0
1289323926;8312190;8311166;8257918;7995448;262212;56;0;8;16384;32;2621464;3944480;34119;2139095040;0;0;0;1;1;1;1;1;1;1;1;0;0;0;0;0;0;0;0;0;0;0;0;0;0;0;0
1289873951;8312190;8311166;8257918;7995448;262212;56;0;8;16384;32;2621464;3944480;34119;2139095040;0;0;0;1;1;1;1;1;1;1;1;0;0;0;0;0;0;0;0;0;0;0;0;0;0;0;0
1290424054;8312190;8311166;8257918;7995448;262212;56;0;8;16384;32;2621464;3944480;34119;2139095040;0;0;0;1;1;1;1;1;1;1;1;0;0;0;0;0;0;0;0;0;0;0;0;0;0;0;0
1290974152;8312190;8311166;8257918;7995448;262212;56;0;8;16384;32;2621464;3944480;34119;2139095040;0;0;0;1;1;1;1;1;1;1;1;0;0;0;0;0;0;0;0;0;0;0;0;0;0;0;0
1291523896;8312190;8311166;8257918;7995448;262212;56;0;8;16384;32;2621464;3944480;34119;2139095040;0;0;0;1;1;1;1;1;1;1;1;0;0;0;0;0;0;0;0;0;0;0;0;0;0;0;0
1292073963;8312190;8311166;8257918;7995448;262212;56;0;8;16384;32;2621464;3944480;34119;2139095040;0;0;0;1;1;1;1;1;1;1;1;0;0;0;0;0;0;0;0;0;0;0;0;0;0;0;0
1292624512;8312190;8311166;8257918;7995448;262212;56;0;8;16384;32;2621464;3944480;34119;2139095040;0;0;0;1;1;1;1;1;1;1;1;0;0;0;0;0;0;0;0;0;0;0;0;0;0;0;0
1293173914;8312190;8311166;8257918;7995448;262212;56;0;8;16384;32;2621464;3944480;34119;2139095040;0;0;0;1;1;1;1;1;1;1;1;0;0;0;0;0;0;0;0;0;0;0;0;0;0;0;0
1293723912;8312190;8311166;8257918;7995448;262212;56;0;8;16384;32;2621464;3944480;34119;2139095040;0;0;0;1;1;1;1;1;1;1;1;0;0;0;0;0;0;0;0;0;0;0;0;0;0;0;0
1294273967;8312190;8311166;8257918;7995448;262212;56;0;8;16384;32;2621464;3944480;34119;2139095040;0;0;0;1;1;1;1;1;1;1;1;0;0;0;0;0;0;0;0;0;0;0;0;0;0;0;0
1294824024;8312190;8311166;8257918;7995448;262212;56;0;8;16384;32;2621464;3944480;34119;2139095040;0;0;0;1;1;1;1;1;1;1;1;0;0;0;0;0;0;0;0;0;0;0;0;0;0;0;0
1295373988;8312190;8311166;8257918;7995448;262212;56;0;8;16384;32;2621464;3944480;34119;2139095040;0;0;0;1;1;1;1;1;1;1;1;0;0;0;0;0;0;0;0;0;0;0;0;0;0;0;0
1295923973;8312190;8311166;8257918;7995448;262212;56;0;8;16384;32;2621464;3944480;34119;2139095040;0;0;0;1;1;1;1;1;1;1;1;0;0;0;0;0;0;0;0;0;0;0;0;0;0;0;0
1296473976;8312190;8311166;8257918;7995448;262212;56;0;8;16384;32;2621464;3944480;34119;2139095040;0;0;0;1;1;1;1;1;1;1;1;0;0;0;0;0;0;0;0;0;0;0;0;0;0;0;0
1297024922;8312190;8311166;8257918;7995448;262212;56;0;8;16384;32;2621464;3944480;34119;2139095040;0;0;0;1;1;1;1;1;1;1;1;0;0;0;0;0;0;0;0;0;0;0;0;0;0;0;0
1297574891;8312190;8311166;8257918;7995448;262212;56;0;8;16384;32;2621464;3944480;34119;2139095040;0;0;0;1;1;1;1;1;1;1;1;0;0;0;0;0;0;0;0;0;0;0;0;0;0;0;0
1298124950;8312190;8311166;8257918;7995448;262212;56;0;8;16384;32;2621464;3944480;34119;2139095040;0;0;0;1;1;1;1;1;1;1;1;0;0;0;0;0;0;0;0;0;0;0;0;0;0;0;0
1298675148;8312190;8311166;8257918;7995448;262212;56;0;8;16384;32;2621464;3944480;34119;2139095040;0;0;0;1;1;1;1;1;1;1;1;0;0;0;0;0;0;0;0;0;0;0;0;0;0;0;0
1299224961;8312190;8311166;8257918;7995448;262212;56;0;8;16384;32;2621464;3944480;34119;2139095040;0;0;0;1;1;1;1;1;1;1;1;0;0;0;0;0;0;0;0;0;0;0;0;0;0;0;0
1299774915;8312190;8311166;8257918;7995448;262212;56;0;8;16384;32;2621464;3944480;34119;2139095040;0;0;0;1;1;1;1;1;1;1;1;0;0;0;0;0;0;0;0;0;0;0;0;0;0;0;0
1300324936;8312190;8311166;8257918;7995448;262212;56;0;8;16384;32;2621464;3944480;34119;2139095040;0;0;0;1;1;1;1;1;1;1;1;0;0;0;0;0;0;0;0;0;0;0;0;0;0;0;0
1300876024;8312190;8311166;8257918;7995448;262212;56;0;8;16384;32;2621464;3944480;34119;2139095040;0;0;0;1;1;1;1;1;1;1;1;0;0;0;0;0;0;0;0;0;0;0;0;0;0;0;0
1301425934;8312190;8311166;8257918;7995448;262212;56;0;8;16384;32;2621464;3944480;34119;2139095040;0;0;0;1;1;1;1;1;1;1;1;0;0;0;0;0;0;0;0;0;0;0;0;0;0;0;0
1301976005;8312190;8311166;8257918;7995448;262212;56;0;8;16384;32;2621464;3944480;34119;2139095040;0;0;0;1;1;1;1;1;1;1;1;0;0;0;0;0;0;0;0;0;0;0;0;0;0;0;0
1302526139;8312190;8311166;8257918;7995448;262212;56;0;8;16384;32;2621464;3944480;34119;2139095040;0;0;0;1;1;1;1;1;1;1;1;0;0;0;0;0;0;0;0;0;0;0;0;0;0;0;0
1303075919;8312190;8311166;8257918;7995448;262212;56;0;8;16384;32;2621464;3944480;34119;2139095040;0;0;0;1;1;1;1;1;1;1;1;0;0;0;0;0;0;0;0;0;0;0;0;0;0;0;0
1303626322;8312190;8311166;8257918;7995448;262212;56;0;8;16384;32;2621464;3944480;34119;2139095040;0;0;0;1;1;1;1;1;1;1;1;0;0;0;0;0;0;0;0;0;0;0;0;0;0;0;0
1304175906;8312190;8311166;8257918;7995448;262212;56;0;8;16384;32;2621464;3944480;34119;2139095040;0;0;0;1;1;1;1;1;1;1;1;0;0;0;0;0;0;0;0;0;0;0;0;0;0;0;0
1304726516;8312190;8311166;8257918;7995448;262212;56;0;8;16384;32;2621464;3944480;34119;2139095040;0;0;0;1;1;1;1;1;1;1;1;0;0;0;0;0;0;0;0;0;0;0;0;0;0;0;0
1305275910;8312190;8311166;8257918;7995448;262212;56;0;8;16384;32;2621464;3944480;34119;2139095040;0;0;0;1;1;1;1;1;1;1;1;0;0;0;0;0;0;0;0;0;0;0;0;0;0;0;0
1305826941;8312190;8311166;8257918;7995448;262212;56;0;8;16384;32;2621464;3944480;34119;2139095040;0;0;0;1;1;1;1;1;1;1;1;0;0;0;0;0;0;0;0;0;0;0;0;0;0;0;0
1306376907;8312190;8311166;8257918;7995448;262212;56;0;8;16384;32;2621464;3944480;34119;2139095040;0;0;0;1;1;1;1;1;1;1;1;0;0;0;0;0;0;0;0;0;0;0;0;0;0;0;0
1306926925;8312190;8311166;8257918;7995448;262212;56;0;8;16384;32;2621464;3944480;34119;2139095040;0;0;0;1;1;1;1;1;1;1;1;0;0;0;0;0;0;0;0;0;0;0;0;0;0;0;0
1307476969;8312190;8311166;8257918;7995448;262212;56;0;8;16384;32;2621464;3944480;34119;2139095040;0;0;0;1;1;1;1;1;1;1;1;0;0;0;0;0;0;0;0;0;0;0;0;0;0;0;0
1308026931;8312190;8311166;8257918;7995448;262212;56;0;8;16384;32;2621464;3944480;34119;2139095040;0;0;0;1;1;1;1;1;1;1;1;0;0;0;0;0;0;0;0;0;0;0;0;0;0;0;0
1308576978;8312190;8311166;8257918;7995448;262212;56;0;8;16384;32;2621464;3944480;34119;2139095040;0;0;0;1;1;1;1;1;1;1;1;0;0;0;0;0;0;0;0;0;0;0;0;0;0;0;0
1309127009;8312190;8311166;8257918;7995448;262212;56;0;8;16384;32;2621464;3944480;34119;2139095040;0;0;0;1;1;1;1;1;1;1;1;0;0;0;0;0;0;0;0;0;0;0;0;0;0;0;0
1309676914;8312190;8311166;8257918;7995448;262212;56;0;8;16384;32;2621464;3944480;34119;2139095040;0;0;0;1;1;1;1;1;1;1;1;0;0;0;0;0;0;0;0;0;0;0;0;0;0;0;0
1310227126;8312190;8311166;8257918;7995448;262212;56;0;8;16384;32;2621464;3944480;34119;2139095040;0;0;0;1;1;1;1;1;1;1;1;0;0;0;0;0;0;0;0;0;0;0;0;0;0;0;0
1310776974;8312190;8311166;8257918;7995448;262212;56;0;8;16384;32;2621464;3944480;34119;2139095040;0;0;0;1;1;1;1;1;1;1;1;0;0;0;0;0;0;0;0;0;0;0;0;0;0;0;0
1311326903;8312190;8311166;8257918;7995448;262212;56;0;8;16384;32;2621464;3944480;34119;2139095040;0;0;0;1;1;1;1;1;1;1;1;0;0;0;0;0;0;0;0;0;0;0;0;0;0;0;0
1311876892;8312190;8311166;8257918;7995448;262212;56;0;8;16384;32;2621464;3944480;34119;2139095040;0;0;0;1;1;1;1;1;1;1;1;0;0;0;0;0;0;0;0;0;0;0;0;0;0;0;0
1312427039;8312190;8311166;8257918;7995448;262212;56;0;8;16384;32;2621464;3944480;34119;2139095040;0;0;0;1;1;1;1;1;1;1;1;0;0;0;0;0;0;0;0;0;0;0;0;0;0;0;0
1312977501;8312190;8311166;8257918;7995448;262212;56;0;8;16384;32;2621464;3944480;34119;2139095040;0;0;0;1;1;1;1;1;1;1;1;0;0;0;0;0;0;0;0;0;0;0;0;0;0;0;0
1313528070;8312190;8311166;8257918;7995448;262212;56;0;8;16384;32;2621464;3944480;34119;2139095040;0;0;0;1;1;1;1;1;1;1;1;0;0;0;0;0;0;0;0;0;0;0;0;0;0;0;0
1314077914;8312190;8311166;8257918;7995448;262212;56;0;8;16384;32;2621464;3944480;34119;2139095040;0;0;0;1;1;1;1;1;1;1;1;0;0;0;0;0;0;0;0;0;0;0;0;0;0;0;0
1314629005;8312190;8311166;8257918;7995448;262212;56;0;8;16384;32;2621464;3944480;34119;2139095040;0;0;0;1;1;1;1;1;1;1;1;0;0;0;0;0;0;0;0;0;0;0;0;0;0;0;0
1315178891;8312190;8311166;8257918;7995448;262212;56;0;8;16384;32;2621464;3944480;34119;2139095040;0;0;0;1;1;1;1;1;1;1;1;0;0;0;0;0;0;0;0;0;0;0;0;0;0;0;0
1315729273;8312190;8311166;8257918;7995448;262212;56;0;8;16384;32;2621464;3944480;34119;2139095040;0;0;0;1;1;1;1;1;1;1;1;0;0;0;0;0;0;0;0;0;0;0;0;0;0;0;0
1316278919;8312190;8311166;8257918;7995448;262212;56;0;8;16384;32;2621464;3944480;34119;2139095040;0;0;0;1;1;1;1;1;1;1;1;0;0;0;0;0;0;0;0;0;0;0;0;0;0;0;0
1316828945;8312190;8311166;8257918;7995448;262212;56;0;8;16384;32;2621464;3944480;34119;2139095040;0;0;0;1;1;1;1;1;1;1;1;0;0;0;0;0;0;0;0;0;0;0;0;0;0;0;0
1317378916;8312190;8311166;8257918;7995448;262212;56;0;8;16384;32;2621464;3944480;34119;2139095040;0;0;0;1;1;1;1;1;1;1;1;0;0;0;0;0;0;0;0;0;0;0;0;0;0;0;0
1317929087;8312190;8311166;8257918;7995448;262212;56;0;8;16384;32;2621464;3944480;34119;2139095040;0;0;0;1;1;1;1;1;1;1;1;0;0;0;0;0;0;0;0;0;0;0;0;0;0;0;0
1318478909;8312190;8311166;8257918;7995448;262212;56;0;8;16384;32;2621464;3944480;34119;2139095040;0;0;0;1;1;1;1;1;1;1;1;0;0;0;0;0;0;0;0;0;0;0;0;0;0;0;0
1319029005;8312190;8311166;8257918;7995448;262212;56;0;8;16384;32;2621464;3944480;34119;2139095040;0;0;0;1;1;1;1;1;1;1;1;0;0;0;0;0;0;0;0;0;0;0;0;0;0;0;0
1319579175;8312190;8311166;8257918;7995448;262212;56;0;8;16384;32;2621464;3944480;34119;2139095040;0;0;0;1;1;1;1;1;1;1;1;0;0;0;0;0;0;0;0;0;0;0;0;0;0;0;0
1320128965;8312190;8311166;8257918;7995448;262212;56;0;8;16384;32;2621464;3944480;34119;2139095040;0;0;0;1;1;1;1;1;1;1;1;0;0;0;0;0;0;0;0;0;0;0;0;0;0;0;0
1320678914;8312190;8311166;8257918;7995448;262212;56;0;8;16384;32;2621464;3944480;34119;2139095040;0;0;0;1;1;1;1;1;1;1;1;0;0;0;0;0;0;0;0;0;0;0;0;0;0;0;0
1321228923;8312190;8311166;8257918;7995448;262212;56;0;8;16384;32;2621464;3944480;34119;2139095040;0;0;0;1;1;1;1;1;1;1;1;0;0;0;0;0;0;0;0;0;0;0;0;0;0;0;0
1321778979;8312190;8311166;8257918;7995448;262212;56;0;8;16384;32;2621464;3944480;34119;2139095040;0;0;0;1;1;1;1;1;1;1;1;0;0;0;0;0;0;0;0;0;0;0;0;0;0;0;0
1322328986;8312190;8311166;8257918;7995448;262212;56;0;8;16384;32;2621464;3944480;34119;2139095040;0;0;0;1;1;1;1;1;1;1;1;0;0;0;0;0;0;0;0;0;0;0;0;0;0;0;0
1322878938;8312190;8311166;8257918;7995448;262212;56;0;8;16384;32;2621464;3944480;34119;2139095040;0;0;0;1;1;1;1;1;1;1;1;0;0;0;0;0;0;0;0;0;0;0;0;0;0;0;0
1323428952;8312190;8311166;8257918;7995448;262212;56;0;8;16384;32;2621464;3944480;34119;2139095040;0;0;0;1;1;1;1;1;1;1;1;0;0;0;0;0;0;0;0;0;0;0;0;0;0;0;0
1323978926;8312190;8311166;8257918;7995448;262212;56;0;8;16384;32;2621464;3944480;34119;2139095040;0;0;0;1;1;1;1;1;1;1;1;0;0;0;0;0;0;0;0;0;0;0;0;0;0;0;0
1324528922;8312190;8311166;8257918;7995448;262212;56;0;8;16384;32;2621464;3944480;34119;2139095040;0;0;0;1;1;1;1;1;1;1;1;0;0;0;0;0;0;0;0;0;0;0;0;0;0;0;0
1325078890;8312190;8311166;8257918;7995448;262212;56;0;8;16384;32;2621464;3944480;34119;2139095040;0;0;0;1;1;1;1;1;1;1;1;0;0;0;0;0;0;0;0;0;0;0;0;0;0;0;0
1325629008;8312190;8311166;8257918;7995448;262212;56;0;8;16384;32;2621464;3944480;34119;2139095040;0;0;0;1;1;1;1;1;1;1;1;0;0;0;0;0;0;0;0;0;0;0;0;0;0;0;0
1326179287;8312190;8311166;8257918;7995448;262212;56;0;8;16384;32;2621464;3944480;34119;2139095040;0;0;0;1;1;1;1;1;1;1;1;0;0;0;0;0;0;0;0;0;0;0;0;0;0;0;0
1326718984;8312190;8311166;8257918;7995448;262212;56;0;8;16384;32;2621464;3944480;34119;2139095040;0;0;0;1;1;1;1;1;1;1;1;0;0;0;0;0;0;0;0;0;0;0;0;0;0;0;0
1327268891;8312190;8311166;8257918;7995448;262212;56;0;8;16384;32;2621464;3944480;34119;2139095040;0;0;0;1;1;1;1;1;1;1;1;0;0;0;0;0;0;0;0;0;0;0;0;0;0;0;0
1327819191;8312190;8311166;8257918;7995448;262212;56;0;8;16384;32;2621464;3944480;34119;2139095040;0;0;0;1;1;1;1;1;1;1;1;0;0;0;0;0;0;0;0;0;0;0;0;0;0;0;0
1328368926;8312190;8311166;8257918;7995448;262212;56;0;8;16384;32;2621464;3944480;34119;2139095040;0;0;0;1;1;1;1;1;1;1;1;0;0;0;0;0;0;0;0;0;0;0;0;0;0;0;0
1328920579;8312190;8311166;8257918;7995448;262212;56;0;8;16384;32;2621464;3944480;34119;2139095040;0;0;0;1;1;1;1;1;1;1;1;0;0;0;0;0;0;0;0;0;0;0;0;0;0;0;0
1329470626;8312190;8311166;8257918;7995448;262212;56;0;8;16384;32;2621464;3944480;34119;2139095040;0;0;0;1;1;1;1;1;1;1;1;0;0;0;0;0;0;0;0;0;0;0;0;0;0;0;0
1330019940;8312190;8311166;8257918;7995448;262212;56;0;8;16384;32;2621464;3944480;34119;2139095040;0;0;0;1;1;1;1;1;1;1;1;0;0;0;0;0;0;0;0;0;0;0;0;0;0;0;0
1330569906;8312190;8311166;8257918;7995448;262212;56;0;8;16384;32;2621464;3944480;34119;2139095040;0;0;0;1;1;1;1;1;1;1;1;0;0;0;0;0;0;0;0;0;0;0;0;0;0;0;0
1331119924;8312190;8311166;8257918;7995448;262212;56;0;8;16384;32;2621464;3944480;34119;2139095040;0;0;0;1;1;1;1;1;1;1;1;0;0;0;0;0;0;0;0;0;0;0;0;0;0;0;0
1331670165;8312190;8311166;8257918;7995448;262212;56;0;8;16384;32;2621464;3944480;34119;2139095040;0;0;0;1;1;1;1;1;1;1;1;0;0;0;0;0;0;0;0;0;0;0;0;0;0;0;0
1332219912;8312190;8311166;8257918;7995448;262212;56;0;8;16384;32;2621464;3944480;34119;2139095040;0;0;0;1;1;1;1;1;1;1;1;0;0;0;0;0;0;0;0;0;0;0;0;0;0;0;0
1332770027;8312190;8311166;8257918;7995448;262212;56;0;8;16384;32;2621464;3944480;34119;2139095040;0;0;0;1;1;1;1;1;1;1;1;0;0;0;0;0;0;0;0;0;0;0;0;0;0;0;0
1333319965;8312190;8311166;8257918;7995448;262212;56;0;8;16384;32;2621464;3944480;34119;2139095040;0;0;0;1;1;1;1;1;1;1;1;0;0;0;0;0;0;0;0;0;0;0;0;0;0;0;0
1333870490;8312190;8311166;8257918;7995448;262212;56;0;8;16384;32;2621464;3944480;34119;2139095040;0;0;0;1;1;1;1;1;1;1;1;0;0;0;0;0;0;0;0;0;0;0;0;0;0;0;0
1334419981;8312190;8311166;8257918;7995448;262212;56;0;8;16384;32;2621464;3944480;34119;2139095040;0;0;0;1;1;1;1;1;1;1;1;0;0;0;0;0;0;0;0;0;0;0;0;0;0;0;0
1334970613;8312190;8311166;8257918;7995448;262212;56;0;8;16384;32;2621464;3944480;34119;2139095040;0;0;0;1;1;1;1;1;1;1;1;0;0;0;0;0;0;0;0;0;0;0;0;0;0;0;0
1335520003;8312190;8311166;8257918;7995448;262212;56;0;8;16384;32;2621464;3944480;34119;2139095040;0;0;0;1;1;1;1;1;1;1;1;0;0;0;0;0;0;0;0;0;0;0;0;0;0;0;0
1336070213;8312190;8311166;8257918;7995448;262212;56;0;8;16384;32;2621464;3944480;34119;2139095040;0;0;0;1;1;1;1;1;1;1;1;0;0;0;0;0;0;0;0;0;0;0;0;0;0;0;0
1336619894;8312190;8311166;8257918;7995448;262212;56;0;8;16384;32;2621464;3944480;34119;2139095040;0;0;0;1;1;1;1;1;1;1;1;0;0;0;0;0;0;0;0;0;0;0;0;0;0;0;0
1337169949;8312190;8311166;8257918;7995448;262212;56;0;8;16384;32;2621464;3944480;34119;2139095040;0;0;0;1;1;1;1;1;1;1;1;0;0;0;0;0;0;0;0;0;0;0;0;0;0;0;0
1337719959;8312190;8311166;8257918;7995448;262212;56;0;8;16384;32;2621464;3944480;34119;2139095040;0;0;0;1;1;1;1;1;1;1;1;0;0;0;0;0;0;0;0;0;0;0;0;0;0;0;0
1338270556;8312190;8311166;8257918;7995448;262212;56;0;8;16384;32;2621464;3944480;34119;2139095040;0;0;0;1;1;1;1;1;1;1;1;0;0;0;0;0;0;0;0;0;0;0;0;0;0;0;0
1338819896;8312190;8311166;8257918;7995448;262212;56;0;8;16384;32;2621464;3944480;34119;2139095040;0;0;0;1;1;1;1;1;1;1;1;0;0;0;0;0;0;0;0;0;0;0;0;0;0;0;0
1339370477;8312190;8311166;8257918;7995448;262212;56;0;8;16384;32;2621464;3944480;34119;2139095040;0;0;0;1;1;1;1;1;1;1;1;0;0;0;0;0;0;0;0;0;0;0;0;0;0;0;0
1339919928;8312190;8311166;8257918;7995448;262212;56;0;8;16384;32;2621464;3944480;34119;2139095040;0;0;0;1;1;1;1;1;1;1;1;0;0;0;0;0;0;0;0;0;0;0;0;0;0;0;0
1340470120;8312190;8311166;8257918;7995448;262212;56;0;8;16384;32;2621464;3944480;34119;2139095040;0;0;0;1;1;1;1;1;1;1;1;0;0;0;0;0;0;0;0;0;0;0;0;0;0;0;0
1341019968;8312190;8311166;8257918;7995448;262212;56;0;8;16384;32;2621464;3944480;34119;2139095040;0;0;0;1;1;1;1;1;1;1;1;0;0;0;0;0;0;0;0;0;0;0;0;0;0;0;0
1341569908;8312190;8311166;8257918;7995448;262212;56;0;8;16384;32;2621464;3944480;34119;2139095040;0;0;0;1;1;1;1;1;1;1;1;0;0;0;0;0;0;0;0;0;0;0;0;0;0;0;0
1342119896;8312190;8311166;8257918;7995448;262212;56;0;8;16384;32;2621464;3944480;34119;2139095040;0;0;0;1;1;1;1;1;1;1;1;0;0;0;0;0;0;0;0;0;0;0;0;0;0;0;0
1342670942;8312190;8311166;8257918;7995448;262212;56;0;8;16384;32;2621464;3944480;34119;2139095040;0;0;0;1;1;1;1;1;1;1;1;0;0;0;0;0;0;0;0;0;0;0;0;0;0;0;0
1343221995;8312190;8311166;8257918;7995448;262212;56;0;8;16384;32;2621464;3944480;34119;2139095040;0;0;0;1;1;1;1;1;1;1;1;0;0;0;0;0;0;0;0;0;0;0;0;0;0;0;0
1343772133;8312190;8311166;8257918;7995448;262212;56;0;8;16384;32;2621464;3944480;34119;2139095040;0;0;0;1;1;1;1;1;1;1;1;0;0;0;0;0;0;0;0;0;0;0;0;0;0;0;0
1344321910;8312190;8311166;8257918;7995448;262212;56;0;8;16384;32;2621464;3944480;34119;2139095040;0;0;0;1;1;1;1;1;1;1;1;0;0;0;0;0;0;0;0;0;0;0;0;0;0;0;0
1344872397;8312190;8311166;8257918;7995448;262212;56;0;8;16384;32;2621464;3944480;34119;2139095040;0;0;0;1;1;1;1;1;1;1;1;0;0;0;0;0;0;0;0;0;0;0;0;0;0;0;0
1345421896;8312190;8311166;8257918;7995448;262212;56;0;8;16384;32;2621464;3944480;34119;2139095040;0;0;0;1;1;1;1;1;1;1;1;0;0;0;0;0;0;0;0;0;0;0;0;0;0;0;0
1345972493;8312190;8311166;8257918;7995448;262212;56;0;8;16384;32;2621464;3944480;34119;2139095040;0;0;0;1;1;1;1;1;1;1;1;0;0;0;0;0;0;0;0;0;0;0;0;0;0;0;0
1346521960;8312190;8311166;8257918;7995448;262212;56;0;8;16384;32;2621464;3944480;34119;2139095040;0;0;0;1;1;1;1;1;1;1;1;0;0;0;0;0;0;0;0;0;0;0;0;0;0;0;0
1347071896;8312190;8311166;8257918;7995448;262212;56;0;8;16384;32;2621464;3944480;34119;2139095040;0;0;0;1;1;1;1;1;1;1;1;0;0;0;0;0;0;0;0;0;0;0;0;0;0;0;0
1347621911;8312190;8311166;8257918;7995448;262212;56;0;8;16384;32;2621464;3944480;34119;2139095040;0;0;0;1;1;1;1;1;1;1;1;0;0;0;0;0;0;0;0;0;0;0;0;0;0;0;0
1348172282;8312190;8311166;8257918;7995448;262212;56;0;8;16384;32;2621464;3944480;34119;2139095040;0;0;0;1;1;1;1;1;1;1;1;0;0;0;0;0;0;0;0;0;0;0;0;0;0;0;0
1348721975;8312190;8311166;8257918;7995448;262212;56;0;8;16384;32;2621464;3944480;34119;2139095040;0;0;0;1;1;1;1;1;1;1;1;0;0;0;0;0;0;0;0;0;0;0;0;0;0;0;0
1349271942;8312190;8311166;8257918;7995448;262212;56;0;8;16384;32;2621464;3944480;34119;2139095040;0;0;0;1;1;1;1;1;1;1;1;0;0;0;0;0;0;0;0;0;0;0;0;0;0;0;0
1349821924;8312190;8311166;8257918;7995448;262212;56;0;8;16384;32;2621464;3944480;34119;2139095040;0;0;0;1;1;1;1;1;1;1;1;0;0;0;0;0;0;0;0;0;0;0;0;0;0;0;0
1350372536;8312190;8311166;8257918;7995448;262212;56;0;8;16384;32;2621464;3944480;34119;2139095040;0;0;0;1;1;1;1;1;1;1;1;0;0;0;0;0;0;0;0;0;0;0;0;0;0;0;0
1350921934;8312190;8311166;8257918;7995448;262212;56;0;8;16384;32;2621464;3944480;34119;2139095040;0;0;0;1;1;1;1;1;1;1;1;0;0;0;0;0;0;0;0;0;0;0;0;0;0;0;0
1351471954;8312190;8311166;8257918;7995448;262212;56;0;8;16384;32;2621464;3944480;34119;2139095040;0;0;0;1;1;1;1;1;1;1;1;0;0;0;0;0;0;0;0;0;0;0;0;0;0;0;0
1352021977;8312190;8311166;8257918;7995448;262212;56;0;8;16384;32;2621464;3944480;34119;2139095040;0;0;0;1;1;1;1;1;1;1;1;0;0;0;0;0;0;0;0;0;0;0;0;0;0;0;0
1352572271;8312190;8311166;8257918;7995448;262212;56;0;8;16384;32;2621464;3944480;34119;2139095040;0;0;0;1;1;1;1;1;1;1;1;0;0;0;0;0;0;0;0;0;0;0;0;0;0;0;0
1353121963;8312190;8311166;8257918;7995448;262212;56;0;8;16384;32;2621464;3944480;34119;2139095040;0;0;0;1;1;1;1;1;1;1;1;0;0;0;0;0;0;0;0;0;0;0;0;0;0;0;0
1353671928;8312190;8311166;8257918;7995448;262212;56;0;8;16384;32;2621464;3944480;34119;2139095040;0;0;0;1;1;1;1;1;1;1;1;0;0;0;0;0;0;0;0;0;0;0;0;0;0;0;0
1354224215;8312190;8311166;8257918;7995448;262212;56;0;8;16384;32;2621464;3944480;34119;2139095040;0;0;0;1;1;1;1;1;1;1;1;0;0;0;0;0;0;0;0;0;0;0;0;0;0;0;0
1354763623;8312190;8311166;8257918;7995448;262212;56;0;8;16384;32;2621464;3944480;34119;2139095040;0;0;0;1;1;1;1;1;1;1;1;0;0;0;0;0;0;0;0;0;0;0;0;0;0;0;0
1355312929;8312190;8311166;8257918;7995448;262212;56;0;8;16384;32;2621464;3944480;34119;2139095040;0;0;0;1;1;1;1;1;1;1;1;0;0;0;0;0;0;0;0;0;0;0;0;0;0;0;0
1355862893;8312190;8311166;8257918;7995448;262212;56;0;8;16384;32;2621464;3944480;34119;2139095040;0;0;0;1;1;1;1;1;1;1;1;0;0;0;0;0;0;0;0;0;0;0;0;0;0;0;0
1356412997;8312190;8311166;8257918;7995448;262212;56;0;8;16384;32;2621464;3944480;34119;2139095040;0;0;0;1;1;1;1;1;1;1;1;0;0;0;0;0;0;0;0;0;0;0;0;0;0;0;0
1356963045;8312190;8311166;8257918;7995448;262212;56;0;8;16384;32;2621464;3944480;34119;2139095040;0;0;0;1;1;1;1;1;1;1;1;0;0;0;0;0;0;0;0;0;0;0;0;0;0;0;0
1357512935;8312190;8311166;8257918;7995448;262212;56;0;8;16384;32;2621464;3944480;34119;2139095040;0;0;0;1;1;1;1;1;1;1;1;0;0;0;0;0;0;0;0;0;0;0;0;0;0;0;0
1358063464;8312190;8311166;8257918;7995448;262212;56;0;8;16384;32;2621464;3944480;34119;2139095040;0;0;0;1;1;1;1;1;1;1;1;0;0;0;0;0;0;0;0;0;0;0;0;0;0;0;0
1358612976;8312190;8311166;8257918;7995448;262212;56;0;8;16384;32;2621464;3944480;34119;2139095040;0;0;0;1;1;1;1;1;1;1;1;0;0;0;0;0;0;0;0;0;0;0;0;0;0;0;0
1359163558;8312190;8311166;8257918;7995448;262212;56;0;8;16384;32;2621464;3944480;34119;2139095040;0;0;0;1;1;1;1;1;1;1;1;0;0;0;0;0;0;0;0;0;0;0;0;0;0;0;0
1359713105;8312190;8311166;8257918;7995448;262212;56;0;8;16384;32;2621464;3944480;34119;2139095040;0;0;0;1;1;1;1;1;1;1;1;0;0;0;0;0;0;0;0;0;0;0;0;0;0;0;0
1360262891;8312190;8311166;8257918;7995448;262212;56;0;8;16384;32;2621464;3944480;34119;2139095040;0;0;0;1;1;1;1;1;1;1;1;0;0;0;0;0;0;0;0;0;0;0;0;0;0;0;0
1360812895;8312190;8311166;8257918;7995448;262212;56;0;8;16384;32;2621464;3944480;34119;2139095040;0;0;0;1;1;1;1;1;1;1;1;0;0;0;0;0;0;0;0;0;0;0;0;0;0;0;0
1361362919;8312190;8311166;8257918;7995448;262212;56;0;8;16384;32;2621464;3944480;34119;2139095040;0;0;0;1;1;1;1;1;1;1;1;0;0;0;0;0;0;0;0;0;0;0;0;0;0;0;0
1361912956;8312190;8311166;8257918;7995448;262212;56;0;8;16384;32;2621464;3944480;34119;2139095040;0;0;0;1;1;1;1;1;1;1;1;0;0;0;0;0;0;0;0;0;0;0;0;0;0;0;0
1362463001;8312190;8311166;8257918;7995448;262212;56;0;8;16384;32;2621464;3944480;34119;2139095040;0;0;0;1;1;1;1;1;1;1;1;0;0;0;0;0;0;0;0;0;0;0;0;0;0;0;0
1363012943;8312190;8311166;8257918;7995448;262212;56;0;8;16384;32;2621464;3944480;34119;2139095040;0;0;0;1;1;1;1;1;1;1;1;0;0;0;0;0;0;0;0;0;0;0;0;0;0;0;0
1363563420;8312190;8311166;8257918;7995448;262212;56;0;8;16384;32;2621464;3944480;34119;2139095040;0;0;0;1;1;1;1;1;1;1;1;0;0;0;0;0;0;0;0;0;0;0;0;0;0;0;0
1364113017;8312190;8311166;8257918;7995448;262212;56;0;8;16384;32;2621464;3944480;34119;2139095040;0;0;0;1;1;1;1;1;1;1;1;0;0;0;0;0;0;0;0;0;0;0;0;0;0;0;0
1364662921;8312190;8311166;8257918;7995448;262212;56;0;8;16384;32;2621464;3944480;34119;2139095040;0;0;0;1;1;1;1;1;1;1;1;0;0;0;0;0;0;0;0;0;0;0;0;0;0;0;0
1365212895;8312190;8311166;8257918;7995448;262212;56;0;8;16384;32;2621464;3944480;34119;2139095040;0;0;0;1;1;1;1;1;1;1;1;0;0;0;0;0;0;0;0;0;0;0;0;0;0;0;0
1365762907;8312190;8311166;8257918;7995448;262212;56;0;8;16384;32;2621464;3944480;34119;2139095040;0;0;0;1;1;1;1;1;1;1;1;0;0;0;0;0;0;0;0;0;0;0;0;0;0;0;0
1366313104;8312190;8311166;8257918;7995448;262212;56;0;8;16384;32;2621464;3944480;34119;2139095040;0;0;0;1;1;1;1;1;1;1;1;0;0;0;0;0;0;0;0;0;0;0;0;0;0;0;0
1366862892;8312190;8311166;8257918;7995448;262212;56;0;8;16384;32;2621464;3944480;34119;2139095040;0;0;0;1;1;1;1;1;1;1;1;0;0;0;0;0;0;0;0;0;0;0;0;0;0;0;0
1367412893;8312190;8311166;8257918;7995448;262212;56;0;8;16384;32;2621464;3944480;34119;2139095040;0;0;0;1;1;1;1;1;1;1;1;0;0;0;0;0;0;0;0;0;0;0;0;0;0;0;0
1367963113;8312190;8311166;8257918;7995448;262212;56;0;8;16384;32;2621464;3944480;34119;2139095040;0;0;0;1;1;1;1;1;1;1;1;0;0;0;0;0;0;0;0;0;0;0;0;0;0;0;0
1368512964;8312190;8311166;8257918;7995448;262212;56;0;8;16384;32;2621464;3944480;34119;2139095040;0;0;0;1;1;1;1;1;1;1;1;0;0;0;0;0;0;0;0;0;0;0;0;0;0;0;0
1369063107;8312190;8311166;8257918;7995448;262212;56;0;8;16384;32;2621464;3944480;34119;2139095040;0;0;0;1;1;1;1;1;1;1;1;0;0;0;0;0;0;0;0;0;0;0;0;0;0;0;0
1369603080;8312190;8311166;8257918;7995448;262212;56;0;8;16384;32;2621464;3944480;34119;2139095040;0;0;0;1;1;1;1;1;1;1;1;0;0;0;0;0;0;0;0;0;0;0;0;0;0;0;0
1370152985;8312190;8311166;8257918;7995448;262212;56;0;8;16384;32;2621464;3944480;34119;2139095040;0;0;0;1;1;1;1;1;1;1;1;0;0;0;0;0;0;0;0;0;0;0;0;0;0;0;0
1370702893;8312190;8311166;8257918;7995448;262212;56;0;8;16384;32;2621464;3944480;34119;2139095040;0;0;0;1;1;1;1;1;1;1;1;0;0;0;0;0;0;0;0;0;0;0;0;0;0;0;0
1371252966;8312190;8311166;8257918;7995448;262212;56;0;8;16384;32;2621464;3944480;34119;2139095040;0;0;0;1;1;1;1;1;1;1;1;0;0;0;0;0;0;0;0;0;0;0;0;0;0;0;0
1371803095;8312190;8311166;8257918;7995448;262212;56;0;8;16384;32;2621464;3944480;34119;2139095040;0;0;0;1;1;1;1;1;1;1;1;0;0;0;0;0;0;0;0;0;0;0;0;0;0;0;0
1372352892;8312190;8311166;8257918;7995448;262212;56;0;8;16384;32;2621464;3944480;34119;2139095040;0;0;0;1;1;1;1;1;1;1;1;0;0;0;0;0;0;0;0;0;0;0;0;0;0;0;0
1372902924;8312190;8311166;8257918;7995448;262212;56;0;8;16384;32;2621464;3944480;34119;2139095040;0;0;0;1;1;1;1;1;1;1;1;0;0;0;0;0;0;0;0;0;0;0;0;0;0;0;0
1373453122;8312190;8311166;8257918;7995448;262212;56;0;8;16384;32;2621464;3944480;34119;2139095040;0;0;0;1;1;1;1;1;1;1;1;0;0;0;0;0;0;0;0;0;0;0;0;0;0;0;0
1374002923;8312190;8311166;8257918;7995448;262212;56;0;8;16384;32;2621464;3944480;34119;2139095040;0;0;0;1;1;1;1;1;1;1;1;0;0;0;0;0;0;0;0;0;0;0;0;0;0;0;0
1374552916;8312190;8311166;8257918;7995448;262212;56;0;8;16384;32;2621464;3944480;34119;2139095040;0;0;0;1;1;1;1;1;1;1;1;0;0;0;0;0;0;0;0;0;0;0;0;0;0;0;0
1375102921;8312190;8311166;8257918;7995448;262212;56;0;8;16384;32;2621464;3944480;34119;2139095040;0;0;0;1;1;1;1;1;1;1;1;0;0;0;0;0;0;0;0;0;0;0;0;0;0;0;0
1375652890;8312190;8311166;8257918;7995448;262212;56;0;8;16384;32;2621464;3944480;34119;2139095040;0;0;0;1;1;1;1;1;1;1;1;0;0;0;0;0;0;0;0;0;0;0;0;0;0;0;0
1376202946;8312190;8311166;8257918;7995448;262212;56;0;8;16384;32;2621464;3944480;34119;2139095040;0;0;0;1;1;1;1;1;1;1;1;0;0;0;0;0;0;0;0;0;0;0;0;0;0;0;0
1376752939;8312190;8311166;8257918;7995448;262212;56;0;8;16384;32;2621464;3944480;34119;2139095040;0;0;0;1;1;1;1;1;1;1;1;0;0;0;0;0;0;0;0;0;0;0;0;0;0;0;0
1377302973;8312190;8311166;8257918;7995448;262212;56;0;8;16384;32;2621464;3944480;34119;2139095040;0;0;0;1;1;1;1;1;1;1;1;0;0;0;0;0;0;0;0;0;0;0;0;0;0;0;0
1377852908;8312190;8311166;8257918;7995448;262212;56;0;8;16384;32;2621464;3944480;34119;2139095040;0;0;0;1;1;1;1;1;1;1;1;0;0;0;0;0;0;0;0;0;0;0;0;0;0;0;0
1378402919;8312190;8311166;8257918;7995448;262212;56;0;8;16384;32;2621464;3944480;34119;2139095040;0;0;0;1;1;1;1;1;1;1;1;0;0;0;0;0;0;0;0;0;0;0;0;0;0;0;0
1378953307;8312190;8311166;8257918;7995448;262212;56;0;8;16384;32;2621464;3944480;34119;2139095040;0;0;0;1;1;1;1;1;1;1;1;0;0;0;0;0;0;0;0;0;0;0;0;0;0;0;0
1379502902;8312190;8311166;8257918;7995448;262212;56;0;8;16384;32;2621464;3944480;34119;2139095040;0;0;0;1;1;1;1;1;1;1;1;0;0;0;0;0;0;0;0;0;0;0;0;0;0;0;0
1380052933;8312190;8311166;8257918;7995448;262212;56;0;8;16384;32;2621464;3944480;34119;2139095040;0;0;0;1;1;1;1;1;1;1;1;0;0;0;0;0;0;0;0;0;0;0;0;0;0;0;0
1380602891;8312190;8311166;8257918;7995448;262212;56;0;8;16384;32;2621464;3944480;34119;2139095040;0;0;0;1;1;1;1;1;1;1;1;0;0;0;0;0;0;0;0;0;0;0;0;0;0;0;0
1381153557;8312190;8311166;8257918;7995448;262212;56;0;8;16384;32;2621464;3944480;34119;2139095040;0;0;0;1;1;1;1;1;1;1;1;0;0;0;0;0;0;0;0;0;0;0;0;0;0;0;0
1381702940;8312190;8311166;8257918;7995448;262212;56;0;8;16384;32;2621464;3944480;34119;2139095040;0;0;0;1;1;1;1;1;1;1;1;0;0;0;0;0;0;0;0;0;0;0;0;0;0;0;0
1382252987;8312190;8311166;8257918;7995448;262212;56;0;8;16384;32;2621464;3944480;34119;2139095040;0;0;0;1;1;1;1;1;1;1;1;0;0;0;0;0;0;0;0;0;0;0;0;0;0;0;0
1382802892;8312190;8311166;8257918;7995448;262212;56;0;8;16384;32;2621464;3944480;34119;2139095040;0;0;0;1;1;1;1;1;1;1;1;0;0;0;0;0;0;0;0;0;0;0;0;0;0;0;0
1383353096;8312190;8311166;8257918;7995448;262212;56;0;8;16384;32;2621464;3944480;34119;2139095040;0;0;0;1;1;1;1;1;1;1;1;0;0;0;0;0;0;0;0;0;0;0;0;0;0;0;0
1383902930;8312190;8311166;8257918;7995448;262212;56;0;8;16384;32;2621464;3944480;34119;2139095040;0;0;0;1;1;1;1;1;1;1;1;0;0;0;0;0;0;0;0;0;0;0;0;0;0;0;0
1384452894;8312190;8311166;8257918;7995448;262212;56;0;8;16384;32;2621464;3944480;34119;2139095040;0;0;0;1;1;1;1;1;1;1;1;0;0;0;0;0;0;0;0;0;0;0;0;0;0;0;0
1384992900;8312190;8311166;8257918;7995448;262212;56;0;8;16384;32;2621464;3944480;34119;2139095040;0;0;0;1;1;1;1;1;1;1;1;0;0;0;0;0;0;0;0;0;0;0;0;0;0;0;0
1385542954;8312190;8311166;8257918;7995448;262212;56;0;8;16384;32;2621464;3944480;34119;2139095040;0;0;0;1;1;1;1;1;1;1;1;0;0;0;0;0;0;0;0;0;0;0;0;0;0;0;0
1386093366;8312190;8311166;8257918;7995448;262212;56;0;8;16384;32;2621464;3944480;34119;2139095040;0;0;0;1;1;1;1;1;1;1;1;0;0;0;0;0;0;0;0;0;0;0;0;0;0;0;0
1386642977;8312190;8311166;8257918;7995448;262212;56;0;8;16384;32;2621464;3944480;34119;2139095040;0;0;0;1;1;1;1;1;1;1;1;0;0;0;0;0;0;0;0;0;0;0;0;0;0;0;0
1387192924;8312190;8311166;8257918;7995448;262212;56;0;8;16384;32;2621464;3944480;34119;2139095040;0;0;0;1;1;1;1;1;1;1;1;0;0;0;0;0;0;0;0;0;0;0;0;0;0;0;0
1387742896;8312190;8311166;8257918;7995448;262212;56;0;8;16384;32;2621464;3944480;34119;2139095040;0;0;0;1;1;1;1;1;1;1;1;0;0;0;0;0;0;0;0;0;0;0;0;0;0;0;0
1388293010;8312190;8311166;8257918;7995448;262212;56;0;8;16384;32;2621464;3944480;34119;2139095040;0;0;0;1;1;1;1;1;1;1;1;0;0;0;0;0;0;0;0;0;0;0;0;0;0;0;0
1388843014;8312190;8311166;8257918;7995448;262212;56;0;8;16384;32;2621464;3944480;34119;2139095040;0;0;0;1;1;1;1;1;1;1;1;0;0;0;0;0;0;0;0;0;0;0;0;0;0;0;0
1389392933;8312190;8311166;8257918;7995448;262212;56;0;8;16384;32;2621464;3944480;34119;2139095040;0;0;0;1;1;1;1;1;1;1;1;0;0;0;0;0;0;0;0;0;0;0;0;0;0;0;0
1389942961;8312190;8311166;8257918;7995448;262212;56;0;8;16384;32;2621464;3944480;34119;2139095040;0;0;0;1;1;1;1;1;1;1;1;0;0;0;0;0;0;0;0;0;0;0;0;0;0;0;0
1390492987;8312190;8311166;8257918;7995448;262212;56;0;8;16384;32;2621464;3944480;34119;2139095040;0;0;0;1;1;1;1;1;1;1;1;0;0;0;0;0;0;0;0;0;0;0;0;0;0;0;0
1391042896;8312190;8311166;8257918;7995448;262212;56;0;8;16384;32;2621464;3944480;34119;2139095040;0;0;0;1;1;1;1;1;1;1;1;0;0;0;0;0;0;0;0;0;0;0;0;0;0;0;0
1391592906;8312190;8311166;8257918;7995448;262212;56;0;8;16384;32;2621464;3944480;34119;2139095040;0;0;0;1;1;1;1;1;1;1;1;0;0;0;0;0;0;0;0;0;0;0;0;0;0;0;0
1392142983;8312190;8311166;8257918;7995448;262212;56;0;8;16384;32;2621464;3944480;34119;2139095040;0;0;0;1;1;1;1;1;1;1;1;0;0;0;0;0;0;0;0;0;0;0;0;0;0;0;0
1392692892;8312190;8311166;8257918;7995448;262212;56;0;8;16384;32;2621464;3944480;34119;2139095040;0;0;0;1;1;1;1;1;1;1;1;0;0;0;0;0;0;0;0;0;0;0;0;0;0;0;0
1393242948;8312190;8311166;8257918;7995448;262212;56;0;8;16384;32;2621464;3944480;34119;2139095040;0;0;0;1;1;1;1;1;1;1;1;0;0;0;0;0;0;0;0;0;0;0;0;0;0;0;0
1393792939;8312190;8311166;8257918;7995448;262212;56;0;8;16384;32;2621464;3944480;34119;2139095040;0;0;0;1;1;1;1;1;1;1;1;0;0;0;0;0;0;0;0;0;0;0;0;0;0;0;0
1394342892;8312190;8311166;8257918;7995448;262212;56;0;8;16384;32;2621464;3944480;34119;2139095040;0;0;0;1;1;1;1;1;1;1;1;0;0;0;0;0;0;0;0;0;0;0;0;0;0;0;0
1394892892;8312190;8311166;8257918;7995448;262212;56;0;8;16384;32;2621464;3944480;34119;2139095040;0;0;0;1;1;1;1;1;1;1;1;0;0;0;0;0;0;0;0;0;0;0;0;0;0;0;0
1395442937;8312190;8311166;8257918;7995448;262212;56;0;8;16384;32;2621464;3944480;34119;2139095040;0;0;0;1;1;1;1;1;1;1;1;0;0;0;0;0;0;0;0;0;0;0;0;0;0;0;0
1395993469;8312190;8311166;8257918;7995448;262212;56;0;8;16384;32;2621464;3944480;34119;2139095040;0;0;0;1;1;1;1;1;1;1;1;0;0;0;0;0;0;0;0;0;0;0;0;0;0;0;0
1396542892;8312190;8311166;8257918;7995448;262212;56;0;8;16384;32;2621464;3944480;34119;2139095040;0;0;0;1;1;1;1;1;1;1;1;0;0;0;0;0;0;0;0;0;0;0;0;0;0;0;0
1397092932;8312190;8311166;8257918;7995448;262212;56;0;8;16384;32;2621464;3944480;34119;2139095040;0;0;0;1;1;1;1;1;1;1;1;0;0;0;0;0;0;0;0;0;0;0;0;0;0;0;0
1397642920;8312190;8311166;8257918;7995448;262212;56;0;8;16384;32;2621464;3944480;34119;2139095040;0;0;0;1;1;1;1;1;1;1;1;0;0;0;0;0;0;0;0;0;0;0;0;0;0;0;0
1398192928;8312190;8311166;8257918;7995448;262212;56;0;8;16384;32;2621464;3944480;34119;2139095040;0;0;0;1;1;1;1;1;1;1;1;0;0;0;0;0;0;0;0;0;0;0;0;0;0;0;0
1398742969;8312190;8311166;8257918;7995448;262212;56;0;8;16384;32;2621464;3944480;34119;2139095040;0;0;0;1;1;1;1;1;1;1;1;0;0;0;0;0;0;0;0;0;0;0;0;0;0;0;0
1399293005;8312190;8311166;8257918;7995448;262212;56;0;8;16384;32;2621464;3944480;34119;2139095040;0;0;0;1;1;1;1;1;1;1;1;0;0;0;0;0;0;0;0;0;0;0;0;0;0;0;0
1399832976;8312190;8311166;8257918;7995448;262212;56;0;8;16384;32;2621464;3944480;34119;2139095040;0;0;0;1;1;1;1;1;1;1;1;0;0;0;0;0;0;0;0;0;0;0;0;0;0;0;0
1400382893;8312190;8311166;8257918;7995448;262212;56;0;8;16384;32;2621464;3944480;34119;2139095040;0;0;0;1;1;1;1;1;1;1;1;0;0;0;0;0;0;0;0;0;0;0;0;0;0;0;0
1400922904;8312190;8311166;8257918;7995448;262212;56;0;8;16384;32;2621464;3944480;34119;2139095040;0;0;0;1;1;1;1;1;1;1;1;0;0;0;0;0;0;0;0;0;0;0;0;0;0;0;0
1401472926;8312190;8311166;8257918;7995448;262212;56;0;8;16384;32;2621464;3944480;34119;2139095040;0;0;0;1;1;1;1;1;1;1;1;0;0;0;0;0;0;0;0;0;0;0;0;0;0;0;0
1402023158;8312190;8311166;8257918;7995448;262212;56;0;8;16384;32;2621464;3944480;34119;2139095040;0;0;0;1;1;1;1;1;1;1;1;0;0;0;0;0;0;0;0;0;0;0;0;0;0;0;0
1402573001;8312190;8311166;8257918;7995448;262212;56;0;8;16384;32;2621464;3944480;34119;2139095040;0;0;0;1;1;1;1;1;1;1;1;0;0;0;0;0;0;0;0;0;0;0;0;0;0;0;0
1403122932;8312190;8311166;8257918;7995448;262212;56;0;8;16384;32;2621464;3944480;34119;2139095040;0;0;0;1;1;1;1;1;1;1;1;0;0;0;0;0;0;0;0;0;0;0;0;0;0;0;0
1403662959;8312190;8311166;8257918;7995448;262212;56;0;8;16384;32;2621464;3944480;34119;2139095040;0;0;0;1;1;1;1;1;1;1;1;0;0;0;0;0;0;0;0;0;0;0;0;0;0;0;0
1404212893;8312190;8311166;8257918;7995448;262212;56;0;8;16384;32;2621464;3944480;34119;2139095040;0;0;0;1;1;1;1;1;1;1;1;0;0;0;0;0;0;0;0;0;0;0;0;0;0;0;0
1404763290;8312190;8311166;8257918;7995448;262212;56;0;8;16384;32;2621464;3944480;34119;2139095040;0;0;0;1;1;1;1;1;1;1;1;0;0;0;0;0;0;0;0;0;0;0;0;0;0;0;0
1405313035;8312190;8311166;8257918;7995448;262212;56;0;8;16384;32;2621464;3944480;34119;2139095040;0;0;0;1;1;1;1;1;1;1;1;0;0;0;0;0;0;0;0;0;0;0;0;0;0;0;0
1405862970;8312190;8311166;8257918;7995448;262212;56;0;8;16384;32;2621464;3944480;34119;2139095040;0;0;0;1;1;1;1;1;1;1;1;0;0;0;0;0;0;0;0;0;0;0;0;0;0;0;0
1406413225;8312190;8311166;8257918;7995448;262212;56;0;8;16384;32;2621464;3944480;34119;2139095040;0;0;0;1;1;1;1;1;1;1;1;0;0;0;0;0;0;0;0;0;0;0;0;0;0;0;0
1406962937;8312190;8311166;8257918;7995448;262212;56;0;8;16384;32;2621464;3944480;34119;2139095040;0;0;0;1;1;1;1;1;1;1;1;0;0;0;0;0;0;0;0;0;0;0;0;0;0;0;0
1407512934;8312190;8311166;8257918;7995448;262212;56;0;8;16384;32;2621464;3944480;34119;2139095040;0;0;0;1;1;1;1;1;1;1;1;0;0;0;0;0;0;0;0;0;0;0;0;0;0;0;0
1408063011;8312190;8311166;8257918;7995448;262212;56;0;8;16384;32;2621464;3944480;34119;2139095040;0;0;0;1;1;1;1;1;1;1;1;0;0;0;0;0;0;0;0;0;0;0;0;0;0;0;0
1408612922;8312190;8311166;8257918;7995448;262212;56;0;8;16384;32;2621464;3944480;34119;2139095040;0;0;0;1;1;1;1;1;1;1;1;0;0;0;0;0;0;0;0;0;0;0;0;0;0;0;0
1409162960;8312190;8311166;8257918;7995448;262212;56;0;8;16384;32;2621464;3944480;34119;2139095040;0;0;0;1;1;1;1;1;1;1;1;0;0;0;0;0;0;0;0;0;0;0;0;0;0;0;0
1409713512;8312190;8311166;8257918;7995448;262212;56;0;8;16384;32;2621464;3944480;34119;2139095040;0;0;0;1;1;1;1;1;1;1;1;0;0;0;0;0;0;0;0;0;0;0;0;0;0;0;0
1410263014;8312190;8311166;8257918;7995448;262212;56;0;8;16384;32;2621464;3944480;34119;2139095040;0;0;0;1;1;1;1;1;1;1;1;0;0;0;0;0;0;0;0;0;0;0;0;0;0;0;0
1410812895;8312190;8311166;8257918;7995448;262212;56;0;8;16384;32;2621464;3944480;34119;2139095040;0;0;0;1;1;1;1;1;1;1;1;0;0;0;0;0;0;0;0;0;0;0;0;0;0;0;0
1411362953;8312190;8311166;8257918;7995448;262212;56;0;8;16384;32;2621464;3944480;34119;2139095040;0;0;0;1;1;1;1;1;1;1;1;0;0;0;0;0;0;0;0;0;0;0;0;0;0;0;0
1411912948;8312190;8311166;8257918;7995448;262212;56;0;8;16384;32;2621464;3944480;34119;2139095040;0;0;0;1;1;1;1;1;1;1;1;0;0;0;0;0;0;0;0;0;0;0;0;0;0;0;0
1412462989;8312190;8311166;8257918;7995448;262212;56;0;8;16384;32;2621464;3944480;34119;2139095040;0;0;0;1;1;1;1;1;1;1;1;0;0;0;0;0;0;0;0;0;0;0;0;0;0;0;0
1413012909;8312190;8311166;8257918;7995448;262212;56;0;8;16384;32;2621464;3944480;34119;2139095040;0;0;0;1;1;1;1;1;1;1;1;0;0;0;0;0;0;0;0;0;0;0;0;0;0;0;0
1413552912;8312190;8311166;8257918;7995448;262212;56;0;8;16384;32;2621464;3944480;34119;2139095040;0;0;0;1;1;1;1;1;1;1;1;0;0;0;0;0;0;0;0;0;0;0;0;0;0;0;0
1414102932;8312190;8311166;8257918;7995448;262212;56;0;8;16384;32;2621464;3944480;34119;2139095040;0;0;0;1;1;1;1;1;1;1;1;0;0;0;0;0;0;0;0;0;0;0;0;0;0;0;0
1414652892;8312190;8311166;8257918;7995448;262212;56;0;8;16384;32;2621464;3944480;34119;2139095040;0;0;0;1;1;1;1;1;1;1;1;0;0;0;0;0;0;0;0;0;0;0;0;0;0;0;0
1415202892;8312190;8311166;8257918;7995448;262212;56;0;8;16384;32;2621464;3944480;34119;2139095040;0;0;0;1;1;1;1;1;1;1;1;0;0;0;0;0;0;0;0;0;0;0;0;0;0;0;0
1415753176;8312190;8311166;8257918;7995448;262212;56;0;8;16384;32;2621464;3944480;34119;2139095040;0;0;0;1;1;1;1;1;1;1;1;0;0;0;0;0;0;0;0;0;0;0;0;0;0;0;0
1416302943;8312190;8311166;8257918;7995448;262212;56;0;8;16384;32;2621464;3944480;34119;2139095040;0;0;0;1;1;1;1;1;1;1;1;0;0;0;0;0;0;0;0;0;0;0;0;0;0;0;0
1416853240;8312190;8311166;8257918;7995448;262212;56;0;8;16384;32;2621464;3944480;34119;2139095040;0;0;0;1;1;1;1;1;1;1;1;0;0;0;0;0;0;0;0;0;0;0;0;0;0;0;0
1417402958;8312190;8311166;8257918;7995448;262212;56;0;8;16384;32;2621464;3944480;34119;2139095040;0;0;0;1;1;1;1;1;1;1;1;0;0;0;0;0;0;0;0;0;0;0;0;0;0;0;0
1417953729;8312190;8311166;8257918;7995448;262212;56;0;8;16384;32;2621464;3944480;34119;2139095040;0;0;0;1;1;1;1;1;1;1;1;0;0;0;0;0;0;0;0;0;0;0;0;0;0;0;0
1418493324;8312190;8311166;8257918;7995448;262212;56;0;8;16384;32;2621464;3944480;34119;2139095040;0;0;0;1;1;1;1;1;1;1;1;0;0;0;0;0;0;0;0;0;0;0;0;0;0;0;0
1419042911;8312190;8311166;8257918;7995448;262212;56;0;8;16384;32;2621464;3944480;34119;2139095040;0;0;0;1;1;1;1;1;1;1;1;0;0;0;0;0;0;0;0;0;0;0;0;0;0;0;0
1419592960;8312190;8311166;8257918;7995448;262212;56;0;8;16384;32;2621464;3944480;34119;2139095040;0;0;0;1;1;1;1;1;1;1;1;0;0;0;0;0;0;0;0;0;0;0;0;0;0;0;0
1420142970;8312190;8311166;8257918;7995448;262212;56;0;8;16384;32;2621464;3944480;34119;2139095040;0;0;0;1;1;1;1;1;1;1;1;0;0;0;0;0;0;0;0;0;0;0;0;0;0;0;0
1420692925;8312190;8311166;8257918;7995448;262212;56;0;8;16384;32;2621464;3944480;34119;2139095040;0;0;0;1;1;1;1;1;1;1;1;0;0;0;0;0;0;0;0;0;0;0;0;0;0;0;0
1421243014;8312190;8311166;8257918;7995448;262212;56;0;8;16384;32;2621464;3944480;34119;2139095040;0;0;0;1;1;1;1;1;1;1;1;0;0;0;0;0;0;0;0;0;0;0;0;0;0;0;0
1421792931;8312190;8311166;8257918;7995448;262212;56;0;8;16384;32;2621464;3944480;34119;2139095040;0;0;0;1;1;1;1;1;1;1;1;0;0;0;0;0;0;0;0;0;0;0;0;0;0;0;0
1422342912;8312190;8311166;8257918;7995448;262212;56;0;8;16384;32;2621464;3944480;34119;2139095040;0;0;0;1;1;1;1;1;1;1;1;0;0;0;0;0;0;0;0;0;0;0;0;0;0;0;0
1422893677;8312190;8311166;8257918;7995448;262212;56;0;8;16384;32;2621464;3944480;34119;2139095040;0;0;0;1;1;1;1;1;1;1;1;0;0;0;0;0;0;0;0;0;0;0;0;0;0;0;0
1423443340;8312190;8311166;8257918;7995448;262212;56;0;8;16384;32;2621464;3944480;34119;2139095040;0;0;0;1;1;1;1;1;1;1;1;0;0;0;0;0;0;0;0;0;0;0;0;0;0;0;0
1423992958;8312190;8311166;8257918;7995448;262212;56;0;8;16384;32;2621464;3944480;34119;2139095040;0;0;0;1;1;1;1;1;1;1;1;0;0;0;0;0;0;0;0;0;0;0;0;0;0;0;0
1424542942;8312190;8311166;8257918;7995448;262212;56;0;8;16384;32;2621464;3944480;34119;2139095040;0;0;0;1;1;1;1;1;1;1;1;0;0;0;0;0;0;0;0;0;0;0;0;0;0;0;0
1425092985;8312190;8311166;8257918;7995448;262212;56;0;8;16384;32;2621464;3944480;34119;2139095040;0;0;0;1;1;1;1;1;1;1;1;0;0;0;0;0;0;0;0;0;0;0;0;0;0;0;0
1425632947;8312190;8311166;8257918;7995448;262212;56;0;8;16384;32;2621464;3944480;34119;2139095040;0;0;0;1;1;1;1;1;1;1;1;0;0;0;0;0;0;0;0;0;0;0;0;0;0;0;0
1426182911;8312190;8311166;8257918;7995448;262212;56;0;8;16384;32;2621464;3944480;34119;2139095040;0;0;0;1;1;1;1;1;1;1;1;0;0;0;0;0;0;0;0;0;0;0;0;0;0;0;0
1426733158;8312190;8311166;8257918;7995448;262212;56;0;8;16384;32;2621464;3944480;34119;2139095040;0;0;0;1;1;1;1;1;1;1;1;0;0;0;0;0;0;0;0;0;0;0;0;0;0;0;0
1427282956;8312190;8311166;8257918;7995448;262212;56;0;8;16384;32;2621464;3944480;34119;2139095040;0;0;0;1;1;1;1;1;1;1;1;0;0;0;0;0;0;0;0;0;0;0;0;0;0;0;0
1427832890;8312190;8311166;8257918;7995448;262212;56;0;8;16384;32;2621464;3944480;34119;2139095040;0;0;0;1;1;1;1;1;1;1;1;0;0;0;0;0;0;0;0;0;0;0;0;0;0;0;0
1428383031;8312190;8311166;8257918;7995448;262212;56;0;8;16384;32;2621464;3944480;34119;2139095040;0;0;0;1;1;1;1;1;1;1;1;0;0;0;0;0;0;0;0;0;0;0;0;0;0;0;0
1428932963;8312190;8311166;8257918;7995448;262212;56;0;8;16384;32;2621464;3944480;34119;2139095040;0;0;0;1;1;1;1;1;1;1;1;0;0;0;0;0;0;0;0;0;0;0;0;0;0;0;0
1429482892;8312190;8311166;8257918;7995448;262212;56;0;8;16384;32;2621464;3944480;34119;2139095040;0;0;0;1;1;1;1;1;1;1;1;0;0;0;0;0;0;0;0;0;0;0;0;0;0;0;0
1430032938;8312190;8311166;8257918;7995448;262212;56;0;8;16384;32;2621464;3944480;34119;2139095040;0;0;0;1;1;1;1;1;1;1;1;0;0;0;0;0;0;0;0;0;0;0;0;0;0;0;0
1430582945;8312190;8311166;8257918;7995448;262212;56;0;8;16384;32;2621464;3944480;34119;2139095040;0;0;0;1;1;1;1;1;1;1;1;0;0;0;0;0;0;0;0;0;0;0;0;0;0;0;0
1431133037;8312190;8311166;8257918;7995448;262212;56;0;8;16384;32;2621464;3944480;34119;2139095040;0;0;0;1;1;1;1;1;1;1;1;0;0;0;0;0;0;0;0;0;0;0;0;0;0;0;0
1431682960;8312190;8311166;8257918;7995448;262212;56;0;8;16384;32;2621464;3944480;34119;2139095040;0;0;0;1;1;1;1;1;1;1;1;0;0;0;0;0;0;0;0;0;0;0;0;0;0;0;0
1432232891;8312190;8311166;8257918;7995448;262212;56;0;8;16384;32;2621464;3944480;34119;2139095040;0;0;0;1;1;1;1;1;1;1;1;0;0;0;0;0;0;0;0;0;0;0;0;0;0;0;0
1432773911;8312190;8311166;8257918;7995448;262212;56;0;8;16384;32;2621464;3944480;34119;2139095040;0;0;0;1;1;1;1;1;1;1;1;0;0;0;0;0;0;0;0;0;0;0;0;0;0;0;0
1433323986;8312190;8311166;8257918;7995448;262212;56;0;8;16384;32;2621464;3944480;34119;2139095040;0;0;0;1;1;1;1;1;1;1;1;0;0;0;0;0;0;0;0;0;0;0;0;0;0;0;0
1433874209;8312190;8311166;8257918;7995448;262212;56;0;8;16384;32;2621464;3944480;34119;2139095040;0;0;0;1;1;1;1;1;1;1;1;0;0;0;0;0;0;0;0;0;0;0;0;0;0;0;0
1434423963;8312190;8311166;8257918;7995448;262212;56;0;8;16384;32;2621464;3944480;34119;2139095040;0;0;0;1;1;1;1;1;1;1;1;0;0;0;0;0;0;0;0;0;0;0;0;0;0;0;0
1434973932;8312190;8311166;8257918;7995448;262212;56;0;8;16384;32;2621464;3944480;34119;2139095040;0;0;0;1;1;1;1;1;1;1;1;0;0;0;0;0;0;0;0;0;0;0;0;0;0;0;0
1435523932;8312190;8311166;8257918;7995448;262212;56;0;8;16384;32;2621464;3944480;34119;2139095040;0;0;0;1;1;1;1;1;1;1;1;0;0;0;0;0;0;0;0;0;0;0;0;0;0;0;0
1436074664;8312190;8311166;8257918;7995448;262212;56;0;8;16384;32;2621464;3944480;34119;2139095040;0;0;0;1;1;1;1;1;1;1;1;0;0;0;0;0;0;0;0;0;0;0;0;0;0;0;0
1436624161;8312190;8311166;8257918;7995448;262212;56;0;8;16384;32;2621464;3944480;34119;2139095040;0;0;0;1;1;1;1;1;1;1;1;0;0;0;0;0;0;0;0;0;0;0;0;0;0;0;0
1437174003;8312190;8311166;8257918;7995448;262212;56;0;8;16384;32;2621464;3944480;34119;2139095040;0;0;0;1;1;1;1;1;1;1;1;0;0;0;0;0;0;0;0;0;0;0;0;0;0;0;0
1437723892;8312190;8311166;8257918;7995448;262212;56;0;8;16384;32;2621464;3944480;34119;2139095040;0;0;0;1;1;1;1;1;1;1;1;0;0;0;0;0;0;0;0;0;0;0;0;0;0;0;0
1438274013;8312190;8311166;8257918;7995448;262212;56;0;8;16384;32;2621464;3944480;34119;2139095040;0;0;0;1;1;1;1;1;1;1;1;0;0;0;0;0;0;0;0;0;0;0;0;0;0;0;0
1438813969;8312190;8311166;8257918;7995448;262212;56;0;8;16384;32;2621464;3944480;34119;2139095040;0;0;0;1;1;1;1;1;1;1;1;0;0;0;0;0;0;0;0;0;0;0;0;0;0;0;0
1439363975;8312190;8311166;8257918;7995448;262212;56;0;8;16384;32;2621464;3944480;34119;2139095040;0;0;0;1;1;1;1;1;1;1;1;0;0;0;0;0;0;0;0;0;0;0;0;0;0;0;0
1439913941;8312190;8311166;8257918;7995448;262212;56;0;8;16384;32;2621464;3944480;34119;2139095040;0;0;0;1;1;1;1;1;1;1;1;0;0;0;0;0;0;0;0;0;0;0;0;0;0;0;0
1440463981;8312190;8311166;8257918;7995448;262212;56;0;8;16384;32;2621464;3944480;34119;2139095040;0;0;0;1;1;1;1;1;1;1;1;0;0;0;0;0;0;0;0;0;0;0;0;0;0;0;0
1441014140;8312190;8311166;8257918;7995448;262212;56;0;8;16384;32;2621464;3944480;34119;2139095040;0;0;0;1;1;1;1;1;1;1;1;0;0;0;0;0;0;0;0;0;0;0;0;0;0;0;0
1441563956;8312190;8311166;8257918;7995448;262212;56;0;8;16384;32;2621464;3944480;34119;2139095040;0;0;0;1;1;1;1;1;1;1;1;0;0;0;0;0;0;0;0;0;0;0;0;0;0;0;0
1442113998;8312190;8311166;8257918;7995448;262212;56;0;8;16384;32;2621464;3944480;34119;2139095040;0;0;0;1;1;1;1;1;1;1;1;0;0;0;0;0;0;0;0;0;0;0;0;0;0;0;0
1442663948;8312190;8311166;8257918;7995448;262212;56;0;8;16384;32;2621464;3944480;34119;2139095040;0;0;0;1;1;1;1;1;1;1;1;0;0;0;0;0;0;0;0;0;0;0;0;0;0;0;0
1443214334;8312190;8311166;8257918;7995448;262212;56;0;8;16384;32;2621464;3944480;34119;2139095040;0;0;0;1;1;1;1;1;1;1;1;0;0;0;0;0;0;0;0;0;0;0;0;0;0;0;0
1444314894;8312190;8311166;8257918;7995448;262212;56;0;8;16384;32;2621464;3944480;34119;2139095040;0;0;0;1;1;1;1;1;1;1;1;0;0;0;0;0;0;0;0;0;0;0;0;0;0;0;0
1444865038;8312190;8311166;8257918;7995448;262212;56;0;8;16384;32;2621464;3944480;34119;2139095040;0;0;0;1;1;1;1;1;1;1;1;0;0;0;0;0;0;0;0;0;0;0;0;0;0;0;0
1445414893;8312190;8311166;8257918;7995448;262212;56;0;8;16384;32;2621464;3944480;34119;2139095040;0;0;0;1;1;1;1;1;1;1;1;0;0;0;0;0;0;0;0;0;0;0;0;0;0;0;0
1445929524;8312190;8311166;8257918;7995448;262212;56;0;8;16384;32;2621464;3944480;34119;2139095040;0;0;0;1;1;1;1;1;1;1;1;0;0;0;0;0;0;0;0;0;0;0;0;0;0;0;0
1446479011;8312190;8311166;8257918;7995448;262212;56;0;8;16384;32;2621464;3944480;34119;2139095040;0;0;0;1;1;1;1;1;1;1;1;0;0;0;0;0;0;0;0;0;0;0;0;0;0;0;0
