timestamp;armed_time;takeoff_time;nav_state_timestamp;valid_nav_states_mask;can_set_nav_states_mask;failure_detector_status;arming_state;latest_arming_reason;latest_disarming_reason;nav_state_user_intention;nav_state;executor_in_charge;hil_state;vehicle_type;failsafe;failsafe_and_user_took_over;failsafe_defer_state;gcs_connection_lost;gcs_connection_lost_counter;high_latency_data_link_lost;is_vtol;is_vtol_tailsitter;in_transition_mode;in_transition_to_fw;system_type;system_id;component_id;safety_button_available;safety_off;power_input_valid;usb_connected;open_drone_id_system_present;open_drone_id_system_healthy;parachute_system_present;parachute_system_healthy;rc_calibration_in_progress;calibration_enabled;pre_flight_checks_pass
1250776205;1250776091;0;944170131;2147411327;8308095;0;2;1;1;15;15;0;0;1;0;0;0;0;0;0;0;0;0;0;2;1;1;1;1;1;1;0;0;0;0;0;0;1
1251280841;1250776091;0;944170131;2147411327;8308095;0;2;1;1;15;15;0;0;1;0;0;0;0;0;0;0;0;0;0;2;1;1;1;1;1;1;0;0;0;0;0;0;1
1251786763;1250776091;0;944170131;2147411327;8308095;0;2;1;1;15;15;0;0;1;0;0;0;0;0;0;0;0;0;0;2;1;1;1;1;1;1;0;0;0;0;0;0;1
1252292762;1250776091;0;944170131;2147411327;8308095;0;2;1;1;15;15;0;0;1;0;0;0;0;0;0;0;0;0;0;2;1;1;1;1;1;1;0;0;0;0;0;0;1
1252798981;1250776091;1252556827;944170131;2147411327;8308095;0;2;1;1;15;15;0;0;1;0;0;0;0;0;0;0;0;0;0;2;1;1;1;1;1;1;0;0;0;0;0;0;1
1253304824;1250776091;1252556827;944170131;2147411327;8308095;0;2;1;1;15;15;0;0;1;0;0;0;0;0;0;0;0;0;0;2;1;1;1;1;1;1;0;0;0;0;0;0;1
1253810900;1250776091;1252556827;944170131;2147411327;8308095;0;2;1;1;15;15;0;0;1;0;0;0;0;0;0;0;0;0;0;2;1;1;1;1;1;1;0;0;0;0;0;0;1
1254316840;1250776091;1252556827;944170131;2147411327;8308095;0;2;1;1;15;15;0;0;1;0;0;0;0;0;0;0;0;0;0;2;1;1;1;1;1;1;0;0;0;0;0;0;1
1254822760;1250776091;1252556827;944170131;2147411327;8308095;0;2;1;1;15;15;0;0;1;0;0;0;0;0;0;0;0;0;0;2;1;1;1;1;1;1;0;0;0;0;0;0;1
1255328774;1250776091;1252556827;944170131;2147411327;8308095;0;2;1;1;15;15;0;0;1;0;0;0;0;0;0;0;0;0;0;2;1;1;1;1;1;1;0;0;0;0;0;0;1
1255834764;1250776091;1252556827;944170131;2147411327;8308095;0;2;1;1;15;15;0;0;1;0;0;0;0;0;0;0;0;0;0;2;1;1;1;1;1;1;0;0;0;0;0;0;1
1256340779;1250776091;1252556827;944170131;2147411327;8308095;0;2;1;1;15;15;0;0;1;0;0;0;0;0;0;0;0;0;0;2;1;1;1;1;1;1;0;0;0;0;0;0;1
1256846780;1250776091;1252556827;944170131;2147411327;8308095;0;2;1;1;15;15;0;0;1;0;0;0;0;0;0;0;0;0;0;2;1;1;1;1;1;1;0;0;0;0;0;0;1
1257353897;1250776091;1252556827;944170131;2147411327;8308095;0;2;1;1;15;15;0;0;1;0;0;0;0;0;0;0;0;0;0;2;1;1;1;1;1;1;0;0;0;0;0;0;1
1257860013;1250776091;1252556827;944170131;2147411327;8308095;0;2;1;1;15;15;0;0;1;0;0;0;0;0;0;0;0;0;0;2;1;1;1;1;1;1;0;0;0;0;0;0;1
1258365761;1250776091;1252556827;944170131;2147411327;8308095;0;2;1;1;15;15;0;0;1;0;0;0;0;0;0;0;0;0;0;2;1;1;1;1;1;1;0;0;0;0;0;0;1
1258871761;1250776091;1252556827;944170131;2147411327;8308095;0;2;1;1;15;15;0;0;1;0;0;0;0;0;0;0;0;0;0;2;1;1;1;1;1;1;0;0;0;0;0;0;1
1259377775;1250776091;1252556827;944170131;2147411327;8308095;0;2;1;1;15;15;0;0;1;0;0;0;0;0;0;0;0;0;0;2;1;1;1;1;1;1;0;0;0;0;0;0;1
1259883937;1250776091;1252556827;944170131;2147411327;8308095;0;2;1;1;15;15;0;0;1;0;0;0;0;0;0;0;0;0;0;2;1;1;1;1;1;1;0;0;0;0;0;0;1
1260389874;1250776091;1252556827;944170131;2147411327;8308095;0;2;1;1;15;15;0;0;1;0;0;0;0;0;0;0;0;0;0;2;1;1;1;1;1;1;0;0;0;0;0;0;1
1260895824;1250776091;1252556827;944170131;2147411327;8308095;0;2;1;1;15;15;0;0;1;0;0;0;0;0;0;0;0;0;0;2;1;1;1;1;1;1;0;0;0;0;0;0;1
1261401761;1250776091;1252556827;944170131;2147411327;8308095;0;2;1;1;15;15;0;0;1;0;0;0;0;0;0;0;0;0;0;2;1;1;1;1;1;1;0;0;0;0;0;0;1
1261907798;1250776091;1252556827;944170131;2147411327;8308095;0;2;1;1;15;15;0;0;1;0;0;0;0;0;0;0;0;0;0;2;1;1;1;1;1;1;0;0;0;0;0;0;1
1262413929;1250776091;1252556827;944170131;2147411327;8308095;0;2;1;1;15;15;0;0;1;0;0;0;0;0;0;0;0;0;0;2;1;1;1;1;1;1;0;0;0;0;0;0;1
1262919854;1250776091;1252556827;944170131;2147411327;8308095;0;2;1;1;15;15;0;0;1;0;0;0;0;0;0;0;0;0;0;2;1;1;1;1;1;1;0;0;0;0;0;0;1
1263425762;1250776091;1252556827;944170131;2147411327;8308095;0;2;1;1;15;15;0;0;1;0;0;0;0;0;0;0;0;0;0;2;1;1;1;1;1;1;0;0;0;0;0;0;1
1263931763;1250776091;1252556827;944170131;2147411327;8308095;0;2;1;1;15;15;0;0;1;0;0;0;0;0;0;0;0;0;0;2;1;1;1;1;1;1;0;0;0;0;0;0;1
1264438690;1250776091;1252556827;944170131;2147411327;8308095;0;2;1;1;15;15;0;0;1;0;0;0;0;0;0;0;0;0;0;2;1;1;1;1;1;1;0;0;0;0;0;0;1
1264943943;1250776091;1252556827;944170131;2147411327;8308095;0;2;1;1;15;15;0;0;1;0;0;0;0;0;0;0;0;0;0;2;1;1;1;1;1;1;0;0;0;0;0;0;1
1265450297;1250776091;1252556827;944170131;2147411327;8308095;0;2;1;1;15;15;0;0;1;0;0;0;0;0;0;0;0;0;0;2;1;1;1;1;1;1;0;0;0;0;0;0;1
1265955781;1250776091;1252556827;944170131;2147411327;8308095;0;2;1;1;15;15;0;0;1;0;0;0;0;0;0;0;0;0;0;2;1;1;1;1;1;1;0;0;0;0;0;0;1
1266461761;1250776091;1252556827;944170131;2147411327;8308095;0;2;1;1;15;15;0;0;1;0;0;0;0;0;0;0;0;0;0;2;1;1;1;1;1;1;0;0;0;0;0;0;1
1266967761;1250776091;1252556827;944170131;2147411327;8308095;0;2;1;1;15;15;0;0;1;0;0;0;0;0;0;0;0;0;0;2;1;1;1;1;1;1;0;0;0;0;0;0;1
1267473956;1250776091;1252556827;944170131;2147411327;8308095;0;2;1;1;15;15;0;0;1;0;0;0;0;0;0;0;0;0;0;2;1;1;1;1;1;1;0;0;0;0;0;0;1
1267979762;1250776091;1252556827;944170131;2147411327;8308095;0;2;1;1;15;15;0;0;1;0;0;0;0;0;0;0;0;0;0;2;1;1;1;1;1;1;0;0;0;0;0;0;1
1268485761;1250776091;1252556827;944170131;2147411327;8308095;0;2;1;1;15;15;0;0;1;0;0;0;0;0;0;0;0;0;0;2;1;1;1;1;1;1;0;0;0;0;0;0;1
1268991760;1250776091;1252556827;944170131;2147411327;8308095;0;2;1;1;15;15;0;0;1;0;0;0;0;0;0;0;0;0;0;2;1;1;1;1;1;1;0;0;0;0;0;0;1
1269497762;1250776091;1252556827;944170131;2147411327;8308095;0;2;1;1;15;15;0;0;1;0;0;0;0;0;0;0;0;0;0;2;1;1;1;1;1;1;0;0;0;0;0;0;1
1270004773;1250776091;1252556827;944170131;2147411327;8308095;0;2;1;1;15;15;0;0;1;0;0;0;0;0;0;0;0;0;0;2;1;1;1;1;1;1;0;0;0;0;0;0;1
1270510760;1250776091;1252556827;944170131;2147411327;8308095;0;2;1;1;15;15;0;0;1;0;0;0;0;0;0;0;0;0;0;2;1;1;1;1;1;1;0;0;0;0;0;0;1
1271016767;1250776091;1252556827;944170131;2147411327;8308095;0;2;1;1;15;15;0;0;1;0;0;0;0;0;0;0;0;0;0;2;1;1;1;1;1;1;0;0;0;0;0;0;1
1271524433;1250776091;1252556827;944170131;2147411327;8308095;0;2;1;1;15;15;0;0;1;0;0;0;0;0;0;0;0;0;0;2;1;1;1;1;1;1;0;0;0;0;0;0;1
1272029762;1250776091;1252556827;944170131;2147411327;8308095;0;2;1;1;15;15;0;0;1;0;0;0;0;0;0;0;0;0;0;2;1;1;1;1;1;1;0;0;0;0;0;0;1
1272535862;1250776091;1252556827;944170131;2147411327;8308095;0;2;1;1;15;15;0;0;1;0;0;0;0;0;0;0;0;0;0;2;1;1;1;1;1;1;0;0;0;0;0;0;1
1273041772;1250776091;1252556827;944170131;2147411327;8308095;0;2;1;1;15;15;0;0;1;0;0;0;0;0;0;0;0;0;0;2;1;1;1;1;1;1;0;0;0;0;0;0;1
1273547760;1250776091;1252556827;944170131;2147411327;8308095;0;2;1;1;15;15;0;0;1;0;0;0;0;0;0;0;0;0;0;2;1;1;1;1;1;1;0;0;0;0;0;0;1
1274053967;1250776091;1252556827;944170131;2147411327;8308095;0;2;1;1;15;15;0;0;1;0;0;0;0;0;0;0;0;0;0;2;1;1;1;1;1;1;0;0;0;0;0;0;1
1274559793;1250776091;1252556827;944170131;2147411327;8308095;0;2;1;1;15;15;0;0;1;0;0;0;0;0;0;0;0;0;0;2;1;1;1;1;1;1;0;0;0;0;0;0;1
1275065760;1250776091;1252556827;944170131;2147411327;8308095;0;2;1;1;15;15;0;0;1;0;0;0;0;0;0;0;0;0;0;2;1;1;1;1;1;1;0;0;0;0;0;0;1
1275571777;1250776091;1252556827;944170131;2147411327;8308095;0;2;1;1;15;15;0;0;1;0;0;0;0;0;0;0;0;0;0;2;1;1;1;1;1;1;0;0;0;0;0;0;1
1276077781;1250776091;1252556827;944170131;2147411327;8308095;0;2;1;1;15;15;0;0;1;0;0;0;0;0;0;0;0;0;0;2;1;1;1;1;1;1;0;0;0;0;0;0;1
1276583899;1250776091;1252556827;944170131;2147411327;8308095;0;2;1;1;15;15;0;0;1;0;0;0;0;0;0;0;0;0;0;2;1;1;1;1;1;1;0;0;0;0;0;0;1
1277089759;1250776091;1252556827;944170131;2147411327;8308095;0;2;1;1;15;15;0;0;1;0;0;0;0;0;0;0;0;0;0;2;1;1;1;1;1;1;0;0;0;0;0;0;1
1277595761;1250776091;1252556827;944170131;2147411327;8308095;0;2;1;1;15;15;0;0;1;0;0;0;0;0;0;0;0;0;0;2;1;1;1;1;1;1;0;0;0;0;0;0;1
1278101760;1250776091;1252556827;944170131;2147411327;8308095;0;2;1;1;15;15;0;0;1;0;0;0;0;0;0;0;0;0;0;2;1;1;1;1;1;1;0;0;0;0;0;0;1
1278609028;1250776091;1252556827;944170131;2147411327;8308095;0;2;1;1;15;15;0;0;1;0;0;0;0;0;0;0;0;0;0;2;1;1;1;1;1;1;0;0;0;0;0;0;1
1279114763;1250776091;1252556827;944170131;2147411327;8308095;0;2;1;1;15;15;0;0;1;0;0;0;0;0;0;0;0;0;0;2;1;1;1;1;1;1;0;0;0;0;0;0;1
1279620763;1250776091;1252556827;944170131;2147411327;8308095;0;2;1;1;15;15;0;0;1;0;0;0;0;0;0;0;0;0;0;2;1;1;1;1;1;1;0;0;0;0;0;0;1
1280126815;1250776091;1252556827;944170131;2147411327;8308095;0;2;1;1;15;15;0;0;1;0;0;0;0;0;0;0;0;0;0;2;1;1;1;1;1;1;0;0;0;0;0;0;1
1280632762;1250776091;1252556827;944170131;2147411327;8308095;0;2;1;1;15;15;0;0;1;0;0;0;0;0;0;0;0;0;0;2;1;1;1;1;1;1;0;0;0;0;0;0;1
1281138761;1250776091;1252556827;944170131;2147411327;8308095;0;2;1;1;15;15;0;0;1;0;0;0;0;0;0;0;0;0;0;2;1;1;1;1;1;1;0;0;0;0;0;0;1
1281644767;1250776091;1252556827;944170131;2147411327;8308095;0;2;1;1;15;15;0;0;1;0;0;0;0;0;0;0;0;0;0;2;1;1;1;1;1;1;0;0;0;0;0;0;1
1282150760;1250776091;1252556827;944170131;2147411327;8308095;0;2;1;1;15;15;0;0;1;0;0;0;0;0;0;0;0;0;0;2;1;1;1;1;1;1;0;0;0;0;0;0;1
1282656765;1250776091;1252556827;944170131;2147411327;8308095;0;2;1;1;15;15;0;0;1;0;0;0;0;0;0;0;0;0;0;2;1;1;1;1;1;1;0;0;0;0;0;0;1
1283162762;1250776091;1252556827;944170131;2147411327;8308095;0;2;1;1;15;15;0;0;1;0;0;0;0;0;0;0;0;0;0;2;1;1;1;1;1;1;0;0;0;0;0;0;1
1283668781;1250776091;1252556827;944170131;2147411327;8308095;0;2;1;1;15;15;0;0;1;0;0;0;0;0;0;0;0;0;0;2;1;1;1;1;1;1;0;0;0;0;0;0;1
1284175289;1250776091;1252556827;944170131;2147411327;8308095;0;2;1;1;15;15;0;0;1;0;0;0;0;0;0;0;0;0;0;2;1;1;1;1;1;1;0;0;0;0;0;0;1
1284680780;1250776091;1252556827;944170131;2147411327;8308095;0;2;1;1;15;15;0;0;1;0;0;0;0;0;0;0;0;0;0;2;1;1;1;1;1;1;0;0;0;0;0;0;1
1285187072;1250776091;1252556827;944170131;2147411327;8308095;0;2;1;1;15;15;0;0;1;0;0;0;0;0;0;0;0;0;0;2;1;1;1;1;1;1;0;0;0;0;0;0;1
1285692797;1250776091;1252556827;944170131;2147411327;8308095;0;2;1;1;15;15;0;0;1;0;0;0;0;0;0;0;0;0;0;2;1;1;1;1;1;1;0;0;0;0;0;0;1
1286198761;1250776091;1252556827;944170131;2147411327;8308095;0;2;1;1;15;15;0;0;1;0;0;0;0;0;0;0;0;0;0;2;1;1;1;1;1;1;0;0;0;0;0;0;1
1286705761;1250776091;1252556827;944170131;2147411327;8308095;0;2;1;1;15;15;0;0;1;0;0;0;0;0;0;0;0;0;0;2;1;1;1;1;1;1;0;0;0;0;0;0;1
1287211762;1250776091;1252556827;944170131;2147411327;8308095;0;2;1;1;15;15;0;0;1;0;0;0;0;0;0;0;0;0;0;2;1;1;1;1;1;1;0;0;0;0;0;0;1
1287717762;1250776091;1252556827;944170131;2147411327;8308095;0;2;1;1;15;15;0;0;1;0;0;0;0;0;0;0;0;0;0;2;1;1;1;1;1;1;0;0;0;0;0;0;1
1288224532;1250776091;1252556827;944170131;2147411327;8308095;0;2;1;1;15;15;0;0;1;0;0;0;0;0;0;0;0;0;0;2;1;1;1;1;1;1;0;0;0;0;0;0;1
1288729779;1250776091;1252556827;944170131;2147411327;8308095;0;2;1;1;15;15;0;0;1;0;0;0;0;0;0;0;0;0;0;2;1;1;1;1;1;1;0;0;0;0;0;0;1
1289235780;1250776091;1252556827;944170131;2147411327;8308095;0;2;1;1;15;15;0;0;1;0;0;0;0;0;0;0;0;0;0;2;1;1;1;1;1;1;0;0;0;0;0;0;1
1289742107;1250776091;1252556827;944170131;2147411327;8308095;0;2;1;1;15;15;0;0;1;0;0;0;0;0;0;0;0;0;0;2;1;1;1;1;1;1;0;0;0;0;0;0;1
1290247762;1250776091;1252556827;944170131;2147411327;8308095;0;2;1;1;15;15;0;0;1;0;0;0;0;0;0;0;0;0;0;2;1;1;1;1;1;1;0;0;0;0;0;0;1
1290753897;1250776091;1252556827;944170131;2147411327;8308095;0;2;1;1;15;15;0;0;1;0;0;0;0;0;0;0;0;0;0;2;1;1;1;1;1;1;0;0;0;0;0;0;1
1291259762;1250776091;1252556827;944170131;2147411327;8308095;0;2;1;1;15;15;0;0;1;0;0;0;0;0;0;0;0;0;0;2;1;1;1;1;1;1;0;0;0;0;0;0;1
1291765759;1250776091;1252556827;944170131;2147411327;8308095;0;2;1;1;15;15;0;0;1;0;0;0;0;0;0;0;0;0;0;2;1;1;1;1;1;1;0;0;0;0;0;0;1
1292271761;1250776091;1252556827;944170131;2147411327;8308095;0;2;1;1;15;15;0;0;1;0;0;0;0;0;0;0;0;0;0;2;1;1;1;1;1;1;0;0;0;0;0;0;1
1292777762;1250776091;1252556827;944170131;2147411327;8308095;0;2;1;1;15;15;0;0;1;0;0;0;0;0;0;0;0;0;0;2;1;1;1;1;1;1;0;0;0;0;0;0;1
1293283924;1250776091;1252556827;944170131;2147411327;8308095;0;2;1;1;15;15;0;0;1;0;0;0;0;0;0;0;0;0;0;2;1;1;1;1;1;1;0;0;0;0;0;0;1
1293789762;1250776091;1252556827;944170131;2147411327;8308095;0;2;1;1;15;15;0;0;1;0;0;0;0;0;0;0;0;0;0;2;1;1;1;1;1;1;0;0;0;0;0;0;1
1294295862;1250776091;1252556827;944170131;2147411327;8308095;0;2;1;1;15;15;0;0;1;0;0;0;0;0;0;0;0;0;0;2;1;1;1;1;1;1;0;0;0;0;0;0;1
1294801761;1250776091;1252556827;944170131;2147411327;8308095;0;2;1;1;15;15;0;0;1;0;0;0;0;0;0;0;0;0;0;2;1;1;1;1;1;1;0;0;0;0;0;0;1
1295307780;1250776091;1252556827;944170131;2147411327;8308095;0;2;1;1;15;15;0;0;1;0;0;0;0;0;0;0;0;0;0;2;1;1;1;1;1;1;0;0;0;0;0;0;1
1295813898;1250776091;1252556827;944170131;2147411327;8308095;0;2;1;1;15;15;0;0;1;0;0;0;0;0;0;0;0;0;0;2;1;1;1;1;1;1;0;0;0;0;0;0;1
1296319762;1250776091;1252556827;944170131;2147411327;8308095;0;2;1;1;15;15;0;0;1;0;0;0;0;0;0;0;0;0;0;2;1;1;1;1;1;1;0;0;0;0;0;0;1
1296826325;1250776091;1252556827;944170131;2147411327;8308095;0;2;1;1;15;15;0;0;1;0;0;0;0;0;0;0;0;0;0;2;1;1;1;1;1;1;0;0;0;0;0;0;1
1297332763;1250776091;1252556827;944170131;2147411327;8308095;0;2;1;1;15;15;0;0;1;0;0;0;0;0;0;0;0;0;0;2;1;1;1;1;1;1;0;0;0;0;0;0;1
1297838760;1250776091;1252556827;944170131;2147411327;8308095;0;2;1;1;15;15;0;0;1;0;0;0;0;0;0;0;0;0;0;2;1;1;1;1;1;1;0;0;0;0;0;0;1
1298345026;1250776091;1252556827;944170131;2147411327;8308095;0;2;1;1;15;15;0;0;1;0;0;0;0;0;0;0;0;0;0;2;1;1;1;1;1;1;0;0;0;0;0;0;1
1298850832;1250776091;1252556827;944170131;2147411327;8308095;0;2;1;1;15;15;0;0;1;0;0;0;0;0;0;0;0;0;0;2;1;1;1;1;1;1;0;0;0;0;0;0;1
1299356761;1250776091;1252556827;944170131;2147411327;8308095;0;2;1;1;15;15;0;0;1;0;0;0;0;0;0;0;0;0;0;2;1;1;1;1;1;1;0;0;0;0;0;0;1
1299862760;1250776091;1252556827;944170131;2147411327;8308095;0;2;1;1;15;15;0;0;1;0;0;0;0;0;0;0;0;0;0;2;1;1;1;1;1;1;0;0;0;0;0;0;1
1300368773;1250776091;1252556827;944170131;2147411327;8308095;0;2;1;1;15;15;0;0;1;0;0;0;0;0;0;0;0;0;0;2;1;1;1;1;1;1;0;0;0;0;0;0;1
1300876029;1250776091;1252556827;944170131;2147411327;8308095;0;2;1;1;15;15;0;0;1;0;0;0;0;0;0;0;0;0;0;2;1;1;1;1;1;1;0;0;0;0;0;0;1
1301381761;1250776091;1252556827;944170131;2147411327;8308095;0;2;1;1;15;15;0;0;1;0;0;0;0;0;0;0;0;0;0;2;1;1;1;1;1;1;0;0;0;0;0;0;1
1301887761;1250776091;1252556827;944170131;2147411327;8308095;0;2;1;1;15;15;0;0;1;0;0;0;0;0;0;0;0;0;0;2;1;1;1;1;1;1;0;0;0;0;0;0;1
1302393765;1250776091;1252556827;944170131;2147411327;8308095;0;2;1;1;15;15;0;0;1;0;0;0;0;0;0;0;0;0;0;2;1;1;1;1;1;1;0;0;0;0;0;0;1
1302900237;1250776091;1252556827;944170131;2147411327;8308095;0;2;1;1;15;15;0;0;1;0;0;0;0;0;0;0;0;0;0;2;1;1;1;1;1;1;0;0;0;0;0;0;1
1303405946;1250776091;1252556827;944170131;2147411327;8308095;0;2;1;1;15;15;0;0;1;0;0;0;0;0;0;0;0;0;0;2;1;1;1;1;1;1;0;0;0;0;0;0;1
1303911795;1250776091;1252556827;944170131;2147411327;8308095;0;2;1;1;15;15;0;0;1;0;0;0;0;0;0;0;0;0;0;2;1;1;1;1;1;1;0;0;0;0;0;0;1
1304417999;1250776091;1252556827;944170131;2147411327;8308095;0;2;1;1;15;15;0;0;1;0;0;0;0;0;0;0;0;0;0;2;1;1;1;1;1;1;0;0;0;0;0;0;1
1304923783;1250776091;1252556827;944170131;2147411327;8308095;0;2;1;1;15;15;0;0;1;0;0;0;0;0;0;0;0;0;0;2;1;1;1;1;1;1;0;0;0;0;0;0;1
1305429783;1250776091;1252556827;944170131;2147411327;8308095;0;2;1;1;15;15;0;0;1;0;0;0;0;0;0;0;0;0;0;2;1;1;1;1;1;1;0;0;0;0;0;0;1
1305936896;1250776091;1252556827;944170131;2147411327;8308095;0;2;1;1;15;15;0;0;1;0;0;0;0;0;0;0;0;0;0;2;1;1;1;1;1;1;0;0;0;0;0;0;1
1306442762;1250776091;1252556827;944170131;2147411327;8308095;0;2;1;1;15;15;0;0;1;0;0;0;0;0;0;0;0;0;0;2;1;1;1;1;1;1;0;0;0;0;0;0;1
1306949090;1250776091;1252556827;944170131;2147411327;8308095;0;2;1;1;15;15;0;0;1;0;0;0;0;0;0;0;0;0;0;2;1;1;1;1;1;1;0;0;0;0;0;0;1
1307454798;1250776091;1252556827;944170131;2147411327;8308095;0;2;1;1;15;15;0;0;1;0;0;0;0;0;0;0;0;0;0;2;1;1;1;1;1;1;0;0;0;0;0;0;1
1307960988;1250776091;1252556827;944170131;2147411327;8308095;0;2;1;1;15;15;0;0;1;0;0;0;0;0;0;0;0;0;0;2;1;1;1;1;1;1;0;0;0;0;0;0;1
1308466947;1250776091;1252556827;944170131;2147411327;8308095;0;2;1;1;15;15;0;0;1;0;0;0;0;0;0;0;0;0;0;2;1;1;1;1;1;1;0;0;0;0;0;0;1
1308972781;1250776091;1252556827;944170131;2147411327;8308095;0;2;1;1;15;15;0;0;1;0;0;0;0;0;0;0;0;0;0;2;1;1;1;1;1;1;0;0;0;0;0;0;1
1309478834;1250776091;1252556827;944170131;2147411327;8308095;0;2;1;1;15;15;0;0;1;0;0;0;0;0;0;0;0;0;0;2;1;1;1;1;1;1;0;0;0;0;0;0;1
1309984760;1250776091;1252556827;944170131;2147411327;8308095;0;2;1;1;15;15;0;0;1;0;0;0;0;0;0;0;0;0;0;2;1;1;1;1;1;1;0;0;0;0;0;0;1
1310490761;1250776091;1252556827;944170131;2147411327;8308095;0;2;1;1;15;15;0;0;1;0;0;0;0;0;0;0;0;0;0;2;1;1;1;1;1;1;0;0;0;0;0;0;1
1310996931;1250776091;1252556827;944170131;2147411327;8308095;0;2;1;1;15;15;0;0;1;0;0;0;0;0;0;0;0;0;0;2;1;1;1;1;1;1;0;0;0;0;0;0;1
1311502834;1250776091;1252556827;944170131;2147411327;8308095;0;2;1;1;15;15;0;0;1;0;0;0;0;0;0;0;0;0;0;2;1;1;1;1;1;1;0;0;0;0;0;0;1
1312008761;1250776091;1252556827;944170131;2147411327;8308095;0;2;1;1;15;15;0;0;1;0;0;0;0;0;0;0;0;0;0;2;1;1;1;1;1;1;0;0;0;0;0;0;1
1312514761;1250776091;1252556827;944170131;2147411327;8308095;0;2;1;1;15;15;0;0;1;0;0;0;0;0;0;0;0;0;0;2;1;1;1;1;1;1;0;0;0;0;0;0;1
1313020822;1250776091;1252556827;944170131;2147411327;8308095;0;2;1;1;15;15;0;0;1;0;0;0;0;0;0;0;0;0;0;2;1;1;1;1;1;1;0;0;0;0;0;0;1
1313528076;1250776091;1252556827;944170131;2147411327;8308095;0;2;1;1;15;15;0;0;1;0;0;0;0;0;0;0;0;0;0;2;1;1;1;1;1;1;0;0;0;0;0;0;1
1314033761;1250776091;1252556827;944170131;2147411327;8308095;0;2;1;1;15;15;0;0;1;0;0;0;0;0;0;0;0;0;0;2;1;1;1;1;1;1;0;0;0;0;0;0;1
1314540761;1250776091;1252556827;944170131;2147411327;8308095;0;2;1;1;15;15;0;0;1;0;0;0;0;0;0;0;0;0;0;2;1;1;1;1;1;1;0;0;0;0;0;0;1
1315047026;1250776091;1252556827;944170131;2147411327;8308095;0;2;1;1;15;15;0;0;1;0;0;0;0;0;0;0;0;0;0;2;1;1;1;1;1;1;0;0;0;0;0;0;1
1315552780;1250776091;1252556827;944170131;2147411327;8308095;0;2;1;1;15;15;0;0;1;0;0;0;0;0;0;0;0;0;0;2;1;1;1;1;1;1;0;0;0;0;0;0;1
1316059084;1250776091;1252556827;944170131;2147411327;8308095;0;2;1;1;15;15;0;0;1;0;0;0;0;0;0;0;0;0;0;2;1;1;1;1;1;1;0;0;0;0;0;0;1
1316564787;1250776091;1252556827;944170131;2147411327;8308095;0;2;1;1;15;15;0;0;1;0;0;0;0;0;0;0;0;0;0;2;1;1;1;1;1;1;0;0;0;0;0;0;1
1317070783;1250776091;1252556827;944170131;2147411327;8308095;0;2;1;1;15;15;0;0;1;0;0;0;0;0;0;0;0;0;0;2;1;1;1;1;1;1;0;0;0;0;0;0;1
1317576761;1250776091;1252556827;944170131;2147411327;8308095;0;2;1;1;15;15;0;0;1;0;0;0;0;0;0;0;0;0;0;2;1;1;1;1;1;1;0;0;0;0;0;0;1
1318082763;1250776091;1252556827;944170131;2147411327;8308095;0;2;1;1;15;15;0;0;1;0;0;0;0;0;0;0;0;0;0;2;1;1;1;1;1;1;0;0;0;0;0;0;1
1318589302;1250776091;1252556827;944170131;2147411327;8308095;0;2;1;1;15;15;0;0;1;0;0;0;0;0;0;0;0;0;0;2;1;1;1;1;1;1;0;0;0;0;0;0;1
1319094761;1250776091;1252556827;944170131;2147411327;8308095;0;2;1;1;15;15;0;0;1;0;0;0;0;0;0;0;0;0;0;2;1;1;1;1;1;1;0;0;0;0;0;0;1
1319600762;1250776091;1252556827;944170131;2147411327;8308095;0;2;1;1;15;15;0;0;1;0;0;0;0;0;0;0;0;0;0;2;1;1;1;1;1;1;0;0;0;0;0;0;1
1320106762;1250776091;1252556827;944170131;2147411327;8308095;0;2;1;1;15;15;0;0;1;0;0;0;0;0;0;0;0;0;0;2;1;1;1;1;1;1;0;0;0;0;0;0;1
1320612761;1250776091;1252556827;944170131;2147411327;8308095;0;2;1;1;15;15;0;0;1;0;0;0;0;0;0;0;0;0;0;2;1;1;1;1;1;1;0;0;0;0;0;0;1
1321118920;1250776091;1252556827;944170131;2147411327;8308095;0;2;1;1;15;15;0;0;1;0;0;0;0;0;0;0;0;0;0;2;1;1;1;1;1;1;0;0;0;0;0;0;1
1321624762;1250776091;1252556827;944170131;2147411327;8308095;0;2;1;1;15;15;0;0;1;0;0;0;0;0;0;0;0;0;0;2;1;1;1;1;1;1;0;0;0;0;0;0;1
1322130860;1250776091;1252556827;944170131;2147411327;8308095;0;2;1;1;15;15;0;0;1;0;0;0;0;0;0;0;0;0;0;2;1;1;1;1;1;1;0;0;0;0;0;0;1
1322636996;1250776091;1252556827;944170131;2147411327;8308095;0;2;1;1;15;15;0;0;1;0;0;0;0;0;0;0;0;0;0;2;1;1;1;1;1;1;0;0;0;0;0;0;1
1323142780;1250776091;1252556827;944170131;2147411327;8308095;0;2;1;1;15;15;0;0;1;0;0;0;0;0;0;0;0;0;0;2;1;1;1;1;1;1;0;0;0;0;0;0;1
1323649257;1250776091;1252556827;944170131;2147411327;8308095;0;2;1;1;15;15;0;0;1;0;0;0;0;0;0;0;0;0;0;2;1;1;1;1;1;1;0;0;0;0;0;0;1
1324154780;1250776091;1252556827;944170131;2147411327;8308095;0;2;1;1;15;15;0;0;1;0;0;0;0;0;0;0;0;0;0;2;1;1;1;1;1;1;0;0;0;0;0;0;1
1324661034;1250776091;1252556827;944170131;2147411327;8308095;0;2;1;1;15;15;0;0;1;0;0;0;0;0;0;0;0;0;0;2;1;1;1;1;1;1;0;0;0;0;0;0;1
1325166773;1250776091;1252556827;944170131;2147411327;8308095;0;2;1;1;15;15;0;0;1;0;0;0;0;0;0;0;0;0;0;2;1;1;1;1;1;1;0;0;0;0;0;0;1
1325672784;1250776091;1252556827;944170131;2147411327;8308095;0;2;1;1;15;15;0;0;1;0;0;0;0;0;0;0;0;0;0;2;1;1;1;1;1;1;0;0;0;0;0;0;1
1326179293;1250776091;1252556827;944170131;2147411327;8308095;0;2;1;1;15;15;0;0;1;0;0;0;0;0;0;0;0;0;0;2;1;1;1;1;1;1;0;0;0;0;0;0;1
1326685834;1250776091;1252556827;944170131;2147411327;8308095;0;2;1;1;15;15;0;0;1;0;0;0;0;0;0;0;0;0;0;2;1;1;1;1;1;1;0;0;0;0;0;0;1
1327191762;1250776091;1252556827;944170131;2147411327;8308095;0;2;1;1;15;15;0;0;1;0;0;0;0;0;0;0;0;0;0;2;1;1;1;1;1;1;0;0;0;0;0;0;1
1327698242;1250776091;1252556827;944170131;2147411327;8308095;0;2;1;1;15;15;0;0;1;0;0;0;0;0;0;0;0;0;0;2;1;1;1;1;1;1;0;0;0;0;0;0;1
1328203762;1250776091;1252556827;944170131;2147411327;8308095;0;2;1;1;15;15;0;0;1;0;0;0;0;0;0;0;0;0;0;2;1;1;1;1;1;1;0;0;0;0;0;0;1
1328709947;1250776091;1252556827;944170131;2147411327;8308095;0;2;1;1;15;15;0;0;1;0;0;0;0;0;0;0;0;0;0;2;1;1;1;1;1;1;0;0;0;0;0;0;1
1329217428;1250776091;1252556827;944170131;2147411327;8308095;0;2;1;1;15;15;0;0;1;0;0;0;0;0;0;0;0;0;0;2;1;1;1;1;1;1;0;0;0;0;0;0;1
1329723001;1250776091;1252556827;944170131;2147411327;8308095;0;2;1;1;15;15;0;0;1;0;0;0;0;0;0;0;0;0;0;2;1;1;1;1;1;1;0;0;0;0;0;0;1
1330228900;1250776091;1252556827;944170131;2147411327;8308095;0;2;1;1;15;15;0;0;1;0;0;0;0;0;0;0;0;0;0;2;1;1;1;1;1;1;0;0;0;0;0;0;1
1330734761;1250776091;1252556827;944170131;2147411327;8308095;0;2;1;1;15;15;0;0;1;0;0;0;0;0;0;0;0;0;0;2;1;1;1;1;1;1;0;0;0;0;0;0;1
1331240761;1250776091;1252556827;944170131;2147411327;8308095;0;2;1;1;15;15;0;0;1;0;0;0;0;0;0;0;0;0;0;2;1;1;1;1;1;1;0;0;0;0;0;0;1
1331747163;1250776091;1252556827;944170131;2147411327;8308095;0;2;1;1;15;15;0;0;1;0;0;0;0;0;0;0;0;0;0;2;1;1;1;1;1;1;0;0;0;0;0;0;1
1332252782;1250776091;1252556827;944170131;2147411327;8308095;0;2;1;1;15;15;0;0;1;0;0;0;0;0;0;0;0;0;0;2;1;1;1;1;1;1;0;0;0;0;0;0;1
1332758967;1250776091;1252556827;944170131;2147411327;8308095;0;2;1;1;15;15;0;0;1;0;0;0;0;0;0;0;0;0;0;2;1;1;1;1;1;1;0;0;0;0;0;0;1
1333264761;1250776091;1252556827;944170131;2147411327;8308095;0;2;1;1;15;15;0;0;1;0;0;0;0;0;0;0;0;0;0;2;1;1;1;1;1;1;0;0;0;0;0;0;1
1333770768;1250776091;1252556827;944170131;2147411327;8308095;0;2;1;1;15;15;0;0;1;0;0;0;0;0;0;0;0;0;0;2;1;1;1;1;1;1;0;0;0;0;0;0;1
1334276761;1250776091;1252556827;944170131;2147411327;8308095;0;2;1;1;15;15;0;0;1;0;0;0;0;0;0;0;0;0;0;2;1;1;1;1;1;1;0;0;0;0;0;0;1
1334782761;1250776091;1252556827;944170131;2147411327;8308095;0;2;1;1;15;15;0;0;1;0;0;0;0;0;0;0;0;0;0;2;1;1;1;1;1;1;0;0;0;0;0;0;1
1335288761;1250776091;1252556827;944170131;2147411327;8308095;0;2;1;1;15;15;0;0;1;0;0;0;0;0;0;0;0;0;0;2;1;1;1;1;1;1;0;0;0;0;0;0;1
1335794760;1250776091;1252556827;944170131;2147411327;8308095;0;2;1;1;15;15;0;0;1;0;0;0;0;0;0;0;0;0;0;2;1;1;1;1;1;1;0;0;0;0;0;0;1
1336300782;1250776091;1252556827;944170131;2147411327;8308095;0;2;1;1;15;15;0;0;1;0;0;0;0;0;0;0;0;0;0;2;1;1;1;1;1;1;0;0;0;0;0;0;1
1336806771;1250776091;1252556827;944170131;2147411327;8308095;0;2;1;1;15;15;0;0;1;0;0;0;0;0;0;0;0;0;0;2;1;1;1;1;1;1;0;0;0;0;0;0;1
1337312838;1250776091;1252556827;944170131;2147411327;8308095;0;2;1;1;15;15;0;0;1;0;0;0;0;0;0;0;0;0;0;2;1;1;1;1;1;1;0;0;0;0;0;0;1
1337818763;1250776091;1252556827;944170131;2147411327;8308095;0;2;1;1;15;15;0;0;1;0;0;0;0;0;0;0;0;0;0;2;1;1;1;1;1;1;0;0;0;0;0;0;1
1338324776;1250776091;1252556827;944170131;2147411327;8308095;0;2;1;1;15;15;0;0;1;0;0;0;0;0;0;0;0;0;0;2;1;1;1;1;1;1;0;0;0;0;0;0;1
1338830762;1250776091;1252556827;944170131;2147411327;8308095;0;2;1;1;15;15;0;0;1;0;0;0;0;0;0;0;0;0;0;2;1;1;1;1;1;1;0;0;0;0;0;0;1
1339336818;1250776091;1252556827;944170131;2147411327;8308095;0;2;1;1;15;15;0;0;1;0;0;0;0;0;0;0;0;0;0;2;1;1;1;1;1;1;0;0;0;0;0;0;1
1339842820;1250776091;1252556827;944170131;2147411327;8308095;0;2;1;1;15;15;0;0;1;0;0;0;0;0;0;0;0;0;0;2;1;1;1;1;1;1;0;0;0;0;0;0;1
1340348954;1250776091;1252556827;944170131;2147411327;8308095;0;2;1;1;15;15;0;0;1;0;0;0;0;0;0;0;0;0;0;2;1;1;1;1;1;1;0;0;0;0;0;0;1
1340854762;1250776091;1252556827;944170131;2147411327;8308095;0;2;1;1;15;15;0;0;1;0;0;0;0;0;0;0;0;0;0;2;1;1;1;1;1;1;0;0;0;0;0;0;1
1341360760;1250776091;1252556827;944170131;2147411327;8308095;0;2;1;1;15;15;0;0;1;0;0;0;0;0;0;0;0;0;0;2;1;1;1;1;1;1;0;0;0;0;0;0;1
1341866761;1250776091;1252556827;944170131;2147411327;8308095;0;2;1;1;15;15;0;0;1;0;0;0;0;0;0;0;0;0;0;2;1;1;1;1;1;1;0;0;0;0;0;0;1
1342373578;1250776091;1252556827;944170131;2147411327;8308095;0;2;1;1;15;15;0;0;1;0;0;0;0;0;0;0;0;0;0;2;1;1;1;1;1;1;0;0;0;0;0;0;1
1342880761;1250776091;1252556827;944170131;2147411327;8308095;0;2;1;1;15;15;0;0;1;0;0;0;0;0;0;0;0;0;0;2;1;1;1;1;1;1;0;0;0;0;0;0;1
1343386781;1250776091;1252556827;944170131;2147411327;8308095;0;2;1;1;15;15;0;0;1;0;0;0;0;0;0;0;0;0;0;2;1;1;1;1;1;1;0;0;0;0;0;0;1
1343892783;1250776091;1252556827;944170131;2147411327;8308095;0;2;1;1;15;15;0;0;1;0;0;0;0;0;0;0;0;0;0;2;1;1;1;1;1;1;0;0;0;0;0;0;1
1344398842;1250776091;1252556827;944170131;2147411327;8308095;0;2;1;1;15;15;0;0;1;0;0;0;0;0;0;0;0;0;0;2;1;1;1;1;1;1;0;0;0;0;0;0;1
1344904761;1250776091;1252556827;944170131;2147411327;8308095;0;2;1;1;15;15;0;0;1;0;0;0;0;0;0;0;0;0;0;2;1;1;1;1;1;1;0;0;0;0;0;0;1
1345410762;1250776091;1252556827;944170131;2147411327;8308095;0;2;1;1;15;15;0;0;1;0;0;0;0;0;0;0;0;0;0;2;1;1;1;1;1;1;0;0;0;0;0;0;1
1345916817;1250776091;1252556827;944170131;2147411327;8308095;0;2;1;1;15;15;0;0;1;0;0;0;0;0;0;0;0;0;0;2;1;1;1;1;1;1;0;0;0;0;0;0;1
1346422781;1250776091;1252556827;944170131;2147411327;8308095;0;2;1;1;15;15;0;0;1;0;0;0;0;0;0;0;0;0;0;2;1;1;1;1;1;1;0;0;0;0;0;0;1
1346928762;1250776091;1252556827;944170131;2147411327;8308095;0;2;1;1;15;15;0;0;1;0;0;0;0;0;0;0;0;0;0;2;1;1;1;1;1;1;0;0;0;0;0;0;1
1347434761;1250776091;1252556827;944170131;2147411327;8308095;0;2;1;1;15;15;0;0;1;0;0;0;0;0;0;0;0;0;0;2;1;1;1;1;1;1;0;0;0;0;0;0;1
1347940781;1250776091;1252556827;944170131;2147411327;8308095;0;2;1;1;15;15;0;0;1;0;0;0;0;0;0;0;0;0;0;2;1;1;1;1;1;1;0;0;0;0;0;0;1
1348446897;1250776091;1252556827;944170131;2147411327;8308095;0;2;1;1;15;15;0;0;1;0;0;0;0;0;0;0;0;0;0;2;1;1;1;1;1;1;0;0;0;0;0;0;1
1348952780;1250776091;1252556827;944170131;2147411327;8308095;0;2;1;1;15;15;0;0;1;0;0;0;0;0;0;0;0;0;0;2;1;1;1;1;1;1;0;0;0;0;0;0;1
1349458875;1250776091;1252556827;944170131;2147411327;8308095;0;2;1;1;15;15;0;0;1;0;0;0;0;0;0;0;0;0;0;2;1;1;1;1;1;1;0;0;0;0;0;0;1
1349964762;1250776091;1252556827;944170131;2147411327;8308095;0;2;1;1;15;15;0;0;1;0;0;0;0;0;0;0;0;0;0;2;1;1;1;1;1;1;0;0;0;0;0;0;1
1350471377;1250776091;1252556827;944170131;2147411327;8308095;0;2;1;1;15;15;0;0;1;0;0;0;0;0;0;0;0;0;0;2;1;1;1;1;1;1;0;0;0;0;0;0;1
1350976762;1250776091;1252556827;944170131;2147411327;8308095;0;2;1;1;15;15;0;0;1;0;0;0;0;0;0;0;0;0;0;2;1;1;1;1;1;1;0;0;0;0;0;0;1
1351482869;1250776091;1252556827;944170131;2147411327;8308095;0;2;1;1;15;15;0;0;1;0;0;0;0;0;0;0;0;0;0;2;1;1;1;1;1;1;0;0;0;0;0;0;1
1351988762;1250776091;1252556827;944170131;2147411327;8308095;0;2;1;1;15;15;0;0;1;0;0;0;0;0;0;0;0;0;0;2;1;1;1;1;1;1;0;0;0;0;0;0;1
1352494762;1250776091;1252556827;944170131;2147411327;8308095;0;2;1;1;15;15;0;0;1;0;0;0;0;0;0;0;0;0;0;2;1;1;1;1;1;1;0;0;0;0;0;0;1
1353000762;1250776091;1252556827;944170131;2147411327;8308095;0;2;1;1;15;15;0;0;1;0;0;0;0;0;0;0;0;0;0;2;1;1;1;1;1;1;0;0;0;0;0;0;1
1353506781;1250776091;1252556827;944170131;2147411327;8308095;0;2;1;1;15;15;0;0;1;0;0;0;0;0;0;0;0;0;0;2;1;1;1;1;1;1;0;0;0;0;0;0;1
1354013763;1250776091;1252556827;944170131;2147411327;8308095;0;2;1;1;15;15;0;0;1;0;0;0;0;0;0;0;0;0;0;2;1;1;1;1;1;1;0;0;0;0;0;0;1
1354520814;1250776091;1252556827;944170131;2147411327;8308095;0;2;1;1;15;15;0;0;1;0;0;0;0;0;0;0;0;0;0;2;1;1;1;1;1;1;0;0;0;0;0;0;1
1355026762;1250776091;1252556827;944170131;2147411327;8308095;0;2;1;1;15;15;0;0;1;0;0;0;0;0;0;0;0;0;0;2;1;1;1;1;1;1;0;0;0;0;0;0;1
1355532962;1250776091;1252556827;944170131;2147411327;8308095;0;2;1;1;15;15;0;0;1;0;0;0;0;0;0;0;0;0;0;2;1;1;1;1;1;1;0;0;0;0;0;0;1
1356038801;1250776091;1252556827;944170131;2147411327;8308095;0;2;1;1;15;15;0;0;1;0;0;0;0;0;0;0;0;0;0;2;1;1;1;1;1;1;0;0;0;0;0;0;1
1356545174;1250776091;1252556827;944170131;2147411327;8308095;0;2;1;1;15;15;0;0;1;0;0;0;0;0;0;0;0;0;0;2;1;1;1;1;1;1;0;0;0;0;0;0;1
1357050780;1250776091;1252556827;944170131;2147411327;8308095;0;2;1;1;15;15;0;0;1;0;0;0;0;0;0;0;0;0;0;2;1;1;1;1;1;1;0;0;0;0;0;0;1
1357556795;1250776091;1252556827;944170131;2147411327;8308095;0;2;1;1;15;15;0;0;1;0;0;0;0;0;0;0;0;0;0;2;1;1;1;1;1;1;0;0;0;0;0;0;1
1358063470;1250776091;1252556827;944170131;2147411327;8308095;0;2;1;1;15;15;0;0;1;0;0;0;0;0;0;0;0;0;0;2;1;1;1;1;1;1;0;0;0;0;0;0;1
1358569318;1250776091;1252556827;944170131;2147411327;8308095;0;2;1;1;15;15;0;0;1;0;0;0;0;0;0;0;0;0;0;2;1;1;1;1;1;1;0;0;0;0;0;0;1
1359074762;1250776091;1252556827;944170131;2147411327;8308095;0;2;1;1;15;15;0;0;1;0;0;0;0;0;0;0;0;0;0;2;1;1;1;1;1;1;0;0;0;0;0;0;1
1359580762;1250776091;1252556827;944170131;2147411327;8308095;0;2;1;1;15;15;0;0;1;0;0;0;0;0;0;0;0;0;0;2;1;1;1;1;1;1;0;0;0;0;0;0;1
1360086760;1250776091;1252556827;944170131;2147411327;8308095;0;2;1;1;15;15;0;0;1;0;0;0;0;0;0;0;0;0;0;2;1;1;1;1;1;1;0;0;0;0;0;0;1
1360592897;1250776091;1252556827;944170131;2147411327;8308095;0;2;1;1;15;15;0;0;1;0;0;0;0;0;0;0;0;0;0;2;1;1;1;1;1;1;0;0;0;0;0;0;1
1361098760;1250776091;1252556827;944170131;2147411327;8308095;0;2;1;1;15;15;0;0;1;0;0;0;0;0;0;0;0;0;0;2;1;1;1;1;1;1;0;0;0;0;0;0;1
1361604778;1250776091;1252556827;944170131;2147411327;8308095;0;2;1;1;15;15;0;0;1;0;0;0;0;0;0;0;0;0;0;2;1;1;1;1;1;1;0;0;0;0;0;0;1
1362110859;1250776091;1252556827;944170131;2147411327;8308095;0;2;1;1;15;15;0;0;1;0;0;0;0;0;0;0;0;0;0;2;1;1;1;1;1;1;0;0;0;0;0;0;1
1362616843;1250776091;1252556827;944170131;2147411327;8308095;0;2;1;1;15;15;0;0;1;0;0;0;0;0;0;0;0;0;0;2;1;1;1;1;1;1;0;0;0;0;0;0;1
1363122932;1250776091;1252556827;944170131;2147411327;8308095;0;2;1;1;15;15;0;0;1;0;0;0;0;0;0;0;0;0;0;2;1;1;1;1;1;1;0;0;0;0;0;0;1
1363628777;1250776091;1252556827;944170131;2147411327;8308095;0;2;1;1;15;15;0;0;1;0;0;0;0;0;0;0;0;0;0;2;1;1;1;1;1;1;0;0;0;0;0;0;1
1364134761;1250776091;1252556827;944170131;2147411327;8308095;0;2;1;1;15;15;0;0;1;0;0;0;0;0;0;0;0;0;0;2;1;1;1;1;1;1;0;0;0;0;0;0;1
1364640763;1250776091;1252556827;944170131;2147411327;8308095;0;2;1;1;15;15;0;0;1;0;0;0;0;0;0;0;0;0;0;2;1;1;1;1;1;1;0;0;0;0;0;0;1
1365146760;1250776091;1252556827;944170131;2147411327;8308095;0;2;1;1;15;15;0;0;1;0;0;0;0;0;0;0;0;0;0;2;1;1;1;1;1;1;0;0;0;0;0;0;1
1365653435;1250776091;1252556827;944170131;2147411327;8308095;0;2;1;1;15;15;0;0;1;0;0;0;0;0;0;0;0;0;0;2;1;1;1;1;1;1;0;0;0;0;0;0;1
1366158762;1250776091;1252556827;944170131;2147411327;8308095;0;2;1;1;15;15;0;0;1;0;0;0;0;0;0;0;0;0;0;2;1;1;1;1;1;1;0;0;0;0;0;0;1
1366664763;1250776091;1252556827;944170131;2147411327;8308095;0;2;1;1;15;15;0;0;1;0;0;0;0;0;0;0;0;0;0;2;1;1;1;1;1;1;0;0;0;0;0;0;1
1367171166;1250776091;1252556827;944170131;2147411327;8308095;0;2;1;1;15;15;0;0;1;0;0;0;0;0;0;0;0;0;0;2;1;1;1;1;1;1;0;0;0;0;0;0;1
1367676761;1250776091;1252556827;944170131;2147411327;8308095;0;2;1;1;15;15;0;0;1;0;0;0;0;0;0;0;0;0;0;2;1;1;1;1;1;1;0;0;0;0;0;0;1
1368183075;1250776091;1252556827;944170131;2147411327;8308095;0;2;1;1;15;15;0;0;1;0;0;0;0;0;0;0;0;0;0;2;1;1;1;1;1;1;0;0;0;0;0;0;1
1368688761;1250776091;1252556827;944170131;2147411327;8308095;0;2;1;1;15;15;0;0;1;0;0;0;0;0;0;0;0;0;0;2;1;1;1;1;1;1;0;0;0;0;0;0;1
1369194781;1250776091;1252556827;944170131;2147411327;8308095;0;2;1;1;15;15;0;0;1;0;0;0;0;0;0;0;0;0;0;2;1;1;1;1;1;1;0;0;0;0;0;0;1
1369701761;1250776091;1252556827;944170131;2147411327;8308095;0;2;1;1;15;15;0;0;1;0;0;0;0;0;0;0;0;0;0;2;1;1;1;1;1;1;0;0;0;0;0;0;1
1370207761;1250776091;1252556827;944170131;2147411327;8308095;0;2;1;1;15;15;0;0;1;0;0;0;0;0;0;0;0;0;0;2;1;1;1;1;1;1;0;0;0;0;0;0;1
1370713761;1250776091;1252556827;944170131;2147411327;8308095;0;2;1;1;15;15;0;0;1;0;0;0;0;0;0;0;0;0;0;2;1;1;1;1;1;1;0;0;0;0;0;0;1
1371220070;1250776091;1252556827;944170131;2147411327;8308095;0;2;1;1;15;15;0;0;1;0;0;0;0;0;0;0;0;0;0;2;1;1;1;1;1;1;0;0;0;0;0;0;1
1371725763;1250776091;1252556827;944170131;2147411327;8308095;0;2;1;1;15;15;0;0;1;0;0;0;0;0;0;0;0;0;0;2;1;1;1;1;1;1;0;0;0;0;0;0;1
1372231890;1250776091;1252556827;944170131;2147411327;8308095;0;2;1;1;15;15;0;0;1;0;0;0;0;0;0;0;0;0;0;2;1;1;1;1;1;1;0;0;0;0;0;0;1
1372737762;1250776091;1252556827;944170131;2147411327;8308095;0;2;1;1;15;15;0;0;1;0;0;0;0;0;0;0;0;0;0;2;1;1;1;1;1;1;0;0;0;0;0;0;1
1373243780;1250776091;1252556827;944170131;2147411327;8308095;0;2;1;1;15;15;0;0;1;0;0;0;0;0;0;0;0;0;0;2;1;1;1;1;1;1;0;0;0;0;0;0;1
1373749780;1250776091;1252556827;944170131;2147411327;8308095;0;2;1;1;15;15;0;0;1;0;0;0;0;0;0;0;0;0;0;2;1;1;1;1;1;1;0;0;0;0;0;0;1
1374255761;1250776091;1252556827;944170131;2147411327;8308095;0;2;1;1;15;15;0;0;1;0;0;0;0;0;0;0;0;0;0;2;1;1;1;1;1;1;0;0;0;0;0;0;1
1374761762;1250776091;1252556827;944170131;2147411327;8308095;0;2;1;1;15;15;0;0;1;0;0;0;0;0;0;0;0;0;0;2;1;1;1;1;1;1;0;0;0;0;0;0;1
1375267760;1250776091;1252556827;944170131;2147411327;8308095;0;2;1;1;15;15;0;0;1;0;0;0;0;0;0;0;0;0;0;2;1;1;1;1;1;1;0;0;0;0;0;0;1
1375773825;1250776091;1252556827;944170131;2147411327;8308095;0;2;1;1;15;15;0;0;1;0;0;0;0;0;0;0;0;0;0;2;1;1;1;1;1;1;0;0;0;0;0;0;1
1376279761;1250776091;1252556827;944170131;2147411327;8308095;0;2;1;1;15;15;0;0;1;0;0;0;0;0;0;0;0;0;0;2;1;1;1;1;1;1;0;0;0;0;0;0;1
1376785908;1250776091;1252556827;944170131;2147411327;8308095;0;2;1;1;15;15;0;0;1;0;0;0;0;0;0;0;0;0;0;2;1;1;1;1;1;1;0;0;0;0;0;0;1
1377291760;1250776091;1252556827;944170131;2147411327;8308095;0;2;1;1;15;15;0;0;1;0;0;0;0;0;0;0;0;0;0;2;1;1;1;1;1;1;0;0;0;0;0;0;1
1377797762;1250776091;1252556827;944170131;2147411327;8308095;0;2;1;1;15;15;0;0;1;0;0;0;0;0;0;0;0;0;0;2;1;1;1;1;1;1;0;0;0;0;0;0;1
1378303760;1250776091;1252556827;944170131;2147411327;8308095;0;2;1;1;15;15;0;0;1;0;0;0;0;0;0;0;0;0;0;2;1;1;1;1;1;1;0;0;0;0;0;0;1
1378809762;1250776091;1252556827;944170131;2147411327;8308095;0;2;1;1;15;15;0;0;1;0;0;0;0;0;0;0;0;0;0;2;1;1;1;1;1;1;0;0;0;0;0;0;1
1379315915;1250776091;1252556827;944170131;2147411327;8308095;0;2;1;1;15;15;0;0;1;0;0;0;0;0;0;0;0;0;0;2;1;1;1;1;1;1;0;0;0;0;0;0;1
1379821763;1250776091;1252556827;944170131;2147411327;8308095;0;2;1;1;15;15;0;0;1;0;0;0;0;0;0;0;0;0;0;2;1;1;1;1;1;1;0;0;0;0;0;0;1
1380327762;1250776091;1252556827;944170131;2147411327;8308095;0;2;1;1;15;15;0;0;1;0;0;0;0;0;0;0;0;0;0;2;1;1;1;1;1;1;0;0;0;0;0;0;1
1380833761;1250776091;1252556827;944170131;2147411327;8308095;0;2;1;1;15;15;0;0;1;0;0;0;0;0;0;0;0;0;0;2;1;1;1;1;1;1;0;0;0;0;0;0;1
1381339762;1250776091;1252556827;944170131;2147411327;8308095;0;2;1;1;15;15;0;0;1;0;0;0;0;0;0;0;0;0;0;2;1;1;1;1;1;1;0;0;0;0;0;0;1
1381846324;1250776091;1252556827;944170131;2147411327;8308095;0;2;1;1;15;15;0;0;1;0;0;0;0;0;0;0;0;0;0;2;1;1;1;1;1;1;0;0;0;0;0;0;1
1382351826;1250776091;1252556827;944170131;2147411327;8308095;0;2;1;1;15;15;0;0;1;0;0;0;0;0;0;0;0;0;0;2;1;1;1;1;1;1;0;0;0;0;0;0;1
1382857761;1250776091;1252556827;944170131;2147411327;8308095;0;2;1;1;15;15;0;0;1;0;0;0;0;0;0;0;0;0;0;2;1;1;1;1;1;1;0;0;0;0;0;0;1
1383363760;1250776091;1252556827;944170131;2147411327;8308095;0;2;1;1;15;15;0;0;1;0;0;0;0;0;0;0;0;0;0;2;1;1;1;1;1;1;0;0;0;0;0;0;1
1383869761;1250776091;1252556827;944170131;2147411327;8308095;0;2;1;1;15;15;0;0;1;0;0;0;0;0;0;0;0;0;0;2;1;1;1;1;1;1;0;0;0;0;0;0;1
1384375878;1250776091;1252556827;944170131;2147411327;8308095;0;2;1;1;15;15;0;0;1;0;0;0;0;0;0;0;0;0;0;2;1;1;1;1;1;1;0;0;0;0;0;0;1
1384882966;1250776091;1252556827;944170131;2147411327;8308095;0;2;1;1;15;15;0;0;1;0;0;0;0;0;0;0;0;0;0;2;1;1;1;1;1;1;0;0;0;0;0;0;1
1385388788;1250776091;1252556827;944170131;2147411327;8308095;0;2;1;1;15;15;0;0;1;0;0;0;0;0;0;0;0;0;0;2;1;1;1;1;1;1;0;0;0;0;0;0;1
1385895163;1250776091;1252556827;944170131;2147411327;8308095;0;2;1;1;15;15;0;0;1;0;0;0;0;0;0;0;0;0;0;2;1;1;1;1;1;1;0;0;0;0;0;0;1
1386400760;1250776091;1252556827;944170131;2147411327;8308095;0;2;1;1;15;15;0;0;1;0;0;0;0;0;0;0;0;0;0;2;1;1;1;1;1;1;0;0;0;0;0;0;1
1386907028;1250776091;1252556827;944170131;2147411327;8308095;0;2;1;1;15;15;0;0;1;0;0;0;0;0;0;0;0;0;0;2;1;1;1;1;1;1;0;0;0;0;0;0;1
1387412916;1250776091;1252556827;944170131;2147411327;8308095;0;2;1;1;15;15;0;0;1;0;0;0;0;0;0;0;0;0;0;2;1;1;1;1;1;1;0;0;0;0;0;0;1
1387918845;1250776091;1252556827;944170131;2147411327;8308095;0;2;1;1;15;15;0;0;1;0;0;0;0;0;0;0;0;0;0;2;1;1;1;1;1;1;0;0;0;0;0;0;1
1388424777;1250776091;1252556827;944170131;2147411327;8308095;0;2;1;1;15;15;0;0;1;0;0;0;0;0;0;0;0;0;0;2;1;1;1;1;1;1;0;0;0;0;0;0;1
1388930781;1250776091;1252556827;944170131;2147411327;8308095;0;2;1;1;15;15;0;0;1;0;0;0;0;0;0;0;0;0;0;2;1;1;1;1;1;1;0;0;0;0;0;0;1
1389436773;1250776091;1252556827;944170131;2147411327;8308095;0;2;1;1;15;15;0;0;1;0;0;0;0;0;0;0;0;0;0;2;1;1;1;1;1;1;0;0;0;0;0;0;1
1389942967;1250776091;1252556827;944170131;2147411327;8308095;0;2;1;1;15;15;0;0;1;0;0;0;0;0;0;0;0;0;0;2;1;1;1;1;1;1;0;0;0;0;0;0;1
1390448786;1250776091;1252556827;944170131;2147411327;8308095;0;2;1;1;15;15;0;0;1;0;0;0;0;0;0;0;0;0;0;2;1;1;1;1;1;1;0;0;0;0;0;0;1
1390954761;1250776091;1252556827;944170131;2147411327;8308095;0;2;1;1;15;15;0;0;1;0;0;0;0;0;0;0;0;0;0;2;1;1;1;1;1;1;0;0;0;0;0;0;1
1391460967;1250776091;1252556827;944170131;2147411327;8308095;0;2;1;1;15;15;0;0;1;0;0;0;0;0;0;0;0;0;0;2;1;1;1;1;1;1;0;0;0;0;0;0;1
1391966761;1250776091;1252556827;944170131;2147411327;8308095;0;2;1;1;15;15;0;0;1;0;0;0;0;0;0;0;0;0;0;2;1;1;1;1;1;1;0;0;0;0;0;0;1
1392472932;1250776091;1252556827;944170131;2147411327;8308095;0;2;1;1;15;15;0;0;1;0;0;0;0;0;0;0;0;0;0;2;1;1;1;1;1;1;0;0;0;0;0;0;1
1392978761;1250776091;1252556827;944170131;2147411327;8308095;0;2;1;1;15;15;0;0;1;0;0;0;0;0;0;0;0;0;0;2;1;1;1;1;1;1;0;0;0;0;0;0;1
1393484779;1250776091;1252556827;944170131;2147411327;8308095;0;2;1;1;15;15;0;0;1;0;0;0;0;0;0;0;0;0;0;2;1;1;1;1;1;1;0;0;0;0;0;0;1
1393990762;1250776091;1252556827;944170131;2147411327;8308095;0;2;1;1;15;15;0;0;1;0;0;0;0;0;0;0;0;0;0;2;1;1;1;1;1;1;0;0;0;0;0;0;1
1394497021;1250776091;1252556827;944170131;2147411327;8308095;0;2;1;1;15;15;0;0;1;0;0;0;0;0;0;0;0;0;0;2;1;1;1;1;1;1;0;0;0;0;0;0;1
1395002897;1250776091;1252556827;944170131;2147411327;8308095;0;2;1;1;15;15;0;0;1;0;0;0;0;0;0;0;0;0;0;2;1;1;1;1;1;1;0;0;0;0;0;0;1
1395508759;1250776091;1252556827;944170131;2147411327;8308095;0;2;1;1;15;15;0;0;1;0;0;0;0;0;0;0;0;0;0;2;1;1;1;1;1;1;0;0;0;0;0;0;1
1396014798;1250776091;1252556827;944170131;2147411327;8308095;0;2;1;1;15;15;0;0;1;0;0;0;0;0;0;0;0;0;0;2;1;1;1;1;1;1;0;0;0;0;0;0;1
1396521340;1250776091;1252556827;944170131;2147411327;8308095;0;2;1;1;15;15;0;0;1;0;0;0;0;0;0;0;0;0;0;2;1;1;1;1;1;1;0;0;0;0;0;0;1
1397026771;1250776091;1252556827;944170131;2147411327;8308095;0;2;1;1;15;15;0;0;1;0;0;0;0;0;0;0;0;0;0;2;1;1;1;1;1;1;0;0;0;0;0;0;1
1397533173;1250776091;1252556827;944170131;2147411327;8308095;0;2;1;1;15;15;0;0;1;0;0;0;0;0;0;0;0;0;0;2;1;1;1;1;1;1;0;0;0;0;0;0;1
1398038770;1250776091;1252556827;944170131;2147411327;8308095;0;2;1;1;15;15;0;0;1;0;0;0;0;0;0;0;0;0;0;2;1;1;1;1;1;1;0;0;0;0;0;0;1
1398544762;1250776091;1252556827;944170131;2147411327;8308095;0;2;1;1;15;15;0;0;1;0;0;0;0;0;0;0;0;0;0;2;1;1;1;1;1;1;0;0;0;0;0;0;1
1399050911;1250776091;1252556827;944170131;2147411327;8308095;0;2;1;1;15;15;0;0;1;0;0;0;0;0;0;0;0;0;0;2;1;1;1;1;1;1;0;0;0;0;0;0;1
1399556761;1250776091;1252556827;944170131;2147411327;8308095;0;2;1;1;15;15;0;0;1;0;0;0;0;0;0;0;0;0;0;2;1;1;1;1;1;1;0;0;0;0;0;0;1
1400063762;1250776091;1252556827;944170131;2147411327;8308095;0;2;1;1;15;15;0;0;1;0;0;0;0;0;0;0;0;0;0;2;1;1;1;1;1;1;0;0;0;0;0;0;1
1400570221;1250776091;1252556827;944170131;2147411327;8308095;0;2;1;1;15;15;0;0;1;0;0;0;0;0;0;0;0;0;0;2;1;1;1;1;1;1;0;0;0;0;0;0;1
1401076782;1250776091;1252556827;944170131;2147411327;8308095;0;2;1;1;15;15;0;0;1;0;0;0;0;0;0;0;0;0;0;2;1;1;1;1;1;1;0;0;0;0;0;0;1
1401582897;1250776091;1252556827;944170131;2147411327;8308095;0;2;1;1;15;15;0;0;1;0;0;0;0;0;0;0;0;0;0;2;1;1;1;1;1;1;0;0;0;0;0;0;1
1402088874;1250776091;1252556827;944170131;2147411327;8308095;0;2;1;1;15;15;0;0;1;0;0;0;0;0;0;0;0;0;0;2;1;1;1;1;1;1;0;0;0;0;0;0;1
1402594773;1250776091;1252556827;944170131;2147411327;8308095;0;2;1;1;15;15;0;0;1;0;0;0;0;0;0;0;0;0;0;2;1;1;1;1;1;1;0;0;0;0;0;0;1
1403100762;1250776091;1252556827;944170131;2147411327;8308095;0;2;1;1;15;15;0;0;1;0;0;0;0;0;0;0;0;0;0;2;1;1;1;1;1;1;0;0;0;0;0;0;1
1403607781;1250776091;1252556827;944170131;2147411327;8308095;0;2;1;1;15;15;0;0;1;0;0;0;0;0;0;0;0;0;0;2;1;1;1;1;1;1;0;0;0;0;0;0;1
1404113775;1250776091;1252556827;944170131;2147411327;8308095;0;2;1;1;15;15;0;0;1;0;0;0;0;0;0;0;0;0;0;2;1;1;1;1;1;1;0;0;0;0;0;0;1
1404619762;1250776091;1252556827;944170131;2147411327;8308095;0;2;1;1;15;15;0;0;1;0;0;0;0;0;0;0;0;0;0;2;1;1;1;1;1;1;0;0;0;0;0;0;1
1405125762;1250776091;1252556827;944170131;2147411327;8308095;0;2;1;1;15;15;0;0;1;0;0;0;0;0;0;0;0;0;0;2;1;1;1;1;1;1;0;0;0;0;0;0;1
1405631761;1250776091;1252556827;944170131;2147411327;8308095;0;2;1;1;15;15;0;0;1;0;0;0;0;0;0;0;0;0;0;2;1;1;1;1;1;1;0;0;0;0;0;0;1
1406137761;1250776091;1252556827;944170131;2147411327;8308095;0;2;1;1;15;15;0;0;1;0;0;0;0;0;0;0;0;0;0;2;1;1;1;1;1;1;0;0;0;0;0;0;1
1406643761;1250776091;1252556827;944170131;2147411327;8308095;0;2;1;1;15;15;0;0;1;0;0;0;0;0;0;0;0;0;0;2;1;1;1;1;1;1;0;0;0;0;0;0;1
1407149866;1250776091;1252556827;944170131;2147411327;8308095;0;2;1;1;15;15;0;0;1;0;0;0;0;0;0;0;0;0;0;2;1;1;1;1;1;1;0;0;0;0;0;0;1
1407655844;1250776091;1252556827;944170131;2147411327;8308095;0;2;1;1;15;15;0;0;1;0;0;0;0;0;0;0;0;0;0;2;1;1;1;1;1;1;0;0;0;0;0;0;1
1408161792;1250776091;1252556827;944170131;2147411327;8308095;0;2;1;1;15;15;0;0;1;0;0;0;0;0;0;0;0;0;0;2;1;1;1;1;1;1;0;0;0;0;0;0;1
1408668023;1250776091;1252556827;944170131;2147411327;8308095;0;2;1;1;15;15;0;0;1;0;0;0;0;0;0;0;0;0;0;2;1;1;1;1;1;1;0;0;0;0;0;0;1
1409174021;1250776091;1252556827;944170131;2147411327;8308095;0;2;1;1;15;15;0;0;1;0;0;0;0;0;0;0;0;0;0;2;1;1;1;1;1;1;0;0;0;0;0;0;1
1409679805;1250776091;1252556827;944170131;2147411327;8308095;0;2;1;1;15;15;0;0;1;0;0;0;0;0;0;0;0;0;0;2;1;1;1;1;1;1;0;0;0;0;0;0;1
1410185762;1250776091;1252556827;944170131;2147411327;8308095;0;2;1;1;15;15;0;0;1;0;0;0;0;0;0;0;0;0;0;2;1;1;1;1;1;1;0;0;0;0;0;0;1
1410691779;1250776091;1252556827;944170131;2147411327;8308095;0;2;1;1;15;15;0;0;1;0;0;0;0;0;0;0;0;0;0;2;1;1;1;1;1;1;0;0;0;0;0;0;1
1411197762;1250776091;1252556827;944170131;2147411327;8308095;0;2;1;1;15;15;0;0;1;0;0;0;0;0;0;0;0;0;0;2;1;1;1;1;1;1;0;0;0;0;0;0;1
1411703781;1250776091;1252556827;944170131;2147411327;8308095;0;2;1;1;15;15;0;0;1;0;0;0;0;0;0;0;0;0;0;2;1;1;1;1;1;1;0;0;0;0;0;0;1
1412209876;1250776091;1252556827;944170131;2147411327;8308095;0;2;1;1;15;15;0;0;1;0;0;0;0;0;0;0;0;0;0;2;1;1;1;1;1;1;0;0;0;0;0;0;1
1412715761;1250776091;1252556827;944170131;2147411327;8308095;0;2;1;1;15;15;0;0;1;0;0;0;0;0;0;0;0;0;0;2;1;1;1;1;1;1;0;0;0;0;0;0;1
1413221763;1250776091;1252556827;944170131;2147411327;8308095;0;2;1;1;15;15;0;0;1;0;0;0;0;0;0;0;0;0;0;2;1;1;1;1;1;1;0;0;0;0;0;0;1
1413728781;1250776091;1252556827;944170131;2147411327;8308095;0;2;1;1;15;15;0;0;1;0;0;0;0;0;0;0;0;0;0;2;1;1;1;1;1;1;0;0;0;0;0;0;1
1414234760;1250776091;1252556827;944170131;2147411327;8308095;0;2;1;1;15;15;0;0;1;0;0;0;0;0;0;0;0;0;0;2;1;1;1;1;1;1;0;0;0;0;0;0;1
1414741549;1250776091;1252556827;944170131;2147411327;8308095;0;2;1;1;15;15;0;0;1;0;0;0;0;0;0;0;0;0;0;2;1;1;1;1;1;1;0;0;0;0;0;0;1
1415246761;1250776091;1252556827;944170131;2147411327;8308095;0;2;1;1;15;15;0;0;1;0;0;0;0;0;0;0;0;0;0;2;1;1;1;1;1;1;0;0;0;0;0;0;1
1415753182;1250776091;1252556827;944170131;2147411327;8308095;0;2;1;1;15;15;0;0;1;0;0;0;0;0;0;0;0;0;0;2;1;1;1;1;1;1;0;0;0;0;0;0;1
1416259410;1250776091;1252556827;944170131;2147411327;8308095;0;2;1;1;15;15;0;0;1;0;0;0;0;0;0;0;0;0;0;2;1;1;1;1;1;1;0;0;0;0;0;0;1
1416764760;1250776091;1252556827;944170131;2147411327;8308095;0;2;1;1;15;15;0;0;1;0;0;0;0;0;0;0;0;0;0;2;1;1;1;1;1;1;0;0;0;0;0;0;1
1417270762;1250776091;1252556827;944170131;2147411327;8308095;0;2;1;1;15;15;0;0;1;0;0;0;0;0;0;0;0;0;0;2;1;1;1;1;1;1;0;0;0;0;0;0;1
1417776762;1250776091;1252556827;944170131;2147411327;8308095;0;2;1;1;15;15;0;0;1;0;0;0;0;0;0;0;0;0;0;2;1;1;1;1;1;1;0;0;0;0;0;0;1
1418283761;1250776091;1252556827;944170131;2147411327;8308095;0;2;1;1;15;15;0;0;1;0;0;0;0;0;0;0;0;0;0;2;1;1;1;1;1;1;0;0;0;0;0;0;1
1418790116;1250776091;1252556827;944170131;2147411327;8308095;0;2;1;1;15;15;0;0;1;0;0;0;0;0;0;0;0;0;0;2;1;1;1;1;1;1;0;0;0;0;0;0;1
1419295780;1250776091;1252556827;944170131;2147411327;8308095;0;2;1;1;15;15;0;0;1;0;0;0;0;0;0;0;0;0;0;2;1;1;1;1;1;1;0;0;0;0;0;0;1
1419801993;1250776091;1252556827;944170131;2147411327;8308095;0;2;1;1;15;15;0;0;1;0;0;0;0;0;0;0;0;0;0;2;1;1;1;1;1;1;0;0;0;0;0;0;1
1420307762;1250776091;1252556827;944170131;2147411327;8308095;0;2;1;1;15;15;0;0;1;0;0;0;0;0;0;0;0;0;0;2;1;1;1;1;1;1;0;0;0;0;0;0;1
1420813786;1250776091;1252556827;944170131;2147411327;8308095;0;2;1;1;15;15;0;0;1;0;0;0;0;0;0;0;0;0;0;2;1;1;1;1;1;1;0;0;0;0;0;0;1
1421319886;1250776091;1252556827;944170131;2147411327;8308095;0;2;1;1;15;15;0;0;1;0;0;0;0;0;0;0;0;0;0;2;1;1;1;1;1;1;0;0;0;0;0;0;1
1421825781;1250776091;1252556827;944170131;2147411327;8308095;0;2;1;1;15;15;0;0;1;0;0;0;0;0;0;0;0;0;0;2;1;1;1;1;1;1;0;0;0;0;0;0;1
1422331781;1250776091;1252556827;944170131;2147411327;8308095;0;2;1;1;15;15;0;0;1;0;0;0;0;0;0;0;0;0;0;2;1;1;1;1;1;1;0;0;0;0;0;0;1
1422837761;1250776091;1252556827;944170131;2147411327;8308095;0;2;1;1;15;15;0;0;1;0;0;0;0;0;0;0;0;0;0;2;1;1;1;1;1;1;0;0;0;0;0;0;1
1423343777;1250776091;1252556827;944170131;2147411327;8308095;0;2;1;1;15;15;0;0;1;0;0;0;0;0;0;0;0;0;0;2;1;1;1;1;1;1;0;0;0;0;0;0;1
1423849784;1250776091;1252556827;944170131;2147411327;8308095;0;2;1;1;15;15;0;0;1;0;0;0;0;0;0;0;0;0;0;2;1;1;1;1;1;1;0;0;0;0;0;0;1
1424355760;1250776091;1252556827;944170131;2147411327;8308095;0;2;1;1;15;15;0;0;1;0;0;0;0;0;0;0;0;0;0;2;1;1;1;1;1;1;0;0;0;0;0;0;1
1424861761;1250776091;1252556827;944170131;2147411327;8308095;0;2;1;1;15;15;0;0;1;0;0;0;0;0;0;0;0;0;0;2;1;1;1;1;1;1;0;0;0;0;0;0;1
1425368803;1250776091;1252556827;944170131;2147411327;8308095;0;2;1;1;15;15;0;0;1;0;0;0;0;0;0;0;0;0;0;2;1;1;1;1;1;1;0;0;0;0;0;0;1
1425874824;1250776091;1252556827;944170131;2147411327;8308095;0;2;1;1;15;15;0;0;1;0;0;0;0;0;0;0;0;0;0;2;1;1;1;1;1;1;0;0;0;0;0;0;1
1426380782;1250776091;1252556827;944170131;2147411327;8308095;0;2;1;1;15;15;0;0;1;0;0;0;0;0;0;0;0;0;0;2;1;1;1;1;1;1;0;0;0;0;0;0;1
1426886850;1250776091;1252556827;944170131;2147411327;8308095;0;2;1;1;15;15;0;0;1;0;0;0;0;0;0;0;0;0;0;2;1;1;1;1;1;1;0;0;0;0;0;0;1
1427392925;1250776091;1252556827;944170131;2147411327;8308095;0;2;1;1;15;15;0;0;1;0;0;0;0;0;0;0;0;0;0;2;1;1;1;1;1;1;0;0;0;0;0;0;1
1427898761;1250776091;1252556827;944170131;2147411327;8308095;0;2;1;1;15;15;0;0;1;0;0;0;0;0;0;0;0;0;0;2;1;1;1;1;1;1;0;0;0;0;0;0;1
1428404760;1250776091;1252556827;944170131;2147411327;8308095;0;2;1;1;15;15;0;0;1;0;0;0;0;0;0;0;0;0;0;2;1;1;1;1;1;1;0;0;0;0;0;0;1
1428910761;1250776091;1252556827;944170131;2147411327;8308095;0;2;1;1;15;15;0;0;1;0;0;0;0;0;0;0;0;0;0;2;1;1;1;1;1;1;0;0;0;0;0;0;1
1429416761;1250776091;1252556827;944170131;2147411327;8308095;0;2;1;1;15;15;0;0;1;0;0;0;0;0;0;0;0;0;0;2;1;1;1;1;1;1;0;0;0;0;0;0;1
1429923013;1250776091;1252556827;944170131;2147411327;8308095;0;2;1;1;15;15;0;0;1;0;0;0;0;0;0;0;0;0;0;2;1;1;1;1;1;1;0;0;0;0;0;0;1
1430428836;1250776091;1252556827;944170131;2147411327;8308095;0;2;1;1;15;15;0;0;1;0;0;0;0;0;0;0;0;0;0;2;1;1;1;1;1;1;0;0;0;0;0;0;1
1430934806;1250776091;1252556827;944170131;2147411327;8308095;0;2;1;1;15;15;0;0;1;0;0;0;0;0;0;0;0;0;0;2;1;1;1;1;1;1;0;0;0;0;0;0;1
1431440836;1250776091;1252556827;944170131;2147411327;8308095;0;2;1;1;15;15;0;0;1;0;0;0;0;0;0;0;0;0;0;2;1;1;1;1;1;1;0;0;0;0;0;0;1
1431946761;1250776091;1252556827;944170131;2147411327;8308095;0;2;1;1;15;15;0;0;1;0;0;0;0;0;0;0;0;0;0;2;1;1;1;1;1;1;0;0;0;0;0;0;1
1432452942;1250776091;1252556827;944170131;2147411327;8308095;0;2;1;1;15;15;0;0;1;0;0;0;0;0;0;0;0;0;0;2;1;1;1;1;1;1;0;0;0;0;0;0;1
1432961304;1250776091;1252556827;944170131;2147411327;8308095;0;2;1;1;15;15;0;0;1;0;0;0;0;0;0;0;0;0;0;2;1;1;1;1;1;1;0;0;0;0;0;0;1
1433466775;1250776091;1252556827;944170131;2147411327;8308095;0;2;1;1;15;15;0;0;1;0;0;0;0;0;0;0;0;0;0;2;1;1;1;1;1;1;0;0;0;0;0;0;1
1433972825;1250776091;1252556827;944170131;2147411327;8308095;0;2;1;1;15;15;0;0;1;0;0;0;0;0;0;0;0;0;0;2;1;1;1;1;1;1;0;0;0;0;0;0;1
1434478781;1250776091;1252556827;944170131;2147411327;8308095;0;2;1;1;15;15;0;0;1;0;0;0;0;0;0;0;0;0;0;2;1;1;1;1;1;1;0;0;0;0;0;0;1
1434984760;1250776091;1252556827;944170131;2147411327;8308095;0;2;1;1;15;15;0;0;1;0;0;0;0;0;0;0;0;0;0;2;1;1;1;1;1;1;0;0;0;0;0;0;1
1435490761;1250776091;1252556827;944170131;2147411327;8308095;0;2;1;1;15;15;0;0;1;0;0;0;0;0;0;0;0;0;0;2;1;1;1;1;1;1;0;0;0;0;0;0;1
1435996764;1250776091;1252556827;944170131;2147411327;8308095;0;2;1;1;15;15;0;0;1;0;0;0;0;0;0;0;0;0;0;2;1;1;1;1;1;1;0;0;0;0;0;0;1
1436502782;1250776091;1252556827;944170131;2147411327;8308095;0;2;1;1;15;15;0;0;1;0;0;0;0;0;0;0;0;0;0;2;1;1;1;1;1;1;0;0;0;0;0;0;1
1437008796;1250776091;1252556827;944170131;2147411327;8308095;0;2;1;1;15;15;0;0;1;0;0;0;0;0;0;0;0;0;0;2;1;1;1;1;1;1;0;0;0;0;0;0;1
1437514762;1250776091;1252556827;944170131;2147411327;8308095;0;2;1;1;15;15;0;0;1;0;0;0;0;0;0;0;0;0;0;2;1;1;1;1;1;1;0;0;0;0;0;0;1
1438020763;1250776091;1252556827;944170131;2147411327;8308095;0;2;1;1;15;15;0;0;1;0;0;0;0;0;0;0;0;0;0;2;1;1;1;1;1;1;0;0;0;0;0;0;1
1438527768;1250776091;1252556827;944170131;2147411327;8308095;0;2;1;1;15;15;0;0;1;0;0;0;0;0;0;0;0;0;0;2;1;1;1;1;1;1;0;0;0;0;0;0;1
1439034543;1250776091;1252556827;944170131;2147411327;8308095;0;2;1;1;15;15;0;0;1;0;0;0;0;0;0;0;0;0;0;2;1;1;1;1;1;1;0;0;0;0;0;0;1
1439539843;1250776091;1252556827;944170131;2147411327;8308095;0;2;1;1;15;15;0;0;1;0;0;0;0;0;0;0;0;0;0;2;1;1;1;1;1;1;0;0;0;0;0;0;1
1440045762;1250776091;1252556827;944170131;2147411327;8308095;0;2;1;1;15;15;0;0;1;0;0;0;0;0;0;0;0;0;0;2;1;1;1;1;1;1;0;0;0;0;0;0;1
1440551771;1250776091;1252556827;944170131;2147411327;8308095;0;2;1;1;15;15;0;0;1;0;0;0;0;0;0;0;0;0;0;2;1;1;1;1;1;1;0;0;0;0;0;0;1
1441057776;1250776091;1252556827;944170131;2147411327;8308095;0;2;1;1;15;15;0;0;1;0;0;0;0;0;0;0;0;0;0;2;1;1;1;1;1;1;0;0;0;0;0;0;1
1441563963;1250776091;1252556827;944170131;2147411327;8308095;0;2;1;1;15;15;0;0;1;0;0;0;0;0;0;0;0;0;0;2;1;1;1;1;1;1;0;0;0;0;0;0;1
1442069762;1250776091;1252556827;944170131;2147411327;8308095;0;2;1;1;15;15;0;0;1;0;0;0;0;0;0;0;0;0;0;2;1;1;1;1;1;1;0;0;0;0;0;0;1
1442575761;1250776091;1252556827;944170131;2147411327;8308095;0;2;1;1;15;15;0;0;1;0;0;0;0;0;0;0;0;0;0;2;1;1;1;1;1;1;0;0;0;0;0;0;1
1443081781;1250776091;1252556827;944170131;2147411327;8308095;0;2;1;1;15;15;0;0;1;0;0;0;0;0;0;0;0;0;0;2;1;1;1;1;1;1;0;0;0;0;0;0;1
1444095279;1250776091;1252556827;944170131;2147411327;8308095;0;2;1;1;15;15;0;0;1;0;0;0;0;0;0;0;0;0;0;2;1;1;1;1;1;1;0;0;0;0;0;0;1
1444600983;1250776091;1252556827;944170131;2147411327;8308095;0;2;1;1;15;15;0;0;1;0;0;0;0;0;0;0;0;0;0;2;1;1;1;1;1;1;0;0;0;0;0;0;1
1445106783;1250776091;1252556827;944170131;2147411327;8308095;0;2;1;1;15;15;0;0;1;0;0;0;0;0;0;0;0;0;0;2;1;1;1;1;1;1;0;0;0;0;0;0;1
1445612763;1250776091;1252556827;944170131;2147411327;8308095;0;2;1;1;15;15;0;0;1;0;0;0;0;0;0;0;0;0;0;2;1;1;1;1;1;1;0;0;0;0;0;0;1
1445910009;0;0;944170131;2147411327;8308095;0;1;1;1;15;15;0;0;1;0;0;0;0;0;0;0;0;0;0;2;1;1;1;1;1;1;0;0;0;0;0;0;1
1445929530;0;0;944170131;2147411327;8308095;0;1;1;1;15;15;0;0;1;0;0;0;0;0;0;0;0;0;0;2;1;1;1;1;1;1;0;0;0;0;0;0;1
1446434947;0;0;944170131;2147411327;8308095;0;1;1;1;15;15;0;0;1;0;0;0;0;0;0;0;0;0;0;2;1;1;1;1;1;1;0;0;0;0;0;0;1
