timestamp;accel_device_id;gyro_device_id;accel_clipping[0];accel_clipping[1];accel_clipping[2];gyro_clipping[0];gyro_clipping[1];gyro_clipping[2];accel_error_count;gyro_error_count;accel_rate_hz;gyro_rate_hz;accel_raw_rate_hz;gyro_raw_rate_hz;accel_vibration_metric;gyro_vibration_metric;delta_angle_coning_metric;mean_accel[0];mean_accel[1];mean_accel[2];mean_gyro[0];mean_gyro[1];mean_gyro[2];var_accel[0];var_accel[1];var_accel[2];var_gyro[0];var_gyro[1];var_gyro[2];temperature_accel;temperature_gyro
1251498378;2490378;2490378;0;0;0;0;0;0;0;0;808.3983;808.3983;8083.984;8083.984;0.35382536;0.011244069;2.2587285e-09;6.728078;-3.1757069;-6.589984;0.0076606376;0.0017906913;-0.01323811;0.40560135;0.03775111;0.7173431;0.00016557916;0.0007722848;0.00012240357;35.859932;35.859932
1252433334;2490378;2490378;0;0;0;0;0;0;0;0;808.39825;808.39825;8083.983;8083.983;0.3810035;0.013445361;5.032089e-10;6.7147136;-3.1899567;-6.6091204;0.0012657761;0.0028338602;-0.009492884;0.011390894;0.008027822;0.11492215;5.6216457e-05;0.00014684428;8.332143e-06;35.83944;35.83944
1253472430;2490378;2490378;0;0;0;0;0;0;0;0;808.3982;808.3982;8083.9824;8083.9824;3.3544652;0.12188885;8.8936093e-07;4.0279317;-2.7840333;-8.324503;-1.0641865;-1.5882602;-0.16979551;6.0984464;4.368369;35.132957;0.046391692;0.05168704;0.016764535;35.8646;35.8646
1254407693;2490378;2490378;0;0;0;0;0;0;0;0;808.39813;808.39813;8083.9814;8083.9814;4.0014987;0.14165781;4.192203e-08;-0.85578316;0.13123219;-10.037096;0.13790163;-0.1438899;-0.023235925;0.4532481;0.694556;7.108075;0.003987863;0.012817728;0.0007709022;35.863533;35.863533
1255446713;2490378;2490378;0;0;0;0;0;0;0;0;808.398;808.398;8083.9805;8083.9805;3.876177;0.12912607;2.3739414e-08;-0.14724411;0.058660083;-9.918311;-0.014870589;0.040872093;-0.0016292275;1.5446086;1.1796578;26.284475;0.0043326295;0.025326127;0.0010798573;35.87977;35.87977
1256485811;2490378;2490378;0;0;0;0;0;0;0;0;808.39795;808.39795;8083.98;8083.98;3.39123;0.11019276;1.5095342e-08;-0.15593593;-0.05258479;-10.022987;-0.011895488;-0.07978545;-0.0056338576;0.96473193;0.77666634;5.706281;0.0012096355;0.0064716446;0.00080622535;35.889336;35.889336
1257420999;2490378;2490378;0;0;0;0;0;0;0;0;808.3979;808.3979;8083.979;8083.979;3.7133815;0.12128926;1.6025712e-08;-0.37004668;0.044871323;-10.094281;-0.0067096995;-0.08949127;-0.011793186;0.5856617;1.4952639;6.8915753;0.0018661609;0.0056271404;0.0009906084;35.88546;35.88546
1258460167;2490378;2490378;0;0;0;0;0;0;0;0;808.39777;808.39777;8083.978;8083.978;3.5789237;0.12144399;5.5552103e-08;-0.2882334;-0.20233996;-9.939533;0.11200402;0.017464712;-0.034046926;1.6401318;0.9178384;15.550167;0.0063678417;0.01786242;0.0010779769;35.89516;35.89516
1259499189;2490378;2490378;0;0;0;0;0;0;0;0;808.3977;808.3977;8083.9775;8083.9775;3.5241556;0.11530353;1.8048752e-08;-0.328813;-0.050494846;-10.122721;0.03704685;0.04216999;-0.008489764;1.3398602;0.78575444;17.08173;0.0016544649;0.012463582;0.0008110919;35.891342;35.891342
1260434416;2490378;2490378;0;0;0;0;0;0;0;0;808.39764;808.39764;8083.9766;8083.9766;3.3223808;0.11130343;4.0153292e-08;-0.20550017;-0.1909333;-10.02452;-0.067720175;-0.092105694;-0.014857345;1.8215094;1.5802122;15.030351;0.0033479668;0.01666964;0.0014162981;35.908882;35.908882
1261473511;2490378;2490378;0;0;0;0;0;0;0;0;808.3975;808.3975;8083.9756;8083.9756;3.3080692;0.1041945;1.994246e-08;-0.26418233;-0.011353224;-10.059973;0.060899843;-0.07240753;0.029228713;0.74857986;0.7505208;5.7687407;0.0033030862;0.0053571886;0.0006539355;35.899834;35.899834
1262409159;2490378;2490378;0;0;0;0;0;0;0;0;808.39746;808.39746;8083.975;8083.975;4.126382;0.1375224;5.2832913e-08;0.051808093;0.16701837;-10.115014;-0.05172219;0.11230418;-0.053465936;2.5901794;0.64484966;29.61236;0.0039830995;0.027783338;0.00093323464;35.911404;35.911404
1263442813;2490378;2490378;0;0;0;0;0;0;0;0;808.3974;808.3974;8083.974;8083.974;3.735673;0.11966689;1.656365e-08;-0.28162938;0.014952361;-9.96863;0.024406694;-0.026581774;-0.013339937;1.2651149;0.84464234;16.749233;0.0022739212;0.014422952;0.0008336707;35.907158;35.907158
1264481910;2490378;2490378;0;0;0;0;0;0;0;0;808.3973;808.3973;8083.973;8083.973;3.479742;0.11186214;1.2269022e-08;-0.13594364;0.23646662;-10.000036;-0.006171382;-0.043415066;-0.0070915497;1.4099458;1.7101903;8.052884;0.0021440745;0.010987365;0.00062843534;35.898823;35.898823
1265417097;2490378;2490378;0;0;0;0;0;0;0;0;808.3973;808.3973;8083.9727;8083.9727;4.044822;0.12634961;2.4611554e-08;-0.33508137;-0.09765992;-9.918682;0.008817212;0.060470648;-0.0042222403;3.401138;1.3381896;26.181383;0.0035891337;0.0117845945;0.0016383103;35.910393;35.910393
1266456195;2490378;2490378;0;0;0;0;0;0;0;0;808.3972;808.3972;8083.972;8083.972;4.652668;0.14633562;4.176837e-08;-0.32850087;0.3652034;-10.184473;-0.0041137524;-0.04451803;0.016449934;3.004788;1.6780183;29.658909;0.0062827473;0.03234714;0.0021867047;35.88969;35.88969
1267498975;2490378;2490378;0;0;0;0;0;0;0;0;808.39716;808.39716;8083.971;8083.971;3.7506077;0.13005334;2.8447696e-08;-0.18502618;-0.11149284;-10.046491;-0.0840383;0.005909838;-0.029684;1.0366135;0.90950525;14.281113;0.0043930034;0.0112535795;0.0004769039;35.88919;35.88919
1268425573;2490378;2490378;0;0;0;0;0;0;0;0;808.3971;808.3971;8083.971;8083.971;2.8345408;0.09811198;1.3581824e-08;-0.1797789;-0.14431763;-10.06081;0.04360151;-0.040381122;-0.020972105;0.96865517;0.4842316;5.813275;0.0033398664;0.0061066537;0.00043167092;35.88264;35.88264
1269464625;2490378;2490378;0;0;0;0;0;0;0;0;808.3971;808.3971;8083.9707;8083.9707;3.625408;0.12091125;2.3123102e-08;-0.16063027;-0.1576874;-9.967504;-0.031162154;0.014271051;-0.018832631;1.9240398;1.3320493;16.817245;0.004974435;0.017040005;0.0019551064;35.88934;35.88934
1270498775;2490378;2490378;0;0;0;0;0;0;0;0;808.397;808.397;8083.97;8083.97;3.1864944;0.10420267;8.886287e-09;-0.22692257;0.2013089;-10.039537;0.016498469;-0.019530747;-0.009403508;0.8498114;0.69415385;5.95262;0.00116054;0.006274544;0.0009509452;35.862663;35.862663
1271434016;2490378;2490378;0;0;0;0;0;0;0;0;808.397;808.397;8083.9697;8083.9697;3.789152;0.11482101;3.501077e-08;-0.11787025;0.049018435;-9.949873;0.09227096;0.058976;-0.0052559725;1.8538707;1.0221666;17.634274;0.0023084555;0.012931764;0.00078212994;35.86022;35.86022
1272473099;2490378;2490378;0;0;0;0;0;0;0;0;808.397;808.397;8083.9697;8083.9697;3.5643008;0.12246837;2.7065099e-08;-0.2077547;-0.21996799;-9.9439125;-0.030403528;-0.0932154;0.016894436;1.4210498;1.1834505;9.050554;0.0024053543;0.012550223;0.0015845695;35.843975;35.843975
1273408283;2490378;2490378;0;0;0;0;0;0;0;0;808.3969;808.3969;8083.969;8083.969;3.4201803;0.120678104;4.9372723e-08;-0.18859042;0.11160044;-9.892322;0.11670597;0.01337491;0.015208743;1.7073827;1.2108644;21.975002;0.0036533233;0.024203174;0.0011757255;35.829815;35.829815
1274447365;2490378;2490378;0;0;0;0;0;0;0;0;808.3969;808.3969;8083.969;8083.969;4.251291;0.13199237;1.6456326e-08;-0.27558047;0.026871346;-10.080934;-0.016633207;0.013045005;-0.017211176;2.1379747;0.52636755;22.092474;0.0018477624;0.02014548;0.0009308284;35.834476;35.834476
1275486427;2490378;2490378;0;0;0;0;0;0;0;0;808.3969;808.3969;8083.9688;8083.9688;3.5320132;0.11932322;3.76965e-08;-0.38473326;-0.06107922;-10.083589;0.0505906;-0.10824721;-0.07636997;1.1219591;0.7206276;13.104824;0.0041242037;0.014159428;0.0007858446;35.81277;35.81277
1276416665;2490378;2490378;0;0;0;0;0;0;0;0;808.3969;808.3969;8083.9688;8083.9688;3.3124287;0.10813019;1.9297696e-08;0.012499719;0.116730146;-10.063746;0.07279771;-0.019941622;-0.014706747;0.76278806;1.4019186;9.129414;0.002327212;0.0089599835;0.0006974823;35.814;35.814
1277455764;2490378;2490378;0;0;0;0;0;0;0;0;808.3969;808.3969;8083.9688;8083.9688;3.6398735;0.11500289;7.379841e-08;-0.33483195;0.015708389;-9.99698;-0.1779193;-0.07320549;0.00858826;1.6864792;0.7503858;22.938356;0.0014322462;0.018989276;0.0010913783;35.792072;35.792072
1278494855;2490378;2490378;0;0;0;0;0;0;0;0;808.3969;808.3969;8083.9688;8083.9688;3.4273615;0.10649884;5.2236807e-08;-0.21078238;0.07520074;-10.124928;-0.20195992;-0.055205476;0.010315746;0.29043955;1.0144386;8.044042;0.0043442533;0.006673269;0.00061373966;35.77618;35.77618
1279430064;2490378;2490378;0;0;0;0;0;0;0;0;808.3969;808.3969;8083.9688;8083.9688;3.340882;0.10214266;9.073619e-09;-0.20751388;-0.0066766907;-10.063544;0.0011131153;-0.013738678;-0.003901772;1.195367;0.95283943;6.9400926;0.0014173173;0.0065252637;0.00037688558;35.763817;35.763817
1280464184;2490378;2490378;0;0;0;0;0;0;0;0;808.3969;808.3969;8083.9688;8083.9688;3.7257965;0.118561976;1.4789814e-08;-0.31550875;0.25165412;-10.052823;-0.014323468;0.0025096638;0.005367236;1.7550273;1.4831969;15.673323;0.003304928;0.010655084;0.001186058;35.758423;35.758423
1281503285;2490378;2490378;0;0;0;0;0;0;0;0;808.3969;808.3969;8083.969;8083.969;3.2669857;0.107900895;1.7803858e-08;-0.118022755;-0.00166668;-10.121858;0.03235806;-0.0024190992;0.023143297;0.8572368;1.1560425;8.902064;0.0021695795;0.009091324;0.0010079137;35.732475;35.732475
1282433657;2490378;2490378;0;0;0;0;0;0;0;0;808.3969;808.3969;8083.969;8083.969;4.257915;0.13528635;3.474555e-08;-0.19869594;0.22626916;-10.026042;0.021479096;0.058134105;0.033504326;2.0405447;2.3156295;20.345633;0.003863198;0.0189052;0.002488224;35.72464;35.72464
1283472599;2490378;2490378;0;0;0;0;0;0;0;0;808.397;808.397;8083.9697;8083.9697;3.5432322;0.116837;3.912056e-08;-0.12399684;0.015478235;-9.919473;-0.102293044;-0.06395099;0.007894585;1.4424995;1.2520792;11.057167;0.0024279982;0.012214409;0.0006240813;35.7117;35.7117
1284506772;2490378;2490378;0;0;0;0;0;0;0;0;808.397;808.397;8083.9697;8083.9697;3.7838378;0.12474637;3.8215877e-08;-0.3705084;-0.14795953;-10.181294;0.06874494;-0.034862176;-0.04077455;1.5875845;0.6761589;16.199512;0.0048214435;0.020041976;0.0010904385;35.675823;35.675823
1285441950;2490378;2490378;0;0;0;0;0;0;0;0;808.397;808.397;8083.97;8083.97;3.991892;0.12507382;1.1133121e-08;-0.16192643;-0.040932294;-9.957548;-0.011583425;-0.0003801854;-0.014857821;1.9669696;1.0665568;11.3365755;0.0011286344;0.013178618;0.00069022825;35.65908;35.65908
1286481089;2490378;2490378;0;0;0;0;0;0;0;0;808.3971;808.3971;8083.9707;8083.9707;3.3306427;0.10365838;9.17723e-09;-0.13833284;0.07982027;-10.060962;-0.009767911;-0.014828875;-0.012497091;0.2724864;1.5281674;6.15916;0.0026953616;0.003730736;0.00031828092;35.63622;35.63622
1287416197;2490378;2490378;0;0;0;0;0;0;0;0;808.3971;808.3971;8083.971;8083.971;3.2039795;0.101616815;2.7801926e-08;-0.026187284;0.04933481;-9.986673;-0.07671415;0.020707227;-0.026535936;1.9738797;0.54724187;14.497397;0.002438191;0.012693902;0.00039489468;35.60682;35.60682
1288455285;2490378;2490378;0;0;0;0;0;0;0;0;808.39716;808.39716;8083.9717;8083.9717;3.3215911;0.10821045;1.4352081e-08;-0.115860835;0.06806729;-9.917411;-0.007553815;-0.026130373;-0.0093014445;0.86284715;1.3280686;5.7408037;0.001870128;0.0076532303;0.0009002188;35.592506;35.592506
1289494376;2490378;2490378;0;0;0;0;0;0;0;0;808.3972;808.3972;8083.972;8083.972;3.162034;0.10574521;1.3937144e-08;-0.09687183;-0.0072488794;-10.033106;0.031922206;-0.016224869;0.0025619257;1.1648436;0.8500926;9.149619;0.0019484691;0.0071327505;0.0005838324;35.58338;35.58338
1290429551;2490378;2490378;0;0;0;0;0;0;0;0;808.3972;808.3972;8083.9727;8083.9727;3.8229206;0.12477992;2.7319999e-08;0.14102417;-0.22054589;-10.122281;-0.038253386;0.021253714;-0.007596322;1.4651134;1.7101204;13.453129;0.0047822855;0.017134473;0.0016974652;35.586613;35.586613
1291468637;2490378;2490378;0;0;0;0;0;0;0;0;808.3973;808.3973;8083.973;8083.973;4.0692716;0.13150932;3.221617e-08;-0.10292502;0.06326251;-10.038379;0.10679309;-0.060280476;-0.028548997;1.1403886;0.86734265;10.501493;0.004201458;0.009593884;0.0010107629;35.53557;35.53557
1292507725;2490378;2490378;0;0;0;0;0;0;0;0;808.3974;808.3974;8083.9736;8083.9736;3.8448157;0.12510002;2.0324523e-08;-0.03411168;-0.040315937;-9.990421;-0.003312065;-0.11011927;-0.0121905;1.6665738;0.7817658;10.67379;0.003163316;0.009908002;0.00037402066;35.53636;35.53636
1293443097;2490378;2490378;0;0;0;0;0;0;0;0;808.39746;808.39746;8083.975;8083.975;2.7180774;0.09754377;1.0806492e-08;-0.09921971;0.12131121;-9.963793;0.030065455;0.0008556932;-0.0037790884;0.5198168;0.855518;2.7617996;0.0016334568;0.0041477187;0.0009787343;35.517307;35.517307
1294482030;2490378;2490378;0;0;0;0;0;0;0;0;808.3975;808.3975;8083.9756;8083.9756;3.7294378;0.12754121;5.1950625e-08;-0.03542135;0.26566517;-10.024377;0.094167605;0.04703745;0.0063720224;2.018567;1.2895794;23.586164;0.0038835017;0.021267446;0.0012937753;35.495453;35.495453
1295417168;2490378;2490378;0;0;0;0;0;0;0;0;808.39764;808.39764;8083.9766;8083.9766;3.883054;0.12529355;3.594245e-08;0.07030901;-0.08033118;-10.128479;-0.06208441;-0.09772631;0.03534482;1.8364674;0.75953674;18.755575;0.002128496;0.016467318;0.0009697073;35.4759;35.4759
1296456297;2490378;2490378;0;0;0;0;0;0;0;0;808.3977;808.3977;8083.977;8083.977;3.7795343;0.12008864;3.349569e-08;-0.13674028;-0.17688164;-9.9803095;0.07679774;-0.026156701;-0.009209371;2.0635514;1.4717252;22.59589;0.0034776374;0.020408636;0.00084834435;35.462467;35.462467
1297495335;2490378;2490378;0;0;0;0;0;0;0;0;808.39777;808.39777;8083.978;8083.978;3.6085136;0.1180094;1.991844e-08;-0.0011785585;0.08387828;-9.97696;-0.011808333;-0.07940765;0.015974822;1.2898105;0.8704444;16.95829;0.0019411708;0.016228208;0.0006649456;35.446075;35.446075
1298430512;2490378;2490378;0;0;0;0;0;0;0;0;808.40546;808.40546;8084.0547;8084.0547;3.3175354;0.11044973;1.553631e-08;-0.448067;0.24891005;-9.999117;0.076612405;-0.051116306;0.00013259679;0.65639913;1.1542548;7.399322;0.0018679384;0.00978971;0.00052123156;35.423862;35.423862
1299469665;2490378;2490378;0;0;0;0;0;0;0;0;808.4053;808.4053;8084.0527;8084.0527;3.0529718;0.095830396;1.2515127e-08;-0.0812297;-0.120853744;-10.052558;-0.016150324;0.009378289;-0.01582359;0.9895037;0.5965376;7.501174;0.0018298903;0.008699769;0.0008956014;35.411636;35.411636
1300404762;2490378;2490378;0;0;0;0;0;0;0;0;808.40546;808.40546;8084.054;8084.054;3.8873084;0.12284684;2.6428618e-08;0.045672245;-0.13568354;-10.057656;-0.020948393;0.06337382;-0.0301741;2.1575415;0.6804112;28.12184;0.0031131415;0.021167899;0.0007038377;35.377487;35.377487
1301443848;2490378;2490378;0;0;0;0;0;0;0;0;808.40576;808.40576;8084.0576;8084.0576;4.5659366;0.1396335;1.907562e-08;-0.2934871;0.2398705;-10.066661;-0.0076054423;0.07157293;0.018476635;0.8886718;1.4739038;12.39754;0.0025795542;0.013088147;0.0007601553;35.36483;35.36483
1302482956;2490378;2490378;0;0;0;0;0;0;0;0;808.40594;808.40594;8084.0596;8084.0596;3.7720947;0.121966;2.6272263e-08;-0.032794155;-0.08062902;-10.147149;-0.03976199;-0.029061222;-0.039805293;1.9887744;0.61492234;22.414154;0.0016729084;0.021833692;0.0007134633;35.34068;35.34068
1303418103;2490378;2490378;0;0;0;0;0;0;0;0;808.40607;808.40607;8084.0605;8084.0605;3.7195466;0.11667964;2.8045342e-08;0.10105955;0.104168445;-9.966354;0.05407301;0.05245298;-0.020113872;0.9610325;0.91816384;20.348883;0.001800021;0.015256479;0.0008359516;35.319405;35.319405
1304457177;2490378;2490378;0;0;0;0;0;0;0;0;808.4064;808.4064;8084.064;8084.064;3.608966;0.122939326;6.9998194e-08;-0.08847075;-0.13175733;-9.9935255;-0.11176856;0.1148052;-0.0038406285;2.9866545;0.8133925;33.090385;0.0025488269;0.03298993;0.0015664147;35.29374;35.29374
1305496275;2490378;2490378;0;0;0;0;0;0;0;0;808.4065;808.4065;8084.065;8084.065;3.865599;0.119753435;4.750757e-08;0.042706583;0.17737259;-9.878067;-0.09642968;0.11675554;0.0037527594;2.0350802;0.8213441;18.427511;0.0044700787;0.018358415;0.0010075348;35.279213;35.279213
1306431433;2490378;2490378;0;0;0;0;0;0;0;0;808.4068;808.4068;8084.068;8084.068;4.054653;0.12795015;4.3321457e-08;-0.18884623;0.13208583;-10.185495;0.06704093;0.031281587;0.04162961;1.9949864;1.6898787;19.152918;0.0041358974;0.024508817;0.002571974;35.248306;35.248306
1307470877;2490378;2490378;0;0;0;0;0;0;0;0;808.407;808.407;8084.07;8084.07;4.099692;0.13239127;2.1447955e-08;-0.30657184;0.16368073;-10.297349;-0.018197088;0.041358627;-0.025517352;1.7908784;0.8866954;21.524307;0.0018811028;0.021367976;0.001060623;35.218395;35.218395
1308405677;2490378;2490378;0;0;0;0;0;0;0;0;808.4073;808.4073;8084.073;8084.073;4.550285;0.13865018;1.7171292e-08;-0.1364916;0.1409622;-9.988207;-0.011977488;0.017926104;-0.0010629949;2.460553;0.9282638;20.74155;0.0030104914;0.014877164;0.00092299946;35.189423;35.189423
1309439805;2490378;2490378;0;0;0;0;0;0;0;0;808.40753;808.40753;8084.075;8084.075;3.5117602;0.11546807;1.839264e-08;0.02470302;0.3302331;-9.97266;0.0070733884;0.03632042;-0.0011169217;1.6605691;1.5243515;12.797006;0.003966272;0.0089078965;0.00080282893;35.178642;35.178642
1310473939;2490378;2490378;0;0;0;0;0;0;0;0;808.4078;808.4078;8084.0776;8084.0776;3.920505;0.12635306;2.7701471e-08;0.1142077;-0.046778146;-10.120717;0.047547612;-0.013306313;-0.013301792;1.8378388;0.7618338;18.477793;0.0043417932;0.015763735;0.0010117802;35.139385;35.139385
1311409098;2490378;2490378;0;0;0;0;0;0;0;0;808.408;808.408;8084.08;8084.08;4.891337;0.15219533;5.5502227e-08;-0.0048104962;-0.20391473;-10.001137;0.12091211;0.015272822;-0.040025204;0.9765076;0.93148774;24.14007;0.0036097476;0.019057875;0.00070728816;35.11905;35.11905
1312446918;2490378;2490378;0;0;0;0;0;0;0;0;808.40826;808.40826;8084.0825;8084.0825;5.073529;0.15578692;4.54014e-08;0.13866092;0.18571824;-10.1751175;-0.07207935;0.07057942;-0.003960382;3.358465;0.5515103;52.662388;0.0041571814;0.046797924;0.0012606746;35.093;35.093
1313482329;2490378;2490378;0;0;0;0;0;0;0;0;808.40845;808.40845;8084.0845;8084.0845;4.254617;0.13974962;3.5481477e-08;-0.027769895;-0.08682261;-10.065165;0.06460827;2.1729036e-05;0.0018668233;1.6280156;1.5175908;19.313034;0.0029645585;0.020974213;0.0013772603;35.08692;35.08692
1314417468;2490378;2490378;0;0;0;0;0;0;0;0;808.4087;808.4087;8084.087;8084.087;5.629146;0.17224823;3.4354105e-08;0.073441416;0.0456409;-10.161388;0.0065916157;-0.011258438;0.005921494;4.4643307;0.94593024;65.964485;0.0024301363;0.061268553;0.0023250785;35.043926;35.043926
1315456540;2490378;2490378;0;0;0;0;0;0;0;0;808.40894;808.40894;8084.0894;8084.0894;4.359456;0.14189154;5.1058688e-08;0.18104796;0.3423915;-10.099855;-0.086129;-0.02858278;0.030643424;1.5893542;2.191343;28.525957;0.0051674326;0.029656408;0.0009878748;35.035297;35.035297
1316496091;2490378;2490378;0;0;0;0;0;0;0;0;808.4092;808.4092;8084.092;8084.092;3.8137221;0.12675403;2.4824498e-08;-0.27685165;0.22197029;-9.990844;-0.0050184564;0.06876057;0.008405464;1.5152688;1.3642898;12.609048;0.0041396837;0.016407873;0.0009990343;35.004593;35.004593
1317430774;2490378;2490378;0;0;0;0;0;0;0;0;808.4094;808.4094;8084.0947;8084.0947;4.1687856;0.13422215;2.1706537e-08;-0.10394256;0.30298194;-10.038908;0.01740349;-0.057472467;-0.020336878;0.9007306;1.7343099;10.701124;0.0053230617;0.012306127;0.0010030442;34.99734;34.99734
1318464919;2490378;2490378;0;0;0;0;0;0;0;0;808.40967;808.40967;8084.097;8084.097;4.262639;0.139904;2.4986258e-08;0.09427455;-0.037013218;-9.9697695;-0.11895678;0.07100702;0.0125585515;1.5620393;1.6523141;10.056727;0.004338459;0.0112031065;0.00050738885;34.977566;34.977566
1319503969;2490378;2490378;0;0;0;0;0;0;0;0;808.4099;808.4099;8084.0996;8084.0996;3.5779412;0.11665992;4.3280046e-08;-0.2543148;-0.065209925;-9.932323;0.12568282;0.06980524;0.012410807;0.98027825;0.8515548;13.009343;0.0026726038;0.0099600665;0.0009890298;34.939903;34.939903
1320439134;2490378;2490378;0;0;0;0;0;0;0;0;808.41016;808.41016;8084.1016;8084.1016;3.320236;0.11043843;2.3241716e-08;-0.11776338;0.42046812;-10.195296;-0.108934544;-0.0063218223;-0.032204133;0.67000383;1.0116397;2.7245698;0.0061337585;0.0047300328;0.00080989295;34.920933;34.920933
1321478202;2490378;2490378;0;0;0;0;0;0;0;0;808.4104;808.4104;8084.104;8084.104;4.315608;0.13958165;3.268585e-08;-0.11754177;-0.17578857;-10.069206;0.06640103;0.03387658;-0.0057693096;1.9130099;1.1988686;15.155076;0.003911919;0.020462845;0.0015926472;34.893387;34.893387
1322413379;2490378;2490378;0;0;0;0;0;0;0;0;808.41064;808.41064;8084.1064;8084.1064;4.128646;0.13858922;1.0232882e-07;0.055918157;-0.12664115;-10.151077;0.240513;0.043516893;-0.06359175;1.2857207;1.3012196;22.773676;0.008481877;0.018663457;0.0006692872;34.899574;34.899574
1323452431;2490378;2490378;0;0;0;0;0;0;0;0;808.4109;808.4109;8084.109;8084.109;3.7751894;0.11541019;1.5339472e-08;0.068079405;0.1201989;-9.989458;0.02449274;-0.031154778;-0.030162284;1.8291477;0.9160684;8.617776;0.0033488444;0.004891399;0.0010152529;34.855354;34.855354
1324491511;2490378;2490378;0;0;0;0;0;0;0;0;808.41113;808.41113;8084.1113;8084.1113;3.508311;0.11519223;1.5294894e-08;0.037257634;0.39965284;-9.953744;0.016808787;-0.030481722;0.06579078;0.81052047;0.7879291;3.8996694;0.0025048505;0.0051396145;0.0004669613;34.816612;34.816612
1325421711;2490378;2490378;0;0;0;0;0;0;0;0;808.4113;808.4113;8084.1133;8084.1133;3.112017;0.10492186;2.9940733e-08;-0.16521846;-0.13021822;-10.054253;-0.03716549;0.12588322;-0.052370265;1.6506814;0.81075144;9.374009;0.0064633284;0.0066094976;0.00040978033;34.80885;34.80885
1326456357;2490378;2490378;0;0;0;0;0;0;0;0;808.41156;808.41156;8084.1157;8084.1157;4.561788;0.13880023;3.2423184e-08;-0.26702547;0.47528467;-9.994318;-0.03328513;-0.19390713;0.044060998;1.3813642;1.3463986;15.932379;0.0020278594;0.013851914;0.0003730329;34.793243;34.793243
1327489949;2490378;2490378;0;0;0;0;0;0;0;0;808.4118;808.4118;8084.1187;8084.1187;4.9425826;0.15829949;4.211546e-08;0.085051164;0.046871495;-10.233363;0.09305259;-0.015868714;-0.010298934;1.4082111;1.3348743;27.002281;0.0043002954;0.024719743;0.0009139072;34.76463;34.76463
1328425116;2490378;2490378;0;0;0;0;0;0;0;0;808.41205;808.41205;8084.121;8084.121;3.7996979;0.12452135;2.3649577e-08;0.099990696;0.25742728;-9.865898;-0.076878;-0.007863023;-0.0028284676;1.4342643;0.98400515;14.275134;0.005204345;0.015232686;0.0006594503;34.73064;34.73064
1329464180;2490378;2490378;0;0;0;0;0;0;0;0;808.4123;808.4123;8084.1235;8084.1235;3.8707852;0.12605229;1.5791771e-08;0.102280855;-0.21304832;-9.929363;-0.0112047475;-0.10180619;-0.00609985;0.92980844;0.6768136;4.475992;0.0028581286;0.006341661;0.0005363679;34.704536;34.704536
1330503311;2490378;2490378;0;0;0;0;0;0;0;0;808.41254;808.41254;8084.126;8084.126;3.4176574;0.11739316;7.98779e-08;-0.008583502;0.010310034;-9.915791;0.20728561;-0.018732075;-0.023353295;2.1153193;0.45173708;16.828178;0.0038970753;0.016743133;0.0012913961;34.69045;34.69045
1331438390;2490378;2490378;0;0;0;0;0;0;0;0;808.4128;808.4128;8084.1284;8084.1284;3.1711206;0.111814596;1.65534e-08;-0.16872707;0.31188112;-10.126537;-0.009383762;-0.09298311;-0.014004428;1.2849474;0.8409229;6.5070305;0.002022431;0.009471384;0.00085467024;34.679173;34.679173
1332477448;2490378;2490378;0;0;0;0;0;0;0;0;808.413;808.413;8084.1304;8084.1304;3.6129003;0.1180438;2.2256302e-08;0.05697415;0.071293056;-10.055675;0.002119963;0.02243178;-0.008024407;1.9492037;0.6844705;25.679754;0.0023923125;0.02554126;0.00107618;34.65572;34.65572
1333412635;2490378;2490378;0;0;0;0;0;0;0;0;808.41327;808.41327;8084.133;8084.133;3.9978187;0.12496111;1.8406077e-08;-0.13659777;0.13948932;-10.112527;0.029711995;-0.070652924;-0.0031733618;1.1406752;1.0200841;5.751644;0.0025876288;0.0059150206;0.0010127256;34.615395;34.615395
1334451666;2490378;2490378;0;0;0;0;0;0;0;0;808.4135;808.4135;8084.1353;8084.1353;4.598899;0.14812973;3.1228645e-08;0.30014738;0.17374994;-10.005775;-0.0016017887;-0.008543613;0.038600422;2.9963627;0.76582855;27.922176;0.0029355255;0.029365404;0.001524116;34.599224;34.599224
1335490730;2490378;2490378;0;0;0;0;0;0;0;0;808.41376;808.41376;8084.1377;8084.1377;4.2532525;0.14215258;3.0829028e-08;0.20036905;0.17552277;-9.936927;-0.072911195;-0.08858181;-0.004708535;1.0442169;1.0184624;6.3991323;0.0030477243;0.009901505;0.000904207;34.57851;34.57851
1336425948;2490378;2490378;0;0;0;0;0;0;0;0;808.414;808.414;8084.1406;8084.1406;3.6245346;0.11426621;2.204598e-08;-0.16478449;0.022701442;-10.007415;0.06623861;0.05245298;-0.0009093824;0.67121273;0.79248613;6.2202883;0.0012568891;0.0073527237;0.0009158747;34.581535;34.581535
1337464941;2490378;2490378;0;0;0;0;0;0;0;0;808.41425;808.41425;8084.143;8084.143;4.4531393;0.13832648;1.8744052e-08;0.2933631;0.11207856;-10.067777;0.020337036;-0.013012409;-0.0008506973;1.6778046;1.1751149;18.08828;0.0022248267;0.014558898;0.00065117993;34.55443;34.55443
1338504423;2490378;2490378;0;0;0;0;0;0;0;0;808.41455;808.41455;8084.1455;8084.1455;3.364448;0.109196074;2.5469229e-08;-0.09940854;0.21404164;-10.090165;0.014551627;0.1544602;0.013724087;1.008607;1.1018344;9.247582;0.0031736859;0.012265337;0.0010452;34.540554;34.540554
1339439152;2490378;2490378;0;0;0;0;0;0;0;0;808.4147;808.4147;8084.1475;8084.1475;4.2027807;0.13388199;4.8039322e-08;-0.058411404;0.10142225;-9.852806;-0.054178484;-0.026409842;0.00074490556;2.808744;0.9851929;53.03301;0.004556842;0.04990985;0.001908911;34.526905;34.526905
1340478207;2490378;2490378;0;0;0;0;0;0;0;0;808.41504;808.41504;8084.15;8084.15;3.432319;0.11747815;1.4025552e-08;-0.053138454;0.16482227;-9.952744;-0.034547176;-0.033911318;-0.042433437;0.9440787;1.4528961;5.546628;0.001912178;0.0062821833;0.00048011096;34.502388;34.502388
1341413360;2490378;2490378;0;0;0;0;0;0;0;0;808.41516;808.41516;8084.1523;8084.1523;5.3993783;0.17174518;4.252226e-08;-0.14214148;0.14157;-10.297014;0.054111075;-0.08927532;0.027396308;3.0463347;0.782827;39.556744;0.0039092945;0.039540216;0.0018947276;34.484127;34.484127
1342452444;2490378;2490378;0;0;0;0;0;0;0;0;808.4154;808.4154;8084.1543;8084.1543;4.8387184;0.15053731;4.1516287e-08;0.07499622;0.13907962;-10.126307;-0.02853266;-0.09304545;-0.015793057;3.6587038;1.6571962;46.15738;0.004443365;0.037557513;0.001793738;34.45674;34.45674
1343486524;2490378;2490378;0;0;0;0;0;0;0;0;808.41565;808.41565;8084.1567;8084.1567;4.0747333;0.12702595;2.2540823e-08;-0.3018226;0.13024387;-9.857507;-0.002364696;-0.028995875;-0.024631046;2.1557655;0.49512622;14.923967;0.0029290135;0.015937597;0.00097080675;34.461983;34.461983
1344421675;2490378;2490378;0;0;0;0;0;0;0;0;808.4159;808.4159;8084.159;8084.159;3.2409508;0.11113247;2.2926248e-08;0.0042376;0.19039248;-10.032651;0.11101683;0.008035192;0.010144449;0.8755621;0.5373676;3.118025;0.0018817238;0.005198863;0.00056072674;34.446964;34.446964
1345460767;2490378;2490378;0;0;0;0;0;0;0;0;808.41614;808.41614;8084.1616;8084.1616;3.503395;0.11245619;1.3122837e-08;0.17525057;-0.010464657;-9.916508;-0.0073745083;-0.079049505;0.0073431823;1.0017717;0.8188091;6.189862;0.0015147213;0.0073175556;0.0006750779;34.424397;34.424397
1346499901;2490378;2490378;0;0;0;0;0;0;0;0;808.4164;808.4164;8084.1646;8084.1646;4.217636;0.13023438;3.750297e-08;0.09092052;-0.03126642;-9.822482;-0.031221474;-0.091681495;-0.0057092756;1.8973054;1.3401903;36.726437;0.0033622487;0.031165466;0.0014580272;34.383415;34.383415
1347434933;2490378;2490378;0;0;0;0;0;0;0;0;808.4166;808.4166;8084.1665;8084.1665;3.6419616;0.11551629;2.0072564e-08;0.026081119;-0.02389071;-9.975983;0.052814927;0.022747966;-0.002715776;0.7174492;1.1036884;10.619487;0.0025653434;0.008999709;0.00054904877;34.379963;34.379963
1348474117;2490378;2490378;0;0;0;0;0;0;0;0;808.4169;808.4169;8084.169;8084.169;3.635402;0.11536529;4.5686278e-08;-0.027010312;0.011450125;-9.980297;-0.072129495;0.036854222;-0.02792186;2.9850352;0.8403251;33.555645;0.0029920554;0.03203141;0.0013461579;34.36084;34.36084
1349409661;2490378;2490378;0;0;0;0;0;0;0;0;808.4171;808.4171;8084.171;8084.171;3.9062564;0.12672852;1.9251322e-08;0.022533298;0.11850871;-10.050129;0.011222353;0.04740368;0.036290526;1.3386775;0.751449;13.585634;0.0027647738;0.010492911;0.0010331427;34.341072;34.341072
1350448182;2490378;2490378;0;0;0;0;0;0;0;0;808.41736;808.41736;8084.1733;8084.1733;3.5978284;0.11615147;2.99275e-08;-0.2355752;-0.23930758;-10.066477;-0.05154495;0.09940137;-0.027823046;0.7749885;0.67024267;15.607868;0.009392001;0.008243383;0.00044990634;34.31405;34.31405
1351487235;2490378;2490378;0;0;0;0;0;0;0;0;808.41754;808.41754;8084.176;8084.176;3.643644;0.11492865;2.2334211e-08;-0.030523939;-0.10164955;-9.967897;0.024127781;0.023362018;-0.013976592;0.8971687;1.9317292;21.361357;0.0041973637;0.012158843;0.0005826864;34.292118;34.292118
1352422383;2490378;2490378;0;0;0;0;0;0;0;0;808.4177;808.4177;8084.1777;8084.1777;3.9725811;0.1196156;2.1565297e-08;-0.0005978402;-0.04253342;-10.126708;-0.01269091;0.009753082;-0.036045395;1.0205097;1.2695136;16.933632;0.0022330468;0.015357591;0.0010901662;34.251564;34.251564
1353461429;2490378;2490378;0;0;0;0;0;0;0;0;808.41797;808.41797;8084.18;8084.18;3.685967;0.11941281;1.37825396e-08;0.17227633;0.33597064;-9.9608965;-0.029818103;-0.019534318;0.014540445;0.91163486;1.2390721;9.303913;0.0021778473;0.008854283;0.0010143871;34.257896;34.257896
1354500480;2490378;2490378;0;0;0;0;0;0;0;0;808.4182;808.4182;8084.1826;8084.1826;4.2826324;0.14169775;4.042973e-08;-0.28081205;0.027096523;-9.933696;-0.055555128;0.13853718;0.0002129316;1.8188593;0.9802796;17.115513;0.0036772676;0.020469798;0.0017665295;34.225323;34.225323
1355435626;2490378;2490378;0;0;0;0;0;0;0;0;808.41846;808.41846;8084.1846;8084.1846;4.2035575;0.13139862;1.6232674e-08;-0.14877613;-0.0009469972;-10.12;0.023848947;-0.08456662;-0.025086887;0.8578;0.9954693;5.5114226;0.0016738261;0.008657871;0.00075245474;34.224037;34.224037
1356474673;2490378;2490378;0;0;0;0;0;0;0;0;808.4187;808.4187;8084.1875;8084.1875;3.9305568;0.12877442;2.029473e-08;-0.14067502;0.33790523;-10.014827;-0.069854885;-0.0022353502;-0.012188914;0.8380755;1.0821844;6.714996;0.0016829012;0.0061400975;0.00094254996;34.20413;34.20413
1357409833;2490378;2490378;0;0;0;0;0;0;0;0;808.41895;808.41895;8084.1895;8084.1895;3.555966;0.118268326;2.7141306e-08;-0.20296916;0.25258115;-10.117518;0.11328422;-0.009189862;0.04845779;0.60751456;1.6150833;3.2928305;0.002399978;0.0055027236;0.0004448303;34.174065;34.174065
1358443923;2490378;2490378;0;0;0;0;0;0;0;0;808.4192;808.4192;8084.192;8084.192;3.509465;0.102026656;1.7718525e-08;0.028788144;0.019500636;-10.059094;-0.033537395;-0.022235027;-0.06060142;0.8702341;0.9326011;5.982483;0.0028297307;0.004327155;0.00039788266;34.16408;34.16408
1359482991;2490378;2490378;0;0;0;0;0;0;0;0;808.41943;808.41943;8084.194;8084.194;3.5466754;0.11397835;2.9122523e-08;-0.028862955;-0.042118706;-9.951227;-0.06462223;0.028159851;0.0014247015;0.7390723;1.2839223;16.18387;0.0039157667;0.014092682;0.0009679732;34.141293;34.141293
1360418160;2490378;2490378;0;0;0;0;0;0;0;0;808.41956;808.41956;8084.1963;8084.1963;4.979045;0.15298449;3.119671e-08;0.16305654;0.12331708;-9.985646;-0.008977486;0.029680435;-0.0067556957;3.3671477;2.221341;69.20669;0.005789053;0.061651513;0.0022766464;34.123188;34.123188
1361457578;2490378;2490378;0;0;0;0;0;0;0;0;808.4198;808.4198;8084.198;8084.198;3.738394;0.11998649;2.0009693e-08;0.064026356;0.29036394;-10.007053;-0.012179556;-0.033618525;-0.0360929;0.98533165;0.9408248;12.418161;0.0022032857;0.012325013;0.00076877105;34.09241;34.09241
1362496410;2490378;2490378;0;0;0;0;0;0;0;0;808.42004;808.42004;8084.2007;8084.2007;2.986161;0.09886964;1.8377097e-08;-0.06706544;-0.010948487;-9.893878;-0.05712337;0.01009425;-0.00973849;0.91224843;0.39763263;12.575658;0.0015501207;0.010320014;0.0004088002;34.091972;34.091972
1363431345;2490378;2490378;0;0;0;0;0;0;0;0;808.4202;808.4202;8084.2026;8084.2026;3.3322606;0.106571004;3.1687158e-08;0.062254235;0.031881362;-10.05678;-0.057965424;0.067914866;-0.017590728;1.6077896;1.2325312;34.68421;0.0025562597;0.027680289;0.00087575323;34.071415;34.071415
1364470415;2490378;2490378;0;0;0;0;0;0;0;0;808.42053;808.42053;8084.205;8084.205;3.8680067;0.12199202;1.17753824e-08;0.041265056;0.15783775;-10.02495;-0.009506287;-0.0022434394;-0.0076158307;1.7206453;0.7097244;19.207304;0.0011842832;0.018536454;0.0008614857;34.051495;34.051495
1365405602;2490378;2490378;0;0;0;0;0;0;0;0;808.42065;808.42065;8084.207;8084.207;3.6632555;0.11992095;1.6338532e-08;-0.08925385;0.12157059;-10.127835;0.06363005;-0.026118081;-0.0035004923;0.938078;0.46443552;3.8798947;0.00092864473;0.00732025;0.0005046483;34.04007;34.04007
1366444567;2490378;2490378;0;0;0;0;0;0;0;0;808.4209;808.4209;8084.209;8084.209;3.3651962;0.11467247;4.438274e-08;0.0698886;0.29473191;-9.940463;0.0921528;-0.047273062;0.012009608;1.5864353;0.72639495;24.0398;0.0054975078;0.0184068;0.00075697113;34.01979;34.01979
1367483612;2490378;2490378;0;0;0;0;0;0;0;0;808.42114;808.42114;8084.212;8084.212;3.3769002;0.11405095;2.277446e-08;-0.046530887;0.19584641;-10.125228;-0.042229626;0.042717982;0.010443505;1.4776924;1.2193387;27.526342;0.0048194467;0.025696306;0.0010253079;34.00304;34.00304
1368418749;2490378;2490378;0;0;0;0;0;0;0;0;808.4213;808.4213;8084.214;8084.214;3.7877178;0.12258906;5.4531878e-08;-0.18495637;-5.9849583e-05;-10.149622;-0.1369503;0.029322056;0.008075796;1.5341898;0.94067657;22.290695;0.0031009181;0.020556169;0.0008537735;33.9924;33.9924
1369457790;2490378;2490378;0;0;0;0;0;0;0;0;808.4216;808.4216;8084.2163;8084.2163;4.1152782;0.13648416;4.0856886e-08;-0.08840161;0.41316438;-9.981077;0.059651196;-0.061190255;0.005719982;1.9811321;1.5526884;17.673788;0.007492498;0.020962577;0.0017674497;33.9707;33.9707
1370496847;2490378;2490378;0;0;0;0;0;0;0;0;808.4218;808.4218;8084.2183;8084.2183;3.7701657;0.12674151;2.3896986e-08;0.007734135;0.1276473;-9.957023;0.04129169;-0.011021476;0.018488294;1.5474702;1.5170897;13.558313;0.0028660872;0.01314678;0.0017209952;33.97429;33.97429
1371431963;2490378;2490378;0;0;0;0;0;0;0;0;808.42206;808.42206;8084.22;8084.22;3.3758929;0.117454015;2.2453046e-08;-0.040189806;-0.06031678;-9.89553;0.08930712;0.020809054;-0.029235931;0.93937117;1.1120069;5.1673827;0.0029398077;0.0059759594;0.00087187067;33.939854;33.939854
1372471015;2490378;2490378;0;0;0;0;0;0;0;0;808.4222;808.4222;8084.2227;8084.2227;3.5155785;0.11072394;1.7338182e-08;0.10364827;-0.037618894;-9.927823;0.03436335;0.0124285715;-0.015493604;1.1907378;0.60768545;20.694836;0.0016308674;0.01409566;0.0003166466;33.943523;33.943523
1373406553;2490378;2490378;0;0;0;0;0;0;0;0;808.4224;808.4224;8084.2246;8084.2246;3.8612096;0.12490639;3.9756337e-08;0.021733798;0.23572484;-10.159212;-0.07078671;-0.008334883;-0.0032836741;2.023518;1.0599077;25.978989;0.003696742;0.02723355;0.0015010606;33.907436;33.907436
1374445350;2490378;2490378;0;0;0;0;0;0;0;0;808.42267;808.42267;8084.2266;8084.2266;4.2438216;0.13604634;2.8719489e-08;-0.033678442;0.023327079;-10.044542;0.038847454;0.067868076;-0.015527467;1.6549662;2.943033;16.984344;0.0038686544;0.013578485;0.0010438205;33.906425;33.906425
1375484222;2490378;2490378;0;0;0;0;0;0;0;0;808.4229;808.4229;8084.229;8084.229;4.0813727;0.12822936;2.6670937e-08;-0.17321195;0.016141616;-9.945469;0.018730093;0.009275193;-0.02103079;0.9303428;2.1539376;17.522974;0.0034086327;0.020734964;0.0010933743;33.881546;33.881546
1376419356;2490378;2490378;0;0;0;0;0;0;0;0;808.4231;808.4231;8084.231;8084.231;4.007566;0.12776801;1.904299e-08;0.035187647;0.12541696;-10.113936;0.0034481515;-0.079184644;-0.002829102;1.0638322;1.1604273;9.430126;0.0020121515;0.011750978;0.0013478704;33.856964;33.856964
1377458394;2490378;2490378;0;0;0;0;0;0;0;0;808.42334;808.42334;8084.233;8084.233;4.304312;0.13790096;1.3559862e-08;0.012331547;0.29243606;-10.004364;-0.01779446;-0.034698334;-0.01749239;1.6264918;0.5893053;11.966614;0.002004146;0.012175974;0.00064553355;33.84554;33.84554
1378497434;2490378;2490378;0;0;0;0;0;0;0;0;808.4235;808.4235;8084.2354;8084.2354;4.5540104;0.14138056;2.3455543e-08;-0.2542357;0.24109468;-10.197204;-0.0118639255;-0.025021382;-0.021805752;1.9999914;1.6332914;29.022781;0.0027549416;0.024083097;0.0007972193;33.839863;33.839863
1379432565;2490378;2490378;0;0;0;0;0;0;0;0;808.4408;808.4408;8084.4077;8084.4077;3.9015963;0.1282839;4.0101693e-08;0.06875279;-0.17143552;-9.907417;0.03371908;-0.0818752;0.013995148;1.9068751;1.5562512;23.288618;0.0046400847;0.024340853;0.0021305203;33.81657;33.81657
1380471602;2490378;2490378;0;0;0;0;0;0;0;0;808.44086;808.44086;8084.4087;8084.4087;3.8251543;0.12538002;4.0272816e-08;0.16096161;0.2891882;-10.0786705;0.070430554;0.008734495;0.040973287;2.5546072;0.6554884;22.779638;0.002147604;0.021552;0.0008574572;33.79616;33.79616
1381406738;2490378;2490378;0;0;0;0;0;0;0;0;808.4409;808.4409;8084.4097;8084.4097;3.6224453;0.11771131;2.1092642e-08;0.15276147;0.14491047;-10.0215645;-0.020988123;0.009443161;-0.03331931;0.95477337;1.1200895;16.677038;0.001972558;0.013886006;0.0010597811;33.79069;33.79069
1382445788;2490378;2490378;0;0;0;0;0;0;0;0;808.44116;808.44116;8084.4116;8084.4116;3.5757737;0.11159655;2.5424693e-08;-0.035238232;0.26928926;-9.971809;0.02317613;0.022156278;0.0003522702;1.0457623;1.5048406;22.761448;0.0034188663;0.021876814;0.0010599;33.765095;33.765095
1383484825;2490378;2490378;0;0;0;0;0;0;0;0;808.4414;808.4414;8084.4146;8084.4146;3.1962054;0.109437115;3.3711817e-08;0.09778532;0.15405762;-10.093636;-0.088053085;0.15555231;0.015687978;1.0606093;0.86793995;15.830742;0.0025620584;0.012342415;0.00075615075;33.76524;33.76524
1384414993;2490378;2490378;0;0;0;0;0;0;0;0;808.4416;808.4416;8084.4155;8084.4155;3.602802;0.112429425;2.1555351e-08;0.12521033;-0.0070429426;-10.136831;-0.027160458;-0.04418836;-0.038129434;1.7095476;0.5584334;21.336369;0.0022946864;0.01702554;0.0006228803;33.74942;33.74942
1385449077;2490378;2490378;0;0;0;0;0;0;0;0;808.4418;808.4418;8084.417;8084.417;3.0433457;0.10083572;2.0210777e-08;0.05583192;0.10983543;-9.999798;0.046375733;0.0698786;0.010789589;1.8567554;0.6693483;9.696948;0.0013771488;0.011193852;0.00050996;33.726067;33.726067
1386488135;2490378;2490378;0;0;0;0;0;0;0;0;808.44183;808.44183;8084.418;8084.418;3.3915842;0.10360355;1.5121788e-08;0.0059121014;0.016291965;-9.96165;0.07405111;-0.0045983805;0.022246763;1.0740104;1.399967;10.580894;0.0045442046;0.0032101336;0.00042560525;33.710827;33.710827
1387423245;2490378;2490378;0;0;0;0;0;0;0;0;808.44196;808.44196;8084.42;8084.42;2.9942963;0.09417983;1.423948e-08;-0.20260647;0.031617;-10.041769;-0.028455496;0.0027120498;-0.017733475;1.7440089;0.9117358;11.512446;0.002364863;0.008821605;0.00027601107;33.68609;33.68609
1388462276;2490378;2490378;0;0;0;0;0;0;0;0;808.4422;808.4422;8084.423;8084.423;3.8908837;0.121910125;2.839797e-08;-0.2432908;0.17111772;-10.217151;0.018415095;-0.07816272;0.023291755;1.2388932;1.9994292;20.063097;0.0029562346;0.019300243;0.0008610837;33.676678;33.676678
1389501309;2490378;2490378;0;0;0;0;0;0;0;0;808.4424;808.4424;8084.4243;8084.4243;4.3629036;0.1353415;2.5330614e-08;0.026627647;0.03235737;-10.114813;-0.016734637;-0.09746659;-0.004906796;2.0915408;1.3927499;22.878113;0.0025564614;0.019468501;0.00092371786;33.65884;33.65884
1390436466;2490378;2490378;0;0;0;0;0;0;0;0;808.44257;808.44257;8084.4253;8084.4253;4.2102633;0.12533441;2.3958899e-08;-0.112605855;0.12136964;-10.092785;0.013758821;0.0032552043;-0.016000358;2.056136;1.0954099;20.47806;0.0029914158;0.017900357;0.0013497663;33.649574;33.649574
1391475473;2490378;2490378;0;0;0;0;0;0;0;0;808.4427;808.4427;8084.4272;8084.4272;4.653142;0.13752095;3.6493745e-08;-0.24198966;0.18559696;-10.098869;0.075590566;-0.05809929;-0.0046898187;1.8738351;1.3410329;25.816835;0.0011909114;0.024359154;0.00064396055;33.629524;33.629524
1392410615;2490378;2490378;0;0;0;0;0;0;0;0;808.4429;808.4429;8084.4287;8084.4287;4.248976;0.12655322;1.9419003e-08;0.18585418;-0.06986936;-10.028276;-0.02936932;0.016640186;0.006184388;1.2885245;1.1073232;23.186308;0.0023625717;0.017345103;0.0007636708;33.600044;33.600044
1393449654;2490378;2490378;0;0;0;0;0;0;0;0;808.443;808.443;8084.43;8084.43;4.2491374;0.13755022;3.0168103e-08;0.0036903545;-0.08879994;-9.99284;0.017860362;-0.00892015;-0.04546286;0.91763395;1.8801728;22.098904;0.0035181413;0.020333327;0.0013632994;33.590763;33.590763
1394483726;2490378;2490378;0;0;0;0;0;0;0;0;808.4432;808.4432;8084.4316;8084.4316;4.038281;0.124939784;3.9500307e-08;-0.027645899;-0.12103615;-9.899536;0.060157634;0.026574636;0.033912823;1.0328087;1.4847251;18.35361;0.0028895994;0.020525292;0.0014223391;33.579052;33.579052
1395413913;2490378;2490378;0;0;0;0;0;0;0;0;808.44324;808.44324;8084.433;8084.433;3.9552107;0.11909013;4.0984602e-08;-0.055029593;0.28907278;-10.105394;-0.14564705;-0.08399548;-0.048891027;1.0945686;0.8180346;14.471554;0.0034796563;0.008449762;0.0005719477;33.567627;33.567627
1396448008;2490378;2490378;0;0;0;0;0;0;0;0;808.4435;808.4435;8084.435;8084.435;3.7302926;0.12905471;5.5212677e-08;0.035871692;0.013915587;-10.006441;-0.11615583;0.05430355;-0.00044132845;1.9804457;0.94001085;23.118525;0.0039487453;0.02158319;0.0011977522;33.55612;33.55612
1397485749;2490378;2490378;0;0;0;0;0;0;0;0;808.44366;808.44366;8084.4365;8084.4365;4.7879705;0.15161432;3.06412e-08;-0.05615526;0.18848203;-10.015482;0.034269076;-0.0062726946;-0.017424649;2.7757084;1.2338393;39.404167;0.0016749196;0.036896795;0.0019407686;33.548164;33.548164
1398417185;2490378;2490378;0;0;0;0;0;0;0;0;808.4437;808.4437;8084.438;8084.438;4.4961877;0.13955827;2.8292868e-08;-0.010091976;-0.080582;-9.945681;0.05891438;-0.08193706;0.0051951464;1.3987169;1.7837994;17.411474;0.0055314032;0.015926247;0.0016271479;33.51809;33.51809
1399456218;2490378;2490378;0;0;0;0;0;0;0;0;808.4439;808.4439;8084.4395;8084.4395;4.6695023;0.14624463;3.0447872e-08;-0.08128387;0.37242806;-10.152411;-0.044749916;0.06300561;0.024833193;1.6729025;2.1194365;32.05052;0.0045767194;0.028829051;0.0010767644;33.510975;33.510975
1400495244;2490378;2490378;0;0;0;0;0;0;0;0;808.44403;808.44403;8084.441;8084.441;3.5821717;0.113731675;6.109978e-08;0.0047912584;0.007350061;-9.856843;-0.13238467;-0.09726468;-0.002248515;1.3162141;1.7160616;20.751503;0.0029476767;0.017638002;0.001093263;33.48674;33.48674
1401430409;2490378;2490378;0;0;0;0;0;0;0;0;808.4442;808.4442;8084.4424;8084.4424;3.3765635;0.10724273;4.021727e-08;0.0057973824;0.19042169;-10.035908;0.09798246;0.065317884;-0.008132815;0.9619704;0.8921936;13.666725;0.0026574263;0.012640792;0.00077353657;33.463806;33.463806
1402469399;2490378;2490378;0;0;0;0;0;0;0;0;808.4444;808.4444;8084.444;8084.444;4.1057315;0.13069311;3.4125332e-08;-0.09236558;0.044044763;-10.020253;-0.030353567;-0.019024787;-0.07985151;1.6205757;1.57189;16.152414;0.0033462315;0.014958436;0.0006910122;33.456394;33.456394
1403404526;2490378;2490378;0;0;0;0;0;0;0;0;808.44446;808.44446;8084.445;8084.445;4.425866;0.1394573;2.5934117e-08;-0.08033829;0.26706892;-10.005176;0.029761322;-0.0040254863;-0.004794659;2.079212;1.1422919;25.114449;0.002737214;0.028368236;0.0012986322;33.439583;33.439583
1404443549;2490378;2490378;0;0;0;0;0;0;0;0;808.4447;808.4447;8084.4473;8084.4473;5.126406;0.15520264;4.3735106e-08;-0.0025003687;0.11541976;-10.1517105;-0.008468511;-0.12042534;-0.0011878994;3.272685;3.1942418;62.136887;0.0044907895;0.052804377;0.00236531;33.423687;33.423687
1405483171;2490378;2490378;0;0;0;0;0;0;0;0;808.4448;808.4448;8084.4487;8084.4487;3.7746985;0.11851818;1.4197653e-08;-0.039185107;0.32596487;-10.019868;0.016892532;0.06485792;-0.0049508098;1.2769581;0.39156175;8.60364;0.0029158033;0.0071961116;0.0005972887;33.405006;33.405006
1406417705;2490378;2490378;0;0;0;0;0;0;0;0;808.445;808.445;8084.45;8084.45;3.7117975;0.10950375;3.9366487e-08;-0.1327029;0.2607129;-10.076343;-0.041950554;-0.12760888;0.052320227;1.2717563;1.5828049;17.614855;0.0018397028;0.017761739;0.0009998966;33.394505;33.394505
1407456726;2490378;2490378;0;0;0;0;0;0;0;0;808.4452;808.4452;8084.4517;8084.4517;3.490421;0.112716556;2.4927562e-08;0.33953768;0.07644201;-10.047419;0.0075871227;0.014732123;-0.01982354;1.9051433;1.1490904;25.619287;0.0028991336;0.026055623;0.0014759282;33.37504;33.37504
1408495797;2490378;2490378;0;0;0;0;0;0;0;0;808.44525;808.44525;8084.453;8084.453;4.045352;0.13046679;2.9743386e-08;-0.060629595;0.26398;-9.801392;-0.04406068;0.0038367433;0.02410407;1.2429507;1.929379;34.466602;0.0019073623;0.028764071;0.0012598112;33.360294;33.360294
1409430886;2490378;2490378;0;0;0;0;0;0;0;0;808.44543;808.44543;8084.4546;8084.4546;3.7746243;0.12083931;2.207935e-08;0.14468388;-0.10050944;-10.056223;-0.02189695;0.10163855;-0.005569542;1.2896757;1.1680202;18.38528;0.0032834094;0.017653791;0.0007772347;33.36604;33.36604
1410469975;2490378;2490378;0;0;0;0;0;0;0;0;808.44556;808.44556;8084.456;8084.456;3.6625967;0.121301584;2.6655293e-08;-0.087346315;-0.06819628;-10.039928;0.07098679;0.008976057;-0.054099657;0.9646848;1.4312607;6.101592;0.0023392683;0.008574389;0.0006575849;33.338585;33.338585
1411405022;2490378;2490378;0;0;0;0;0;0;0;0;808.44574;808.44574;8084.4575;8084.4575;3.9846208;0.1254916;3.51791e-08;0.23765942;0.23954059;-9.852315;-0.0076927557;-0.00765572;0.027063785;3.0803952;1.9149342;34.99827;0.0049644434;0.029228847;0.0010584904;33.346123;33.346123
1412444048;2490378;2490378;0;0;0;0;0;0;0;0;808.44586;808.44586;8084.459;8084.459;3.683838;0.115435265;2.1494547e-08;0.18419822;0.043679226;-9.9676285;-0.02861125;0.068629;0.0027241826;2.4349647;0.8127443;14.221263;0.0029684885;0.008575886;0.00115157;33.31055;33.31055
1413483072;2490378;2490378;0;0;0;0;0;0;0;0;808.44604;808.44604;8084.4604;8084.4604;3.876972;0.12621167;1.8434555e-08;-0.05022765;0.080278434;-9.960958;0.030915279;0.026744585;-0.022490228;1.8896699;0.7096123;15.496241;0.001586381;0.013334545;0.00081220304;33.304367;33.304367
1414413262;2490378;2490378;0;0;0;0;0;0;0;0;808.4461;808.4461;8084.462;8084.462;3.6219969;0.118651085;1.1240244e-08;0.026654024;0.078407966;-10.087322;-0.032629125;0.032458305;-0.008465418;1.0728498;1.561276;4.3385158;0.0015605087;0.005443788;0.0005751784;33.28546;33.28546
1415452289;2490378;2490378;0;0;0;0;0;0;0;0;808.4463;808.4463;8084.4634;8084.4634;3.6542785;0.116404526;2.5504425e-08;-0.0802193;-0.0199189;-9.896228;-0.07321025;0.0058693117;-0.03995367;0.49098012;1.1484176;10.936836;0.0025035543;0.008190054;0.00040708992;33.28007;33.28007
1416491301;2490378;2490378;0;0;0;0;0;0;0;0;808.4465;808.4465;8084.465;8084.465;3.9571905;0.12266201;2.6261311e-08;0.14713368;0.10497007;-10.065283;0.06789567;0.04067193;0.00020048133;1.3912832;1.0248936;11.486945;0.0022725333;0.011413577;0.00078713655;33.263752;33.263752
1417426412;2490378;2490378;0;0;0;0;0;0;0;0;808.4466;808.4466;8084.466;8084.466;3.3308833;0.10485568;1.0171046e-08;-0.053888783;0.024960969;-9.984178;0.008624502;-0.0067482404;-0.022229077;1.0652934;1.0886338;5.3284144;0.001697257;0.0053314217;0.0006345029;33.251595;33.251595
1418465437;2490378;2490378;0;0;0;0;0;0;0;0;808.4468;808.4468;8084.4673;8084.4673;2.9616048;0.09168174;2.6581906e-08;0.06745021;-0.11177787;-10.094063;0.016147071;0.051087677;-0.043514356;1.3036941;1.050253;13.74734;0.0038860359;0.011721319;0.0010274486;33.239666;33.239666
1419504454;2490378;2490378;0;0;0;0;0;0;0;0;808.4469;808.4469;8084.4688;8084.4688;3.4107249;0.11835574;4.167513e-08;0.06727707;0.008912704;-10.077438;0.10391117;0.05116809;0.045247868;1.08595;1.4499803;8.756966;0.0027766665;0.010252229;0.00081074744;33.23097;33.23097
1420439573;2490378;2490378;0;0;0;0;0;0;0;0;808.447;808.447;8084.4707;8084.4707;3.7948315;0.13006622;2.6686891e-08;-0.03708161;0.31773123;-9.914064;0.016293863;0.030126438;-0.0064511676;1.8678281;0.7962969;20.276682;0.0039878497;0.019812167;0.000896635;33.21336;33.21336
1421478596;2490378;2490378;0;0;0;0;0;0;0;0;808.44714;808.44714;8084.472;8084.472;4.5346813;0.14397714;2.7231168e-08;-0.10545175;0.143878;-9.840383;-0.0007386403;-0.022102349;0.0005095301;2.8081064;1.6159612;44.93909;0.001771983;0.042602677;0.00161307;33.21508;33.21508
1422413715;2490378;2490378;0;0;0;0;0;0;0;0;808.4473;808.4473;8084.4736;8084.4736;4.4174914;0.14335991;5.932628e-08;0.18125176;0.2586657;-9.996472;0.12991203;0.09914332;0.00080700114;1.1877676;1.6243317;17.076115;0.00520514;0.015857954;0.0008745152;33.199837;33.199837
1423452737;2490378;2490378;0;0;0;0;0;0;0;0;808.4475;808.4475;8084.475;8084.475;3.823673;0.12421506;1.7029567e-08;0.11434451;-0.01690477;-9.940118;0.026001662;-0.071300045;-0.028463665;1.7838147;0.5315264;13.734487;0.0017421684;0.014988939;0.0005677307;33.192566;33.192566
1424491758;2490378;2490378;0;0;0;0;0;0;0;0;808.44763;808.44763;8084.4766;8084.4766;3.0805209;0.099604815;2.5926843e-08;-0.088108756;0.0956341;-9.923147;0.074449696;0.07128363;-0.016281255;0.66367775;0.8998219;11.530545;0.001105696;0.008600952;0.0007705462;33.189198;33.189198
1425421953;2490378;2490378;0;0;0;0;0;0;0;0;808.44775;808.44775;8084.4775;8084.4775;3.8578317;0.11975749;1.8359536e-08;-0.11253889;0.33228314;-10.1650715;-0.0053797658;-0.0024278224;0.006003653;0.8809212;1.5408444;11.625163;0.0023712246;0.012567005;0.0010622567;33.17087;33.17087
1426460993;2490378;2490378;0;0;0;0;0;0;0;0;808.4479;808.4479;8084.479;8084.479;4.1817884;0.13467488;2.9324696e-08;-0.01149359;0.12693615;-9.964199;0.039428994;0.027613284;-0.0126744155;2.1682925;1.8895186;20.647133;0.0036607976;0.023243934;0.0015516417;33.162678;33.162678
1427499966;2490378;2490378;0;0;0;0;0;0;0;0;808.44806;808.44806;8084.4805;8084.4805;3.8995066;0.119932786;2.2032744e-08;-0.16643693;-0.19157746;-9.981913;0.03231373;0.014187066;-0.034921415;1.6491103;0.9526492;14.828482;0.0048526446;0.010498034;0.0006460397;33.138813;33.138813
1428430133;2490378;2490378;0;0;0;0;0;0;0;0;808.4481;808.4481;8084.482;8084.482;3.4431982;0.10629685;2.756734e-08;-0.025735533;0.18444973;-10.012439;-0.04045868;-0.09174533;0.004537396;0.9298702;1.5420071;7.3610344;0.0023561062;0.010055671;0.00085610984;33.132694;33.132694
1429469161;2490378;2490378;0;0;0;0;0;0;0;0;808.4483;808.4483;8084.4834;8084.4834;2.8077893;0.08967098;2.8689241e-08;-0.015040724;0.17793193;-10.134339;-0.07005513;0.007040319;-0.013717584;1.1898912;1.5682738;11.4852295;0.0042837993;0.010399892;0.0010537802;33.129242;33.129242
1430404269;2490378;2490378;0;0;0;0;0;0;0;0;808.4484;808.4484;8084.4844;8084.4844;3.4079976;0.11028166;1.9884018e-08;-0.22628982;0.27032462;-10.168553;-0.049786057;-0.021225482;0.028071426;0.5118619;1.3045954;7.0252423;0.0020457993;0.0061284956;0.0006115017;33.116795;33.116795
1431443286;2490378;2490378;0;0;0;0;0;0;0;0;808.4486;808.4486;8084.486;8084.486;3.1496122;0.09585567;2.2935273e-08;-0.10135312;-0.088980235;-10.064205;0.058748156;-0.08849774;0.0031795476;0.9765934;0.8928544;7.225075;0.003429389;0.0052621574;0.00049867586;33.107826;33.107826
1432482347;2490378;2490378;0;0;0;0;0;0;0;0;808.4488;808.4488;8084.4873;8084.4873;3.6954665;0.11400135;3.7477285e-08;0.04609338;0.055954497;-9.996627;-0.08361077;0.04992016;-0.020971073;1.8244845;1.3428296;18.951132;0.003829618;0.015459952;0.000821734;33.095966;33.095966
1433417420;2490378;2490378;0;0;0;0;0;0;0;0;808.44885;808.44885;8084.489;8084.489;3.639824;0.11848777;3.517089e-08;-0.0051575247;0.2617162;-10.04095;-0.08157368;-0.0007096938;0.015913045;2.0195642;0.35011908;12.073611;0.0034407931;0.011695939;0.0008709793;33.08596;33.08596
1434456448;2490378;2490378;0;0;0;0;0;0;0;0;808.449;808.449;8084.49;8084.49;4.786233;0.15553443;2.6542695e-08;-0.11575467;0.11050879;-9.910371;-0.030483149;-0.026947288;0.0033950969;1.8414426;1.9569311;22.682522;0.0024888054;0.025574807;0.0023858426;33.094734;33.094734
1435495451;2490378;2490378;0;0;0;0;0;0;0;0;808.44916;808.44916;8084.491;8084.491;4.019899;0.13236861;2.4126026e-08;0.15655869;-0.041855805;-9.947602;-0.02897962;0.012995836;-0.017672252;0.9122133;1.969639;12.45068;0.004636923;0.014090901;0.0014851993;33.071228;33.071228
1436430567;2490378;2490378;0;0;0;0;0;0;0;0;808.4492;808.4492;8084.4927;8084.4927;4.2479296;0.14289433;6.068271e-08;-0.12048035;-0.0454827;-10.064958;0.139592;0.011586042;-0.018774502;1.9970285;1.6044302;17.126831;0.005672492;0.01921251;0.0014857937;33.055195;33.055195
1437464636;2490378;2490378;0;0;0;0;0;0;0;0;808.4494;808.4494;8084.4946;8084.4946;3.7553494;0.13137144;6.458932e-08;-0.26116323;0.09039322;-10.040099;0.22253408;0.015146331;0.0043055895;1.0839927;0.92911994;10.632252;0.0038478286;0.009456713;0.0004935492;33.048294;33.048294
1438498862;2490378;2490378;0;0;0;0;0;0;0;0;808.4496;808.4496;8084.4956;8084.4956;3.9604862;0.12943394;1.9337437e-08;0.03598927;0.15102781;-9.8541565;0.022743762;-0.044006836;-0.01173331;1.759684;0.9380182;24.576448;0.0023022138;0.02446429;0.00089645066;33.035072;33.035072
1439428874;2490378;2490378;0;0;0;0;0;0;0;0;808.44965;808.44965;8084.4966;8084.4966;3.1789663;0.102778494;1.5535612e-08;-0.055584665;-0.01056156;-10.10394;0.046426807;0.013724403;0.024330087;0.787567;1.3448186;6.767341;0.0020128498;0.006007298;0.0004953468;33.042034;33.042034
1440467901;2490378;2490378;0;0;0;0;0;0;0;0;808.4498;808.4498;8084.4985;8084.4985;3.6090221;0.11636643;9.7330375e-09;-0.023494536;0.14403188;-10.087898;0.008502215;-0.020876702;0.0064154016;0.7005592;0.97653997;5.4072294;0.0011585812;0.005837668;0.00074614596;33.030903;33.030903
1441506942;2490378;2490378;0;0;0;0;0;0;0;0;808.44995;808.44995;8084.5;8084.5;3.6237063;0.11765207;2.3937549e-08;-0.27433777;0.092798814;-10.157319;0.012729928;0.012302795;0.015428178;2.012016;1.509367;20.85794;0.002627424;0.02276408;0.0013592017;33.019966;33.019966
1442442021;2490378;2490378;0;0;0;0;0;0;0;0;808.45;808.45;8084.501;8084.501;3.394183;0.10176932;1.7442707e-08;-0.21254882;0.027578913;-10.131565;0.040898025;0.059712894;0.011016241;0.75618225;1.1600839;7.8760486;0.0016025775;0.0091875205;0.0005411839;33.003506;33.003506
1444416171;2490378;2490378;0;0;0;0;0;0;0;0;808.4504;808.4504;8084.5034;8084.5034;3.1740649;0.10013735;3.9478415e-08;0.09734142;0.0076429183;-9.8142605;-0.07589637;-0.029359803;-0.031087449;1.2681495;1.0420246;23.735607;0.002074978;0.021394592;0.0007421639;32.988056;32.988056
1445455210;2490378;2490378;0;0;0;0;0;0;0;0;808.45044;808.45044;8084.505;8084.505;2.3300998;0.087178394;2.3296318e-08;-0.09424675;-0.129656;-9.93897;0.002185944;-0.08181603;-0.091882214;0.73860496;0.26736623;4.25428;0.0019102591;0.005154547;0.0004271942;32.965126;32.965126
1446494206;2490378;2490378;0;0;0;0;0;0;0;0;808.4506;808.4506;8084.5063;8084.5063;1.9865626;0.13599001;1.2222407e-06;2.3553188;1.3909471;-8.976857;-0.7576779;2.7718813;0.23536332;0.8821008;3.0186348;2.566187;0.060739245;0.18639012;0.008179376;32.94557;32.94557
