timestamp;timestamp_sample;time_last_fuse;observation[0];observation[1];device_id;observation_variance[0];observation_variance[1];innovation[0];innovation[1];innovation_filtered[0];innovation_filtered[1];innovation_variance[0];innovation_variance[1];test_ratio[0];test_ratio[1];test_ratio_filtered[0];test_ratio_filtered[1];estimator_instance;innovation_rejected;fused
1251206424;1251034772;1251034772;-0.005524146370589733;0.0011180686997249722;0;1e-04;1e-04;0.0005498771;-0.0003649103;0.0003909304;-0.00032053626;0.00024002942;0.0002404032;0.00013996658;6.154453e-05;9.362132e-05;-5.3071228e-05;0;0;1
1251620330;1251448634;1251448634;-0.005524143576622009;0.0011180660221725702;0;1e-04;1e-04;0.00083902257;-0.0006584845;0.0005999012;-0.0004698014;0.00023958352;0.00023995261;0.00032647344;0.00020078124;0.00019882146;-0.000115770104;0;0;1
1252241370;1252069545;1252069545;-0.005524147767573595;0.0011180653236806393;0;1e-04;1e-04;0.00036947776;-0.00073075126;0.0005078723;-0.00062650576;0.0002396291;0.00024000046;6.329866e-05;0.00024722057;0.00013684739;-0.00019338344;0;0;1
1252655090;1252483412;1252483412;-0.005524150561541319;0.0011180645087733865;0;1e-04;1e-04;6.771327e-05;-0.000821047;0.00031249374;-0.0007108435;0.00023954784;0.000239916;2.1267322e-06;0.000312201;7.242013e-05;-0.00024333605;0;0;1
1253248855;1253077278;1252483412;-0.005524219945073128;0.0011179490247741342;0;100.0;100.0;-0.0075897267;-0.013679979;-0.0013567565;-0.004107332;100.00057;100.00057;6.400403e-08;2.0793419e-07;2.3780856e-05;-7.9965735e-05;0;0;0
1253752725;1253581168;1252483412;-0.005524761974811554;0.001118221553042531;0;100.0;100.0;-0.06750472;0.016662262;-0.02549233;-0.0057653827;100.002205;100.00218;5.063096e-06;3.0847212e-07;7.439506e-06;-2.9541394e-05;0;0;0
1254247609;1254076060;1252483412;-0.005524492356926203;0.0011185709154233336;0;100.0;100.0;-0.037736364;0.055542003;-0.048236135;0.022551885;100.00642;100.005844;1.5821576e-06;3.427482e-06;-9.628005e-12;-9.927819e-06;0;0;0
1254751566;1254579950;1252483412;-0.00552362110465765;0.0011190151562914252;0;100.0;100.0;0.05860486;0.105005085;-0.009272332;0.06216904;100.01621;100.01318;3.8155254e-06;1.2249571e-05;4.6090662e-07;1.5700309e-06;0;0;0
1255246409;1255074842;1252483412;-0.005522183608263731;0.0011195766273885965;0;100.0;100.0;0.2175567;0.16750635;0.088756494;0.11142065;100.03548;100.0259;5.2571257e-05;3.1167903e-05;1.6703385e-05;1.4605854e-05;0;0;0
1255750549;1255578779;1252483412;-0.005520104430615902;0.001120313536375761;0;100.0;100.0;0.44746718;0.24953853;0.25136894;0.17658424;100.070946;100.04712;0.00022231658;6.915572e-05;9.318945e-05;3.806663e-05;0;0;0
1256245178;1256073672;1252483412;-0.00551749998703599;0.0011211915407329798;0;100.0;100.0;0.7354337;0.34727412;0.47596303;0.25708282;100.128716;100.07923;0.00060018606;0.00013389316;0.00029848475;7.9538266e-05;0;0;0
1256749094;1256577515;1252483412;-0.005514131858944893;0.0011222498724237084;0;100.0;100.0;1.1078721;0.46508393;0.7746678;0.35695797;100.22026;100.127525;0.001360759;0.00024003064;0.0007484578;0.00015094219;0;0;0
1257253271;1257081405;1252483412;-0.005510046146810055;0.001123452209867537;0;100.0;100.0;1.5596387;0.59893036;1.1477622;0.47447708;100.356255;100.196655;0.0026931532;0.00039779278;0.0015913375;0.00026318393;0;0;0
1257747853;1257576297;1252483412;-0.005505428649485111;0.0011247723596170545;0;100.0;100.0;2.070263;0.74589086;1.5891722;0.60565;100.545685;100.290596;0.004736364;0.000616379;0.0029875915;0.000424305;0;0;0
1258251759;1258080188;1252483412;-0.005499905440956354;0.0011262467596679926;0;100.0;100.0;2.6809692;0.91001445;2.118382;0.7544072;100.80986;100.41966;0.00792206;0.000916295;0.0052263024;0.0006525603;0;0;0
1258746884;1258575080;1252483412;-0.005493708420544863;0.001127841416746378;0;100.0;100.0;3.366181;1.0875373;2.7150345;0.91597694;101.15583;100.58733;0.012446335;0.0013064792;0.008477074;0.00095524074;0;0;0
1259250535;1259078970;1252483412;-0.005486847832798958;0.001129643409512937;0;100.0;100.0;4.124777;1.2881289;3.4062428;1.0986084;101.61544;100.809395;0.018603673;0.0018288373;0.01319629;0.0013660892;0;0;0
1259745431;1259573863;1252483412;-0.005479057785123587;0.0011315341107547283;0;100.0;100.0;4.986175;1.498606;4.1691546;1.2934991;102.19223;101.08857;0.027031781;0.0024684842;0.019569043;0.0018828409;0;0;0
1260249338;1260077800;1252483412;-0.005470343865454197;0.0011336259776726365;0;100.0;100.0;5.949709;1.7314652;5.0384784;1.5094881;102.92786;101.44645;0.038213428;0.0032835843;0.028287522;0.0025495973;0;0;0
1260753268;1260581643;1252483412;-0.005460973363369703;0.001135854166932404;0;100.0;100.0;6.9858346;1.9795073;5.9988594;1.7413799;103.84227;101.89455;0.05221796;0.004272881;0.039658494;0.0033725419;0;0;0
1261248159;1261076535;1252483412;-0.0054506114684045315;0.00113815872464329;0;100.0;100.0;8.131625;2.2360494;7.037671;1.98375;104.93569;102.4361;0.07001466;0.0054233456;0.053944215;0.004348177;0;0;0
1261751993;1261580426;1252483412;-0.00543929124251008;0.001140613341704011;0;100.0;100.0;9.38334;2.5093007;8.189137;2.2451172;106.27742;103.10835;0.09205161;0.0067853;0.07206468;0.005528731;0;0;0
1262246863;1262075318;1252483412;-0.005427416414022446;0.0011431651655584574;0;100.0;100.0;10.696376;2.793367;9.419136;2.5151668;107.852554;103.90782;0.117869206;0.008343826;0.093937725;0.0068829283;0;0;0
1262750801;1262579209;1252483412;-0.005413967650383711;0.001145946909673512;0;100.0;100.0;12.18347;3.1030219;10.786276;2.8074896;109.7479;104.884834;0.15028071;0.010200337;0.121122114;0.008497134;0;0;0
1263245662;1263074101;1252483412;-0.005399545654654503;0.0011487602023407817;0;100.0;100.0;13.778187;3.4162028;12.237749;3.1069293;111.92637;106.024704;0.18845566;0.012230317;0.15300813;0.010297834;0;0;0
1263749831;1263577991;1252483412;-0.005383824929594994;0.0011517384555190802;0;100.0;100.0;15.516468;3.7477424;13.839948;3.4248607;114.51117;107.39764;0.23361212;0.014531225;0.19151974;0.012361242;0;0;0
1264253427;1264081929;1252483412;-0.005367503501474857;0.0011548992479220033;0;100.0;100.0;17.321201;4.0995994;15.567962;3.759632;117.50526;109.01335;0.28369796;0.017130129;0.2365246;0.014690847;0;0;0
1264748383;1264576821;1252483412;-0.005349487066268921;0.0011581680737435818;0;100.0;100.0;19.313349;4.4634795;17.401152;4.1061106;120.87845;110.864525;0.3428655;0.019966962;0.2877736;0.017253526;0;0;0
1265252295;1265080664;1252483412;-0.005330190062522888;0.001161583000794053;0;100.0;100.0;21.447123;4.8436313;19.38653;4.4721055;124.81198;113.056015;0.4094862;0.023057168;0.34661117;0.020100394;0;0;0
1265747164;1265575556;1252483412;-0.005310477688908577;0.0011650915257632732;0;100.0;100.0;23.626781;5.234191;21.47179;4.8462844;129.19649;115.54131;0.4800825;0.026346281;0.411625;0.02313755;0;0;0
1266251057;1266079447;1252483412;-0.005288308952003717;0.00116889423225075;0;100.0;100.0;26.078083;5.6575093;23.747593;5.248518;134.2342;118.446915;0.5629186;0.03002509;0.48570117;0.026526185;0;0;0
1266745928;1266574339;1252483412;-0.005265037063509226;0.00117258180398494;0;100.0;100.0;28.651356;6.0680037;26.134447;5.653408;139.81018;121.71173;0.6523926;0.03361373;0.5660854;0.03001321;0;0;0
1267249718;1267078229;1252483412;-0.0052411193028092384;0.0011764749651774764;0;100.0;100.0;31.29602;6.5013943;28.714766;6.0764146;146.1914;125.506195;0.7444129;0.03742013;0.65515846;0.033702932;0;0;0
1267744713;1267573121;1252483412;-0.00521438242867589;0.001180450664833188;0;100.0;100.0;34.25245;6.9439683;31.420534;6.5035486;153.17363;129.73116;0.8510533;0.041297965;0.7504395;0.037440814;0;0;0
1268248553;1268077011;1252483412;-0.0051860385574400425;0.0011846076231449842;0;100.0;100.0;37.386578;7.406715;34.35307;6.953353;161.08379;134.58578;0.9641334;0.045290753;0.8549817;0.041360106;0;0;0
1268752702;1268580948;1252483412;-0.005155967082828283;0.0011889772722497582;0;100.0;100.0;40.71167;7.89315;37.459175;7.4224186;169.86823;140.06628;1.0841346;0.049422484;0.9661563;0.0454066;0;1;0
1269247395;1269075840;1252483412;-0.005125448107719421;0.0011935066431760788;0;100.0;100.0;44.086315;8.397351;40.711983;7.9028707;179.42596;146.11368;1.2035934;0.05362302;1.0828625;0.049480226;0;1;0
1269751263;1269579683;1252483412;-0.005091939587146044;0.001198203768581152;0;100.0;100.0;47.791473;8.920236;44.21266;8.40821;190.1236;152.9861;1.3348188;0.05779073;1.2076442;0.053638026;0;1;0
1270246468;1270074575;1252483412;-0.0050565823912620544;0.0012030329089611769;0;100.0;100.0;51.701046;9.457808;47.834553;8.925545;201.67578;160.51886;1.4726596;0.061917357;1.3350567;0.057757724;0;1;0
1270750037;1270578465;1252483412;-0.005021338351070881;0.0012078804429620504;0;100.0;100.0;55.59817;9.997433;51.717205;9.461058;214.61566;169.05685;1.6003578;0.06569037;1.4692663;0.061784256;0;1;0
1271244961;1271073357;1252483412;-0.004981997888535261;0.0012129974784329534;0;100.0;100.0;59.948215;10.567058;55.733307;10.003789;228.44757;178.32773;1.7479278;0.06957396;1.605307;0.06564389;0;1;0
1271748775;1271577247;1252483412;-0.004940595477819443;0.0012186497915536165;0;100.0;100.0;64.52623;11.196279;60.05535;10.590852;243.79776;188.76059;1.8975811;0.07378933;1.7487957;0.06967158;0;1;0
1272252661;1272081136;1252483412;-0.004898326005786657;0.001224406762048602;0;100.0;100.0;69.20014;11.837138;64.61993;11.207948;260.59702;200.3133;2.0417476;0.0777215;1.8969766;0.07370464;0;1;0
1272747641;1272576028;1252483412;-0.004852591548115015;0.001230341149494052;0;100.0;100.0;74.25719;12.497751;69.35691;11.849294;278.38977;212.7288;2.2008033;0.081582114;2.0473433;0.07772229;0;1;0
1273251490;1273079965;1252483412;-0.004804575350135565;0.0012363438727334142;0;100.0;100.0;79.56654;13.165965;74.37724;12.519505;298.0446;226.62311;2.360137;0.084988214;2.2009213;0.08159914;0;1;0
1273746373;1273574856;1252483412;-0.004758214112371206;0.001242394675500691;0;100.0;100.0;84.6929;13.839546;79.520805;13.178351;318.97485;241.57338;2.4985905;0.08809517;2.35277;0.084970206;0;1;0
1274250306;1274078700;1252483412;-0.004707938991487026;0.0012486986815929413;0;100.0;100.0;90.25203;14.541297;84.89588;13.854512;341.88916;258.16486;2.647196;0.091005296;2.5031219;0.08801315;0;1;0
1274745173;1274573590;1252483412;-0.004654331132769585;0.0012551539111882448;0;100.0;100.0;96.17969;15.25989;90.41586;14.548175;366.04092;275.8999;2.8079836;0.093779676;2.6522598;0.09092047;0;1;0
1275249050;1275077479;1252483412;-0.004600606858730316;0.0012617462780326605;0;100.0;100.0;102.12022;15.993752;96.29794;15.27624;392.6782;295.6356;2.95083;0.096139416;2.8061714;0.09368845;0;1;0
1275752983;1275581368;1252483412;-0.004543054848909378;0.001268456457182765;0;100.0;100.0;108.484;16.740728;102.37828;16.008764;421.055;316.96466;3.1056325;0.09824158;2.9578645;0.09605412;0;1;0
1276247826;1276076260;1252483412;-0.004481090698391199;0.0012759978417307138;0;100.0;100.0;115.33565;17.580233;108.700195;16.779789;450.94052;339.67883;3.2776709;0.101096995;3.1132507;0.09854514;0;1;0
1276751963;1276580149;1252483412;-0.004415878094732761;0.0012839633272960782;0;100.0;100.0;122.546455;18.466944;115.4813;17.607115;483.4511;364.65726;3.4514885;0.10391128;3.2766523;0.101120815;0;1;0
1277246595;1277075040;1252483412;-0.004352155141532421;0.0012919035507366061;0;100.0;100.0;129.59259;19.350842;122.476425;18.460045;517.8285;391.23672;3.6035612;0.106345125;3.4416516;0.10366708;0;1;0
1277750530;1277578976;1252483412;-0.004281087312847376;0.001300319447182119;0;100.0;100.0;137.45087;20.287697;129.91263;19.35942;554.96704;420.33337;3.782555;0.108800046;3.6121335;0.10615871;0;1;0
1278245630;1278073867;1252483412;-0.004209235776215792;0.0013094451278448105;0;100.0;100.0;145.39577;21.303558;137.46378;20.300028;593.7369;451.01935;3.9560976;0.111806385;3.7782001;0.10878895;0;1;0
1278749318;1278577709;1252483412;-0.004137580748647451;0.0013180243549868464;0;100.0;100.0;153.31895;22.258595;145.43379;21.279446;636.0573;484.69037;4.1063213;0.113576524;3.9475088;0.11126174;0;1;0
1279253200;1279081597;1252483412;-0.0040581366047263145;0.001327370759099722;0;100.0;100.0;162.10347;23.299028;153.74208;22.287605;680.91644;520.78235;4.2879357;0.11581822;4.0;0.11359872;0;1;0
1279748085;1279576488;1252483412;-0.003976007457822561;0.0013372133253142238;0;100.0;100.0;171.18481;24.394701;161.82886;23.316586;727.4606;558.6281;4.4758806;0.11836566;4.0;0.115875155;0;1;0
1280251983;1280080376;1252483412;-0.0038937339559197426;0.0013470223639160395;0;100.0;100.0;180.28215;25.486637;167.37802;24.421276;778.2056;600.0429;4.6405406;0.12028189;4.0;0.11833797;0;1;0
1280746837;1280575267;1252483412;-0.0038100869860500097;0.0013570074224844575;0;100.0;100.0;189.53134;26.598171;172.93596;25.50123;830.7457;643.3305;4.804536;0.12218753;4.0;0.12032147;0;1;0
1281250723;1281079155;1252483412;-0.003717809682711959;0.0013684638543054461;0;100.0;100.0;199.73485;27.873493;178.71916;26.645973;887.23724;690.284;4.996034;0.1250583;4.0;0.1223743;0;1;0
1281745693;1281574046;1252483412;-0.003629704238846898;0.0013794450787827373;0;100.0;100.0;209.47702;29.095919;184.5683;27.870924;946.26263;739.5271;5.152507;0.12719427;4.0;0.124920346;0;1;0
1282249467;1282077981;1252483412;-0.003535785712301731;0.0013901020865887403;0;100.0;100.0;219.862;30.282251;190.64668;29.096329;1009.6155;792.8631;5.3198805;0.12850961;4.0;0.12694481;0;1;0
1282753414;1282581822;1252483412;-0.003439112799242139;0.0014015977503731847;0;100.0;100.0;230.55153;31.561937;196.85138;30.327799;1076.4019;849.4093;5.486799;0.13030702;4.0;0.12866487;0;1;0
1283248683;1283076712;1252483412;-0.0033420161344110966;0.001412712037563324;0;100.0;100.0;241.28793;32.79918;203.07077;31.551014;1145.4926;908.35803;5.6472425;0.13159105;4.0;0.13014208;0;1;0
1283743181;1283571602;1252483412;-0.003247116459533572;0.0014231980312615633;0;100.0;100.0;251.78139;33.966476;209.45676;32.76012;1218.6702;970.9763;5.7798767;0.13202308;4.0;0.13120843;0;1;0
1284247052;1284075490;1252483412;-0.003145448165014386;0.0014343132497742772;0;100.0;100.0;263.0233;35.20381;216.06064;34.003853;1296.7277;1038.338;5.927849;0.13261667;4.0;0.13210915;0;1;0
1284750975;1284579379;1252483412;-0.0030409847386181355;0.0014462764374911785;0;100.0;100.0;274.57422;36.53554;222.80835;35.280952;1378.9878;1109.7238;6.074584;0.13365147;4.0;0.13299178;0;1;0
1285245767;1285074267;1252483412;-0.0029400375206023455;0.0014575835084542632;0;100.0;100.0;285.7364;37.79424;229.58557;36.540665;1464.1538;1183.8268;6.1958637;0.13406658;4.0;0.13365057;0;1;0
1285749713;1285578154;1252483412;-0.0028285260777920485;0.001469325041398406;0;100.0;100.0;298.06668;39.1013;236.60172;37.819828;1555.0105;1263.4946;6.3482065;0.13445176;4.0;0.13406561;0;1;0
1286253628;1286082089;1252483412;-0.0027181615587323904;0.0014810822904109955;0;100.0;100.0;310.27014;40.41011;243.74854;39.11672;1650.3707;1347.4376;6.481208;0.134657;4.0;0.13438524;0;1;0
1286748469;1286576978;1252483412;-0.002611077856272459;0.0014915543142706156;0;100.0;100.0;322.11087;41.575848;250.93277;40.35383;1749.0903;1434.5841;6.5910716;0.1338794;4.0;0.13426715;0;1;0
1287243354;1287071868;1252483412;-0.0024973086547106504;0.0015031134244054556;0;100.0;100.0;334.6908;42.86261;258.21527;41.609806;1852.087;1526.174;6.7202225;0.1337552;4.0;0.13410507;0;1;0
1287747310;1287575707;1252483412;-0.002381172962486744;0.0015148669481277466;0;100.0;100.0;347.5324;44.171005;265.76147;42.874737;1961.9213;1624.1704;6.840164;0.13347517;4.0;0.13369921;0;1;0
1288251536;1288079595;1252483412;-0.0022623466793447733;0.0015259295469149947;0;100.0;100.0;360.67154;45.40248;273.44937;44.157806;2077.0708;1727.2106;6.9587293;0.1326085;4.0;0.13326444;0;1;0
1288746063;1288574484;1252483412;-0.002145651960745454;0.0015377734089270234;0;100.0;100.0;373.57495;46.72094;281.16534;45.42736;2195.9429;1833.7166;7.0614185;0.13226606;4.0;0.13276659;0;1;0
1289249960;1289078372;1252483412;-0.002020683605223894;0.001548183267004788;0;100.0;100.0;387.39325;47.87976;289.12732;46.70268;2322.0723;1947.2341;7.1810155;0.1308107;4.0;0.13205;0;1;0
1289754072;1289582257;1252483412;-0.0018925918266177177;0.0015607967507094145;0;100.0;100.0;401.55692;49.283882;297.2376;47.977562;2454.172;2066.522;7.3004007;0.13059522;4.0;0.1312302;0;1;0
1290248731;1290077146;1252483412;-0.0017674110131338239;0.001573225250467658;0;100.0;100.0;415.39868;50.66741;305.34592;49.294113;2589.8926;2189.2925;7.4029694;0.13029002;4.0;0.13067746;0;1;0
1290743593;1290572034;1252483412;-0.0016350216465070844;0.00158395292237401;0;100.0;100.0;430.03754;51.86161;313.55597;50.631073;2731.037;2317.4998;7.523893;0.1289525;4.0;0.13013946;0;1;0
1291247725;1291075968;1252483412;-0.0015026265755295753;0.0015969019150361419;0;100.0;100.0;444.677;53.303085;322.07297;52.00128;2881.4167;2454.2297;7.625016;0.1286314;4.0;0.12954243;0;1;0
1291751378;1291579807;1252483412;-0.0013704064767807722;0.0016084075905382633;0;100.0;100.0;459.29715;54.58389;330.727;53.31865;3038.3425;2597.185;7.7145085;0.12746282;4.0;0.12861384;0;1;0
1292246284;1292074695;1252483412;-0.0012333764461800456;0.0016200501704588532;0;100.0;100.0;474.44913;55.879936;339.3353;54.633877;3198.5679;2743.7458;7.81954;0.12645192;4.0;0.12773769;0;1;0
1292750145;1292578581;1252483412;-0.0010921655921265483;0.0016326348995789886;0;100.0;100.0;490.06342;57.280865;348.24786;55.981255;3368.7942;2899.7344;7.921138;0.12572406;4.0;0.12682493;0;1;0
1293254072;1293082467;1252483412;-0.0009543986525386572;0.0016434460412710905;0;100.0;100.0;505.2969;58.484356;357.30188;57.294525;3546.2402;3062.4688;7.9998646;0.12409814;4.0;0.12571193;0;1;0
1293748996;1293577355;1252483412;-0.0008137634722515941;0.0016558028291910887;0;100.0;100.0;520.84753;59.859905;366.30875;58.576122;3727.2803;3228.8262;8.086986;0.12330619;4.0;0.124544896;0;1;0
1294243874;1294072243;1252483412;-0.0006724362610839307;0.0016678724205121398;0;100.0;100.0;536.4747;61.20349;375.44684;59.85539;3915.5642;3402.0938;8.166982;0.12233863;4.0;0.12334096;0;1;0
1294747675;1294576129;1252483412;-0.0005286826635710895;0.0016784697072580457;0;100.0;100.0;552.3701;62.38318;384.89392;61.121914;4115.093;3585.9788;8.238312;0.12058263;4.0;0.121950224;0;1;0
1295251587;1295080061;1252483412;-0.00037993723526597023;0.0016898543108254671;0;100.0;100.0;568.8175;63.6505;394.46475;62.40191;4322.29;3777.4253;8.317436;0.11916953;4.0;0.120598435;0;1;0
1295746469;1295574949;1252483412;-0.0002319036575499922;0.0017018195940181613;0;100.0;100.0;585.1862;64.98247;403.97955;63.644577;4533.319;3972.7805;8.393235;0.11810148;4.0;0.11921005;0;1;0
1296250792;1296078787;1252483412;-8.238889859057963e-05;0.0017123125726357102;0;100.0;100.0;601.7187;66.15054;413.78568;64.938805;4756.0723;4179.29;8.458552;0.11633807;4.0;0.117897876;0;1;0
1296754166;1296582672;1252483412;6.732722249580547e-05;0.0017244006739929318;0;100.0;100.0;618.27344;67.49618;423.73553;66.2288;4987.5503;4394.1924;8.515916;0.11519583;4.0;0.11656348;0;1;0
1297249125;1297077559;1252483412;0.00021886633476242423;0.0017348416149616241;0;100.0;100.0;635.0298;68.65846;433.6178;67.47527;5222.9;4613.118;8.578947;0.11354057;4.0;0.115182005;0;1;0
1297744276;1297572447;1252483412;0.0003719381638802588;0.0017472041072323918;0;100.0;100.0;651.95557;70.034645;443.63956;68.741875;5467.113;4840.672;8.638443;0.11258427;4.0;0.113868974;0;1;0
1298247982;1298076331;1252483412;0.0005261399783194065;0.0017570507479831576;0;100.0;100.0;669.00635;71.130775;453.96246;69.986275;5724.497;5080.75;8.687217;0.110648304;4.0;0.11239223;0;1;0
1298751775;1298580216;1252483412;0.0006824004231020808;0.0017691162647679448;0;100.0;100.0;686.28467;72.4739;464.39694;71.221565;5990.6816;5329.411;8.735542;0.10950692;4.0;0.1108976;0;1;0
1299246677;1299075103;1252483412;0.0008393551106564701;0.0017788809491321445;0;100.0;100.0;703.63983;73.5609;474.77698;72.420944;6261.4766;5582.835;8.785805;0.1076953;4.0;0.10940529;0;1;0
1299750530;1299579035;1252483412;0.0009983464842662215;0.0017897755606099963;0;100.0;100.0;721.2202;74.77368;485.46216;73.64189;6546.4863;5849.8247;8.828462;0.106196985;4.0;0.10790316;0;1;0
1300245441;1300073921;1252483412;0.0011573083465918899;0.0018007305916398764;0;100.0;100.0;738.7973;75.99318;496.07657;74.83159;6835.888;6121.339;8.871828;0.104823895;4.0;0.10642107;0;1;0
1300749360;1300577758;1252483412;0.0013228788739070296;0.0018102460308000445;0;100.0;100.0;757.1051;77.052444;507.0135;75.96111;7140.631;6407.647;8.919351;0.10295128;4.0;0.10471359;0;1;0
1301244237;1301072644;1252483412;0.0014822937082499266;0.0018206005915999413;0;100.0;100.0;774.7323;78.2051;517.8747;77.117935;7449.8384;6698.3022;8.951874;0.10145254;4.0;0.1031918;0;1;0
1301748137;1301576529;1252483412;0.0016480078920722008;0.0018322666874155402;0;100.0;100.0;793.056;79.50378;529.03906;78.26771;7774.5103;7003.857;8.988603;0.10027571;4.0;0.10159923;0;1;0
1302251972;1302080412;1252483412;0.0018179132603108883;0.0018425252055749297;0;100.0;100.0;811.84314;80.64574;540.3247;79.44963;8109.7446;7319.68;9.030142;0.09872524;4.0;0.10011975;0;1;0
1302747077;1302575298;1252483412;0.001986796036362648;0.0018523269100114703;0;100.0;100.0;830.5173;81.736855;551.5343;80.61484;8449.724;7640.34;9.070105;0.09715846;4.0;0.098704286;0;1;0
1303250791;1303079182;1252483412;0.002156793372705579;0.0018627612153068185;0;100.0;100.0;849.3146;82.8984;563.0831;81.778694;8807.296;7977.8306;9.100224;0.095711686;4.0;0.097236685;0;1;0
1303745626;1303574068;1252483412;0.002326666610315442;0.0018739941297098994;0;100.0;100.0;868.09814;84.14884;574.5285;82.95561;9168.973;8319.567;9.13218;0.094569914;4.0;0.09590001;0;1;0
1304249486;1304077999;1252483412;0.0025014292914420366;0.0018859963165596128;0;100.0;100.0;887.4224;85.484924;586.2884;84.19887;9548.169;8678.294;9.164276;0.09356258;4.0;0.094662875;0;1;0
1304744421;1304572884;1252483412;0.002673948183655739;0.0018964684568345547;0;100.0;100.0;906.4986;86.65067;597.9656;85.443;9932.301;9042.042;9.192675;0.092264555;4.0;0.09351827;0;1;0
1305248296;1305076720;1252483412;0.0028502854984253645;0.001906976685859263;0;100.0;100.0;925.99695;87.82044;609.9577;86.72146;10334.678;9423.495;9.218912;0.090936184;4.0;0.09239449;0;1;0
1305752102;1305580604;1252483412;0.0030275066383183002;0.0019172283355146646;0;100.0;100.0;945.5931;88.96165;622.0819;87.840485;10749.609;9817.445;9.242158;0.089570425;4.0;0.09095997;0;1;0
1306247102;1306075489;1252483412;0.003201702143996954;0.001927496981807053;0;100.0;100.0;964.8546;90.10475;634.1019;88.93549;11169.035;10215.759;9.261165;0.08830438;4.0;0.089571185;0;1;0
1306750900;1306579371;1252483412;0.003382772207260132;0.001936855143867433;0;100.0;100.0;984.8762;91.14651;646.4408;90.060616;11607.9375;10633.016;9.284655;0.086812265;4.0;0.08820755;0;1;0
1307245835;1307074256;1252483412;0.0035619521513581276;0.0019475372973829508;0;100.0;100.0;1004.68896;92.33563;658.6843;91.15702;12051.807;11055.356;9.306119;0.085688666;4.0;0.086880244;0;1;0
1307749686;1307578139;1252483412;0.0037433968391269445;0.001956905471161008;0;100.0;100.0;1024.7521;93.37848;671.27747;92.21966;12517.039;11498.371;9.321666;0.0842587;4.0;0.08546285;0;1;0
1308244550;1308073023;1252483412;0.003923513926565647;0.0019660769030451775;0;100.0;100.0;1044.6683;94.39944;683.72437;93.36613;12985.527;11944.871;9.338018;0.08289242;4.0;0.0842862;0;1;0
1308748477;1308576953;1252483412;0.004109375178813934;0.00197620689868927;0;100.0;100.0;1065.2198;95.52712;696.5425;94.427185;13476.985;12413.784;9.354988;0.0816783;4.0;0.08292896;0;1;0
1309252681;1309080788;1252483412;0.004298579413443804;0.0019836812280118465;0;100.0;100.0;1086.141;96.359146;709.4591;95.52982;13981.452;12895.515;9.375136;0.08000271;4.0;0.081675045;0;1;0
1309747258;1309575672;1252483412;0.004481655545532703;0.0019957288168370724;0;100.0;100.0;1106.3844;97.70029;722.25757;96.53949;14490.444;13381.801;9.386159;0.079256445;4.0;0.08034925;0;1;0
1310251114;1310079554;1252483412;0.004671492613852024;0.0020031624007970095;0;100.0;100.0;1127.3755;98.527794;735.41156;97.59818;15023.062;13891.402;9.400182;0.07764776;4.0;0.079082616;0;1;0
1310746247;1310574439;1252483412;0.004859629552811384;0.002009803429245949;0;100.0;100.0;1148.1786;99.26707;748.4209;98.51367;15559.273;14404.611;9.414279;0.07600923;4.0;0.0776753;0;1;0
1311249880;1311078320;1252483412;0.005052287131547928;0.0020208500791341066;0;100.0;100.0;1169.4816;100.49676;761.8082;99.51075;16120.882;14942.436;9.426608;0.07510005;4.0;0.07637765;0;1;0
1311744743;1311573205;1252483412;0.005246106535196304;0.002029426395893097;0;100.0;100.0;1190.9131;101.45148;775.05176;100.55987;16686.256;15484.481;9.44406;0.07385461;4.0;0.07523932;0;1;0
1312248642;1312077086;1252483412;0.005442142486572266;0.0020388257689774036;0;100.0;100.0;1212.5895;102.4978;788.6356;101.56208;17276.283;16050.601;9.456594;0.07272694;4.0;0.074013;0;1;0
1312752517;1312581014;1252483412;0.005639763083308935;0.002048370661213994;0;100.0;100.0;1234.4413;103.56035;802.348;102.511734;17882.29;16632.195;9.468371;0.0716465;4.0;0.07274314;0;1;0
1313247382;1313075898;1252483412;0.0058319782838225365;0.0020550908520817757;0;100.0;100.0;1255.6954;104.30843;815.9123;103.421165;18492.025;17218.148;9.474179;0.07021176;4.0;0.07149659;0;1;0
1313751307;1313579732;1252483412;0.0060312808491289616;0.002067652763798833;0;100.0;100.0;1277.733;105.70681;829.8512;104.609406;19129.252;17831.121;9.482869;0.069628134;4.0;0.070608675;0;1;0
1314246313;1314074615;1252483412;0.006230355240404606;0.0020763168577104807;0;100.0;100.0;1299.7456;106.6713;843.6494;105.616394;19770.674;18448.229;9.494077;0.06853273;4.0;0.06954731;0;1;0
1314750103;1314578496;1252483412;0.0064316377975046635;0.002086163265630603;0;100.0;100.0;1322.0023;107.76741;857.7893;106.64853;20438.96;19091.963;9.500864;0.067589894;4.0;0.068499245;0;1;0
1315244927;1315073379;1252483412;0.0066328272223472595;0.002095988718792796;0;100.0;100.0;1344.2487;108.86115;871.79724;107.68568;21111.959;19740.854;9.510168;0.06670178;4.0;0.067522064;0;1;0
1315749057;1315577259;1252483412;0.00683516776189208;0.0021067641209810972;0;100.0;100.0;1366.6223;110.060684;886.1576;108.77817;21813.203;20417.443;9.513385;0.06592051;4.0;0.06659317;0;1;0
1316252742;1316081140;1252483412;0.007042434066534042;0.00211342447437346;0;100.0;100.0;1389.5405;110.80211;900.6471;109.842285;22532.367;21111.475;9.521231;0.06461524;4.0;0.06565184;0;1;0
1316747543;1316576022;1252483412;0.007245165295898914;0.0021251365542411804;0;100.0;100.0;1411.9574;112.10587;914.9944;110.88614;23255.965;21811.008;9.525029;0.06402337;4.0;0.06474365;0;1;0
1317251492;1317079950;1252483412;0.007453546393662691;0.0021337904036045074;0;100.0;100.0;1434.999;113.06922;929.6955;112.004425;24009.271;22539.598;9.529756;0.06302315;4.0;0.06390131;0;1;0
1317746353;1317574832;1252483412;0.007659423630684614;0.002143164398148656;0;100.0;100.0;1457.7637;114.112724;944.24023;112.99537;24766.379;23272.38;9.533871;0.06217057;4.0;0.06297267;0;1;0
1318250281;1318078665;1252483412;0.007870719768106937;0.002149041509255767;0;100.0;100.0;1481.1277;114.766975;959.14307;113.74856;25554.316;24036.084;9.53846;0.060887434;4.0;0.06177398;0;1;0
1318745141;1318573547;1252483412;0.008077466860413551;0.0021535863634198904;0;100.0;100.0;1503.9885;115.2729;973.89307;114.62517;26346.322;24804.74;9.53952;0.059521966;4.0;0.060770806;0;1;0
1319248929;1319077427;1252483412;0.008289195597171783;0.0021648744586855173;0;100.0;100.0;1527.4003;116.52948;989.0437;115.64403;27172.432;25606.705;9.5397;0.05892172;4.0;0.059901994;0;1;0
1319752864;1319581309;1252483412;0.008505781181156635;0.0021733276080340147;0;100.0;100.0;1551.3491;117.47048;1004.29065;116.54681;28016.658;26426.69;9.544655;0.05801927;4.0;0.058937676;0;1;0
1320247809;1320076188;1252483412;0.008718344382941723;0.0021819400135427713;0;100.0;100.0;1574.853;118.42922;1019.3637;117.4288;28863.955;27250.604;9.547325;0.057187237;4.0;0.058008775;0;1;0
1320751637;1320580068;1252483412;0.008935976773500443;0.002192197134718299;0;100.0;100.0;1598.9176;119.57104;1034.8248;118.309975;29746.178;28109.266;9.549453;0.056514513;4.0;0.057069663;0;1;0
1321246470;1321074949;1252483412;0.009148656390607357;0.002198166446760297;0;100.0;100.0;1622.4346;120.23553;1050.1;119.20852;30630.83;28971.584;9.548455;0.055443533;4.0;0.05620105;0;1;0
1321750391;1321578876;1252483412;0.0093675022944808;0.002203584648668766;0;100.0;100.0;1646.6332;120.83868;1065.78;120.16076;31552.416;29871.03;9.548136;0.05431493;4.0;0.055370912;0;1;0
1322245248;1322073757;1252483412;0.009587341919541359;0.002210191683843732;0;100.0;100.0;1670.9419;121.574165;1081.2881;121.029816;32477.336;30773.758;9.55212;0.053365372;4.0;0.054515924;0;1;0
1322749224;1322577589;1252483412;0.009807710535824299;0.002218760084360838;0;100.0;100.0;1695.309;122.52799;1097.1559;122.0355;33437.53;31712.506;9.550387;0.052601427;4.0;0.053769764;0;1;0
1323244158;1323072470;1252483412;0.010024523362517357;0.002230493351817131;0;100.0;100.0;1719.2828;123.83413;1112.8552;122.905464;34401.293;32655.959;9.547231;0.0521766;4.0;0.05295133;0;1;0
1323748149;1323576349;1252483412;0.010248691774904728;0.0022355758119374514;0;100.0;100.0;1744.0701;124.39991;1128.9395;123.69915;35402.902;33637.133;9.546551;0.051118568;4.0;0.05206163;0;1;0
1324251792;1324080227;1252483412;0.010473145171999931;0.0022461428306996822;0;100.0;100.0;1768.8888;125.57624;1145.1433;124.421326;36426.48;34640.867;9.54424;0.050580565;4.0;0.051134866;0;1;0
1324746733;1324575107;1252483412;0.010694452561438084;0.0022557119373232126;0;100.0;100.0;1793.3597;126.64146;1161.1836;125.33494;37454.098;35649.51;9.54098;0.049986843;4.0;0.05040956;0;1;0
1325250518;1325078986;1252483412;0.010925566777586937;0.002260934328660369;0;100.0;100.0;1818.915;127.222824;1177.6167;126.28958;38521.69;36697.47;9.542826;0.049006246;4.0;0.04970773;0;1;0
1325745437;1325573866;1252483412;0.011151778511703014;0.0022661429829895496;0;100.0;100.0;1843.9282;127.80264;1193.8486;127.16911;39590.96;37748.89;9.542221;0.048076518;4.0;0.048989158;0;1;0
1326249330;1326077791;1252483412;0.011374200694262981;0.002279705833643675;0;100.0;100.0;1868.5223;129.31244;1210.4558;128.21638;40700.098;38841.793;9.531443;0.047834236;4.0;0.0483848;0;1;0
1326744161;1326572672;1252483412;0.011596782132983208;0.002285863971337676;0;100.0;100.0;1893.1342;129.99799;1226.8835;129.0281;41812.312;39939.047;9.523928;0.04701463;4.0;0.047645077;0;1;0
1327248073;1327076502;1252483412;0.011832721531391144;0.0022959064226597548;0;100.0;100.0;1919.223;131.11589;1243.7491;130.04062;42969.773;41081.332;9.524569;0.04649686;4.0;0.04704124;0;1;0
1327751897;1327580380;1252483412;0.012066662311553955;0.002302789129316807;0;100.0;100.0;1945.0908;131.88206;1260.7014;131.10541;44149.113;42246.36;9.521717;0.045744583;4.0;0.046485968;0;1;0
1328246812;1328075260;1252483412;0.012297175824642181;0.002311002230271697;0;100.0;100.0;1970.5796;132.79636;1277.448;131.8672;45329.816;43414.16;9.518347;0.045133438;4.0;0.04575521;0;1;0
1328750942;1328579137;1252483412;0.012532747350633144;0.002319830469787121;0;100.0;100.0;1996.6278;133.7791;1294.6075;132.65625;46555.8;44628.36;9.514323;0.044557735;4.0;0.04503628;0;1;0
1329245577;1329074017;1252483412;0.012768092565238476;0.0023217301350086927;0;100.0;100.0;2022.6509;133.99055;1311.5741;133.38531;47784.074;45845.676;9.512971;0.04351184;4.0;0.044316508;0;1;0
1329749480;1329577894;1252483412;0.013007250614464283;0.0023291055113077164;0;100.0;100.0;2049.0955;134.8116;1328.9712;134.11913;49060.125;47112.16;9.509402;0.04286265;4.0;0.04359455;0;1;0
1330244538;1330072775;1252483412;0.013237611390650272;0.002334584016352892;0;100.0;100.0;2074.5676;135.42145;1346.1157;134.8556;50334.1;48378.85;9.500586;0.042118885;4.0;0.042911462;0;1;0
1330748239;1330576697;1252483412;0.01347898505628109;0.0023444565013051033;0;100.0;100.0;2101.2573;136.52045;1363.7157;135.72665;51658.906;49697.973;9.496657;0.041669108;4.0;0.042306256;0;1;0
1331252204;1331080527;1252483412;0.013715366832911968;0.002348294947296381;0;100.0;100.0;2127.395;136.94774;1381.3804;136.33304;53005.88;51041.785;9.487018;0.04082643;4.0;0.041555263;0;1;0
1331747014;1331575406;1252483412;0.013946420513093472;0.0023562877904623747;0;100.0;100.0;2152.9436;137.8375;1398.8168;137.02309;54352.453;52387.69;9.475533;0.040296093;4.0;0.040890675;0;1;0
1332250771;1332079282;1252483412;0.014189295470714569;0.0023596789687871933;0;100.0;100.0;2179.7993;138.21501;1416.6978;137.60263;55750.91;53786.426;9.46975;0.039463464;4.0;0.040159397;0;1;0
1332745650;1332574161;1252483412;0.01442311517894268;0.0023606005124747753;0;100.0;100.0;2205.6538;138.3176;1434.3408;138.05916;57148.15;55186.52;9.458669;0.038519386;4.0;0.039394952;0;1;0
1333249594;1333078037;1252483412;0.014662369154393673;0.002367292530834675;0;100.0;100.0;2232.1091;139.06256;1452.4183;138.60777;58597.75;56640.723;9.447293;0.037935793;4.0;0.038682226;0;1;0
1333744473;1333572916;1252483412;0.014902633614838123;0.0023769880644977093;0;100.0;100.0;2258.676;140.14185;1470.3118;139.30952;60050.46;58099.754;9.439502;0.037559416;4.0;0.038087573;0;1;0
1334248340;1334076791;1252483412;0.015148090198636055;0.0023842116352170706;0;100.0;100.0;2285.8174;140.94597;1488.5985;140.1135;61553.484;59610.7;9.431655;0.037028708;4.0;0.037544005;0;1;0
1334752167;1334580715;1252483412;0.015400580130517483;0.0023894188925623894;0;100.0;100.0;2313.7363;141.52563;1507.0206;140.86635;63086.418;61152.426;9.428647;0.03639268;4.0;0.036985777;0;1;0
1335247321;1335075593;1252483412;0.015644235536456108;0.00239660800434649;0;100.0;100.0;2340.6782;142.32593;1525.209;141.5978;64618.406;62695.484;9.420733;0.035899572;4.0;0.036444917;0;1;0
1335751045;1335579422;1252483412;0.01590334251523018;0.0024077834095805883;0;100.0;100.0;2369.3289;143.56996;1543.8516;142.42651;66207.72;64298.23;9.421055;0.035619322;4.0;0.03594774;0;1;0
1336245909;1336074299;1252483412;0.016151364892721176;0.0024118483997881413;0;100.0;100.0;2396.7537;144.02248;1562.2732;143.24843;67797.164;65904.2;9.414402;0.03497075;4.0;0.035473756;0;1;0
1336749739;1336578175;1252483412;0.01640118658542633;0.0024175895377993584;0;100.0;100.0;2424.3774;144.66156;1581.1038;144.13974;69441.37;67568.27;9.404586;0.034412876;4.0;0.035026237;0;1;0
1337244637;1337073052;1252483412;0.016651252284646034;0.0024280401412397623;0;100.0;100.0;2452.0283;145.82494;1599.6975;144.9123;71084.22;69234.16;9.397996;0.034127202;4.0;0.034545865;0;1;0
1337748533;1337576928;1252483412;0.016908785328269005;0.0024323754478245974;0;100.0;100.0;2480.505;146.30754;1618.7256;145.69138;72785.34;70961.14;9.392771;0.0335174;4.0;0.0340633;0;1;0
1338252326;1338080806;1252483412;0.017165446653962135;0.0024411624763160944;0;100.0;100.0;2508.8848;147.2857;1637.8713;146.39912;74517.28;72721.8;9.385598;0.033144698;4.0;0.033557497;0;1;0
1338747268;1338575680;1252483412;0.01741994358599186;0.0024487192276865244;0;100.0;100.0;2537.0256;148.12692;1656.7966;147.08147;76249.32;74486.93;9.379317;0.032729957;4.0;0.033065308;0;1;0
1339251124;1339079602;1252483412;0.01768380030989647;0.002453502034768462;0;100.0;100.0;2566.2014;148.65935;1676.1565;147.7357;78041.67;76314.36;9.375888;0.032176267;4.0;0.03255719;0;1;0
1339746052;1339574479;1252483412;0.017937585711479187;0.0024598250165581703;0;100.0;100.0;2594.2637;149.3632;1695.2546;148.49567;79830.24;78141.59;9.367383;0.03172214;4.0;0.032118507;0;1;0
1340249938;1340078307;1252483412;0.018202105537056923;0.002462024800479412;0;100.0;100.0;2623.5127;149.6081;1714.8118;149.07222;81682.77;80038.14;9.362534;0.031072106;4.0;0.03159834;0;1;0
1340744765;1340573184;1252483412;0.018453611060976982;0.0024639994371682405;0;100.0;100.0;2651.3228;149.82791;1734.0896;149.37764;83529.63;81933.12;9.350657;0.03044272;4.0;0.03099127;0;1;0
1341248610;1341077058;1252483412;0.018706658855080605;0.0024663221556693316;0;100.0;100.0;2679.3032;150.08647;1753.8153;149.79982;85440.78;83899.305;9.335467;0.02983199;4.0;0.030432396;0;1;0
1341752731;1341580933;1252483412;0.018963877111673355;0.00247199391014874;0;100.0;100.0;2707.745;150.71785;1773.6272;150.31564;87382.03;85899.37;9.322898;0.029383052;4.0;0.029923731;0;1;0
1342247371;1342075809;1252483412;0.019220441579818726;0.0024766416754573584;0;100.0;100.0;2736.1145;151.23523;1793.2394;150.83621;89325.21;87904.56;9.312193;0.02891026;4.0;0.029441295;0;1;0
1342751252;1342579683;1252483412;0.019474217668175697;0.0024834994692355394;0;100.0;100.0;2764.1755;151.99864;1813.2521;151.34204;91330.086;89978.44;9.295546;0.028529784;4.0;0.028951945;0;1;0
1343246386;1343074560;1252483412;0.019727565348148346;0.002488793572410941;0;100.0;100.0;2792.1892;152.58797;1833.0026;151.8527;93330.51;92050.945;9.281615;0.02810411;4.0;0.028487422;0;1;0
1343749986;1343578481;1252483412;0.019991785287857056;0.0024898634292185307;0;100.0;100.0;2821.405;152.70706;1853.2405;152.30708;95402.78;94201.125;9.271016;0.027505508;4.0;0.028001072;0;1;0
1344244846;1344073357;1252483412;0.020244233310222626;0.0024960492737591267;0;100.0;100.0;2849.3196;153.39566;1873.177;152.71674;97466.44;96347.75;9.255177;0.027135765;4.0;0.027521063;0;1;0
1344748800;1344577183;1252483412;0.02050253190100193;0.002500570844858885;0;100.0;100.0;2877.8806;153.89902;1893.5874;153.39012;99602.03;98572.41;9.23921;0.0266977;4.0;0.02713323;0;1;0
1345252609;1345081057;1252483412;0.020769523456692696;0.002504151314496994;0;100.0;100.0;2907.4028;154.29759;1914.1373;153.78796;101775.61;100840.87;9.228353;0.02623247;4.0;0.026659185;0;1;0
1345747470;1345575933;1252483412;0.021027691662311554;0.002505094511434436;0;100.0;100.0;2935.9497;154.40259;1934.3668;154.24518;103938.19;103102.63;9.214665;0.025691938;4.0;0.026226318;0;1;0
1346251419;1346079806;1252483412;0.021288009360432625;0.002507751574739814;0;100.0;100.0;2964.7341;154.69836;1955.0717;154.60292;106175.14;105446.32;9.19827;0.025217237;4.0;0.02575966;0;1;0
1346746242;1346574682;1252483412;0.02155180089175701;0.0025127739645540714;0;100.0;100.0;2993.9026;155.25746;1975.5209;154.88603;108407.85;107788.93;9.186966;0.024847819;4.0;0.025289727;0;1;0
1347250089;1347078555;1252483412;0.021806050091981888;0.0025159025099128485;0;100.0;100.0;3022.016;155.60571;1996.4434;155.24544;110716.29;110217.914;9.165148;0.02440936;4.0;0.024844818;0;1;0
1347744987;1347573430;1252483412;0.02206694521009922;0.0025189719162881374;0;100.0;100.0;3050.8645;155.94742;2017.0718;155.5567;113016.07;112639.7;9.150886;0.023989566;4.0;0.024405232;0;1;0
1348249115;1348077350;1252483412;0.02233017608523369;0.002516915090382099;0;100.0;100.0;3079.971;155.71843;2038.1843;155.7894;115394.31;115148.49;9.134111;0.023398027;4.0;0.023942526;0;1;0
1348752826;1348581176;1252483412;0.022603197023272514;0.002518588677048683;0;100.0;100.0;3110.16;155.90475;2059.3887;155.87933;117807.82;117700.1;9.123234;0.0229456;4.0;0.023448698;0;1;0
1349247648;1349076051;1252483412;0.022862663492560387;0.002518957946449518;0;100.0;100.0;3138.8503;155.94586;2080.296;155.93362;120211.99;120247.12;9.106488;0.02247142;4.0;0.022965597;0;1;0
1349751413;1349579924;1252483412;0.02313363179564476;0.002524418057873845;0;100.0;100.0;3168.8125;156.55365;2101.7476;156.19215;122703.97;122889.266;9.092681;0.022160009;4.0;0.022543812;0;1;0
1350246321;1350074798;1252483412;0.02340775355696678;0.0025250765029340982;0;100.0;100.0;3199.1233;156.62697;2122.8955;156.3873;125185.695;125524.66;9.083741;0.021715086;4.0;0.022123497;0;1;0
1350750245;1350578671;1252483412;0.023668037727475166;0.0025236241053789854;0;100.0;100.0;3227.9038;156.4653;2144.487;156.57962;127745.13;128251.19;9.062631;0.021209585;4.0;0.021704258;0;1;0
1351245153;1351073545;1252483412;0.023939495906233788;0.0025236743967980146;0;100.0;100.0;3257.9202;156.47089;2165.8203;156.74603;130299.375;130972.67;9.050989;0.020770354;4.0;0.02129603;0;1;0
1351748938;1351577417;1252483412;0.024222657084465027;0.002530911238864064;0;100.0;100.0;3289.2307;157.27649;2187.6592;157.04465;132940.34;133792.28;9.042518;0.020542536;4.0;0.020924103;0;1;0
1352252793;1352081337;1252483412;0.02449936792254448;0.0025384705513715744;0;100.0;100.0;3319.8276;158.11798;2209.6045;157.5227;135620.88;136659.92;9.029466;0.02032726;4.0;0.02060727;0;1;0
1352747720;1352576211;1252483412;0.024772444739937782;0.0025382288731634617;0;100.0;100.0;3350.023;158.09108;2231.21;157.83333;138286.05;139514.98;9.017262;0.019904504;4.0;0.020262863;0;1;0
1353251699;1353080036;1252483412;0.02505173534154892;0.002540667075663805;0;100.0;100.0;3380.9053;158.3625;2253.3433;158.13681;141043.2;142478.66;9.004743;0.019557457;4.0;0.019916464;0;1;0
1353746523;1353574910;1252483412;0.02532016672194004;0.0025423087645322084;0;100.0;100.0;3410.587;158.54524;2275.1282;158.14935;143783.56;145429.89;8.988899;0.01920482;4.0;0.019514007;0;1;0
1354250386;1354078781;1252483412;0.025590214878320694;0.002542758360505104;0;100.0;100.0;3440.4473;158.5953;2297.4263;158.35873;146615.75;148484.44;8.970294;0.018821629;4.0;0.019160977;0;1;0
1354745191;1354573655;1252483412;0.02586320973932743;0.0025435248389840126;0;100.0;100.0;3470.6335;158.6806;2319.4326;158.55782;149437.97;151534.19;8.955999;0.018462671;4.0;0.018820848;0;1;0
1355249063;1355077526;1252483412;0.02613375335931778;0.0025447409134358168;0;100.0;100.0;3500.5486;158.81598;2341.9155;158.67706;152349.11;154686.75;8.936959;0.018117271;4.0;0.018463222;0;1;0
1355752983;1355581397;1252483412;0.02641039714217186;0.0025440892204642296;0;100.0;100.0;3531.1384;158.74344;2364.5142;158.74437;155303.53;157893.52;8.920838;0.017733105;4.0;0.01810236;0;1;0
1356248113;1356076271;1252483412;0.02668425627052784;0.0025429786182940006;0;100.0;100.0;3561.4202;158.6198;2386.7922;158.87645;158243.81;161090.03;8.905888;0.01735416;4.0;0.017770937;0;1;0
1356751678;1356580189;1252483412;0.0269607063382864;0.0025463493075221777;0;100.0;100.0;3591.9883;158.99504;2409.5469;158.65828;161275.45;164395.45;8.889126;0.017085781;4.0;0.017364897;0;1;0
1357246610;1357075062;1252483412;0.027229061350226402;0.0025386931374669075;0;100.0;100.0;3621.6614;158.14276;2431.9854;158.64702;164293.11;167690.2;8.870617;0.016570989;4.0;0.017019454;0;1;0
1357750554;1357578886;1252483412;0.027502447366714478;0.0025429788511246443;0;100.0;100.0;3651.8909;158.61983;2454.9524;158.7128;167410.86;171098.66;8.851349;0.016339015;4.0;0.016692124;0;1;0
1358246795;1358073759;1252483412;0.02779500186443329;0.0025462207850068808;0;100.0;100.0;3684.24;158.98073;2477.652;158.74812;170521.11;174500.06;8.844538;0.016093513;4.0;0.016372537;0;1;0
1358749174;1358577630;1252483412;0.028079062700271606;0.0025443071499466896;0;100.0;100.0;3715.6497;158.7677;2500.8394;158.80444;173727.69;178015.3;8.829944;0.01573347;4.0;0.01605913;0;1;0
1359253067;1359081500;1252483412;0.028366178274154663;0.0025501372292637825;0;100.0;100.0;3747.3972;159.4167;2524.1367;158.9754;176979.62;181588.78;8.816448;0.0155502055;4.0;0.015775476;0;1;0
1359747996;1359576373;1252483412;0.028658276423811913;0.002546003321185708;0;100.0;100.0;3779.6958;158.95653;2547.13;159.01291;180218.64;185152.33;8.807881;0.015162997;4.0;0.015478303;0;1;0
1360251757;1360080243;1252483412;0.028934014961123466;0.002546947682276368;0;100.0;100.0;3810.1855;159.06165;2570.5698;159.01164;183550.81;188829.56;8.788069;0.014887387;4.0;0.015175059;0;1;0
1360746671;1360575116;1252483412;0.029211297631263733;0.002547048730775714;0;100.0;100.0;3840.8457;159.07288;2593.7031;158.94705;186869.34;192500.44;8.771485;0.014605554;4.0;0.014872584;0;1;0
1361250764;1361079033;1252483412;0.02949543669819832;0.002548357704654336;0;100.0;100.0;3872.2642;159.2186;2617.3435;159.14932;190291.3;196289.62;8.75525;0.014349863;4.0;0.014620575;0;1;0
1361745457;1361573905;1252483412;0.029775016009807587;0.0025464827194809914;0;100.0;100.0;3903.1785;159.00987;2640.6646;159.02525;193697.5;200070.45;8.739172;0.014041797;4.0;0.014321228;0;1;0
1362249323;1362077728;1252483412;0.030055822804570198;0.002546737901866436;0;100.0;100.0;3934.2283;159.0383;2664.4792;158.76164;197206.92;203975.84;8.720762;0.013777874;4.0;0.013999642;0;1;0
1362753161;1362581598;1252483412;0.03034113720059395;0.0025361315347254276;0;100.0;100.0;3965.7769;157.85759;2688.4436;158.34654;200770.25;207944.28;8.703916;0.013315009;4.0;0.013660494;0;1;0
1363248064;1363076470;1252483412;0.030624188482761383;0.0025381515733897686;0;100.0;100.0;3997.075;158.08246;2712.0566;157.99902;204312.55;211898.94;8.688545;0.0131037645;4.0;0.013345726;0;1;0
1363751870;1363580340;1252483412;0.0309043787419796;0.002533731982111931;0;100.0;100.0;4028.057;157.59047;2736.1577;157.74252;207960.0;215978.58;8.668997;0.012776347;4.0;0.013049745;0;1;0
1364246782;1364075212;1252483412;0.031184187158942223;0.002531838370487094;0;100.0;100.0;4058.9963;157.37967;2759.9468;157.63943;211591.84;220046.89;8.651588;0.012506607;4.0;0.012790238;0;1;0
1364750621;1364579081;1252483412;0.03147689253091812;0.002530721016228199;0;100.0;100.0;4091.362;157.2553;2784.266;157.35085;215337.17;224249.4;8.637227;0.01225284;4.0;0.0125037385;0;1;0
1365245480;1365073953;1252483412;0.03175384923815727;0.002530785044655204;0;100.0;100.0;4121.9863;157.26242;2808.2524;157.19502;219063.39;228440.55;8.6178875;0.01202913;4.0;0.012249019;0;1;0
1365749352;1365577870;1252483412;0.03203778341412544;0.0025226348079741;0;100.0;100.0;4153.3823;156.35515;2832.751;156.98848;222902.17;232765.34;8.598981;0.011669803;4.0;0.011988981;0;1;0
1366253720;1366081691;1252483412;0.03232387825846672;0.0025197959039360285;0;100.0;100.0;4185.0166;156.03911;2857.3362;156.77711;226788.05;237150.03;8.580877;0.011407782;4.0;0.0117344875;0;1;0
1366748185;1366576562;1252483412;0.03262320160865784;0.002519067842513323;0;100.0;100.0;4218.1143;155.95805;2881.6375;156.3169;230662.08;241524.52;8.570733;0.011189531;4.0;0.011454012;0;1;0
1367251954;1367080431;1252483412;0.03291352838277817;0.0025152191519737244;0;100.0;100.0;4250.2173;155.52965;2906.4368;155.86813;234649.3;246035.64;8.553827;0.010924105;4.0;0.011178609;0;1;0
1367747119;1367575302;1252483412;0.033198531717061996;0.002513436833396554;0;100.0;100.0;4281.731;155.33122;2930.897;155.41391;238615.48;250531.98;8.53685;0.0107006915;4.0;0.010913323;0;1;0
1368250698;1368079171;1252483412;0.03350173309445381;0.0025154936593025923;0;100.0;100.0;4315.2573;155.56018;2955.9443;155.22797;242711.3;255181.89;8.524735;0.010536698;4.0;0.0106878895;0;1;0
1368745611;1368574042;1252483412;0.03378872200846672;0.0025084028020501137;0;100.0;100.0;4346.9907;154.77084;2980.5989;154.85818;246776.94;259806.31;8.508056;0.01024439;4.0;0.010447109;0;1;0
1369249479;1369077910;1252483412;0.03409162163734436;0.002506556222215295;0;100.0;100.0;4380.484;154.56528;3005.794;154.72313;250966.58;264577.28;8.495439;0.010032955;4.0;0.010239464;0;1;0
1369753347;1369581826;1252483412;0.034405820071697235;0.0025105804670602083;0;100.0;100.0;4415.226;155.01324;3031.1008;154.80554;255210.33;269419.16;8.487214;0.009909839;4.0;0.010064828;0;1;0
1370248179;1370076697;1252483412;0.03469973802566528;0.002506920136511326;0;100.0;100.0;4447.7256;154.60579;3056.0415;154.48642;259427.5;274240.56;8.472614;0.009684502;4.0;0.009846866;0;1;0
1370752199;1370580518;1252483412;0.034997690469026566;0.002501328242942691;0;100.0;100.0;4480.672;153.9833;3081.539;154.35966;263774.5;279221.06;8.456895;0.009435319;4.0;0.009654645;0;1;0
1371247029;1371075388;1252483412;0.03530142456293106;0.0025000229943543673;0;100.0;100.0;4514.257;153.838;3106.6792;154.22298;268096.0;284180.47;8.445778;0.0092531685;4.0;0.00946876;0;1;0
1371750747;1371579256;1252483412;0.03559858724474907;0.002494283951818943;0;100.0;100.0;4547.115;153.19914;3132.329;153.8867;272541.3;289291.53;8.429408;0.00901435;4.0;0.009260421;0;1;0
1372245631;1372074127;1252483412;0.03589281812310219;0.0024970616213977337;0;100.0;100.0;4579.6494;153.50835;3157.6313;153.51959;276962.12;294384.72;8.413982;0.0088941865;4.0;0.009056261;0;1;0
1372749552;1372577995;1252483412;0.03619731217622757;0.0024911973159760237;0;100.0;100.0;4613.319;152.85553;3183.4902;153.1906;281517.0;299638.16;8.40001;0.008664084;4.0;0.008858758;0;1;0
1373253384;1373081862;1252483412;0.03648743778467178;0.0024857271928340197;0;100.0;100.0;4645.3994;152.24661;3209.384;152.52641;286115.16;304959.2;8.380362;0.008445221;4.0;0.008628583;0;1;0
1373748259;1373576732;1252483412;0.03676101565361023;0.0024799604434520006;0;100.0;100.0;4675.65;151.60464;3234.879;151.98128;290678.94;310259.22;8.356566;0.008231099;4.0;0.008420106;0;1;0
1374252454;1374080647;1252483412;0.03705321624875069;0.0024756628554314375;0;100.0;100.0;4707.9595;151.12624;3260.9966;151.53009;295391.62;315732.84;8.337287;0.008037435;4.0;0.008224455;0;1;0
1374747063;1374575517;1252483412;0.03735993430018425;0.002473057247698307;0;100.0;100.0;4741.875;150.83618;3286.774;151.27994;300080.1;321179.8;8.325695;0.007870826;4.0;0.008057519;0;1;0
1375250955;1375079337;1252483412;0.037663016468286514;0.0024637954775243998;0;100.0;100.0;4775.388;149.80516;3313.07;150.73811;304900.94;326790.4;8.310288;0.007630302;4.0;0.007862133;0;1;0
1375746083;1375574207;1252483412;0.03794119879603386;0.0024542324244976044;0;100.0;100.0;4806.148;148.74062;3338.959;149.8374;309684.62;332377.34;8.287664;0.0073958016;4.0;0.0076378933;0;1;0
1376249567;1376078074;1252483412;0.0382448174059391;0.0024531923700124025;0;100.0;100.0;4839.72;148.62483;3365.4639;148.97594;314620.72;338148.66;8.272003;0.0072582606;4.0;0.0074212407;0;1;0
1376753491;1376581941;1252483412;0.0385332815349102;0.0024450437631458044;0;100.0;100.0;4871.6167;147.71776;3392.0083;148.31503;319603.38;343986.3;8.25073;0.007048257;4.0;0.007229971;0;1;0
1377248433;1377076811;1252483412;0.038814727216959;0.002432434353977442;0;100.0;100.0;4902.7373;146.31407;3418.1624;147.3009;324550.97;349792.4;8.229091;0.006800162;4.0;0.0070129395;0;1;0
1377752251;1377580678;1252483412;0.03912268579006195;0.0024272683076560497;0;100.0;100.0;4936.7896;145.73898;3444.9023;146.39224;329648.66;355782.34;8.21477;0.006633223;4.0;0.0068095103;0;1;0
1378247079;1378075547;1252483412;0.03940501809120178;0.0024160007014870644;0;100.0;100.0;4968.0083;144.48466;3471.2446;145.53995;334709.44;361741.66;8.193211;0.006412132;4.0;0.0066190674;0;1;0
1378750922;1378579461;1252483412;0.03969477862119675;0.0024065522011369467;0;100.0;100.0;5000.049;143.43288;3498.1794;144.33185;339923.9;367892.5;8.171923;0.0062134666;4.0;0.0064008464;0;1;0
1379245848;1379074330;1252483412;0.03998444601893425;0.002399900695309043;0;100.0;100.0;5032.078;142.69243;3524.7246;143.35713;345102.3;374008.94;8.152755;0.006048913;4.0;0.0062109362;0;1;0
1379749797;1379578150;1252483412;0.040292978286743164;0.0023902549874037504;0;100.0;100.0;5066.194;141.61867;3551.8413;142.50723;350432.7;380306.75;8.137978;0.005859553;4.0;0.0060352497;0;1;0
1380253544;1380082016;1252483412;0.04059312120079994;0.002378281904384494;0;100.0;100.0;5099.3823;140.28584;3579.0447;141.39165;355821.16;386688.47;8.1200905;0.0056548873;4.0;0.005842917;0;1;0
1380748685;1380576885;1252483412;0.04088868573307991;0.0023757987655699253;0;100.0;100.0;5132.064;140.00941;3605.852;140.66322;361171.34;393033.66;8.102674;0.00554169;4.0;0.0056886706;0;1;0
1381252385;1381080751;1252483412;0.04120378941297531;0.0023635062389075756;0;100.0;100.0;5166.9062;138.64104;3633.32;139.68738;366694.84;399588.44;8.0893545;0.0053447597;4.0;0.0055179326;0;1;0
1381747206;1381575620;1252483412;0.041503362357616425;0.0023585183080285788;0;100.0;100.0;5200.0312;138.08578;3660.3179;138.76518;372164.62;406096.25;8.0729885;0.0052170674;4.0;0.005357672;0;1;0
1382251043;1382079486;1252483412;0.04178690165281296;0.002348683774471283;0;100.0;100.0;5231.3833;136.991;3687.8328;137.7888;377780.84;412798.94;8.049162;0.0050512976;4.0;0.005196407;0;1;0
1382745967;1382574355;1252483412;0.042079221457242966;0.0023402853403240442;0;100.0;100.0;5263.7065;136.05609;3715.0103;136.90305;383369.5;419472.12;8.030143;0.0049033216;4.0;0.0050478647;0;1;0
1383249749;1383078268;1252483412;0.04238848015666008;0.0023334312718361616;0;100.0;100.0;5297.903;135.29309;3742.7583;135.82219;389117.78;426341.8;8.014647;0.004770356;4.0;0.0048881955;0;1;0
1383753751;1383582087;1252483412;0.04269314557313919;0.0023224286269396544;0;100.0;100.0;5331.591;134.06828;3770.6377;134.88593;394936.38;433300.12;7.99731;0.0046091494;4.0;0.004743255;0;1;0
1384248539;1384076957;1252483412;0.04300393536686897;0.002316277241334319;0;100.0;100.0;5365.956;133.38351;3798.1748;134.12459;400725.88;440229.8;7.9837017;0.0044903723;4.0;0.004615676;0;1;0
1384752361;1384580821;1252483412;0.043320633471012115;0.0023068583104759455;0;100.0;100.0;5400.9746;132.335;3826.265;133.21489;406675.06;447358.94;7.9699244;0.0043496154;4.0;0.004480507;0;1;0
1385247212;1385075689;1252483412;0.04362323507666588;0.0022936032619327307;0;100.0;100.0;5434.4346;130.85945;3853.9343;132.26323;412578.06;454444.1;7.953533;0.004186848;4.0;0.004347666;0;1;0
1385751399;1385579554;1252483412;0.04393382743000984;0.0022903401404619217;0;100.0;100.0;5468.7783;130.49622;3882.1826;131.39877;418648.4;461742.5;7.93759;0.0040978254;4.0;0.00422274;0;1;0
1386246040;1386074422;1252483412;0.04424716904759407;0.0022810702212154865;0;100.0;100.0;5503.426;129.4643;3910.0713;130.53221;424684.94;469005.6;7.9242263;0.0039708135;4.0;0.0041024825;0;1;0
1386749810;1386578287;1252483412;0.04456176236271858;0.0022749637719243765;0;100.0;100.0;5538.2114;128.78453;3938.5337;129.73724;430890.22;476491.16;7.909152;0.0038674974;4.0;0.0039886986;0;1;0
1387253948;1387082200;1252483412;0.04487789049744606;0.002267208881676197;0;100.0;100.0;5573.167;127.92125;3967.0854;128.97821;437160.16;484059.78;7.8944345;0.003756158;4.0;0.0038802188;0;1;0
1387748580;1387577068;1252483412;0.045190971344709396;0.002257845364511013;0;100.0;100.0;5607.786;126.87892;3995.2358;127.91017;443386.3;491582.44;7.8805785;0.0036386484;4.0;0.0037578477;0;1;0
1388252585;1388080886;1252483412;0.04551497846841812;0.0022512716241180897;0;100.0;100.0;5643.613;126.14711;4023.9814;127.02567;449789.6;499330.9;7.867967;0.0035409816;4.0;0.0036482487;0;1;0
1388747593;1388575753;1252483412;0.04582317918539047;0.0022442229092121124;0;100.0;100.0;5677.692;125.36246;4052.2754;126.22201;456137.1;507028.56;7.8524604;0.0034439757;4.0;0.00354722;0;1;0
1389251107;1389079618;1252483412;0.046159058809280396;0.00224012671969831;0;100.0;100.0;5714.8315;124.90647;4081.2446;125.38266;462682.16;514971.8;7.842989;0.003366231;4.0;0.003446051;0;1;0
1389746012;1389574486;1252483412;0.0464739166200161;0.0022324055898934603;0;100.0;100.0;5749.6465;124.04698;4109.6855;124.71082;469153.16;522842.75;7.8293395;0.0032700829;4.0;0.0033575397;0;1;0
1390249960;1390078351;1252483412;0.046793971210718155;0.0022243550047278404;0;100.0;100.0;5785.036;123.15077;4138.8154;124.00121;475827.53;530968.0;7.8148394;0.003173682;4.0;0.0032684742;0;1;0
1390753784;1390582215;1252483412;0.047131169587373734;0.0022192613687366247;0;100.0;100.0;5822.322;122.58375;4168.035;123.2521;482569.9;539183.1;7.8053017;0.0030966136;4.0;0.003179737;0;1;0
1391248605;1391077083;1252483412;0.047437798231840134;0.002210369799286127;0;100.0;100.0;5856.227;121.593956;4196.7715;122.42318;489247.0;547338.56;7.788703;0.0030014107;4.0;0.003090234;0;1;0
1391752507;1391580994;1252483412;0.04775373265147209;0.0022048349492251873;0;100.0;100.0;5891.161;120.97781;4226.1255;121.66626;496114.94;555743.5;7.772791;0.0029261364;4.0;0.0030057742;0;1;0
1392247381;1392075861;1252483412;0.04808715358376503;0.002197891939431429;0;100.0;100.0;5928.029;120.204926;4255.073;120.839325;502934.62;564089.75;7.763661;0.0028461239;4.0;0.002921065;0;1;0
1392751306;1392579678;1252483412;0.04841619357466698;0.0021900800056755543;0;100.0;100.0;5964.4126;119.335304;4284.6284;120.05206;509945.56;572682.6;7.751201;0.002763003;4.0;0.0028396912;0;1;0
1393246119;1393074545;1252483412;0.04872957244515419;0.002176872221753001;0;100.0;100.0;5999.064;117.86501;4313.7354;119.08812;516897.6;581215.56;7.736062;0.0026557676;4.0;0.002753266;0;1;0
1393750179;1393578410;1252483412;0.04904143512248993;0.002169837709516287;0;100.0;100.0;6033.548;117.08194;4343.4453;118.18499;524042.22;590010.2;7.718568;0.0025815337;4.0;0.0026711;0;1;0
1394253898;1394082274;1252483412;0.04936118796467781;0.0021618101745843887;0;100.0;100.0;6068.9043;116.18833;4373.2397;117.06414;531256.3;598899.0;7.7032495;0.0025045455;4.0;0.002581747;0;1;0
1394748683;1394577140;1252483412;0.049671001732349396;0.0021476689726114273;0;100.0;100.0;6103.1616;114.61414;4402.5547;116.02923;538402.44;607721.25;7.6870584;0.0024017596;4.0;0.0024993662;0;1;0
1395252513;1395081004;1252483412;0.049996357411146164;0.002139381831511855;0;100.0;100.0;6139.1377;113.69161;4432.5312;114.719124;545759.3;616806.7;7.673104;0.0023284412;4.0;0.0024072519;0;1;0
1395747421;1395575871;1252483412;0.05031059309840202;0.0021260185167193413;0;100.0;100.0;6173.8843;112.20402;4462.049;113.420906;553052.2;625829.6;7.657877;0.0022352093;4.0;0.002319108;0;1;0
1396251323;1396079782;1252483412;0.050617825239896774;0.002113819122314453;0;100.0;100.0;6207.856;110.84598;4492.2036;112.07273;560552.6;635132.25;7.638787;0.0021494792;4.0;0.002231112;0;1;0
1396746140;1396574648;1252483412;0.05093246325850487;0.00209949747659266;0;100.0;100.0;6242.647;109.2517;4521.893;110.63558;567986.6;644353.94;7.623544;0.0020582087;4.0;0.002143136;0;1;0
1397250115;1397078465;1252483412;0.05125713348388672;0.002086012391373515;0;100.0;100.0;6278.5474;107.75055;4552.215;109.22134;575629.44;653846.1;7.6090918;0.001972972;4.0;0.002058301;0;1;0
1397753871;1397582328;1252483412;0.05156650394201279;0.002076954348012805;0;100.0;100.0;6312.7554;106.74223;4582.5596;107.926506;583329.2;663443.9;7.5906982;0.0019082086;4.0;0.0019805224;0;1;0
1398248681;1398077195;1252483412;0.0518639013171196;0.0020637742709368467;0;100.0;100.0;6345.6396;105.27503;4612.438;106.61479;590960.7;672970.0;7.570939;0.0018298376;4.0;0.0019052239;0;1;0
1398752853;1398581058;1252483412;0.05217168480157852;0.002048839582130313;0;100.0;100.0;6379.673;103.612495;4642.979;105.2622;598812.6;682777.1;7.552024;0.0017470397;4.0;0.0018304426;0;1;0
1399247476;1399075924;1252483412;0.05250274017453194;0.0020404618699103594;0;100.0;100.0;6416.279;102.67991;4673.1377;103.856285;606617.06;692527.6;7.540659;0.0016915754;4.0;0.0017567563;0;1;0
1399751346;1399579787;1252483412;0.052792027592659;0.002030890202149749;0;100.0;100.0;6448.267;101.61438;4703.8013;102.57219;614604.0;702544.94;7.517062;0.0016330284;4.0;0.0016889984;0;1;0
1400246492;1400074653;1252483412;0.053108230233192444;0.0020200370345264673;0;100.0;100.0;6483.231;100.40621;4734.0815;101.40906;622542.44;712487.4;7.501904;0.001572177;4.0;0.0016277244;0;1;0
1400750076;1400578564;1252483412;0.053448040038347244;0.002008196897804737;0;100.0;100.0;6520.805;99.08819;4765.064;100.16718;630717.56;722724.3;7.490745;0.0015094843;4.0;0.0015655537;0;1;0
1401244940;1401073429;1252483412;0.05376027151942253;0.001994953490793705;0;100.0;100.0;6555.3296;97.61393;4795.492;98.95685;638798.5;732877.94;7.4745092;0.0014446061;4.0;0.0015067064;0;1;0
1401748821;1401577245;1252483412;0.05407698079943657;0.001981304492801428;0;100.0;100.0;6590.3496;96.094536;4826.5796;97.627205;647107.5;743336.2;7.4575806;0.0013802877;4.0;0.0014458582;0;1;0
1402252678;1402081108;1252483412;0.054407328367233276;0.001968989847227931;0;100.0;100.0;6626.8774;94.72366;4857.7925;96.22625;655504.1;753899.3;7.44389;0.0013223947;4.0;0.0013849726;0;1;0
1402747592;1402575973;1252483412;0.05471673980355263;0.0019531806465238333;0;100.0;100.0;6661.0903;92.9638;4888.4526;94.65516;663804.75;764374.5;7.4269032;0.0012562585;4.0;0.0013218262;0;1;0
1403251424;1403079836;1252483412;0.05501239001750946;0.001935108914040029;0;100.0;100.0;6693.7817;90.95207;4919.7314;93.04298;672326.5;775157.94;7.4049196;0.0011857483;4.0;0.0012594311;0;1;0
1403746268;1403574702;1252483412;0.055319998413324356;0.001920198672451079;0;100.0;100.0;6727.7954;89.29226;4950.5435;91.19727;680774.5;785853.0;7.387539;0.0011273111;4.0;0.0011935952;0;1;0
1404250114;1404078564;1252483412;0.055619560182094574;0.0019073737785220146;0;100.0;100.0;6760.9194;87.86462;4981.963;89.45738;689443.1;796852.94;7.366659;0.0010764834;4.0;0.0011325591;0;1;0
1404754005;1404582474;1252483412;0.055924516171216965;0.0018898602575063705;0;100.0;100.0;6794.6396;85.915016;5013.4917;87.61294;698197.25;807961.75;7.3470373;0.0010150906;4.0;0.0010714189;0;1;0
1405248822;1405077339;1252483412;0.056219398975372314;0.0018703036475926638;0;100.0;100.0;6827.2456;83.737976;5044.62;85.634155;706894.2;819005.75;7.3264594;0.00095129554;4.0;0.0010099014;0;1;0
1405752775;1405581154;1252483412;0.056508924812078476;0.0018515721894800663;0;100.0;100.0;6859.26;81.6528;5076.2773;83.528145;715794.25;830346.56;7.303378;0.00089215493;4.0;0.00094778126;0;1;0
1406247701;1406076019;1252483412;0.05680173635482788;0.001830562367103994;0;100.0;100.0;6891.637;79.314;5107.47;81.492035;724618.2;841595.0;7.2827115;0.0008305276;4.0;0.0008900897;0;1;0
1406751743;1406579882;1252483412;0.05709309130907059;0.001812143949791789;0;100.0;100.0;6923.854;77.26367;5139.338;79.36965;733688.6;853167.7;7.2600822;0.00077745237;4.0;0.0008329037;0;1;0
1407246278;1407074749;1252483412;0.05743879824876785;0.0017986370949074626;0;100.0;100.0;6962.08;75.7601;5170.8506;77.44903;742713.9;864648.94;7.2512684;0.00073756237;4.0;0.0007824758;0;1;0
1407750174;1407578609;1252483412;0.057768065482378006;0.0017822693334892392;0;100.0;100.0;6998.4883;73.93805;5202.9976;75.71576;751977.4;876455.5;7.237044;0.0006930484;4.0;0.0007376478;0;1;0
1408254040;1408082472;1252483412;0.05807618051767349;0.0017644070321694016;0;100.0;100.0;7032.558;71.94964;5235.2124;73.89911;761318.0;888393.06;7.2180195;0.000647455;4.0;0.00069324125;0;1;0
1408748859;1408577335;1252483412;0.05838488042354584;0.0017475687200203538;0;100.0;100.0;7066.6924;70.0752;5266.8823;71.93177;770556.94;900209.06;7.2008724;0.000606098;4.0;0.0006482718;0;1;0
1409252754;1409081244;1252483412;0.05869848281145096;0.0017330896807834506;0;100.0;100.0;7101.3687;68.46341;5299.2676;70.108986;780062.06;912384.0;7.183109;0.000570817;4.0;0.0006075599;0;1;0
1409747585;1409576109;1252483412;0.05901974067091942;0.0017122564604505897;0;100.0;100.0;7136.8916;66.144264;5331.178;68.27227;789485.06;924445.7;7.168557;0.0005258483;4.0;0.0005686532;0;1;0
1410251523;1410079924;1252483412;0.05935158208012581;0.0016978960484266281;0;100.0;100.0;7173.585;64.54567;5363.7617;66.41225;799165.06;936850.7;7.154734;0.0004941074;4.0;0.0005309598;0;1;0
1410746363;1410574788;1252483412;0.059673700481653214;0.0016802885802462697;0;100.0;100.0;7209.203;62.585617;5395.829;64.539566;808749.2;949148.06;7.140328;0.0004585351;4.0;0.0004949697;0;1;0
1411250245;1411078650;1252483412;0.05999040976166725;0.0016616423381492496;0;100.0;100.0;7244.2227;60.509922;5428.5454;62.393753;818586.25;961800.94;7.1232243;0.00042298553;4.0;0.00045663168;0;1;0
1411745057;1411573514;1252483412;0.060316164046525955;0.0016449696850031614;0;100.0;100.0;7280.2427;58.653942;5460.7915;60.462826;828340.1;974340.44;7.109524;0.00039232065;4.0;0.00042327042;0;1;0
1412248904;1412077375;1252483412;0.06062938645482063;0.0016262840945273638;0;100.0;100.0;7314.877;56.57387;5493.6704;58.42628;838344.94;987232.3;7.0916743;0.00036022175;4.0;0.00039012035;0;1;0
1412752840;1412581237;1252483412;0.06095204874873161;0.0016076633473858237;0;100.0;100.0;7350.555;54.50102;5484.571;56.423954;835569.94;909338.75;7.1848044;0.00036294517;4.0;0.0003597099;0;1;0
1413247857;1413076101;1252483412;0.0612604096531868;0.0015912832459434867;0;100.0;100.0;7384.652;52.67759;5516.7715;54.535316;845410.25;921080.44;7.1672087;0.00033474318;4.0;0.00035107875;0;1;0
1413751519;1413580009;1252483412;0.06159248948097229;0.0015742516843602061;0;100.0;100.0;7421.371;50.781647;5549.69;52.608234;855529.3;933153.5;7.1530437;0.00030705624;4.0;0.00032978633;0;1;0
1414246431;1414074873;1252483412;0.06189524754881859;0.0015549070667475462;0;100.0;100.0;7454.8486;48.62822;5582.038;50.55136;865531.9;945119.1;7.1343117;0.00027800185;4.0;0.00030335606;0;1;0
1414750249;1414578687;1252483412;0.06220606714487076;0.001536260126158595;0;100.0;100.0;7489.2173;46.552456;5615.082;48.52954;875809.75;957422.0;7.115748;0.00025150075;4.0;0.00027700467;0;1;0
1415245123;1415073551;1252483412;0.06252309679985046;0.0015186435775831342;0;100.0;100.0;7524.2725;44.591385;5647.646;46.55275;885997.44;969617.7;7.09993;0.00022785517;4.0;0.00025208585;0;1;0
1415748933;1415577412;1252483412;0.06283316761255264;0.0014983006985858083;0;100.0;100.0;7558.5586;42.32683;5680.856;44.444023;896447.94;982154.75;7.0812573;0.00020267915;4.0;0.00022705375;0;1;0
1416252855;1416081273;1252483412;0.0631444901227951;0.001477648038417101;0;100.0;100.0;7592.983;40.027794;5714.1787;42.259346;906995.5;994824.9;7.0628047;0.00017895101;4.0;0.00020281982;0;1;0
1416747743;1416576136;1252483412;0.0634700357913971;0.001459872000850737;0;100.0;100.0;7628.9795;38.048977;5705.6816;40.15407;904300.1;915811.5;7.1511817;0.00017564563;4.0;0.00018805478;0;1;0
1417251508;1417079997;1252483412;0.06377653032541275;0.001442521926946938;0;100.0;100.0;7662.8696;36.117577;5738.8657;38.065075;914849.4;927538.1;7.1316624;0.00015626544;4.0;0.00017257425;0;1;0
1417746406;1417574860;1252483412;0.06408202648162842;0.001423011883161962;0;100.0;100.0;7696.65;33.945724;5771.5566;36.084824;925301.75;939166.56;7.113405;0.000136328;4.0;0.00015526399;0;1;0
1418250251;1418078768;1252483412;0.06441056728363037;0.0014058280503377318;0;100.0;100.0;7732.9785;32.032837;5805.027;34.03346;936064.9;951139.06;7.0981493;0.00011986828;4.0;0.00013720545;0;1;0
1418745178;1418573631;1252483412;0.06470953673124313;0.0013845936628058553;0;100.0;100.0;7766.0366;29.669033;5837.8784;31.916752;946689.6;962985.56;7.078622;0.0001015651;4.0;0.00011956862;0;1;0
1419249072;1419077444;1252483412;0.06501506268978119;0.0013653086498379707;0;100.0;100.0;7799.82;27.522238;5871.385;29.793446;957587.8;975162.3;7.0590787;8.63074e-05;4.0;0.00010307041;0;1;0
1419753071;1419581305;1252483412;0.06533131748437881;0.0013455592561513186;0;100.0;100.0;7834.7896;25.323751;5905.001;27.685413;968584.3;987450.6;7.0416546;7.216027e-05;4.0;8.800305e-05;0;1;0
1420247683;1420076168;1252483412;0.06566327065229416;0.0013303867308422923;0;100.0;100.0;7871.4946;23.634756;5938.199;25.644531;979505.8;999640.44;7.0285363;6.208918e-05;4.0;7.4655654e-05;0;1;0
1420751578;1420580028;1252483412;0.06599066406488419;0.001313052256591618;0;100.0;100.0;7907.6963;21.70509;5931.4697;23.620884;977286.94;920158.5;7.10944;5.688765e-05;4.0;6.6047214e-05;0;1;0
1421246686;1421074891;1252483412;0.06631997972726822;0.0012952591059729457;0;100.0;100.0;7944.1094;19.724371;5964.628;21.696045;988244.1;931463.94;7.095511;4.6408524e-05;4.0;5.6411493e-05;0;1;0
1421750290;1421578751;1252483412;0.06666837632656097;0.0012805787846446037;0;100.0;100.0;7982.634;18.09016;5998.4487;19.856281;999482.94;943068.44;7.083935;3.8556635e-05;4.0;4.7193753e-05;0;1;0
1422245174;1422073614;1252483412;0.06699273735284805;0.0012665942776948214;0;100.0;100.0;8018.5;16.53341;5751.169;18.163727;918776.3;942519.1;7.775601;3.222494e-05;4.0;3.9474246e-05;0;1;0
1422749035;1422577521;1252483412;0.06734658032655716;0.0012526784557849169;0;100.0;100.0;8057.6255;14.98431;5783.767;16.589157;929221.1;954165.3;7.763411;2.6146128e-05;4.0;3.2709424e-05;0;1;0
1423252951;1423081334;1252483412;0.06769847124814987;0.0012391592608764768;0;100.0;100.0;8096.535;13.47937;5816.43;15.028555;939746.06;965906.6;7.750779;2.0900734e-05;4.0;2.662231e-05;0;1;0
1423747804;1423576196;1252483412;0.06804181635379791;0.0012226318940520287;0;100.0;100.0;8134.5005;11.639556;5848.598;13.394643;950169.5;977552.1;7.737812;1.5398924e-05;4.0;2.1007181e-05;0;1;0
1424251543;1424080056;1252483412;0.0683845579624176;0.001206798362545669;0;100.0;100.0;8172.399;9.876969;5881.384;11.696987;960852.1;989507.6;7.7232494;1.0954327e-05;4.0;1.5930344e-05;0;1;0
1424746404;1424574919;1252483412;0.06872200220823288;0.00119496020488441;0;100.0;100.0;8209.712;8.559151;5878.6733;10.0852;959966.6;910352.7;7.8011236;8.941475e-06;4.0;1.1861978e-05;0;1;0
1425250322;1425078779;1252483412;0.06904901564121246;0.0011807642877101898;0;100.0;100.0;8245.871;6.9788756;5911.3955;8.5488;970683.3;921429.5;7.7831073;5.8730852e-06;4.0;8.865696e-06;0;1;0
1425745194;1425573641;1252483412;0.06937935948371887;0.0011692962143570185;0;100.0;100.0;8282.398;5.702255;5943.5977;7.0758667;981287.56;932405.44;7.7673597;3.87477e-06;4.0;6.202864e-06;0;1;0
1426249399;1426077501;1252483412;0.06972799450159073;0.0011535161174833775;0;100.0;100.0;8320.949;3.9456186;5976.4995;5.562999;992181.9;943686.0;7.753752;1.8329904e-06;4.0;3.9382458e-06;0;1;0
1426752917;1426581407;1252483412;0.07009094953536987;0.0011412195162847638;0;100.0;100.0;8361.082;2.576773;5729.9336;4.017306;912003.94;944530.3;8.516983;7.8107706e-07;4.0;2.1816982e-06;0;1;0
1427247752;1427076269;1252483412;0.07043350487947464;0.0011302729835733771;0;100.0;100.0;8398.96;1.3582107;5761.08;2.6683426;921945.56;955662.25;8.50165;2.1448027e-07;4.0;1.0797603e-06;0;1;0
1427751717;1427580082;1252483412;0.0707750916481018;0.001118011656217277;0;100.0;100.0;8436.73;-0.0067078066;5792.8755;1.3956743;932150.1;967105.8;8.484378;5.169453e-12;4.0;4.4285056e-07;0;1;0
1428246515;1428074943;1252483412;0.07112797349691391;0.0011085676960647106;0;100.0;100.0;8475.751;-1.0579993;5824.135;0.10654068;942237.3;978422.4;8.471368;1.2711648e-07;4.0;1.2870171e-07;0;1;0
1428750326;1428578803;1252483412;0.07147635519504547;0.0010966452537104487;0;100.0;100.0;8514.271;-2.3852093;5856.1016;-1.1785474;952609.06;990072.5;8.455469;6.3847443e-07;4.0;-2.2511435e-07;0;1;0
1429245200;1429073665;1252483412;0.0718102753162384;0.0010864610085263848;0;100.0;100.0;8551.195;-3.518908;5857.05;-2.3684442;952917.5;910557.1;8.526206;1.5110057e-06;4.0;-7.7040494e-07;0;1;0
1429749104;1429577524;1252483412;0.0721648633480072;0.001077007153071463;0;100.0;100.0;8590.403;-4.5713015;5888.96;-3.5401597;963329.2;921333.44;8.511574;2.5201152e-06;4.0;-1.656773e-06;0;1;0
1430243964;1430072385;1252483412;0.07248957455158234;0.0010671798372641206;0;100.0;100.0;8626.309;-5.6652713;5920.322;-4.6441374;973616.94;932008.44;8.492184;3.8263006e-06;4.0;-2.7351728e-06;0;1;0
1430747762;1430576244;1252483412;0.07283491641283035;0.0010575224878266454;0;100.0;100.0;8664.494;-6.740321;5952.4253;-5.7352977;984204.56;942992.0;8.475368;5.3531658e-06;4.0;-4.0481373e-06;0;1;0
1431251693;1431080150;1252483412;0.07320067286491394;0.001046023447997868;0;100.0;100.0;8704.9375;-8.020396;5984.617;-6.9023595;994879.0;954054.7;8.462887;7.491623e-06;4.0;-5.7492184e-06;0;1;0
1431746521;1431575012;1252483412;0.07354762405157089;0.0010385651839897037;0;100.0;100.0;8743.301;-8.850634;5736.3955;-7.916041;914062.06;955698.9;9.292502;9.107206e-06;4.0;-7.4462696e-06;0;1;0
1432250402;1432078824;1252483412;0.07390850782394409;0.0010331766679883003;0;100.0;100.0;8783.206;-9.450491;5767.343;-8.7612;923951.2;966821.6;9.277151;1.0264076e-05;4.0;-8.990787e-06;0;1;0
1432745260;1432573685;1252483412;0.07427850365638733;0.001024726894684136;0;100.0;100.0;8824.118;-10.39111;5797.861;-9.547605;933755.25;977846.2;9.265462;1.2269047e-05;4.0;-1.0537892e-05;0;1;0
1433249077;1433077544;1252483412;0.07463443279266357;0.0010203104466199875;0;100.0;100.0;8863.475;-10.882744;5829.013;-10.190803;943816.5;989189.56;9.248642;1.3303159e-05;4.0;-1.1840858e-05;0;1;0
1433752962;1433581402;1252483412;0.07501158118247986;0.0010140712838619947;0;100.0;100.0;8905.178;-11.577288;5833.733;-10.938276;945345.56;909656.3;9.320777;1.63717e-05;4.0;-1.3557165e-05;0;1;0
1434248138;1434076263;1252483412;0.07537874579429626;0.0010090272407978773;0;100.0;100.0;8945.776;-12.138785;5864.3135;-11.613309;955282.7;919961.5;9.308113;1.7796652e-05;4.0;-1.6038935e-05;0;1;0
1434751682;1434580122;1252483412;0.07575802505016327;0.0010028425604104996;0;100.0;100.0;8987.714;-12.827252;5895.526;-12.235847;965478.5;930533.25;9.29637;1.9646848e-05;4.0;-1.7937553e-05;0;1;0
1435246528;1435074983;1252483412;0.07613309472799301;0.0009964635828509927;0;100.0;100.0;9029.1875;-13.537358;5926.262;-12.8850765;975571.8;941017.25;9.285293;2.163853e-05;4.0;-1.9793364e-05;0;1;0
1435750363;1435578888;1252483412;0.0765114426612854;0.0009898351272568107;0;100.0;100.0;9071.022;-14.275237;5957.6167;-13.5401535;985922.1;951779.1;9.273151;2.3789646e-05;4.0;-2.1652417e-05;0;1;0
1436245319;1436073749;1252483412;0.07688353210687637;0.0009853425435721874;0;100.0;100.0;9112.167;-14.775346;5988.505;-14.147982;996171.9;962450.8;9.261185;2.5203117e-05;4.0;-2.3387189e-05;0;1;0
1436749126;1436577560;1252483412;0.07725630700588226;0.000980881042778492;0;100.0;100.0;9153.386;-15.271996;5739.9424;-14.674521;915192.7;965157.0;10.17205;2.685042e-05;4.0;-2.4977882e-05;0;1;0
1437252939;1437081419;1252483412;0.07764767855405807;0.0009752475307323039;0;100.0;100.0;9196.661;-15.899117;5770.2354;-15.250295;924878.3;976098.94;10.160925;2.8774628e-05;4.0;-2.6749056e-05;0;1;0
1437747886;1437576279;1252483412;0.07802824676036835;0.0009718014043755829;0;100.0;100.0;9238.742;-16.28274;5800.033;-15.73886;934455.2;986932.0;10.149034;2.9848688e-05;4.0;-2.8198681e-05;0;1;0
1438251656;1438080138;1252483412;0.07840487360954285;0.0009686513221822679;0;100.0;100.0;9280.388;-16.633404;5830.405;-16.223988;944267.25;998050.2;10.134324;3.080118e-05;4.0;-2.9635834e-05;0;1;0
1438746684;1438574998;1252483412;0.07877793908119202;0.0009636175236664712;0;100.0;100.0;9321.64;-17.193762;5837.1895;-16.67643;946466.06;917349.5;10.200867;3.5806715e-05;4.0;-3.272883e-05;0;1;0
1439250637;1439078856;1252483412;0.07915155589580536;0.0009605753002688289;0;100.0;100.0;9362.951;-17.532423;5867.564;-17.092812;956341.8;927636.8;10.185207;3.681827e-05;4.0;-3.4897213e-05;0;1;0
1439745237;1439573717;1252483412;0.07952991127967834;0.0009561653714627028;0;100.0;100.0;9404.788;-18.02333;5897.523;-17.517805;966132.7;937837.25;10.172291;3.8485767e-05;4.0;-3.6581878e-05;0;1;0
1440249104;1440077622;1252483412;0.079895980656147;0.0009538237936794758;0;100.0;100.0;9445.266;-18.283993;5928.075;-17.918016;976168.8;948318.56;10.154555;3.9169256e-05;4.0;-3.796975e-05;0;1;0
1440753053;1440581432;1252483412;0.08027787506580353;0.0009503766777925193;0;100.0;100.0;9487.494;-18.66772;5958.6655;-18.331106;986269.25;958877.1;10.140633;4.0381005e-05;4.0;-3.9346636e-05;0;1;0
1441247914;1441076293;1252483412;0.08066242188215256;0.0009438565466552973;0;100.0;100.0;9530.015;-19.393543;5988.8643;-18.803076;996291.5;969347.06;10.128804;4.311144e-05;4.0;-4.09701e-05;0;1;0
1441751633;1441580150;1252483412;0.08104142546653748;0.0009412849321961403;0;100.0;100.0;9571.923;-19.67981;5739.579;-19.299286;915076.9;972815.8;11.124955;4.423527e-05;4.0;-4.284773e-05;0;1;0
1442246598;1442075011;1252483412;0.08142242580652237;0.0009399160044267774;0;100.0;100.0;9614.052;-19.832197;5768.599;-19.593445;924353.75;983370.8;11.110464;4.44408e-05;4.0;-4.3791748e-05;0;1;0
1442750440;1442578868;1252483412;0.08180579543113708;0.0009378789691254497;0;100.0;100.0;9656.442;-20.058964;5798.197;-19.801622;933863.5;994198.06;11.094517;4.496779e-05;4.0;-4.4276716e-05;0;1;0
1444253307;1444081490;1252483412;0.08296437561511993;0.0009311152389273047;0;100.0;100.0;9784.552;-20.81189;5866.612;-20.629614;956031.5;933725.56;11.126719;5.1542003e-05;4.0;-5.0804516e-05;0;1;0
1444747865;1444576350;1252483412;0.08334595710039139;0.0009284017141908407;0;100.0;100.0;9826.744;-21.11396;5895.8574;-20.909668;965587.06;943738.7;11.111824;5.24862e-05;4.0;-5.1886727e-05;0;1;0
1445251822;1445080161;1252483412;0.08371924608945847;0.0009275014162994921;0;100.0;100.0;9868.0205;-21.214184;5925.628;-21.129032;975363.0;954018.0;11.093059;5.2414758e-05;4.0;-5.250196e-05;0;1;0
1445746604;1445575020;1252483412;0.08408430218696594;0.0009253066382370889;0;0.25;0.25;9908.386;-21.458502;5954.661;-21.249622;984944.1;964109.5;11.075204;5.306765e-05;4.0;-5.2575153e-05;0;1;0
1446250415;1446078877;1252483412;0.08445212990045547;0.0009250093717128038;0;0.25;0.25;9949.059;-21.491596;5984.591;-21.286348;994870.06;974565.5;11.054907;5.2660354e-05;4.0;-5.2207524e-05;0;1;0
1446745110;1446573739;1252483412;0.08477773517370224;0.0009336249204352498;0;0.25;0.25;9985.0625;-20.532518;5734.081;-21.125103;913324.6;978514.6;12.129249;4.787123e-05;4.0;-5.1021845e-05;0;1;0
