timestamp;timestamp_sample;gps_hvel[0];gps_hvel[1];gps_vvel;gps_hpos[0];gps_hpos[1];gps_vpos;ev_hvel[0];ev_hvel[1];ev_vvel;ev_hpos[0];ev_hpos[1];ev_vpos;rng_vpos;baro_vpos;aux_hvel[0];aux_hvel[1];flow[0];flow[1];heading;mag_field[0];mag_field[1];mag_field[2];gravity[0];gravity[1];gravity[2];drag[0];drag[1];airspeed;beta;hagl;hagl_rate
1251143418;1250971741;0.0;0.0;0.0;0.0;0.0;0.0;0.0;0.0;0.0;0.0;0.0;0.0;0.0;0.060145378;0.0;0.0;0.0;0.0;0.009402115;0.009402115;-0.0026919395;-0.0073346198;-0.00027233362;0.0016319752;-0.0011749268;0.0;0.0;0.0;0.0;0.0;0.0
1251647450;1251475628;0.0;0.0;0.0;0.0;0.0;0.0;0.0;0.0;0.0;0.0;0.0;0.0;0.0;-0.04598975;0.0;0.0;0.0;0.0;0.008161534;0.008161534;-0.005034307;-0.011642277;-0.0072326064;-0.005829096;-0.005044341;0.0;0.0;0.0;0.0;0.0;0.0
1252142090;1251970520;0.0;0.0;0.0;0.0;0.0;0.0;0.0;0.0;0.0;0.0;0.0;0.0;0.0;0.07884288;0.0;0.0;0.0;0.0;0.0064175986;0.0064175986;-0.004656188;-0.010905206;0.0037853718;0.005810946;0.0010848045;0.0;0.0;0.0;0.0;0.0;0.0
1252646065;1252474457;0.0;0.0;0.0;0.0;0.0;0.0;0.0;0.0;0.0;0.0;0.0;0.0;0.0;-0.06641412;0.0;0.0;0.0;0.0;0.0048203357;0.0048203357;-0.008302303;-0.015284091;-0.0013905168;0.006352514;-0.0049853325;0.0;0.0;0.0;0.0;0.0;0.0
1253141098;1252969349;0.0;0.0;0.0;0.0;0.0;0.0;0.0;0.0;0.0;0.0;0.0;0.0;0.0;0.038478136;0.0;0.0;0.0;0.0;-0.005088538;-0.005088538;-0.010379292;-0.00804624;-0.024078608;0.012055904;-0.034329772;0.0;0.0;0.0;0.0;0.0;0.0
1253644887;1253473192;0.0;0.0;0.0;0.0;0.0;0.0;0.0;0.0;0.0;0.0;0.0;0.0;0.0;0.1556356;0.0;0.0;0.0;0.0;0.03681627;-0.042039946;-0.015474245;0.03681627;-0.003046304;-0.020455629;0.0031534433;0.0;0.0;0.0;0.0;0.0;0.0
1254148692;1253977084;0.0;0.0;0.0;0.0;0.0;0.0;0.0;0.0;0.0;0.0;0.0;0.0;0.0;0.1430695;0.0;0.0;0.0;0.0;0.0776563;-0.032310985;-0.019377224;0.0776563;0.015253848;0.017028682;-0.0016160011;0.0;0.0;0.0;0.0;0.0;0.0
1254643505;1254471974;0.0;0.0;0.0;0.0;0.0;0.0;0.0;0.0;0.0;0.0;0.0;0.0;0.0;-0.038645506;0.0;0.0;0.0;0.0;0.0691262;-0.02977861;-0.017998464;0.0691262;0.01245103;0.06469995;-0.0033031106;0.0;0.0;0.0;0.0;0.0;0.0
1255147434;1254975864;0.0;0.0;0.0;0.0;0.0;0.0;0.0;0.0;0.0;0.0;0.0;0.0;0.0;0.04872489;0.0;0.0;0.0;0.0;0.06420468;-0.02304963;-0.013001487;0.06420468;-0.031875;0.018054862;-0.00062423944;0.0;0.0;0.0;0.0;0.0;0.0
1255642373;1255470756;0.0;0.0;0.0;0.0;0.0;0.0;0.0;0.0;0.0;0.0;0.0;0.0;0.0;-0.03085494;0.0;0.0;0.0;0.0;0.05766432;-0.02076834;-0.012361489;0.05766432;0.05515519;0.0127139315;-0.0008111;0.0;0.0;0.0;0.0;0.0;0.0
1256146230;1255974646;0.0;0.0;0.0;0.0;0.0;0.0;0.0;0.0;0.0;0.0;0.0;0.0;0.0;0.26865077;0.0;0.0;0.0;0.0;0.05803901;-0.016468585;-0.010183349;0.05803901;0.018169437;-0.011280309;-5.4001808e-05;0.0;0.0;0.0;0.0;0.0;0.0
1256641109;1256469538;0.0;0.0;0.0;0.0;0.0;0.0;0.0;0.0;0.0;0.0;0.0;0.0;0.0;0.008350849;0.0;0.0;0.0;0.0;0.057092264;-0.015029732;-0.008400239;0.057092264;-0.0065273913;-0.035608888;-0.0004976392;0.0;0.0;0.0;0.0;0.0;0.0
1257144938;1256973475;0.0;0.0;0.0;0.0;0.0;0.0;0.0;0.0;0.0;0.0;0.0;0.0;0.0;0.0968833;0.0;0.0;0.0;0.0;0.056102037;-0.009161938;-0.0063312575;0.056102037;-0.0170648;0.107856035;-0.0060619116;0.0;0.0;0.0;0.0;0.0;0.0
1257648938;1257477319;0.0;0.0;0.0;0.0;0.0;0.0;0.0;0.0;0.0;0.0;0.0;0.0;0.0;0.083305836;0.0;0.0;0.0;0.0;0.05786486;-0.011281867;-0.006668851;0.05786486;0.03684136;-0.0073445113;-0.0015622377;0.0;0.0;0.0;0.0;0.0;0.0
1258144128;1257972211;0.0;0.0;0.0;0.0;0.0;0.0;0.0;0.0;0.0;0.0;0.0;0.0;0.0;0.070825815;0.0;0.0;0.0;0.0;0.05106978;-0.01032627;-0.0042866543;0.05106978;0.102649845;0.013324034;-0.0034709573;0.0;0.0;0.0;0.0;0.0;0.0
1258647594;1258476101;0.0;0.0;0.0;0.0;0.0;0.0;0.0;0.0;0.0;0.0;0.0;0.0;0.0;0.3108263;0.0;0.0;0.0;0.0;0.054168105;-0.009687725;-0.0053154454;0.054168105;-0.014914991;0.09055615;-0.0056853294;0.0;0.0;0.0;0.0;0.0;0.0
1259142495;1258970994;0.0;0.0;0.0;0.0;0.0;0.0;0.0;0.0;0.0;0.0;0.0;0.0;0.0;0.1521256;0.0;0.0;0.0;0.0;0.051519275;-0.007840291;-0.0033530965;0.051519275;-0.026161278;0.04111469;-0.0016486645;0.0;0.0;0.0;0.0;0.0;0.0
1259646450;1259474884;0.0;0.0;0.0;0.0;0.0;0.0;0.0;0.0;0.0;0.0;0.0;0.0;0.0;0.07616472;0.0;0.0;0.0;0.0;0.048069105;-0.003060963;-0.0035610795;0.048069105;0.02554958;-0.009987622;-0.00039839745;0.0;0.0;0.0;0.0;0.0;0.0
1260141351;1259969776;0.0;0.0;0.0;0.0;0.0;0.0;0.0;0.0;0.0;0.0;0.0;0.0;0.0;0.15839124;0.0;0.0;0.0;0.0;0.04956001;-0.006966226;-0.003193289;0.04956001;0.02886694;0.048134953;-0.0018806458;0.0;0.0;0.0;0.0;0.0;0.0
1260645209;1260473667;0.0;0.0;0.0;0.0;0.0;0.0;0.0;0.0;0.0;0.0;0.0;0.0;0.0;0.13832831;0.0;0.0;0.0;0.0;0.04837288;-0.0072425418;-0.0020522699;0.04837288;0.07621526;-0.008529035;-0.003347993;0.0;0.0;0.0;0.0;0.0;0.0
1261140111;1260968559;0.0;0.0;0.0;0.0;0.0;0.0;0.0;0.0;0.0;0.0;0.0;0.0;0.0;0.13306856;0.0;0.0;0.0;0.0;0.04479611;-0.0076736882;-0.001622118;0.04479611;0.08288907;-0.026254684;-0.003225863;0.0;0.0;0.0;0.0;0.0;0.0
1261643996;1261472497;0.0;0.0;0.0;0.0;0.0;0.0;0.0;0.0;0.0;0.0;0.0;0.0;0.0;-0.03792429;0.0;0.0;0.0;0.0;0.04484409;-0.0060689896;-0.0017727241;0.04484409;0.033572372;0.06783319;-0.0025318265;0.0;0.0;0.0;0.0;0.0;0.0
1262147962;1261976340;0.0;0.0;0.0;0.0;0.0;0.0;0.0;0.0;0.0;0.0;0.0;0.0;0.0;0.21142817;0.0;0.0;0.0;0.0;0.046181962;-0.0045988485;-0.00054977834;0.046181962;0.049184546;0.049260065;-0.0040612817;0.0;0.0;0.0;0.0;0.0;0.0
1262642935;1262471232;0.0;0.0;0.0;0.0;0.0;0.0;0.0;0.0;0.0;0.0;0.0;0.0;0.0;0.40979552;0.0;0.0;0.0;0.0;0.038521186;-0.0058205687;0.00013229251;0.038521186;0.04240354;0.008617949;3.963709e-05;0.0;0.0;0.0;0.0;0.0;0.0
1263146684;1262975122;0.0;0.0;0.0;0.0;0.0;0.0;0.0;0.0;0.0;0.0;0.0;0.0;0.0;0.29007196;0.0;0.0;0.0;0.0;0.049753338;-0.0053333864;0.00064540654;0.049753338;0.004303361;-0.013946244;-0.00023549795;0.0;0.0;0.0;0.0;0.0;0.0
1263641557;1263470015;0.0;0.0;0.0;0.0;0.0;0.0;0.0;0.0;0.0;0.0;0.0;0.0;0.0;0.312037;0.0;0.0;0.0;0.0;0.044416398;-0.005080154;-0.00034379214;0.044416398;0.03512786;0.03629084;-0.0016022921;0.0;0.0;0.0;0.0;0.0;0.0
1264145448;1263973905;0.0;0.0;0.0;0.0;0.0;0.0;0.0;0.0;0.0;0.0;0.0;0.0;0.0;0.21633744;0.0;0.0;0.0;0.0;0.044210225;-0.0051778927;7.2307885e-05;0.044210225;0.04203221;-0.00022234488;-0.001021266;0.0;0.0;0.0;0.0;0.0;0.0
1264640390;1264468798;0.0;0.0;0.0;0.0;0.0;0.0;0.0;0.0;0.0;0.0;0.0;0.0;0.0;0.15351343;0.0;0.0;0.0;0.0;0.043258563;-0.005575778;0.0016507506;0.043258563;0.050193876;-0.042812712;-0.002563119;0.0;0.0;0.0;0.0;0.0;0.0
1265144239;1264972688;0.0;0.0;0.0;0.0;0.0;0.0;0.0;0.0;0.0;0.0;0.0;0.0;0.0;0.3282206;0.0;0.0;0.0;0.0;0.04203567;-0.0052327495;0.0020587444;0.04203567;0.012465481;0.05093912;-0.0014233589;0.0;0.0;0.0;0.0;0.0;0.0
1265648102;1265476625;0.0;0.0;0.0;0.0;0.0;0.0;0.0;0.0;0.0;0.0;0.0;0.0;0.0;0.11390972;0.0;0.0;0.0;0.0;0.04445356;-0.004670007;0.002424106;0.04445356;-0.0005474868;-0.0023487462;2.7775764e-05;0.0;0.0;0.0;0.0;0.0;0.0
1266143335;1265971517;0.0;0.0;0.0;0.0;0.0;0.0;0.0;0.0;0.0;0.0;0.0;0.0;0.0;0.11858654;0.0;0.0;0.0;0.0;0.044073835;-0.0051115733;0.002467677;0.044073835;-0.060072444;0.021683123;-0.0022509694;0.0;0.0;0.0;0.0;0.0;0.0
1266647038;1266475360;0.0;0.0;0.0;0.0;0.0;0.0;0.0;0.0;0.0;0.0;0.0;0.0;0.0;0.22039056;0.0;0.0;0.0;0.0;0.04231356;-0.005977791;0.0025123209;0.04231356;0.07747089;-0.03676251;-0.0049239993;0.0;0.0;0.0;0.0;0.0;0.0
1267141877;1266970253;0.0;0.0;0.0;0.0;0.0;0.0;0.0;0.0;0.0;0.0;0.0;0.0;0.0;0.2739017;0.0;0.0;0.0;0.0;0.041975215;-0.0031294003;0.0021395087;0.041975215;0.09488718;0.008060947;-0.003501892;0.0;0.0;0.0;0.0;0.0;0.0
1267645795;1267474143;0.0;0.0;0.0;0.0;0.0;0.0;0.0;0.0;0.0;0.0;0.0;0.0;0.0;0.18556857;0.0;0.0;0.0;0.0;0.04347132;-0.0038079377;0.003035888;0.04347132;0.03986872;-0.004197721;-0.0006298423;0.0;0.0;0.0;0.0;0.0;0.0
1268140572;1267969035;0.0;0.0;0.0;0.0;0.0;0.0;0.0;0.0;0.0;0.0;0.0;0.0;0.0;0.18234849;0.0;0.0;0.0;0.0;0.043254793;-0.0056451596;0.0040658116;0.043254793;0.015535779;0.042346604;-0.00091201067;0.0;0.0;0.0;0.0;0.0;0.0
1268644539;1268472925;0.0;0.0;0.0;0.0;0.0;0.0;0.0;0.0;0.0;0.0;0.0;0.0;0.0;0.12601042;0.0;0.0;0.0;0.0;0.037923098;-0.0056588445;0.0024046153;0.037923098;0.066248044;-0.021868702;-0.002932012;0.0;0.0;0.0;0.0;0.0;0.0
1269148431;1268976815;0.0;0.0;0.0;0.0;0.0;0.0;0.0;0.0;0.0;0.0;0.0;0.0;0.0;0.04045534;0.0;0.0;0.0;0.0;0.04384069;-0.0066269655;0.0032957345;0.04384069;0.009864251;-0.012244453;-0.00012034178;0.0;0.0;0.0;0.0;0.0;0.0
1269643308;1269471707;0.0;0.0;0.0;0.0;0.0;0.0;0.0;0.0;0.0;0.0;0.0;0.0;0.0;0.24162412;0.0;0.0;0.0;0.0;0.041838646;-0.003738515;0.0030478463;0.041838646;-0.019277979;-0.012528584;-0.0002180934;0.0;0.0;0.0;0.0;0.0;0.0
1270147102;1269975644;0.0;0.0;0.0;0.0;0.0;0.0;0.0;0.0;0.0;0.0;0.0;0.0;0.0;0.24487948;0.0;0.0;0.0;0.0;0.045757607;-0.00698719;0.004115075;0.045757607;-0.032400064;0.0251836;-0.00042313337;0.0;0.0;0.0;0.0;0.0;0.0
1270641996;1270470536;0.0;0.0;0.0;0.0;0.0;0.0;0.0;0.0;0.0;0.0;0.0;0.0;0.0;0.19909501;0.0;0.0;0.0;0.0;0.03724222;-0.0055943243;0.002917923;0.03724222;0.035911232;-0.0053105513;-0.0007880926;0.0;0.0;0.0;0.0;0.0;0.0
1271146375;1270974378;0.0;0.0;0.0;0.0;0.0;0.0;0.0;0.0;0.0;0.0;0.0;0.0;0.0;-0.023950338;0.0;0.0;0.0;0.0;0.040358737;-0.0029142704;0.0037348717;0.040358737;-0.026339743;0.027007591;-0.0011732578;0.0;0.0;0.0;0.0;0.0;0.0
1271640919;1271469270;0.0;0.0;0.0;0.0;0.0;0.0;0.0;0.0;0.0;0.0;0.0;0.0;0.0;0.08346486;0.0;0.0;0.0;0.0;0.039410874;-0.0032132324;0.0030929074;0.039410874;0.002242377;-0.00826348;1.3589859e-05;0.0;0.0;0.0;0.0;0.0;0.0
1272144693;1271973161;0.0;0.0;0.0;0.0;0.0;0.0;0.0;0.0;0.0;0.0;0.0;0.0;0.0;0.062495947;0.0;0.0;0.0;0.0;0.042325824;-0.0057547223;0.0024464205;0.042325824;0.03909193;0.06881245;-0.0041250587;0.0;0.0;0.0;0.0;0.0;0.0
1272648627;1272477050;0.0;0.0;0.0;0.0;0.0;0.0;0.0;0.0;0.0;0.0;0.0;0.0;0.0;0.058368683;0.0;0.0;0.0;0.0;0.038497075;-0.005472772;0.0034090132;0.038497075;-0.01856672;-0.004297695;2.1159649e-05;0.0;0.0;0.0;0.0;0.0;0.0
1273143483;1272971941;0.0;0.0;0.0;0.0;0.0;0.0;0.0;0.0;0.0;0.0;0.0;0.0;0.0;0.12360406;0.0;0.0;0.0;0.0;0.039371833;-0.00549886;0.0046537593;0.039371833;-0.027377801;0.029418781;-0.0011976957;0.0;0.0;0.0;0.0;0.0;0.0
1273647447;1273475831;0.0;0.0;0.0;0.0;0.0;0.0;0.0;0.0;0.0;0.0;0.0;0.0;0.0;0.20090437;0.0;0.0;0.0;0.0;0.03816971;-0.0048886444;0.0035355836;0.03816971;0.015325714;-0.015825957;-0.00019162893;0.0;0.0;0.0;0.0;0.0;0.0
1274142413;1273970722;0.0;0.0;0.0;0.0;0.0;0.0;0.0;0.0;0.0;0.0;0.0;0.0;0.0;0.05078268;0.0;0.0;0.0;0.0;0.035425693;-0.0059634056;0.002649799;0.035425693;0.093359746;-0.04846383;-0.006730497;0.0;0.0;0.0;0.0;0.0;0.0
1274646124;1274474659;0.0;0.0;0.0;0.0;0.0;0.0;0.0;0.0;0.0;0.0;0.0;0.0;0.0;0.03797698;0.0;0.0;0.0;0.0;0.03861563;-0.0063968413;0.0037519783;0.03861563;-0.0012465842;0.023283252;-0.00024807453;0.0;0.0;0.0;0.0;0.0;0.0
1275141005;1274969550;0.0;0.0;0.0;0.0;0.0;0.0;0.0;0.0;0.0;0.0;0.0;0.0;0.0;0.21130133;0.0;0.0;0.0;0.0;0.038891196;-0.0055534896;0.0025745258;0.038891196;0.0394647;0.059691526;-0.0038813949;0.0;0.0;0.0;0.0;0.0;0.0
1275645091;1275473392;0.0;0.0;0.0;0.0;0.0;0.0;0.0;0.0;0.0;0.0;0.0;0.0;0.0;0.16096783;0.0;0.0;0.0;0.0;0.037823007;-0.0068401843;0.003181897;0.037823007;0.010463882;0.017503351;-0.00033771992;0.0;0.0;0.0;0.0;0.0;0.0
1276149097;1275977282;0.0;0.0;0.0;0.0;0.0;0.0;0.0;0.0;0.0;0.0;0.0;0.0;0.0;-0.07976198;0.0;0.0;0.0;0.0;0.04028243;-0.005931765;0.0038291141;0.04028243;0.016164398;0.018996373;-7.379055e-05;0.0;0.0;0.0;0.0;0.0;0.0
1276643710;1276472173;0.0;0.0;0.0;0.0;0.0;0.0;0.0;0.0;0.0;0.0;0.0;0.0;0.0;0.13858104;0.0;0.0;0.0;0.0;0.0384503;-0.0070850644;0.0025001615;0.0384503;-0.01083823;0.04803631;-0.0017569661;0.0;0.0;0.0;0.0;0.0;0.0
1277138627;1276967064;0.0;0.0;0.0;0.0;0.0;0.0;0.0;0.0;0.0;0.0;0.0;0.0;0.0;0.14335155;0.0;0.0;0.0;0.0;0.038596854;-0.00761413;0.0018386841;0.038596854;-0.07579783;0.043749094;-0.0033739805;0.0;0.0;0.0;0.0;0.0;0.0
1277642796;1277470953;0.0;0.0;0.0;0.0;0.0;0.0;0.0;0.0;0.0;0.0;0.0;0.0;0.0;0.07515788;0.0;0.0;0.0;0.0;0.040861085;-0.007816801;0.002179645;0.040861085;0.0704731;0.016680667;-0.0035079718;0.0;0.0;0.0;0.0;0.0;0.0
1278146418;1277974842;0.0;0.0;0.0;0.0;0.0;0.0;0.0;0.0;0.0;0.0;0.0;0.0;0.0;0.1567874;0.0;0.0;0.0;0.0;0.03882484;-0.0057277754;0.0019014999;0.03882484;0.0014240742;-0.051330738;-0.0010893941;0.0;0.0;0.0;0.0;0.0;0.0
1278641391;1278469732;0.0;0.0;0.0;0.0;0.0;0.0;0.0;0.0;0.0;0.0;0.0;0.0;0.0;0.13439035;0.0;0.0;0.0;0.0;0.039353445;-0.008260949;0.004142508;0.039353445;0.009614456;-0.029881628;-0.0011041164;0.0;0.0;0.0;0.0;0.0;0.0
1279145126;1278973668;0.0;0.0;0.0;0.0;0.0;0.0;0.0;0.0;0.0;0.0;0.0;0.0;0.0;0.09002924;0.0;0.0;0.0;0.0;0.042181313;-0.0071914457;0.0015491545;0.042181313;0.023951681;0.0031091021;-0.00030463934;0.0;0.0;0.0;0.0;0.0;0.0
1279649133;1279477510;0.0;0.0;0.0;0.0;0.0;0.0;0.0;0.0;0.0;0.0;0.0;0.0;0.0;0.27490067;0.0;0.0;0.0;0.0;0.04076384;-0.007834112;0.00094302;0.04076384;-0.034142043;0.05986771;-0.0031695962;0.0;0.0;0.0;0.0;0.0;0.0
1280144037;1279972400;0.0;0.0;0.0;0.0;0.0;0.0;0.0;0.0;0.0;0.0;0.0;0.0;0.0;0.13551259;0.0;0.0;0.0;0.0;0.03860785;-0.0070218462;0.0007442087;0.03860785;0.040744863;-0.013938533;-0.0005790591;0.0;0.0;0.0;0.0;0.0;0.0
1280638929;1280467291;0.0;0.0;0.0;0.0;0.0;0.0;0.0;0.0;0.0;0.0;0.0;0.0;0.0;0.24177718;0.0;0.0;0.0;0.0;0.038713306;-0.007661514;0.0015377626;0.038713306;0.04571142;0.043281987;-0.0013117194;0.0;0.0;0.0;0.0;0.0;0.0
1281142818;1280971179;0.0;0.0;0.0;0.0;0.0;0.0;0.0;0.0;0.0;0.0;0.0;0.0;0.0;-0.24357295;0.0;0.0;0.0;0.0;0.04260835;-0.008647712;0.00046528876;0.04260835;0.044292103;0.032024466;-0.0023061037;0.0;0.0;0.0;0.0;0.0;0.0
1281646608;1281475067;0.0;0.0;0.0;0.0;0.0;0.0;0.0;0.0;0.0;0.0;0.0;0.0;0.0;-0.16027498;0.0;0.0;0.0;0.0;0.038732067;-0.008611279;0.0020722374;0.038732067;0.02559355;0.016093208;-0.00044822693;0.0;0.0;0.0;0.0;0.0;0.0
1282141543;1281969958;0.0;0.0;0.0;0.0;0.0;0.0;0.0;0.0;0.0;0.0;0.0;0.0;0.0;0.40495276;0.0;0.0;0.0;0.0;0.034080356;-0.008303627;0.0017616823;0.034080356;0.038046338;-0.006124191;-0.00011694431;0.0;0.0;0.0;0.0;0.0;0.0
1282645466;1282473846;0.0;0.0;0.0;0.0;0.0;0.0;0.0;0.0;0.0;0.0;0.0;0.0;0.0;0.032499313;0.0;0.0;0.0;0.0;0.03469105;-0.008769829;0.00033795834;0.03469105;0.03473011;0.021459509;-0.0008870959;0.0;0.0;0.0;0.0;0.0;0.0
1283149274;1282977781;0.0;0.0;0.0;0.0;0.0;0.0;0.0;0.0;0.0;0.0;0.0;0.0;0.0;0.15662575;0.0;0.0;0.0;0.0;0.0359274;-0.009355336;0.0009178445;0.0359274;-0.0431558;0.0034421822;-0.00042045116;0.0;0.0;0.0;0.0;0.0;0.0
1283644170;1283472671;0.0;0.0;0.0;0.0;0.0;0.0;0.0;0.0;0.0;0.0;0.0;0.0;0.0;0.06102109;0.0;0.0;0.0;0.0;0.03590484;-0.007706603;0.0030949712;0.03590484;-0.09849757;-0.002516793;-0.0052164197;0.0;0.0;0.0;0.0;0.0;0.0
1284139047;1283967561;0.0;0.0;0.0;0.0;0.0;0.0;0.0;0.0;0.0;0.0;0.0;0.0;0.0;-0.12501025;0.0;0.0;0.0;0.0;0.033617735;-0.007904258;0.00040201098;0.033617735;0.04508379;-0.020558838;-0.0012893081;0.0;0.0;0.0;0.0;0.0;0.0
1284643021;1284471401;0.0;0.0;0.0;0.0;0.0;0.0;0.0;0.0;0.0;0.0;0.0;0.0;0.0;0.15401173;0.0;0.0;0.0;0.0;0.04038088;-0.01141444;0.0016526505;0.04038088;0.00012395345;0.00851642;-0.00011694431;0.0;0.0;0.0;0.0;0.0;0.0
1285146820;1284975289;0.0;0.0;0.0;0.0;0.0;0.0;0.0;0.0;0.0;0.0;0.0;0.0;0.0;0.0018742085;0.0;0.0;0.0;0.0;0.03600882;-0.008845763;0.0006656498;0.03600882;-0.022148121;-0.016726263;-0.00022608042;0.0;0.0;0.0;0.0;0.0;0.0
1285641988;1285470178;0.0;0.0;0.0;0.0;0.0;0.0;0.0;0.0;0.0;0.0;0.0;0.0;0.0;0.09654188;0.0;0.0;0.0;0.0;0.037759393;-0.009940207;0.0013758466;0.037759393;-0.013980952;0.008581286;-0.00014269352;0.0;0.0;0.0;0.0;0.0;0.0
1286145615;1285974066;0.0;0.0;0.0;0.0;0.0;0.0;0.0;0.0;0.0;0.0;0.0;0.0;0.0;0.010214806;0.0;0.0;0.0;0.0;0.03296812;-0.0063837618;0.00077905506;0.03296812;0.03316129;0.04472381;-0.0015422106;0.0;0.0;0.0;0.0;0.0;0.0
1286649560;1286477953;0.0;0.0;0.0;0.0;0.0;0.0;0.0;0.0;0.0;0.0;0.0;0.0;0.0;0.020928383;0.0;0.0;0.0;0.0;0.034256816;-0.00947072;0.0014801323;0.034256816;0.030192329;0.042722892;-0.0011603236;0.0;0.0;0.0;0.0;0.0;0.0
1287144412;1286972843;0.0;0.0;0.0;0.0;0.0;0.0;0.0;0.0;0.0;0.0;0.0;0.0;0.0;0.17738199;0.0;0.0;0.0;0.0;0.032182425;-0.0071006455;0.0006547794;0.032182425;-0.05343046;0.018667988;-0.0025835633;0.0;0.0;0.0;0.0;0.0;0.0
1287639294;1287467732;0.0;0.0;0.0;0.0;0.0;0.0;0.0;0.0;0.0;0.0;0.0;0.0;0.0;0.2546134;0.0;0.0;0.0;0.0;0.03163527;-0.0072216503;0.00011436641;0.03163527;-0.07806837;-0.0010996982;-0.003974378;0.0;0.0;0.0;0.0;0.0;0.0
1288143185;1287971666;0.0;0.0;0.0;0.0;0.0;0.0;0.0;0.0;0.0;0.0;0.0;0.0;0.0;0.18135524;0.0;0.0;0.0;0.0;0.03608407;-0.010770721;0.0001680404;0.03608407;0.040634904;0.064121455;-0.003195405;0.0;0.0;0.0;0.0;0.0;0.0
1288647187;1288475506;0.0;0.0;0.0;0.0;0.0;0.0;0.0;0.0;0.0;0.0;0.0;0.0;0.0;0.06031561;0.0;0.0;0.0;0.0;0.03491482;-0.011079641;-0.0019986778;0.03491482;-0.013752295;-0.06758114;-0.002729535;0.0;0.0;0.0;0.0;0.0;0.0
1289142033;1288970395;0.0;0.0;0.0;0.0;0.0;0.0;0.0;0.0;0.0;0.0;0.0;0.0;0.0;0.2830031;0.0;0.0;0.0;0.0;0.03589359;-0.009822348;0.00053814054;0.03589359;0.012827663;-0.009300834;-3.707409e-05;0.0;0.0;0.0;0.0;0.0;0.0
1289645847;1289474282;0.0;0.0;0.0;0.0;0.0;0.0;0.0;0.0;0.0;0.0;0.0;0.0;0.0;0.08811998;0.0;0.0;0.0;0.0;0.038042426;-0.010652335;0.0003694892;0.038042426;-0.019587548;0.033133876;-0.0009317994;0.0;0.0;0.0;0.0;0.0;0.0
1290149706;1289978168;0.0;0.0;0.0;0.0;0.0;0.0;0.0;0.0;0.0;0.0;0.0;0.0;0.0;0.06776786;0.0;0.0;0.0;0.0;0.040085584;-0.010661026;-0.00024971366;0.040085584;-0.0020429138;-0.0008350592;4.1425228e-05;0.0;0.0;0.0;0.0;0.0;0.0
1290644907;1290473057;0.0;0.0;0.0;0.0;0.0;0.0;0.0;0.0;0.0;0.0;0.0;0.0;0.0;0.11718273;0.0;0.0;0.0;0.0;0.03945294;-0.0120064225;0.0004761666;0.03945294;-0.011454567;0.030536389;-0.0009108782;0.0;0.0;0.0;0.0;0.0;0.0
1291139493;1290967945;0.0;0.0;0.0;0.0;0.0;0.0;0.0;0.0;0.0;0.0;0.0;0.0;0.0;0.32716346;0.0;0.0;0.0;0.0;0.037400514;-0.010805713;-0.00053691864;0.037400514;0.030496383;0.0014555352;-0.00034856796;0.0;0.0;0.0;0.0;0.0;0.0
1291643430;1291471831;0.0;0.0;0.0;0.0;0.0;0.0;0.0;0.0;0.0;0.0;0.0;0.0;0.0;0.080388546;0.0;0.0;0.0;0.0;0.03839633;-0.009028081;-0.002471365;0.03839633;-0.05418475;0.055912986;-0.0029754639;0.0;0.0;0.0;0.0;0.0;0.0
1292147219;1291975765;0.0;0.0;0.0;0.0;0.0;0.0;0.0;0.0;0.0;0.0;0.0;0.0;0.0;0.2226634;0.0;0.0;0.0;0.0;0.03828393;-0.0112993345;-0.0023137778;0.03828393;0.088414185;-0.010766258;-0.0035609603;0.0;0.0;0.0;0.0;0.0;0.0
1292642151;1292470654;0.0;0.0;0.0;0.0;0.0;0.0;0.0;0.0;0.0;0.0;0.0;0.0;0.0;0.21134257;0.0;0.0;0.0;0.0;0.038742557;-0.01089029;-0.0016806945;0.038742557;-0.044034965;0.054386396;-0.0029731393;0.0;0.0;0.0;0.0;0.0;0.0
1293146127;1292974492;0.0;0.0;0.0;0.0;0.0;0.0;0.0;0.0;0.0;0.0;0.0;0.0;0.0;0.2701559;0.0;0.0;0.0;0.0;0.037667215;-0.010758847;-0.0013587102;0.037667215;0.030955322;-0.00750758;2.9444695e-05;0.0;0.0;0.0;0.0;0.0;0.0
1293641073;1293469380;0.0;0.0;0.0;0.0;0.0;0.0;0.0;0.0;0.0;0.0;0.0;0.0;0.0;0.116684675;0.0;0.0;0.0;0.0;0.038928747;-0.012064319;-0.0009690076;0.038928747;-0.028934095;-0.051499646;-0.0022618175;0.0;0.0;0.0;0.0;0.0;0.0
1294144815;1293973265;0.0;0.0;0.0;0.0;0.0;0.0;0.0;0.0;0.0;0.0;0.0;0.0;0.0;0.13940644;0.0;0.0;0.0;0.0;0.035640717;-0.011985406;-0.00015410781;0.035640717;0.034759965;-0.0069132745;-0.00034993887;0.0;0.0;0.0;0.0;0.0;0.0
1294639734;1294468153;0.0;0.0;0.0;0.0;0.0;0.0;0.0;0.0;0.0;0.0;0.0;0.0;0.0;-0.09632635;0.0;0.0;0.0;0.0;0.03861037;-0.012206962;-0.0010251626;0.03861037;0.024636002;-0.008880427;-0.00031006336;0.0;0.0;0.0;0.0;0.0;0.0
1295143568;1294972039;0.0;0.0;0.0;0.0;0.0;0.0;0.0;0.0;0.0;0.0;0.0;0.0;0.0;0.22153616;0.0;0.0;0.0;0.0;0.03569828;-0.012078984;-0.0016198903;0.03569828;-0.004574421;-0.064271465;-0.00182271;0.0;0.0;0.0;0.0;0.0;0.0
1295647483;1295475924;0.0;0.0;0.0;0.0;0.0;0.0;0.0;0.0;0.0;0.0;0.0;0.0;0.0;-0.1197288;0.0;0.0;0.0;0.0;0.036138773;-0.011939548;-0.00029223412;0.036138773;0.05633605;0.04118378;-0.0023671985;0.0;0.0;0.0;0.0;0.0;0.0
1296142467;1295970812;0.0;0.0;0.0;0.0;0.0;0.0;0.0;0.0;0.0;0.0;0.0;0.0;0.0;0.2725258;0.0;0.0;0.0;0.0;0.036967114;-0.011224583;0.0014709681;0.036967114;-0.020265264;0.034687918;-0.0012859106;0.0;0.0;0.0;0.0;0.0;0.0
1296646228;1296474744;0.0;0.0;0.0;0.0;0.0;0.0;0.0;0.0;0.0;0.0;0.0;0.0;0.0;-0.010010481;0.0;0.0;0.0;0.0;0.035971895;-0.012774492;-0.0021110252;0.035971895;-0.005291608;0.06887045;-0.0035638213;0.0;0.0;0.0;0.0;0.0;0.0
1297141120;1296969631;0.0;0.0;0.0;0.0;0.0;0.0;0.0;0.0;0.0;0.0;0.0;0.0;0.0;0.101807594;0.0;0.0;0.0;0.0;0.03544344;-0.01167336;-0.0017619804;0.03544344;0.028477395;0.0013012285;-0.00048077106;0.0;0.0;0.0;0.0;0.0;0.0
1297645105;1297473469;0.0;0.0;0.0;0.0;0.0;0.0;0.0;0.0;0.0;0.0;0.0;0.0;0.0;0.18608761;0.0;0.0;0.0;0.0;0.036673397;-0.011138928;-0.0013896674;0.036673397;-0.00908172;0.006236131;-7.754564e-05;0.0;0.0;0.0;0.0;0.0;0.0
1298140028;1297968356;0.0;0.0;0.0;0.0;0.0;0.0;0.0;0.0;0.0;0.0;0.0;0.0;0.0;0.16038704;0.0;0.0;0.0;0.0;0.033873558;-0.010958953;-0.00069388;0.033873558;0.051064007;-0.045967642;-0.0020383;0.0;0.0;0.0;0.0;0.0;0.0
1298644098;1298472241;0.0;0.0;0.0;0.0;0.0;0.0;0.0;0.0;0.0;0.0;0.0;0.0;0.0;0.09445381;0.0;0.0;0.0;0.0;0.03152044;-0.01060775;-0.0035223886;0.03152044;-0.029554967;0.00015424425;-5.6624413e-06;0.0;0.0;0.0;0.0;0.0;0.0
1299147665;1298976125;0.0;0.0;0.0;0.0;0.0;0.0;0.0;0.0;0.0;0.0;0.0;0.0;0.0;0.085618496;0.0;0.0;0.0;0.0;0.036324486;-0.0118306605;-0.0035925284;0.036324486;0.013511074;0.06985865;-0.0028133392;0.0;0.0;0.0;0.0;0.0;0.0
1299642527;1299471012;0.0;0.0;0.0;0.0;0.0;0.0;0.0;0.0;0.0;0.0;0.0;0.0;0.0;-0.04463172;0.0;0.0;0.0;0.0;0.038905248;-0.011956046;-0.001912944;0.038905248;0.058976147;0.04011505;-0.0025954843;0.0;0.0;0.0;0.0;0.0;0.0
1300146464;1299974897;0.0;0.0;0.0;0.0;0.0;0.0;0.0;0.0;0.0;0.0;0.0;0.0;0.0;0.13670754;0.0;0.0;0.0;0.0;0.035528034;-0.01285257;-0.0025361925;0.035528034;0.035641145;0.017366264;-0.00081431866;0.0;0.0;0.0;0.0;0.0;0.0
1300641352;1300469783;0.0;0.0;0.0;0.0;0.0;0.0;0.0;0.0;0.0;0.0;0.0;0.0;0.0;0.2474842;0.0;0.0;0.0;0.0;0.036055207;-0.011688083;-0.0019237399;0.036055207;0.035606127;0.04877098;-0.001470685;0.0;0.0;0.0;0.0;0.0;0.0
1301145169;1300973714;0.0;0.0;0.0;0.0;0.0;0.0;0.0;0.0;0.0;0.0;0.0;0.0;0.0;0.0686419;0.0;0.0;0.0;0.0;0.036211476;-0.011921516;-0.0034839585;0.036211476;0.028327513;0.051207338;-0.001152575;0.0;0.0;0.0;0.0;0.0;0.0
1301640096;1301468601;0.0;0.0;0.0;0.0;0.0;0.0;0.0;0.0;0.0;0.0;0.0;0.0;0.0;0.017690659;0.0;0.0;0.0;0.0;0.032682598;-0.01136046;-0.0038369298;0.032682598;0.01951222;0.0062669395;-0.00024539232;0.0;0.0;0.0;0.0;0.0;0.0
1302144066;1301972437;0.0;0.0;0.0;0.0;0.0;0.0;0.0;0.0;0.0;0.0;0.0;0.0;0.0;-0.057115555;0.0;0.0;0.0;0.0;0.039978474;-0.01245612;-0.0025887415;0.039978474;0.010668738;0.00031017885;-0.00012755394;0.0;0.0;0.0;0.0;0.0;0.0
1302647893;1302476321;0.0;0.0;0.0;0.0;0.0;0.0;0.0;0.0;0.0;0.0;0.0;0.0;0.0;-0.008574724;0.0;0.0;0.0;0.0;0.037792727;-0.013606152;-0.0021727085;0.037792727;0.019845406;0.008737804;-0.00019454956;0.0;0.0;0.0;0.0;0.0;0.0
1303142744;1302971207;0.0;0.0;0.0;0.0;0.0;0.0;0.0;0.0;0.0;0.0;0.0;0.0;0.0;-0.14798784;0.0;0.0;0.0;0.0;0.040738165;-0.015885003;-0.002019018;0.040738165;0.04272236;-0.034695707;-0.0017985702;0.0;0.0;0.0;0.0;0.0;0.0
1303646921;1303475091;0.0;0.0;0.0;0.0;0.0;0.0;0.0;0.0;0.0;0.0;0.0;0.0;0.0;0.07172871;0.0;0.0;0.0;0.0;0.035123393;-0.012846045;-0.0021486282;0.035123393;4.4628046e-05;-0.04665858;-0.0008736849;0.0;0.0;0.0;0.0;0.0;0.0
1304141510;1303969976;0.0;0.0;0.0;0.0;0.0;0.0;0.0;0.0;0.0;0.0;0.0;0.0;0.0;0.030300379;0.0;0.0;0.0;0.0;0.035759076;-0.011697409;-0.0033792853;0.035759076;0.05862608;-0.018295843;-0.0015948415;0.0;0.0;0.0;0.0;0.0;0.0
1304645475;1304473860;0.0;0.0;0.0;0.0;0.0;0.0;0.0;0.0;0.0;0.0;0.0;0.0;0.0;-0.022788286;0.0;0.0;0.0;0.0;0.03868738;-0.012999453;-0.0020492524;0.03868738;-0.021588366;-0.045894988;-0.0008932948;0.0;0.0;0.0;0.0;0.0;0.0
1305140560;1304968745;0.0;0.0;0.0;0.0;0.0;0.0;0.0;0.0;0.0;0.0;0.0;0.0;0.0;-0.09136224;0.0;0.0;0.0;0.0;0.03805974;-0.012546261;-0.0034052879;0.03805974;0.04256603;-0.06421245;-0.0028437376;0.0;0.0;0.0;0.0;0.0;0.0
1305644138;1305472675;0.0;0.0;0.0;0.0;0.0;0.0;0.0;0.0;0.0;0.0;0.0;0.0;0.0;-0.04029894;0.0;0.0;0.0;0.0;0.039869457;-0.01326769;-0.0025503486;0.039869457;-0.064754516;0.0124496035;-0.0027052164;0.0;0.0;0.0;0.0;0.0;0.0
1306148194;1305976511;0.0;0.0;0.0;0.0;0.0;0.0;0.0;0.0;0.0;0.0;0.0;0.0;0.0;-0.13677812;0.0;0.0;0.0;0.0;0.03612253;-0.011337629;-0.00389342;0.03612253;0.065131605;-0.004322817;-0.0022857785;0.0;0.0;0.0;0.0;0.0;0.0
1306643124;1306471397;0.0;0.0;0.0;0.0;0.0;0.0;0.0;0.0;0.0;0.0;0.0;0.0;0.0;-0.011479139;0.0;0.0;0.0;0.0;0.037879944;-0.0137725575;-0.0034400746;0.037879944;0.03539183;-0.06579409;-0.0019555092;0.0;0.0;0.0;0.0;0.0;0.0
1307146817;1306975279;0.0;0.0;0.0;0.0;0.0;0.0;0.0;0.0;0.0;0.0;0.0;0.0;0.0;0.077914715;0.0;0.0;0.0;0.0;0.037321493;-0.01387189;-0.0028023869;0.037321493;0.029975384;0.040591843;-0.0008830428;0.0;0.0;0.0;0.0;0.0;0.0
1307641766;1307470164;0.0;0.0;0.0;0.0;0.0;0.0;0.0;0.0;0.0;0.0;0.0;0.0;0.0;-0.09791756;0.0;0.0;0.0;0.0;0.03603697;-0.016709354;-0.0030183792;0.03603697;0.056861438;0.028058683;-0.0020973086;0.0;0.0;0.0;0.0;0.0;0.0
1308145605;1307974046;0.0;0.0;0.0;0.0;0.0;0.0;0.0;0.0;0.0;0.0;0.0;0.0;0.0;-0.056204796;0.0;0.0;0.0;0.0;0.03711161;-0.014493273;-0.0039332807;0.03711161;-0.059430417;0.016799163;-0.0013846755;0.0;0.0;0.0;0.0;0.0;0.0
1308640433;1308468931;0.0;0.0;0.0;0.0;0.0;0.0;0.0;0.0;0.0;0.0;0.0;0.0;0.0;-0.0752089;0.0;0.0;0.0;0.0;0.036577314;-0.013480481;-0.0031204298;0.036577314;-0.051956084;-0.021793619;-0.001671493;0.0;0.0;0.0;0.0;0.0;0.0
1309144481;1308972813;0.0;0.0;0.0;0.0;0.0;0.0;0.0;0.0;0.0;0.0;0.0;0.0;0.0;0.038125277;0.0;0.0;0.0;0.0;0.038594782;-0.013468853;-0.0041153207;0.038594782;0.0665796;0.007009755;-0.0014431477;0.0;0.0;0.0;0.0;0.0;0.0
1309648221;1309476743;0.0;0.0;0.0;0.0;0.0;0.0;0.0;0.0;0.0;0.0;0.0;0.0;0.0;0.11795306;0.0;0.0;0.0;0.0;0.03829363;-0.014667645;-0.0025819093;0.03829363;-0.019478925;0.055741303;-0.0009364486;0.0;0.0;0.0;0.0;0.0;0.0
1310143319;1309971627;0.0;0.0;0.0;0.0;0.0;0.0;0.0;0.0;0.0;0.0;0.0;0.0;0.0;0.046525717;0.0;0.0;0.0;0.0;0.03949696;-0.016574651;-0.0030011088;0.03949696;0.03396672;-0.034638576;-0.0014625788;0.0;0.0;0.0;0.0;0.0;0.0
1310647093;1310475462;0.0;0.0;0.0;0.0;0.0;0.0;0.0;0.0;0.0;0.0;0.0;0.0;0.0;-0.23116946;0.0;0.0;0.0;0.0;0.040269345;-0.014699026;-0.0029565245;0.040269345;0.009880935;-0.027125506;-0.00019150972;0.0;0.0;0.0;0.0;0.0;0.0
1311142026;1310970345;0.0;0.0;0.0;0.0;0.0;0.0;0.0;0.0;0.0;0.0;0.0;0.0;0.0;-0.09532499;0.0;0.0;0.0;0.0;0.03641182;-0.014614678;-0.0048735663;0.03641182;-0.044384062;0.062338572;-0.0032116175;0.0;0.0;0.0;0.0;0.0;0.0
1311645799;1311474227;0.0;0.0;0.0;0.0;0.0;0.0;0.0;0.0;0.0;0.0;0.0;0.0;0.0;-0.19398952;0.0;0.0;0.0;0.0;0.04323858;-0.013364896;-0.0028620213;0.04323858;-0.010813516;0.050070968;-0.002624631;0.0;0.0;0.0;0.0;0.0;0.0
1312140714;1311969111;0.0;0.0;0.0;0.0;0.0;0.0;0.0;0.0;0.0;0.0;0.0;0.0;0.0;-0.23569465;0.0;0.0;0.0;0.0;0.041952133;-0.016017828;-0.0031799898;0.041952133;-0.058824316;0.013004543;-0.0012142658;0.0;0.0;0.0;0.0;0.0;0.0
1312644579;1312472993;0.0;0.0;0.0;0.0;0.0;0.0;0.0;0.0;0.0;0.0;0.0;0.0;0.0;0.0370543;0.0;0.0;0.0;0.0;0.03702812;-0.014910214;-0.0029061437;0.03702812;-0.07361082;-0.0033642566;-0.0036839843;0.0;0.0;0.0;0.0;0.0;0.0
1313148437;1312976874;0.0;0.0;0.0;0.0;0.0;0.0;0.0;0.0;0.0;0.0;0.0;0.0;0.0;-0.256248;0.0;0.0;0.0;0.0;0.03549157;-0.01359892;-0.0050772876;0.03549157;-0.028649967;0.074827224;-0.0024260283;0.0;0.0;0.0;0.0;0.0;0.0
1313643323;1313471757;0.0;0.0;0.0;0.0;0.0;0.0;0.0;0.0;0.0;0.0;0.0;0.0;0.0;-0.09454608;0.0;0.0;0.0;0.0;0.0372923;-0.01153233;-0.005693324;0.0372923;0.034830663;0.0102779195;-0.0009458065;0.0;0.0;0.0;0.0;0.0;0.0
1314147135;1313975685;0.0;0.0;0.0;0.0;0.0;0.0;0.0;0.0;0.0;0.0;0.0;0.0;0.0;0.14675951;0.0;0.0;0.0;0.0;0.041726246;-0.014538679;-0.0041349977;0.041726246;-0.030134724;-0.014931769;-0.00020319223;0.0;0.0;0.0;0.0;0.0;0.0
1314642125;1314470568;0.0;0.0;0.0;0.0;0.0;0.0;0.0;0.0;0.0;0.0;0.0;0.0;0.0;-0.26908875;0.0;0.0;0.0;0.0;0.037502527;-0.016934276;-0.0022404194;0.037502527;-0.0033877278;-0.0009672796;-6.67572e-06;0.0;0.0;0.0;0.0;0.0;0.0
1315146079;1314974402;0.0;0.0;0.0;0.0;0.0;0.0;0.0;0.0;0.0;0.0;0.0;0.0;0.0;-0.08628988;0.0;0.0;0.0;0.0;0.035452902;-0.012101247;-0.004560992;0.035452902;-0.084778965;-0.011594266;-0.0045336485;0.0;0.0;0.0;0.0;0.0;0.0
1315640962;1315469285;0.0;0.0;0.0;0.0;0.0;0.0;0.0;0.0;0.0;0.0;0.0;0.0;0.0;-0.16385365;0.0;0.0;0.0;0.0;0.037550524;-0.014085858;-0.0023149475;0.037550524;0.07177564;-0.04381095;-0.0041837096;0.0;0.0;0.0;0.0;0.0;0.0
1316144711;1315973165;0.0;0.0;0.0;0.0;0.0;0.0;0.0;0.0;0.0;0.0;0.0;0.0;0.0;-0.18045163;0.0;0.0;0.0;0.0;0.035642505;-0.015310746;-0.004370697;0.035642505;-0.1317497;0.03539697;-0.011568487;0.0;0.0;0.0;0.0;0.0;0.0
1316639618;1316468048;0.0;0.0;0.0;0.0;0.0;0.0;0.0;0.0;0.0;0.0;0.0;0.0;0.0;-0.20459723;0.0;0.0;0.0;0.0;0.033455506;-0.014572196;-0.004107587;0.033455506;-0.0034904773;-0.03470742;-0.0010110736;0.0;0.0;0.0;0.0;0.0;0.0
1317143455;1316971929;0.0;0.0;0.0;0.0;0.0;0.0;0.0;0.0;0.0;0.0;0.0;0.0;0.0;-0.05861473;0.0;0.0;0.0;0.0;0.03670764;-0.014775997;-0.003805302;0.03670764;-0.08490839;0.015520771;-0.0035579205;0.0;0.0;0.0;0.0;0.0;0.0
1317647422;1317475809;0.0;0.0;0.0;0.0;0.0;0.0;0.0;0.0;0.0;0.0;0.0;0.0;0.0;-0.30464768;0.0;0.0;0.0;0.0;0.036628738;-0.014730628;-0.0044810995;0.036628738;-7.904973e-05;-0.03651663;-0.0006928444;0.0;0.0;0.0;0.0;0.0;0.0
1318142530;1317970691;0.0;0.0;0.0;0.0;0.0;0.0;0.0;0.0;0.0;0.0;0.0;0.0;0.0;-0.11552048;0.0;0.0;0.0;0.0;0.035061494;-0.0146600185;-0.0036855862;0.035061494;0.018352449;-0.010021858;-0.0003157854;0.0;0.0;0.0;0.0;0.0;0.0
1318646074;1318474618;0.0;0.0;0.0;0.0;0.0;0.0;0.0;0.0;0.0;0.0;0.0;0.0;0.0;-0.06700182;0.0;0.0;0.0;0.0;0.038072184;-0.014841186;-0.0047759265;0.038072184;-0.010263517;0.034841955;-0.0006234646;0.0;0.0;0.0;0.0;0.0;0.0
1319140965;1318969500;0.0;0.0;0.0;0.0;0.0;0.0;0.0;0.0;0.0;0.0;0.0;0.0;0.0;0.16351748;0.0;0.0;0.0;0.0;0.034632668;-0.01615883;-0.005299017;0.034632668;0.026962327;-0.0128527945;-0.00031620264;0.0;0.0;0.0;0.0;0.0;0.0
1319644955;1319473333;0.0;0.0;0.0;0.0;0.0;0.0;0.0;0.0;0.0;0.0;0.0;0.0;0.0;-0.06827164;0.0;0.0;0.0;0.0;0.037304178;-0.014593077;-0.0051123723;0.037304178;-0.0038803008;-0.04492989;-0.0005071163;0.0;0.0;0.0;0.0;0.0;0.0
1320139896;1319968214;0.0;0.0;0.0;0.0;0.0;0.0;0.0;0.0;0.0;0.0;0.0;0.0;0.0;0.10182381;0.0;0.0;0.0;0.0;0.036529124;-0.014339763;-0.0051171333;0.036529124;-0.020568866;-0.04850319;-0.0009175539;0.0;0.0;0.0;0.0;0.0;0.0
1320643693;1320472094;0.0;0.0;0.0;0.0;0.0;0.0;0.0;0.0;0.0;0.0;0.0;0.0;0.0;-0.18881893;0.0;0.0;0.0;0.0;0.03926985;-0.017689768;-0.0035444498;0.03926985;0.033780675;-0.015826827;-0.0009949803;0.0;0.0;0.0;0.0;0.0;0.0
1321147462;1320975973;0.0;0.0;0.0;0.0;0.0;0.0;0.0;0.0;0.0;0.0;0.0;0.0;0.0;0.025200844;0.0;0.0;0.0;0.0;0.03829302;-0.014222347;-0.0033847392;0.03829302;0.01449187;-0.052624993;-0.0018914938;0.0;0.0;0.0;0.0;0.0;0.0
1321643963;1321470855;0.0;0.0;0.0;0.0;0.0;0.0;0.0;0.0;0.0;0.0;0.0;0.0;0.0;-0.17042637;0.0;0.0;0.0;0.0;0.036766604;-0.014925235;-0.0072006434;0.036766604;0.0054766107;0.0072487053;-0.00018274784;0.0;0.0;0.0;0.0;0.0;0.0
1322146303;1321974733;0.0;0.0;0.0;0.0;0.0;0.0;0.0;0.0;0.0;0.0;0.0;0.0;0.0;-0.0418427;0.0;0.0;0.0;0.0;0.03822899;-0.014400498;-0.0037635788;0.03822899;-0.03840369;0.040992618;-0.0024138093;0.0;0.0;0.0;0.0;0.0;0.0
1322641267;1322469615;0.0;0.0;0.0;0.0;0.0;0.0;0.0;0.0;0.0;0.0;0.0;0.0;0.0;0.06204915;0.0;0.0;0.0;0.0;0.0366327;-0.01390558;-0.00638856;0.0366327;0.026872024;-0.0012142994;-0.00033587217;0.0;0.0;0.0;0.0;0.0;0.0
1323145273;1322973541;0.0;0.0;0.0;0.0;0.0;0.0;0.0;0.0;0.0;0.0;0.0;0.0;0.0;-0.04881358;0.0;0.0;0.0;0.0;0.036215812;-0.01474913;-0.005312696;0.036215812;-0.039184544;-0.006097274;-0.00050520897;0.0;0.0;0.0;0.0;0.0;0.0
1323639910;1323468422;0.0;0.0;0.0;0.0;0.0;0.0;0.0;0.0;0.0;0.0;0.0;0.0;0.0;-0.21592021;0.0;0.0;0.0;0.0;0.040152952;-0.014622277;-0.005978033;0.040152952;-0.052960377;0.0017406838;-0.0012940168;0.0;0.0;0.0;0.0;0.0;0.0
1324143871;1323972253;0.0;0.0;0.0;0.0;0.0;0.0;0.0;0.0;0.0;0.0;0.0;0.0;0.0;-0.2889657;0.0;0.0;0.0;0.0;0.036332533;-0.0140140625;-0.0037130862;0.036332533;-0.08880052;0.049766492;-0.0047973394;0.0;0.0;0.0;0.0;0.0;0.0
1324647660;1324476131;0.0;0.0;0.0;0.0;0.0;0.0;0.0;0.0;0.0;0.0;0.0;0.0;0.0;-0.13935184;0.0;0.0;0.0;0.0;0.03753057;-0.014146769;-0.0012279525;0.03753057;0.055751488;0.005159364;-0.0013184547;0.0;0.0;0.0;0.0;0.0;0.0
1325142550;1324971012;0.0;0.0;0.0;0.0;0.0;0.0;0.0;0.0;0.0;0.0;0.0;0.0;0.0;-0.015394449;0.0;0.0;0.0;0.0;0.033791527;-0.014877204;-0.004196301;0.033791527;0.018338136;-0.021746958;5.352497e-05;0.0;0.0;0.0;0.0;0.0;0.0
1325646459;1325474890;0.0;0.0;0.0;0.0;0.0;0.0;0.0;0.0;0.0;0.0;0.0;0.0;0.0;-0.05743003;0.0;0.0;0.0;0.0;0.034581125;-0.013331747;-0.004794687;0.034581125;0.008782452;-0.018854614;-0.00015813112;0.0;0.0;0.0;0.0;0.0;0.0
1326141305;1325969770;0.0;0.0;0.0;0.0;0.0;0.0;0.0;0.0;0.0;0.0;0.0;0.0;0.0;-0.09683013;0.0;0.0;0.0;0.0;0.034694344;-0.014650939;-0.006360784;0.034694344;-0.0002673706;-0.0001834631;2.026558e-06;0.0;0.0;0.0;0.0;0.0;0.0
1326645245;1326473648;0.0;0.0;0.0;0.0;0.0;0.0;0.0;0.0;0.0;0.0;0.0;0.0;0.0;0.038945675;0.0;0.0;0.0;0.0;0.04054667;-0.014948421;-0.0030837506;0.04054667;-0.0038398989;-0.047420744;-0.0019112229;0.0;0.0;0.0;0.0;0.0;0.0
1327140099;1326968528;0.0;0.0;0.0;0.0;0.0;0.0;0.0;0.0;0.0;0.0;0.0;0.0;0.0;0.08109522;0.0;0.0;0.0;0.0;0.037023485;-0.013920116;-0.0037031695;0.037023485;-0.05656772;0.00028532278;-0.0019660592;0.0;0.0;0.0;0.0;0.0;0.0
1327643919;1327472453;0.0;0.0;0.0;0.0;0.0;0.0;0.0;0.0;0.0;0.0;0.0;0.0;0.0;0.16202211;0.0;0.0;0.0;0.0;0.03262031;-0.015497487;-0.004896082;0.03262031;0.05375195;-0.015025286;-0.0007391572;0.0;0.0;0.0;0.0;0.0;0.0
1328147936;1327976284;0.0;0.0;0.0;0.0;0.0;0.0;0.0;0.0;0.0;0.0;0.0;0.0;0.0;0.02878809;0.0;0.0;0.0;0.0;0.03591065;-0.013938066;-0.0047126487;0.03591065;-0.02023282;-0.058391366;-0.0020139217;0.0;0.0;0.0;0.0;0.0;0.0
1328642836;1328471163;0.0;0.0;0.0;0.0;0.0;0.0;0.0;0.0;0.0;0.0;0.0;0.0;0.0;0.04866934;0.0;0.0;0.0;0.0;0.036768556;-0.015473792;-0.0033342317;0.036768556;-0.026271163;-0.003752838;-0.00047403574;0.0;0.0;0.0;0.0;0.0;0.0
1329146596;1328975041;0.0;0.0;0.0;0.0;0.0;0.0;0.0;0.0;0.0;0.0;0.0;0.0;0.0;-0.13936877;0.0;0.0;0.0;0.0;0.035193145;-0.01585875;-0.004879348;0.035193145;-0.05637551;0.0046588387;-0.002390027;0.0;0.0;0.0;0.0;0.0;0.0
1329641584;1329469920;0.0;0.0;0.0;0.0;0.0;0.0;0.0;0.0;0.0;0.0;0.0;0.0;0.0;-0.09280491;0.0;0.0;0.0;0.0;0.03275481;-0.017601091;-0.00452365;0.03275481;0.028081771;-0.027943965;-0.00048053265;0.0;0.0;0.0;0.0;0.0;0.0
1330145292;1329973797;0.0;0.0;0.0;0.0;0.0;0.0;0.0;0.0;0.0;0.0;0.0;0.0;0.0;-0.06654215;0.0;0.0;0.0;0.0;0.037212;-0.015287129;-0.0048450828;0.037212;-0.0033331576;-0.07558456;-0.0023818612;0.0;0.0;0.0;0.0;0.0;0.0
1330640262;1330468676;0.0;0.0;0.0;0.0;0.0;0.0;0.0;0.0;0.0;0.0;0.0;0.0;0.0;0.06608105;0.0;0.0;0.0;0.0;0.033813745;-0.018057141;-0.006227143;0.033813745;-0.04024625;-0.023814619;-0.0010929108;0.0;0.0;0.0;0.0;0.0;0.0
1331144457;1330972553;0.0;0.0;0.0;0.0;0.0;0.0;0.0;0.0;0.0;0.0;0.0;0.0;0.0;0.14262557;0.0;0.0;0.0;0.0;0.038509488;-0.014948627;-0.006901458;0.038509488;-0.001243013;0.006302815;-4.3928623e-05;0.0;0.0;0.0;0.0;0.0;0.0
1331647974;1331476477;0.0;0.0;0.0;0.0;0.0;0.0;0.0;0.0;0.0;0.0;0.0;0.0;0.0;0.30336237;0.0;0.0;0.0;0.0;0.038256258;-0.015534611;-0.0048837364;0.038256258;0.0124772005;-0.08281735;-0.00449723;0.0;0.0;0.0;0.0;0.0;0.0
1332142848;1331971356;0.0;0.0;0.0;0.0;0.0;0.0;0.0;0.0;0.0;0.0;0.0;0.0;0.0;0.112449884;0.0;0.0;0.0;0.0;0.039424166;-0.017291997;-0.0061686933;0.039424166;0.016474202;-0.06155116;-0.0021266341;0.0;0.0;0.0;0.0;0.0;0.0
1332646890;1332475185;0.0;0.0;0.0;0.0;0.0;0.0;0.0;0.0;0.0;0.0;0.0;0.0;0.0;-0.0061411858;0.0;0.0;0.0;0.0;0.03766094;-0.01602578;-0.0056196824;0.03766094;0.0051502427;0.03517407;-0.0008161068;0.0;0.0;0.0;0.0;0.0;0.0
1333141676;1332970064;0.0;0.0;0.0;0.0;0.0;0.0;0.0;0.0;0.0;0.0;0.0;0.0;0.0;-0.0664618;0.0;0.0;0.0;0.0;0.0371432;-0.015398956;-0.005119048;0.0371432;0.046636954;-0.018156175;-0.00105685;0.0;0.0;0.0;0.0;0.0;0.0
1333645482;1333473940;0.0;0.0;0.0;0.0;0.0;0.0;0.0;0.0;0.0;0.0;0.0;0.0;0.0;-0.26210284;0.0;0.0;0.0;0.0;0.037009433;-0.01661931;-0.0040006563;0.037009433;0.024801733;0.052166827;-0.0016114116;0.0;0.0;0.0;0.0;0.0;0.0
1334140454;1333968818;0.0;0.0;0.0;0.0;0.0;0.0;0.0;0.0;0.0;0.0;0.0;0.0;0.0;-0.24974012;0.0;0.0;0.0;0.0;0.037457883;-0.015220745;-0.00505957;0.037457883;0.004563475;0.012042131;-9.417534e-05;0.0;0.0;0.0;0.0;0.0;0.0
1334644251;1334472694;0.0;0.0;0.0;0.0;0.0;0.0;0.0;0.0;0.0;0.0;0.0;0.0;0.0;-0.04706645;0.0;0.0;0.0;0.0;0.031157568;-0.014604072;-0.0025722831;0.031157568;0.047807753;0.0008836647;-0.00039941072;0.0;0.0;0.0;0.0;0.0;0.0
1335148130;1334976570;0.0;0.0;0.0;0.0;0.0;0.0;0.0;0.0;0.0;0.0;0.0;0.0;0.0;-0.13445401;0.0;0.0;0.0;0.0;0.03293349;-0.013569622;-0.004245065;0.03293349;-0.010408264;0.02953833;-0.00045859814;0.0;0.0;0.0;0.0;0.0;0.0
1335643025;1335471448;0.0;0.0;0.0;0.0;0.0;0.0;0.0;0.0;0.0;0.0;0.0;0.0;0.0;-0.17090106;0.0;0.0;0.0;0.0;0.031012774;-0.015142107;-0.0027576238;0.031012774;-0.032061692;-0.065958224;-0.0038281083;0.0;0.0;0.0;0.0;0.0;0.0
1336147141;1335975371;0.0;0.0;0.0;0.0;0.0;0.0;0.0;0.0;0.0;0.0;0.0;0.0;0.0;0.08731842;0.0;0.0;0.0;0.0;0.030626073;-0.015948173;-0.0037045553;0.030626073;-0.06864511;-0.024051439;-0.00323838;0.0;0.0;0.0;0.0;0.0;0.0
1336641697;1336470249;0.0;0.0;0.0;0.0;0.0;0.0;0.0;0.0;0.0;0.0;0.0;0.0;0.0;-0.01139164;0.0;0.0;0.0;0.0;0.03363423;-0.01562754;-0.005881414;0.03363423;0.021590717;0.088875875;-0.005164802;0.0;0.0;0.0;0.0;0.0;0.0
1337145707;1336974077;0.0;0.0;0.0;0.0;0.0;0.0;0.0;0.0;0.0;0.0;0.0;0.0;0.0;0.14152122;0.0;0.0;0.0;0.0;0.030992389;-0.014050621;-0.0045472234;0.030992389;-0.03295426;-0.0006163493;2.6285648e-05;0.0;0.0;0.0;0.0;0.0;0.0
1337640855;1337468955;0.0;0.0;0.0;0.0;0.0;0.0;0.0;0.0;0.0;0.0;0.0;0.0;0.0;-0.045677423;0.0;0.0;0.0;0.0;0.027792543;-0.014243374;-0.0042221695;0.027792543;0.010711296;-0.06498702;-0.0020774603;0.0;0.0;0.0;0.0;0.0;0.0
1338144394;1337972830;0.0;0.0;0.0;0.0;0.0;0.0;0.0;0.0;0.0;0.0;0.0;0.0;0.0;0.11977148;0.0;0.0;0.0;0.0;0.025847137;-0.012052637;-0.005665414;0.025847137;-0.041202586;0.011332616;-0.0012259483;0.0;0.0;0.0;0.0;0.0;0.0
1338648269;1338476705;0.0;0.0;0.0;0.0;0.0;0.0;0.0;0.0;0.0;0.0;0.0;0.0;0.0;0.24024487;0.0;0.0;0.0;0.0;0.029974699;-0.013412746;-0.0044587553;0.029974699;-0.051749155;0.011405073;-0.00096702576;0.0;0.0;0.0;0.0;0.0;0.0
1339143114;1338971582;0.0;0.0;0.0;0.0;0.0;0.0;0.0;0.0;0.0;0.0;0.0;0.0;0.0;-0.021265268;0.0;0.0;0.0;0.0;0.028004393;-0.013623748;-0.0031635761;0.028004393;-0.054545045;-0.049073286;-0.003807664;0.0;0.0;0.0;0.0;0.0;0.0
1339638060;1339466459;0.0;0.0;0.0;0.0;0.0;0.0;0.0;0.0;0.0;0.0;0.0;0.0;0.0;0.065847635;0.0;0.0;0.0;0.0;0.027537033;-0.015614018;-0.003422469;0.027537033;0.033676483;-0.007335569;-0.0006673932;0.0;0.0;0.0;0.0;0.0;0.0
1340141936;1339970334;0.0;0.0;0.0;0.0;0.0;0.0;0.0;0.0;0.0;0.0;0.0;0.0;0.0;0.00010728836;0.0;0.0;0.0;0.0;0.033658877;-0.0148586435;-0.0034951568;0.033658877;-0.021146916;-0.019081138;-0.0002015233;0.0;0.0;0.0;0.0;0.0;0.0
1340645703;1340474255;0.0;0.0;0.0;0.0;0.0;0.0;0.0;0.0;0.0;0.0;0.0;0.0;0.0;-0.09988165;0.0;0.0;0.0;0.0;0.030762047;-0.014708217;-0.004734099;0.030762047;0.05458503;-0.023748007;-0.0022075176;0.0;0.0;0.0;0.0;0.0;0.0
1341140643;1340969132;0.0;0.0;0.0;0.0;0.0;0.0;0.0;0.0;0.0;0.0;0.0;0.0;0.0;-0.018043518;0.0;0.0;0.0;0.0;0.032928303;-0.014337857;-0.0041051432;0.032928303;-0.017483933;-0.025290266;-0.00028687716;0.0;0.0;0.0;0.0;0.0;0.0
1341644561;1341472960;0.0;0.0;0.0;0.0;0.0;0.0;0.0;0.0;0.0;0.0;0.0;0.0;0.0;0.37926507;0.0;0.0;0.0;0.0;0.03635168;-0.0158746;-0.004069723;0.03635168;-0.008973885;-0.011413513;7.748604e-07;0.0;0.0;0.0;0.0;0.0;0.0
1342148415;1341976834;0.0;0.0;0.0;0.0;0.0;0.0;0.0;0.0;0.0;0.0;0.0;0.0;0.0;0.2205286;0.0;0.0;0.0;0.0;0.037446186;-0.016874932;-0.0024048463;0.037446186;-0.091088735;0.027865859;-0.004151404;0.0;0.0;0.0;0.0;0.0;0.0
1342643529;1342471710;0.0;0.0;0.0;0.0;0.0;0.0;0.0;0.0;0.0;0.0;0.0;0.0;0.0;-0.17644763;0.0;0.0;0.0;0.0;0.0337476;-0.015714355;-0.0036315545;0.0337476;0.016795944;-0.020032663;-0.0005996227;0.0;0.0;0.0;0.0;0.0;0.0
1343138174;1342966587;0.0;0.0;0.0;0.0;0.0;0.0;0.0;0.0;0.0;0.0;0.0;0.0;0.0;0.022176504;0.0;0.0;0.0;0.0;0.030860499;-0.013981307;-0.0030928478;0.030860499;0.014904799;-0.049580194;-0.0016568899;0.0;0.0;0.0;0.0;0.0;0.0
1343642034;1343470461;0.0;0.0;0.0;0.0;0.0;0.0;0.0;0.0;0.0;0.0;0.0;0.0;0.0;0.14659357;0.0;0.0;0.0;0.0;0.033700705;-0.014491129;-0.0055213943;0.033700705;-0.025207583;-0.024845747;-0.00033074617;0.0;0.0;0.0;0.0;0.0;0.0
1344146159;1343974334;0.0;0.0;0.0;0.0;0.0;0.0;0.0;0.0;0.0;0.0;0.0;0.0;0.0;0.011770248;0.0;0.0;0.0;0.0;0.032490954;-0.014887624;-0.0027545765;0.032490954;0.019030519;-0.036220446;-0.0017099977;0.0;0.0;0.0;0.0;0.0;0.0
1344640796;1344469210;0.0;0.0;0.0;0.0;0.0;0.0;0.0;0.0;0.0;0.0;0.0;0.0;0.0;-0.067385435;0.0;0.0;0.0;0.0;0.029622406;-0.015205215;-0.004152015;0.029622406;-0.03766826;0.03154887;-0.0012970567;0.0;0.0;0.0;0.0;0.0;0.0
1345144626;1344973131;0.0;0.0;0.0;0.0;0.0;0.0;0.0;0.0;0.0;0.0;0.0;0.0;0.0;-0.0037744045;0.0;0.0;0.0;0.0;0.029827878;-0.017269155;-0.005767986;0.029827878;0.025116444;0.006545847;-0.0005580187;0.0;0.0;0.0;0.0;0.0;0.0
1345639749;1345468007;0.0;0.0;0.0;0.0;0.0;0.0;0.0;0.0;0.0;0.0;0.0;0.0;0.0;-0.096558094;0.0;0.0;0.0;0.0;0.033043087;-0.014879333;-0.0035711825;0.033043087;0.0045779943;0.025222287;-0.00044858456;0.0;0.0;0.0;0.0;0.0;0.0
1346143512;1345971833;0.0;0.0;0.0;0.0;0.0;0.0;0.0;0.0;0.0;0.0;0.0;0.0;0.0;-0.033228397;0.0;0.0;0.0;0.0;0.03467299;-0.014364773;-0.003723964;0.03467299;-0.041624993;-0.028504126;-0.0010303855;0.0;0.0;0.0;0.0;0.0;0.0
1346638324;1346466709;0.0;0.0;0.0;0.0;0.0;0.0;0.0;0.0;0.0;0.0;0.0;0.0;0.0;0.15538788;0.0;0.0;0.0;0.0;0.036498323;-0.0154918125;-0.0026890486;0.036498323;-0.06339279;0.012743451;-0.0024079084;0.0;0.0;0.0;0.0;0.0;0.0
1347142150;1346970582;0.0;0.0;0.0;0.0;0.0;0.0;0.0;0.0;0.0;0.0;0.0;0.0;0.0;0.056144476;0.0;0.0;0.0;0.0;0.03546782;-0.01563605;-0.004383385;0.03546782;0.06535816;-0.027979359;-0.0032079816;0.0;0.0;0.0;0.0;0.0;0.0
1347645997;1347474455;0.0;0.0;0.0;0.0;0.0;0.0;0.0;0.0;0.0;0.0;0.0;0.0;0.0;0.092237234;0.0;0.0;0.0;0.0;0.03216675;-0.015061713;-0.004366368;0.03216675;-0.012559205;-0.026502073;-0.00021576881;0.0;0.0;0.0;0.0;0.0;0.0
1348140856;1347969330;0.0;0.0;0.0;0.0;0.0;0.0;0.0;0.0;0.0;0.0;0.0;0.0;0.0;0.07320142;0.0;0.0;0.0;0.0;0.034400478;-0.014552606;-0.0044457465;0.034400478;-0.014227981;0.014320001;-0.000284791;0.0;0.0;0.0;0.0;0.0;0.0
1348644815;1348473203;0.0;0.0;0.0;0.0;0.0;0.0;0.0;0.0;0.0;0.0;0.0;0.0;0.0;0.1335628;0.0;0.0;0.0;0.0;0.033282027;-0.014871651;-0.0038976446;0.033282027;0.02246696;0.0012935734;-0.00014662743;0.0;0.0;0.0;0.0;0.0;0.0
1349148926;1348977123;0.0;0.0;0.0;0.0;0.0;0.0;0.0;0.0;0.0;0.0;0.0;0.0;0.0;0.15304923;0.0;0.0;0.0;0.0;0.032417983;-0.0143559445;-0.0024048537;0.032417983;-0.12074721;0.02083792;-0.007167101;0.0;0.0;0.0;0.0;0.0;0.0
1349643475;1349471998;0.0;0.0;0.0;0.0;0.0;0.0;0.0;0.0;0.0;0.0;0.0;0.0;0.0;0.15008569;0.0;0.0;0.0;0.0;0.02880986;-0.014339927;-0.0038329735;0.02880986;-0.01576544;-0.09146645;-0.0050655603;0.0;0.0;0.0;0.0;0.0;0.0
1350138317;1349966873;0.0;0.0;0.0;0.0;0.0;0.0;0.0;0.0;0.0;0.0;0.0;0.0;0.0;0.2802992;0.0;0.0;0.0;0.0;0.028779924;-0.0144827105;-0.0039230958;0.028779924;-0.03787055;0.034830213;-0.0010823607;0.0;0.0;0.0;0.0;0.0;0.0
1350642677;1350470698;0.0;0.0;0.0;0.0;0.0;0.0;0.0;0.0;0.0;0.0;0.0;0.0;0.0;0.15078163;0.0;0.0;0.0;0.0;0.027782023;-0.01585455;-0.006005697;0.027782023;0.0013685767;-0.02208683;-6.7055225e-05;0.0;0.0;0.0;0.0;0.0;0.0
1351146182;1350974570;0.0;0.0;0.0;0.0;0.0;0.0;0.0;0.0;0.0;0.0;0.0;0.0;0.0;0.0011746883;0.0;0.0;0.0;0.0;0.026989281;-0.010302605;-0.0042750984;0.026989281;0.0789339;-0.059004784;-0.003588438;0.0;0.0;0.0;0.0;0.0;0.0
1351641021;1351469445;0.0;0.0;0.0;0.0;0.0;0.0;0.0;0.0;0.0;0.0;0.0;0.0;0.0;-0.14083791;0.0;0.0;0.0;0.0;0.029018834;-0.013489936;-0.0036644787;0.029018834;-0.017600605;0.09508389;-0.005428016;0.0;0.0;0.0;0.0;0.0;0.0
1352144849;1351973318;0.0;0.0;0.0;0.0;0.0;0.0;0.0;0.0;0.0;0.0;0.0;0.0;0.0;0.19707417;0.0;0.0;0.0;0.0;0.024345726;-0.013622407;-0.004279569;0.024345726;-0.027994046;0.02553774;-0.00067329407;0.0;0.0;0.0;0.0;0.0;0.0
1352648871;1352477189;0.0;0.0;0.0;0.0;0.0;0.0;0.0;0.0;0.0;0.0;0.0;0.0;0.0;0.19543314;0.0;0.0;0.0;0.0;0.02401869;-0.010739248;-0.0058902204;0.02401869;-0.020603508;-0.03312683;-0.00059759617;0.0;0.0;0.0;0.0;0.0;0.0
1353143635;1352972063;0.0;0.0;0.0;0.0;0.0;0.0;0.0;0.0;0.0;0.0;0.0;0.0;0.0;0.21419406;0.0;0.0;0.0;0.0;0.032770336;-0.014168681;-0.0039068907;0.032770336;-0.010968332;0.0072281947;-9.036064e-05;0.0;0.0;0.0;0.0;0.0;0.0
1353638537;1353466937;0.0;0.0;0.0;0.0;0.0;0.0;0.0;0.0;0.0;0.0;0.0;0.0;0.0;0.0750258;0.0;0.0;0.0;0.0;0.02780813;-0.014933122;-0.0037246123;0.02780813;-0.026532523;0.068162754;-0.0020130873;0.0;0.0;0.0;0.0;0.0;0.0
1354142340;1353970856;0.0;0.0;0.0;0.0;0.0;0.0;0.0;0.0;0.0;0.0;0.0;0.0;0.0;0.20583892;0.0;0.0;0.0;0.0;0.032509714;-0.0144741945;-0.0029048622;0.032509714;0.009485008;-0.056382257;-0.0018754601;0.0;0.0;0.0;0.0;0.0;0.0
1354646259;1354474680;0.0;0.0;0.0;0.0;0.0;0.0;0.0;0.0;0.0;0.0;0.0;0.0;0.0;0.028128386;0.0;0.0;0.0;0.0;0.0301691;-0.014895003;-0.0041967556;0.0301691;0.04465148;-0.006181745;-0.001272738;0.0;0.0;0.0;0.0;0.0;0.0
1355141155;1354969554;0.0;0.0;0.0;0.0;0.0;0.0;0.0;0.0;0.0;0.0;0.0;0.0;0.0;-0.17818475;0.0;0.0;0.0;0.0;0.0324443;-0.015805202;-0.0040610433;0.0324443;-0.016579244;-0.030044332;-0.000246346;0.0;0.0;0.0;0.0;0.0;0.0
1355645205;1355473425;0.0;0.0;0.0;0.0;0.0;0.0;0.0;0.0;0.0;0.0;0.0;0.0;0.0;-0.17202163;0.0;0.0;0.0;0.0;0.033751905;-0.013733513;-0.0026091859;0.033751905;0.07562606;0.018472988;-0.0038625002;0.0;0.0;0.0;0.0;0.0;0.0
1356148805;1355977296;0.0;0.0;0.0;0.0;0.0;0.0;0.0;0.0;0.0;0.0;0.0;0.0;0.0;0.23879337;0.0;0.0;0.0;0.0;0.03123872;-0.013686644;-0.0039481893;0.03123872;-0.02211036;0.037489794;-0.0017538071;0.0;0.0;0.0;0.0;0.0;0.0
1356643729;1356472170;0.0;0.0;0.0;0.0;0.0;0.0;0.0;0.0;0.0;0.0;0.0;0.0;0.0;0.08480692;0.0;0.0;0.0;0.0;0.031150103;-0.013198105;-0.0031651407;0.031150103;0.010929744;0.006817201;-6.4373016e-05;0.0;0.0;0.0;0.0;0.0;0.0
1357138880;1356967043;0.0;0.0;0.0;0.0;0.0;0.0;0.0;0.0;0.0;0.0;0.0;0.0;0.0;0.11876321;0.0;0.0;0.0;0.0;0.030346349;-0.014050245;-0.003720753;0.030346349;0.04910195;0.047413375;-0.0019490719;0.0;0.0;0.0;0.0;0.0;0.0
1357642532;1357470914;0.0;0.0;0.0;0.0;0.0;0.0;0.0;0.0;0.0;0.0;0.0;0.0;0.0;-0.014155626;0.0;0.0;0.0;0.0;0.028857976;-0.013886705;-0.0042152554;0.028857976;-0.058691867;0.04580199;-0.0026324987;0.0;0.0;0.0;0.0;0.0;0.0
1358146297;1357974832;0.0;0.0;0.0;0.0;0.0;0.0;0.0;0.0;0.0;0.0;0.0;0.0;0.0;0.13751769;0.0;0.0;0.0;0.0;0.026211575;-0.012440008;-0.0025639385;0.026211575;-1.6409671e-05;0.0412448;-0.00086057186;0.0;0.0;0.0;0.0;0.0;0.0
1358641160;1358469705;0.0;0.0;0.0;0.0;0.0;0.0;0.0;0.0;0.0;0.0;0.0;0.0;0.0;0.06875229;0.0;0.0;0.0;0.0;0.028862953;-0.014441539;-0.00314942;0.028862953;-0.0103279855;8.7870285e-06;-6.365776e-05;0.0;0.0;0.0;0.0;0.0;0.0
1359145166;1358973528;0.0;0.0;0.0;0.0;0.0;0.0;0.0;0.0;0.0;0.0;0.0;0.0;0.0;0.1499784;0.0;0.0;0.0;0.0;0.029379606;-0.013445822;-0.0025408417;0.029379606;-0.0135366265;-0.00982491;-0.00029104948;0.0;0.0;0.0;0.0;0.0;0.0
1359649035;1359477399;0.0;0.0;0.0;0.0;0.0;0.0;0.0;0.0;0.0;0.0;0.0;0.0;0.0;0.33403277;0.0;0.0;0.0;0.0;0.027264908;-0.0115339905;-0.0030628294;0.027264908;0.023581143;0.040755723;-0.0016365647;0.0;0.0;0.0;0.0;0.0;0.0
1360143838;1359972271;0.0;0.0;0.0;0.0;0.0;0.0;0.0;0.0;0.0;0.0;0.0;0.0;0.0;0.106054544;0.0;0.0;0.0;0.0;0.03300649;-0.015501293;-0.00397332;0.03300649;0.044589724;-0.06498999;-0.004232645;0.0;0.0;0.0;0.0;0.0;0.0
1360638672;1360467144;0.0;0.0;0.0;0.0;0.0;0.0;0.0;0.0;0.0;0.0;0.0;0.0;0.0;0.31778526;0.0;0.0;0.0;0.0;0.026719555;-0.01402171;-0.0029460266;0.026719555;-0.105840854;-0.011178871;-0.0063844323;0.0;0.0;0.0;0.0;0.0;0.0
1361142549;1360971014;0.0;0.0;0.0;0.0;0.0;0.0;0.0;0.0;0.0;0.0;0.0;0.0;0.0;0.11027527;0.0;0.0;0.0;0.0;0.024568796;-0.014352709;-0.0031909496;0.024568796;0.05990133;0.044263;-0.0021378398;0.0;0.0;0.0;0.0;0.0;0.0
1361646445;1361474884;0.0;0.0;0.0;0.0;0.0;0.0;0.0;0.0;0.0;0.0;0.0;0.0;0.0;0.15416741;0.0;0.0;0.0;0.0;0.030305266;-0.013726758;-0.0032188296;0.030305266;-0.08408303;-0.0119708255;-0.00360471;0.0;0.0;0.0;0.0;0.0;0.0
1362141310;1361969756;0.0;0.0;0.0;0.0;0.0;0.0;0.0;0.0;0.0;0.0;0.0;0.0;0.0;0.010741949;0.0;0.0;0.0;0.0;0.028956667;-0.014138567;-0.0031056106;0.028956667;0.018225163;0.05754137;-0.00091922283;0.0;0.0;0.0;0.0;0.0;0.0
1362645172;1362473673;0.0;0.0;0.0;0.0;0.0;0.0;0.0;0.0;0.0;0.0;0.0;0.0;0.0;-0.09762335;0.0;0.0;0.0;0.0;0.02786833;-0.0127929915;-0.0034112632;0.02786833;0.0102594625;-0.0006785905;-0.00011265278;0.0;0.0;0.0;0.0;0.0;0.0
1363149109;1362977496;0.0;0.0;0.0;0.0;0.0;0.0;0.0;0.0;0.0;0.0;0.0;0.0;0.0;-0.10618687;0.0;0.0;0.0;0.0;0.029720813;-0.013356214;-0.0027295128;0.029720813;0.020075506;-0.094113305;-0.0057777762;0.0;0.0;0.0;0.0;0.0;0.0
1363644333;1363472368;0.0;0.0;0.0;0.0;0.0;0.0;0.0;0.0;0.0;0.0;0.0;0.0;0.0;0.061467648;0.0;0.0;0.0;0.0;0.027462885;-0.012512894;-0.0019905493;0.027462885;-0.05664473;-0.0404231;-0.0032063723;0.0;0.0;0.0;0.0;0.0;0.0
1364138913;1363967240;0.0;0.0;0.0;0.0;0.0;0.0;0.0;0.0;0.0;0.0;0.0;0.0;0.0;-0.04270053;0.0;0.0;0.0;0.0;0.03207694;-0.0142900385;-0.0038150698;0.03207694;-0.0027211853;-0.025097203;-0.00014001131;0.0;0.0;0.0;0.0;0.0;0.0
1364642658;1364471109;0.0;0.0;0.0;0.0;0.0;0.0;0.0;0.0;0.0;0.0;0.0;0.0;0.0;0.10209823;0.0;0.0;0.0;0.0;0.031426877;-0.013933746;-0.0025363043;0.031426877;0.033682864;-0.033618703;-0.0011097193;0.0;0.0;0.0;0.0;0.0;0.0
1365146531;1364974978;0.0;0.0;0.0;0.0;0.0;0.0;0.0;0.0;0.0;0.0;0.0;0.0;0.0;0.06444216;0.0;0.0;0.0;0.0;0.025385842;-0.014386741;-0.002795525;0.025385842;-0.037403855;-0.053614784;-0.0030079484;0.0;0.0;0.0;0.0;0.0;0.0
1365641347;1365469850;0.0;0.0;0.0;0.0;0.0;0.0;0.0;0.0;0.0;0.0;0.0;0.0;0.0;0.06336737;0.0;0.0;0.0;0.0;0.029286608;-0.013947131;-0.004294589;0.029286608;0.027769636;-0.011816543;-0.0005257726;0.0;0.0;0.0;0.0;0.0;0.0
1366145375;1365973719;0.0;0.0;0.0;0.0;0.0;0.0;0.0;0.0;0.0;0.0;0.0;0.0;0.0;0.16852331;0.0;0.0;0.0;0.0;0.029949352;-0.014098497;-0.004224114;0.029949352;-0.011492703;0.059415825;-0.0033596158;0.0;0.0;0.0;0.0;0.0;0.0
1366649187;1366477635;0.0;0.0;0.0;0.0;0.0;0.0;0.0;0.0;0.0;0.0;0.0;0.0;0.0;0.08609557;0.0;0.0;0.0;0.0;0.02981639;-0.014303278;-0.0038932562;0.02981639;-0.023295788;0.038512394;-0.001354754;0.0;0.0;0.0;0.0;0.0;0.0
1367144007;1366972506;0.0;0.0;0.0;0.0;0.0;0.0;0.0;0.0;0.0;0.0;0.0;0.0;0.0;-0.01370883;0.0;0.0;0.0;0.0;0.027597204;-0.014366178;-0.002292931;0.027597204;0.024537113;0.07996448;-0.0034703612;0.0;0.0;0.0;0.0;0.0;0.0
1367638883;1367467378;0.0;0.0;0.0;0.0;0.0;0.0;0.0;0.0;0.0;0.0;0.0;0.0;0.0;-0.047152758;0.0;0.0;0.0;0.0;0.025766268;-0.01343534;-0.0026655197;0.025766268;0.052672904;0.04288117;-0.0016618371;0.0;0.0;0.0;0.0;0.0;0.0
1368142829;1367971199;0.0;0.0;0.0;0.0;0.0;0.0;0.0;0.0;0.0;0.0;0.0;0.0;0.0;0.04706502;0.0;0.0;0.0;0.0;0.02449523;-0.016045462;-0.001777567;0.02449523;-0.006536208;-0.03573113;-0.0011681318;0.0;0.0;0.0;0.0;0.0;0.0
1368646847;1368475068;0.0;0.0;0.0;0.0;0.0;0.0;0.0;0.0;0.0;0.0;0.0;0.0;0.0;0.047538042;0.0;0.0;0.0;0.0;0.02633901;-0.013705789;-0.0018205121;0.02633901;0.036045734;-0.022734717;-0.0012778044;0.0;0.0;0.0;0.0;0.0;0.0
1369141508;1368969938;0.0;0.0;0.0;0.0;0.0;0.0;0.0;0.0;0.0;0.0;0.0;0.0;0.0;0.14311218;0.0;0.0;0.0;0.0;0.027510539;-0.013718978;-0.0016253814;0.027510539;-0.001570789;-0.046572626;-0.0014055967;0.0;0.0;0.0;0.0;0.0;0.0
1369645344;1369473807;0.0;0.0;0.0;0.0;0.0;0.0;0.0;0.0;0.0;0.0;0.0;0.0;0.0;0.122779846;0.0;0.0;0.0;0.0;0.026458547;-0.011848569;-0.0013305843;0.026458547;0.04088953;-0.008969202;-0.0011231899;0.0;0.0;0.0;0.0;0.0;0.0
1370149245;1369977676;0.0;0.0;0.0;0.0;0.0;0.0;0.0;0.0;0.0;0.0;0.0;0.0;0.0;0.08562541;0.0;0.0;0.0;0.0;0.026757196;-0.013868835;-0.0024640337;0.026757196;0.03811662;0.01004123;-0.00085145235;0.0;0.0;0.0;0.0;0.0;0.0
1370644116;1370472546;0.0;0.0;0.0;0.0;0.0;0.0;0.0;0.0;0.0;0.0;0.0;0.0;0.0;0.26070237;0.0;0.0;0.0;0.0;0.02537337;-0.012565545;-0.0019901544;0.02537337;-0.01936649;0.025208244;-0.00037026405;0.0;0.0;0.0;0.0;0.0;0.0
1371139052;1370967417;0.0;0.0;0.0;0.0;0.0;0.0;0.0;0.0;0.0;0.0;0.0;0.0;0.0;-0.04747677;0.0;0.0;0.0;0.0;0.027660355;-0.01274727;-0.0027417243;0.027660355;-0.04087905;0.03417807;-0.0017442107;0.0;0.0;0.0;0.0;0.0;0.0
1371642814;1371471332;0.0;0.0;0.0;0.0;0.0;0.0;0.0;0.0;0.0;0.0;0.0;0.0;0.0;0.12820625;0.0;0.0;0.0;0.0;0.026461035;-0.012794444;-0.0038619041;0.026461035;-0.005783224;0.072333165;-0.0037059188;0.0;0.0;0.0;0.0;0.0;0.0
1372146729;1371975153;0.0;0.0;0.0;0.0;0.0;0.0;0.0;0.0;0.0;0.0;0.0;0.0;0.0;0.046773672;0.0;0.0;0.0;0.0;0.027870879;-0.013926627;-0.0015440136;0.027870879;-0.10112546;-0.034950618;-0.0068361163;0.0;0.0;0.0;0.0;0.0;0.0
1372641731;1372470023;0.0;0.0;0.0;0.0;0.0;0.0;0.0;0.0;0.0;0.0;0.0;0.0;0.0;-0.118320465;0.0;0.0;0.0;0.0;0.024638042;-0.013336537;-0.0026134402;0.024638042;-0.05686029;0.0062206015;-0.0020138025;0.0;0.0;0.0;0.0;0.0;0.0
1373145454;1372973891;0.0;0.0;0.0;0.0;0.0;0.0;0.0;0.0;0.0;0.0;0.0;0.0;0.0;0.10879445;0.0;0.0;0.0;0.0;0.028248072;-0.013236307;-0.002116628;0.028248072;-0.072647534;-0.028042981;-0.003077507;0.0;0.0;0.0;0.0;0.0;0.0
1373649529;1373477758;0.0;0.0;0.0;0.0;0.0;0.0;0.0;0.0;0.0;0.0;0.0;0.0;0.0;0.021419525;0.0;0.0;0.0;0.0;0.028983667;-0.014739189;-0.0016224906;0.028983667;0.049336698;-0.039248325;-0.002882421;0.0;0.0;0.0;0.0;0.0;0.0
1374144258;1373972628;0.0;0.0;0.0;0.0;0.0;0.0;0.0;0.0;0.0;0.0;0.0;0.0;0.0;0.10939455;0.0;0.0;0.0;0.0;0.02811937;-0.01541523;-0.0006048009;0.02811937;-0.054647386;-0.014668888;-0.0025342107;0.0;0.0;0.0;0.0;0.0;0.0
1374639021;1374467498;0.0;0.0;0.0;0.0;0.0;0.0;0.0;0.0;0.0;0.0;0.0;0.0;0.0;0.07696223;0.0;0.0;0.0;0.0;0.025916055;-0.01293914;-0.0026944578;0.025916055;0.02537676;-0.03453995;-0.0007238388;0.0;0.0;0.0;0.0;0.0;0.0
1375143225;1374971366;0.0;0.0;0.0;0.0;0.0;0.0;0.0;0.0;0.0;0.0;0.0;0.0;0.0;0.0031497478;0.0;0.0;0.0;0.0;0.024868071;-0.015025321;-0.003394574;0.024868071;0.002671647;0.050833724;-0.0021509528;0.0;0.0;0.0;0.0;0.0;0.0
1375646805;1375475280;0.0;0.0;0.0;0.0;0.0;0.0;0.0;0.0;0.0;0.0;0.0;0.0;0.0;0.17591;0.0;0.0;0.0;0.0;0.03127405;-0.016233504;-0.003454417;0.03127405;-0.022847869;0.103459574;-0.005846262;0.0;0.0;0.0;0.0;0.0;0.0
1376141596;1375970150;0.0;0.0;0.0;0.0;0.0;0.0;0.0;0.0;0.0;0.0;0.0;0.0;0.0;0.10509515;0.0;0.0;0.0;0.0;0.029975295;-0.013655414;-0.0017133802;0.029975295;0.009758979;0.037008595;-0.00037539005;0.0;0.0;0.0;0.0;0.0;0.0
1376645545;1376473970;0.0;0.0;0.0;0.0;0.0;0.0;0.0;0.0;0.0;0.0;0.0;0.0;0.0;0.121150255;0.0;0.0;0.0;0.0;0.031352684;-0.015057224;-0.0032854825;0.031352684;0.041858863;-0.012375416;-0.0010297894;0.0;0.0;0.0;0.0;0.0;0.0
1377149427;1376977837;0.0;0.0;0.0;0.0;0.0;0.0;0.0;0.0;0.0;0.0;0.0;0.0;0.0;0.06148362;0.0;0.0;0.0;0.0;0.03100948;-0.011874637;-0.0035293624;0.03100948;0.049291372;-0.011134045;-0.001554966;0.0;0.0;0.0;0.0;0.0;0.0
1377644334;1377472706;0.0;0.0;0.0;0.0;0.0;0.0;0.0;0.0;0.0;0.0;0.0;0.0;0.0;0.186486;0.0;0.0;0.0;0.0;0.026415348;-0.014377186;-0.0027863905;0.026415348;-0.004406498;-0.011349429;-0.00019145012;0.0;0.0;0.0;0.0;0.0;0.0
1378139380;1377967576;0.0;0.0;0.0;0.0;0.0;0.0;0.0;0.0;0.0;0.0;0.0;0.0;0.0;0.14249754;0.0;0.0;0.0;0.0;0.026754633;-0.013731075;-0.0053296536;0.026754633;-0.038498435;0.02133251;-0.00075900555;0.0;0.0;0.0;0.0;0.0;0.0
1378642975;1378471442;0.0;0.0;0.0;0.0;0.0;0.0;0.0;0.0;0.0;0.0;0.0;0.0;0.0;0.1473155;0.0;0.0;0.0;0.0;0.03407827;-0.014240464;-0.0013367906;0.03407827;0.0040575657;0.0077835512;-3.451109e-05;0.0;0.0;0.0;0.0;0.0;0.0
1379146910;1378975309;0.0;0.0;0.0;0.0;0.0;0.0;0.0;0.0;0.0;0.0;0.0;0.0;0.0;0.1192987;0.0;0.0;0.0;0.0;0.02873835;-0.013554359;-0.0022505447;0.02873835;-0.00810672;0.059403222;-0.00080281496;0.0;0.0;0.0;0.0;0.0;0.0
1379641798;1379470178;0.0;0.0;0.0;0.0;0.0;0.0;0.0;0.0;0.0;0.0;0.0;0.0;0.0;0.04131818;0.0;0.0;0.0;0.0;0.028910533;-0.011019359;-0.0025066286;0.028910533;0.0064960914;-0.026789863;9.596348e-05;0.0;0.0;0.0;0.0;0.0;0.0
1380145591;1379974092;0.0;0.0;0.0;0.0;0.0;0.0;0.0;0.0;0.0;0.0;0.0;0.0;0.0;0.22095561;0.0;0.0;0.0;0.0;0.027757034;-0.011580268;-0.002965629;0.027757034;-0.03852483;-0.023642072;-0.0013127923;0.0;0.0;0.0;0.0;0.0;0.0
1380640435;1380468961;0.0;0.0;0.0;0.0;0.0;0.0;0.0;0.0;0.0;0.0;0.0;0.0;0.0;-0.028190374;0.0;0.0;0.0;0.0;0.02748242;-0.013490662;-0.0015293881;0.02748242;0.047991473;-0.069834955;-0.0036295056;0.0;0.0;0.0;0.0;0.0;0.0
1381144497;1380972780;0.0;0.0;0.0;0.0;0.0;0.0;0.0;0.0;0.0;0.0;0.0;0.0;0.0;-0.2019844;0.0;0.0;0.0;0.0;0.026901975;-0.011979475;-0.0020347983;0.026901975;-0.024159204;0.01770053;-0.00045382977;0.0;0.0;0.0;0.0;0.0;0.0
1381639272;1381467649;0.0;0.0;0.0;0.0;0.0;0.0;0.0;0.0;0.0;0.0;0.0;0.0;0.0;0.17708659;0.0;0.0;0.0;0.0;0.025830135;-0.011543298;-0.00079512596;0.025830135;0.0014519449;-0.0055969297;-4.6789646e-05;0.0;0.0;0.0;0.0;0.0;0.0
1382143113;1381971515;0.0;0.0;0.0;0.0;0.0;0.0;0.0;0.0;0.0;0.0;0.0;0.0;0.0;0.0007121563;0.0;0.0;0.0;0.0;0.027377903;-0.013127046;-0.0026563555;0.027377903;-0.0027052753;-0.019705998;-0.0004502535;0.0;0.0;0.0;0.0;0.0;0.0
1382646922;1382475381;0.0;0.0;0.0;0.0;0.0;0.0;0.0;0.0;0.0;0.0;0.0;0.0;0.0;-0.055692434;0.0;0.0;0.0;0.0;0.030691177;-0.013655635;-0.002169259;0.030691177;0.024794059;0.053061463;-0.0017955899;0.0;0.0;0.0;0.0;0.0;0.0
1383142064;1382970249;0.0;0.0;0.0;0.0;0.0;0.0;0.0;0.0;0.0;0.0;0.0;0.0;0.0;0.023945332;0.0;0.0;0.0;0.0;0.026529029;-0.012519931;-0.00054092705;0.026529029;0.06352947;-0.025245136;-0.0018191338;0.0;0.0;0.0;0.0;0.0;0.0
1383645709;1383474115;0.0;0.0;0.0;0.0;0.0;0.0;0.0;0.0;0.0;0.0;0.0;0.0;0.0;0.01206255;0.0;0.0;0.0;0.0;0.023654714;-0.012299395;-0.0016208738;0.023654714;-0.038681373;0.024660759;-0.0014513731;0.0;0.0;0.0;0.0;0.0;0.0
1384140547;1383968983;0.0;0.0;0.0;0.0;0.0;0.0;0.0;0.0;0.0;0.0;0.0;0.0;0.0;0.17878318;0.0;0.0;0.0;0.0;0.024384186;-0.012812631;-0.003240876;0.024384186;-0.0037981695;-0.07362014;-0.0031118393;0.0;0.0;0.0;0.0;0.0;0.0
1384644345;1384472896;0.0;0.0;0.0;0.0;0.0;0.0;0.0;0.0;0.0;0.0;0.0;0.0;0.0;0.20142555;0.0;0.0;0.0;0.0;0.025961265;-0.012761568;-0.0021536052;0.025961265;-0.025922548;0.01630303;-0.00045102835;0.0;0.0;0.0;0.0;0.0;0.0
1385139242;1384967765;0.0;0.0;0.0;0.0;0.0;0.0;0.0;0.0;0.0;0.0;0.0;0.0;0.0;0.25200152;0.0;0.0;0.0;0.0;0.025195822;-0.012584767;-0.0016046688;0.025195822;-0.012422945;0.028611192;-0.0008773804;0.0;0.0;0.0;0.0;0.0;0.0
1385643179;1385471583;0.0;0.0;0.0;0.0;0.0;0.0;0.0;0.0;0.0;0.0;0.0;0.0;0.0;0.12391734;0.0;0.0;0.0;0.0;0.023358226;-0.012209778;-0.0010356158;0.023358226;0.0020110337;-0.018757455;-0.00022238493;0.0;0.0;0.0;0.0;0.0;0.0
1386147004;1385975449;0.0;0.0;0.0;0.0;0.0;0.0;0.0;0.0;0.0;0.0;0.0;0.0;0.0;0.042880297;0.0;0.0;0.0;0.0;0.023654565;-0.012731219;-0.003290072;0.023654565;0.024925;0.02891099;-0.0010446906;0.0;0.0;0.0;0.0;0.0;0.0
1386641908;1386470317;0.0;0.0;0.0;0.0;0.0;0.0;0.0;0.0;0.0;0.0;0.0;0.0;0.0;0.10746646;0.0;0.0;0.0;0.0;0.02446106;-0.011501253;-0.002437666;0.02446106;-0.01862788;0.04100676;-0.0010552406;0.0;0.0;0.0;0.0;0.0;0.0
1387145712;1386974182;0.0;0.0;0.0;0.0;0.0;0.0;0.0;0.0;0.0;0.0;0.0;0.0;0.0;0.06985164;0.0;0.0;0.0;0.0;0.025812343;-0.010068279;-0.0015571862;0.025812343;0.037363783;-0.0029200371;-0.00080269575;0.0;0.0;0.0;0.0;0.0;0.0
1387640549;1387469049;0.0;0.0;0.0;0.0;0.0;0.0;0.0;0.0;0.0;0.0;0.0;0.0;0.0;0.09450436;0.0;0.0;0.0;0.0;0.025382042;-0.012501784;-0.0028031021;0.025382042;-0.051664073;0.02475171;-0.0012016892;0.0;0.0;0.0;0.0;0.0;0.0
1388144777;1387972915;0.0;0.0;0.0;0.0;0.0;0.0;0.0;0.0;0.0;0.0;0.0;0.0;0.0;0.3029337;0.0;0.0;0.0;0.0;0.02642852;-0.011905879;0.00059458613;0.02642852;-0.03526874;0.008093196;-0.0012643933;0.0;0.0;0.0;0.0;0.0;0.0
1388639384;1388467782;0.0;0.0;0.0;0.0;0.0;0.0;0.0;0.0;0.0;0.0;0.0;0.0;0.0;0.07275963;0.0;0.0;0.0;0.0;0.019401178;-0.013935676;-0.0037060976;0.019401178;-0.017764932;-0.02306448;-0.00022339821;0.0;0.0;0.0;0.0;0.0;0.0
1389143192;1388971694;0.0;0.0;0.0;0.0;0.0;0.0;0.0;0.0;0.0;0.0;0.0;0.0;0.0;0.1396308;0.0;0.0;0.0;0.0;0.022572428;-0.013293391;-0.001185976;0.022572428;0.033159286;-0.02144549;-0.0015910268;0.0;0.0;0.0;0.0;0.0;0.0
1389647086;1389475512;0.0;0.0;0.0;0.0;0.0;0.0;0.0;0.0;0.0;0.0;0.0;0.0;0.0;0.04211521;0.0;0.0;0.0;0.0;0.019062623;-0.013779096;-0.002044253;0.019062623;-0.06466726;-0.010361678;-0.0023614168;0.0;0.0;0.0;0.0;0.0;0.0
1390142007;1389970379;0.0;0.0;0.0;0.0;0.0;0.0;0.0;0.0;0.0;0.0;0.0;0.0;0.0;0.19208527;0.0;0.0;0.0;0.0;0.027867422;-0.011620283;0.0012947544;0.027867422;-0.035215598;0.029900631;-0.0017352104;0.0;0.0;0.0;0.0;0.0;0.0
1390645779;1390474244;0.0;0.0;0.0;0.0;0.0;0.0;0.0;0.0;0.0;0.0;0.0;0.0;0.0;-0.008831978;0.0;0.0;0.0;0.0;0.020347297;-0.011573147;-0.0022209585;0.020347297;-0.02377392;0.023206184;-0.00052148104;0.0;0.0;0.0;0.0;0.0;0.0
1391140701;1390969111;0.0;0.0;0.0;0.0;0.0;0.0;0.0;0.0;0.0;0.0;0.0;0.0;0.0;0.1565957;0.0;0.0;0.0;0.0;0.02699013;-0.015550919;0.00065460056;0.02699013;0.048005432;0.0087218415;-0.0016661882;0.0;0.0;0.0;0.0;0.0;0.0
1391644473;1391472976;0.0;0.0;0.0;0.0;0.0;0.0;0.0;0.0;0.0;0.0;0.0;0.0;0.0;0.04940343;0.0;0.0;0.0;0.0;0.02464132;-0.011934196;-0.0021314174;0.02464132;-0.048867673;0.0015462204;-0.00047445297;0.0;0.0;0.0;0.0;0.0;0.0
1392139412;1391967843;0.0;0.0;0.0;0.0;0.0;0.0;0.0;0.0;0.0;0.0;0.0;0.0;0.0;0.17752385;0.0;0.0;0.0;0.0;0.017778873;-0.012767492;-0.0017113537;0.017778873;-0.016856305;0.048155386;-0.00080037117;0.0;0.0;0.0;0.0;0.0;0.0
1392643329;1392471707;0.0;0.0;0.0;0.0;0.0;0.0;0.0;0.0;0.0;0.0;0.0;0.0;0.0;0.053963423;0.0;0.0;0.0;0.0;0.016604856;-0.010628194;-0.0015817806;0.016604856;-0.024819627;0.03952368;-0.001409173;0.0;0.0;0.0;0.0;0.0;0.0
1393147074;1392975619;0.0;0.0;0.0;0.0;0.0;0.0;0.0;0.0;0.0;0.0;0.0;0.0;0.0;0.054608107;0.0;0.0;0.0;0.0;0.021076486;-0.010840692;-0.00074406713;0.021076486;0.0025001979;0.0333174;-0.0009713769;0.0;0.0;0.0;0.0;0.0;0.0
1393641942;1393470486;0.0;0.0;0.0;0.0;0.0;0.0;0.0;0.0;0.0;0.0;0.0;0.0;0.0;0.07441068;0.0;0.0;0.0;0.0;0.02354516;-0.011679005;-0.0023981333;0.02354516;-0.04102987;-0.01681911;-0.0005733371;0.0;0.0;0.0;0.0;0.0;0.0
1394145935;1393974303;0.0;0.0;0.0;0.0;0.0;0.0;0.0;0.0;0.0;0.0;0.0;0.0;0.0;0.034098625;0.0;0.0;0.0;0.0;0.018935546;-0.012517277;-0.002425149;0.018935546;-0.032010008;0.013157089;-0.00046300888;0.0;0.0;0.0;0.0;0.0;0.0
1394640846;1394469170;0.0;0.0;0.0;0.0;0.0;0.0;0.0;0.0;0.0;0.0;0.0;0.0;0.0;0.15624118;0.0;0.0;0.0;0.0;0.019460827;-0.011134851;-0.0030350164;0.019460827;-0.0028576255;-0.042212896;-0.0002859831;0.0;0.0;0.0;0.0;0.0;0.0
1395144591;1394973033;0.0;0.0;0.0;0.0;0.0;0.0;0.0;0.0;0.0;0.0;0.0;0.0;0.0;0.2724507;0.0;0.0;0.0;0.0;0.02153027;-0.011323868;-0.0023124665;0.02153027;-0.0020062618;-0.07079215;-0.0027375817;0.0;0.0;0.0;0.0;0.0;0.0
1395639526;1395467900;0.0;0.0;0.0;0.0;0.0;0.0;0.0;0.0;0.0;0.0;0.0;0.0;0.0;0.055497885;0.0;0.0;0.0;0.0;0.01979722;-0.013690019;-0.0025731698;0.01979722;-0.012141013;-0.120609;-0.00823015;0.0;0.0;0.0;0.0;0.0;0.0
1396143616;1395971764;0.0;0.0;0.0;0.0;0.0;0.0;0.0;0.0;0.0;0.0;0.0;0.0;0.0;0.25035286;0.0;0.0;0.0;0.0;0.023214862;-0.012348078;-0.0016751587;0.023214862;0.03519469;0.036509983;-0.0016929507;0.0;0.0;0.0;0.0;0.0;0.0
1396647192;1396475628;0.0;0.0;0.0;0.0;0.0;0.0;0.0;0.0;0.0;0.0;0.0;0.0;0.0;0.14347768;0.0;0.0;0.0;0.0;0.0191468;-0.010770771;-0.0015046;0.0191468;-0.053586822;0.0074258875;-0.002018571;0.0;0.0;0.0;0.0;0.0;0.0
1397142062;1396970494;0.0;0.0;0.0;0.0;0.0;0.0;0.0;0.0;0.0;0.0;0.0;0.0;0.0;-0.075956345;0.0;0.0;0.0;0.0;0.021783635;-0.009928718;-0.00112167;0.021783635;-0.082306296;0.018421639;-0.0032598376;0.0;0.0;0.0;0.0;0.0;0.0
1397645950;1397474405;0.0;0.0;0.0;0.0;0.0;0.0;0.0;0.0;0.0;0.0;0.0;0.0;0.0;0.23881245;0.0;0.0;0.0;0.0;0.022413462;-0.011732534;-0.0016581118;0.022413462;0.07629043;0.05460477;-0.00458318;0.0;0.0;0.0;0.0;0.0;0.0
1398140719;1397969271;0.0;0.0;0.0;0.0;0.0;0.0;0.0;0.0;0.0;0.0;0.0;0.0;0.0;0.029253244;0.0;0.0;0.0;0.0;0.024023816;-0.012171923;-0.0011045337;0.024023816;0.06391352;-0.0036088293;-0.002290547;0.0;0.0;0.0;0.0;0.0;0.0
1398644671;1398473087;0.0;0.0;0.0;0.0;0.0;0.0;0.0;0.0;0.0;0.0;0.0;0.0;0.0;0.12042236;0.0;0.0;0.0;0.0;0.02526018;-0.014237544;-0.0019188225;0.02526018;-0.036500875;-0.055914827;-0.0010232329;0.0;0.0;0.0;0.0;0.0;0.0
1399139578;1398967953;0.0;0.0;0.0;0.0;0.0;0.0;0.0;0.0;0.0;0.0;0.0;0.0;0.0;0.10229206;0.0;0.0;0.0;0.0;0.02291438;-0.013137716;-0.0010835305;0.02291438;-0.007728196;0.05392775;-0.0009871125;0.0;0.0;0.0;0.0;0.0;0.0
1399643381;1399471817;0.0;0.0;0.0;0.0;0.0;0.0;0.0;0.0;0.0;0.0;0.0;0.0;0.0;0.23167825;0.0;0.0;0.0;0.0;0.02495192;-0.012093586;-0.00076267123;0.02495192;0.01300236;0.018010061;0.00017118454;0.0;0.0;0.0;0.0;0.0;0.0
1400147234;1399975680;0.0;0.0;0.0;0.0;0.0;0.0;0.0;0.0;0.0;0.0;0.0;0.0;0.0;0.037300825;0.0;0.0;0.0;0.0;0.018755063;-0.009024067;8.203089e-05;0.018755063;-0.021149373;0.013473939;-0.00033134222;0.0;0.0;0.0;0.0;0.0;0.0
1400642094;1400470546;0.0;0.0;0.0;0.0;0.0;0.0;0.0;0.0;0.0;0.0;0.0;0.0;0.0;-0.08564854;0.0;0.0;0.0;0.0;0.022203833;-0.012144802;-0.0008219108;0.022203833;-0.0058341064;-0.028308552;-0.0004312396;0.0;0.0;0.0;0.0;0.0;0.0
1401146285;1400974409;0.0;0.0;0.0;0.0;0.0;0.0;0.0;0.0;0.0;0.0;0.0;0.0;0.0;0.08319497;0.0;0.0;0.0;0.0;0.021539897;-0.011389442;-0.0002944097;0.021539897;-0.108355135;-0.0029548698;-0.0050207376;0.0;0.0;0.0;0.0;0.0;0.0
1401640850;1401469275;0.0;0.0;0.0;0.0;0.0;0.0;0.0;0.0;0.0;0.0;0.0;0.0;0.0;0.49033713;0.0;0.0;0.0;0.0;0.022060052;-0.011644332;-0.0011271313;0.022060052;0.03582461;-0.0008810158;-0.00040358305;0.0;0.0;0.0;0.0;0.0;0.0
1402144660;1401973185;0.0;0.0;0.0;0.0;0.0;0.0;0.0;0.0;0.0;0.0;0.0;0.0;0.0;0.0818882;0.0;0.0;0.0;0.0;0.021738231;-0.010154273;-0.0022017956;0.021738231;-0.046387166;0.062775046;-0.0037638545;0.0;0.0;0.0;0.0;0.0;0.0
1402639784;1402468050;0.0;0.0;0.0;0.0;0.0;0.0;0.0;0.0;0.0;0.0;0.0;0.0;0.0;0.13333201;0.0;0.0;0.0;0.0;0.023465753;-0.013005682;-0.0024319664;0.023465753;-0.0062673613;0.012038302;-7.1167946e-05;0.0;0.0;0.0;0.0;0.0;0.0
1403143456;1402971870;0.0;0.0;0.0;0.0;0.0;0.0;0.0;0.0;0.0;0.0;0.0;0.0;0.0;0.04143238;0.0;0.0;0.0;0.0;0.025553137;-0.014093699;-0.0030286834;0.025553137;-0.0060193464;0.032706413;-0.0012844801;0.0;0.0;0.0;0.0;0.0;0.0
1403647358;1403475729;0.0;0.0;0.0;0.0;0.0;0.0;0.0;0.0;0.0;0.0;0.0;0.0;0.0;0.095169544;0.0;0.0;0.0;0.0;0.02351959;-0.0131218545;-0.0025764704;0.02351959;0.006096013;0.018408213;-0.00017929077;0.0;0.0;0.0;0.0;0.0;0.0
1404142155;1403970594;0.0;0.0;0.0;0.0;0.0;0.0;0.0;0.0;0.0;0.0;0.0;0.0;0.0;0.07692361;0.0;0.0;0.0;0.0;0.02366218;-0.0133206155;-0.0033223853;0.02366218;0.017426278;-0.0480353;-0.0013315082;0.0;0.0;0.0;0.0;0.0;0.0
1404645996;1404474457;0.0;0.0;0.0;0.0;0.0;0.0;0.0;0.0;0.0;0.0;0.0;0.0;0.0;0.26503444;0.0;0.0;0.0;0.0;0.025521576;-0.010145314;-0.0041882843;0.025521576;0.059947625;-0.0009639431;-0.0027434826;0.0;0.0;0.0;0.0;0.0;0.0
1405140901;1404969321;0.0;0.0;0.0;0.0;0.0;0.0;0.0;0.0;0.0;0.0;0.0;0.0;0.0;0.13841224;0.0;0.0;0.0;0.0;0.026607737;-0.013595618;-0.0027022213;0.026607737;-0.009084286;0.027847018;-0.00038433075;0.0;0.0;0.0;0.0;0.0;0.0
1405644751;1405473184;0.0;0.0;0.0;0.0;0.0;0.0;0.0;0.0;0.0;0.0;0.0;0.0;0.0;0.31142187;0.0;0.0;0.0;0.0;0.02637206;-0.013180202;-0.0014275536;0.02637206;0.011045938;0.012648013;3.325939e-05;0.0;0.0;0.0;0.0;0.0;0.0
1406139693;1405968049;0.0;0.0;0.0;0.0;0.0;0.0;0.0;0.0;0.0;0.0;0.0;0.0;0.0;0.23948264;0.0;0.0;0.0;0.0;0.019098401;-0.012579527;-0.0025006533;0.019098401;0.020791443;-0.003089542;-0.00022798777;0.0;0.0;0.0;0.0;0.0;0.0
1406643458;1406471958;0.0;0.0;0.0;0.0;0.0;0.0;0.0;0.0;0.0;0.0;0.0;0.0;0.0;0.221138;0.0;0.0;0.0;0.0;0.026889011;-0.012908451;-0.002341561;0.026889011;0.014401827;-0.02324871;-0.0008954406;0.0;0.0;0.0;0.0;0.0;0.0
1407147412;1406975773;0.0;0.0;0.0;0.0;0.0;0.0;0.0;0.0;0.0;0.0;0.0;0.0;0.0;0.070899725;0.0;0.0;0.0;0.0;0.017340615;-0.011108149;-0.001555264;0.017340615;0.044217404;0.011142856;0.0003169775;0.0;0.0;0.0;0.0;0.0;0.0
1407642583;1407470638;0.0;0.0;0.0;0.0;0.0;0.0;0.0;0.0;0.0;0.0;0.0;0.0;0.0;-0.087622404;0.0;0.0;0.0;0.0;0.020145223;-0.010730497;-0.0018196255;0.020145223;0.0043337652;-0.071470715;-0.0020763874;0.0;0.0;0.0;0.0;0.0;0.0
1408146033;1407974500;0.0;0.0;0.0;0.0;0.0;0.0;0.0;0.0;0.0;0.0;0.0;0.0;0.0;0.19540906;0.0;0.0;0.0;0.0;0.022676945;-0.012871364;-0.0029018372;0.022676945;-0.02387732;0.0061290036;-0.0002682209;0.0;0.0;0.0;0.0;0.0;0.0
1408640897;1408469365;0.0;0.0;0.0;0.0;0.0;0.0;0.0;0.0;0.0;0.0;0.0;0.0;0.0;0.15174723;0.0;0.0;0.0;0.0;0.02128005;-0.012052898;-0.0017958507;0.02128005;0.010582436;0.050999813;-0.00036525726;0.0;0.0;0.0;0.0;0.0;0.0
1409145009;1408973227;0.0;0.0;0.0;0.0;0.0;0.0;0.0;0.0;0.0;0.0;0.0;0.0;0.0;0.23812366;0.0;0.0;0.0;0.0;0.02319011;-0.011838779;-0.00074440986;0.02319011;-0.06012835;-0.0074953167;-0.0018565655;0.0;0.0;0.0;0.0;0.0;0.0
1409639701;1409468091;0.0;0.0;0.0;0.0;0.0;0.0;0.0;0.0;0.0;0.0;0.0;0.0;0.0;0.24875641;0.0;0.0;0.0;0.0;0.021428749;-0.010572503;-0.0020486042;0.021428749;-0.025147043;0.00477059;-0.0007072091;0.0;0.0;0.0;0.0;0.0;0.0
1410143546;1409971953;0.0;0.0;0.0;0.0;0.0;0.0;0.0;0.0;0.0;0.0;0.0;0.0;0.0;0.30220485;0.0;0.0;0.0;0.0;0.022929966;-0.009975294;-0.0017367154;0.022929966;-0.031106494;0.032954648;-0.0007503629;0.0;0.0;0.0;0.0;0.0;0.0
1410647301;1410475862;0.0;0.0;0.0;0.0;0.0;0.0;0.0;0.0;0.0;0.0;0.0;0.0;0.0;0.17632294;0.0;0.0;0.0;0.0;0.020786092;-0.010544357;-0.0037422702;0.020786092;0.004932579;0.024722526;-0.00073075294;0.0;0.0;0.0;0.0;0.0;0.0
1411142266;1410970726;0.0;0.0;0.0;0.0;0.0;0.0;0.0;0.0;0.0;0.0;0.0;0.0;0.0;0.043804884;0.0;0.0;0.0;0.0;0.021836385;-0.012154784;-0.0022603497;0.021836385;0.06843959;0.015009193;-0.0027956367;0.0;0.0;0.0;0.0;0.0;0.0
1411646137;1411474541;0.0;0.0;0.0;0.0;0.0;0.0;0.0;0.0;0.0;0.0;0.0;0.0;0.0;-0.017188072;0.0;0.0;0.0;0.0;0.02238153;-0.010977572;-0.00165876;0.02238153;0.04997752;-0.030535072;-0.0013580322;0.0;0.0;0.0;0.0;0.0;0.0
1412141116;1411969405;0.0;0.0;0.0;0.0;0.0;0.0;0.0;0.0;0.0;0.0;0.0;0.0;0.0;0.097403765;0.0;0.0;0.0;0.0;0.022517025;-0.012005021;-0.0020368323;0.022517025;0.015216492;0.051321246;-0.0010677576;0.0;0.0;0.0;0.0;0.0;0.0
1412644819;1412473266;0.0;0.0;0.0;0.0;0.0;0.0;0.0;0.0;0.0;0.0;0.0;0.0;0.0;0.16289449;0.0;0.0;0.0;0.0;0.021128774;-0.011734042;-0.0017134547;0.021128774;-0.048350144;-0.001238861;-0.0022023916;0.0;0.0;0.0;0.0;0.0;0.0
1413139692;1412968130;0.0;0.0;0.0;0.0;0.0;0.0;0.0;0.0;0.0;0.0;0.0;0.0;0.0;0.25199938;0.0;0.0;0.0;0.0;0.018271744;-0.010193695;-0.002248481;0.018271744;0.069830246;-0.027577184;-0.0032613277;0.0;0.0;0.0;0.0;0.0;0.0
1413643523;1413471992;0.0;0.0;0.0;0.0;0.0;0.0;0.0;0.0;0.0;0.0;0.0;0.0;0.0;0.018100977;0.0;0.0;0.0;0.0;0.023923919;-0.012474405;-0.0026186705;0.023923919;0.0014927585;0.014626303;-0.00023907423;0.0;0.0;0.0;0.0;0.0;0.0
1414147760;1413975853;0.0;0.0;0.0;0.0;0.0;0.0;0.0;0.0;0.0;0.0;0.0;0.0;0.0;0.08957195;0.0;0.0;0.0;0.0;0.027664974;-0.012625828;-0.00022807717;0.027664974;-0.009257609;-0.027710034;-0.00074338913;0.0;0.0;0.0;0.0;0.0;0.0
1414642310;1414470717;0.0;0.0;0.0;0.0;0.0;0.0;0.0;0.0;0.0;0.0;0.0;0.0;0.0;0.0283854;0.0;0.0;0.0;0.0;0.0234399;-0.01324142;-0.00076756626;0.0234399;-0.033473533;-0.01909613;-0.00092351437;0.0;0.0;0.0;0.0;0.0;0.0
1415146072;1414974625;0.0;0.0;0.0;0.0;0.0;0.0;0.0;0.0;0.0;0.0;0.0;0.0;0.0;0.094864845;0.0;0.0;0.0;0.0;0.023395032;-0.012618011;-0.0016915128;0.023395032;-0.07531698;0.038407892;-0.0032032132;0.0;0.0;0.0;0.0;0.0;0.0
1415641228;1415469488;0.0;0.0;0.0;0.0;0.0;0.0;0.0;0.0;0.0;0.0;0.0;0.0;0.0;0.09203243;0.0;0.0;0.0;0.0;0.019969225;-0.010367519;-0.0019805804;0.019969225;-0.068029486;0.03356271;-0.002652645;0.0;0.0;0.0;0.0;0.0;0.0
1416144946;1415973302;0.0;0.0;0.0;0.0;0.0;0.0;0.0;0.0;0.0;0.0;0.0;0.0;0.0;0.1559639;0.0;0.0;0.0;0.0;0.022565544;-0.009719113;-0.00044617057;0.022565544;0.017721623;-0.031009939;-0.00051897764;0.0;0.0;0.0;0.0;0.0;0.0
1416639790;1416468166;0.0;0.0;0.0;0.0;0.0;0.0;0.0;0.0;0.0;0.0;0.0;0.0;0.0;0.1552124;0.0;0.0;0.0;0.0;0.021113902;-0.010765139;-0.0023838133;0.021113902;0.010396779;-0.021561958;-2.092123e-05;0.0;0.0;0.0;0.0;0.0;0.0
1417143585;1416972027;0.0;0.0;0.0;0.0;0.0;0.0;0.0;0.0;0.0;0.0;0.0;0.0;0.0;0.17923021;0.0;0.0;0.0;0.0;0.02347289;-0.011597661;-0.0034371167;0.02347289;0.0022412953;-0.030449046;-0.00058174133;0.0;0.0;0.0;0.0;0.0;0.0
1417647560;1417475887;0.0;0.0;0.0;0.0;0.0;0.0;0.0;0.0;0.0;0.0;0.0;0.0;0.0;0.3362391;0.0;0.0;0.0;0.0;0.028983504;-0.0101559125;-0.0011589229;0.028983504;-0.009449406;0.042164207;-0.0012711287;0.0;0.0;0.0;0.0;0.0;0.0
1418142246;1417970751;0.0;0.0;0.0;0.0;0.0;0.0;0.0;0.0;0.0;0.0;0.0;0.0;0.0;0.11664677;0.0;0.0;0.0;0.0;0.023390576;-0.0117709655;-0.00198666;0.023390576;-0.007856251;-0.018997032;-0.00018173456;0.0;0.0;0.0;0.0;0.0;0.0
1418646225;1418474611;0.0;0.0;0.0;0.0;0.0;0.0;0.0;0.0;0.0;0.0;0.0;0.0;0.0;0.12399936;0.0;0.0;0.0;0.0;0.023627385;-0.012445506;-0.0032214746;0.023627385;0.0036395902;0.037244305;-0.0009338856;0.0;0.0;0.0;0.0;0.0;0.0
1419141057;1418969474;0.0;0.0;0.0;0.0;0.0;0.0;0.0;0.0;0.0;0.0;0.0;0.0;0.0;0.06542635;0.0;0.0;0.0;0.0;0.022564739;-0.013704866;-0.0045404136;0.022564739;-0.035266507;0.012160112;-0.0005117655;0.0;0.0;0.0;0.0;0.0;0.0
1419644854;1419473382;0.0;0.0;0.0;0.0;0.0;0.0;0.0;0.0;0.0;0.0;0.0;0.0;0.0;0.1602335;0.0;0.0;0.0;0.0;0.023218945;-0.0117393285;-0.0031543225;0.023218945;-0.028597943;-0.06503337;-0.0020192862;0.0;0.0;0.0;0.0;0.0;0.0
1420139747;1419968245;0.0;0.0;0.0;0.0;0.0;0.0;0.0;0.0;0.0;0.0;0.0;0.0;0.0;0.10529351;0.0;0.0;0.0;0.0;0.020985976;-0.010531143;-0.003133759;0.020985976;-0.043541405;0.0089798905;-0.0010812879;0.0;0.0;0.0;0.0;0.0;0.0
1420643974;1420472058;0.0;0.0;0.0;0.0;0.0;0.0;0.0;0.0;0.0;0.0;0.0;0.0;0.0;0.25843453;0.0;0.0;0.0;0.0;0.023301229;-0.01125167;-0.0014723688;0.023301229;0.022494003;-0.01451795;-0.00047171116;0.0;0.0;0.0;0.0;0.0;0.0
1421147477;1420975919;0.0;0.0;0.0;0.0;0.0;0.0;0.0;0.0;0.0;0.0;0.0;0.0;0.0;0.2997558;0.0;0.0;0.0;0.0;0.019033581;-0.009670632;-0.0015754998;0.019033581;-0.0028743204;-0.012856311;-0.0001309514;0.0;0.0;0.0;0.0;0.0;0.0
1421642364;1421470781;0.0;0.0;0.0;0.0;0.0;0.0;0.0;0.0;0.0;0.0;0.0;0.0;0.0;0.28580165;0.0;0.0;0.0;0.0;0.01789628;-0.008686749;-0.004153356;0.01789628;0.08656878;-0.033329368;-0.0048451424;0.0;0.0;0.0;0.0;0.0;0.0
1422146203;1421974641;0.0;0.0;0.0;0.0;0.0;0.0;0.0;0.0;0.0;0.0;0.0;0.0;0.0;0.35498524;0.0;0.0;0.0;0.0;0.019535258;-0.012562893;-0.0025632456;0.019535258;-0.050329953;-0.03253298;-0.0014256239;0.0;0.0;0.0;0.0;0.0;0.0
1422641058;1422469504;0.0;0.0;0.0;0.0;0.0;0.0;0.0;0.0;0.0;0.0;0.0;0.0;0.0;0.23060322;0.0;0.0;0.0;0.0;0.017653897;-0.011050689;-0.0013468489;0.017653897;-0.100188985;0.025032585;-0.0073426366;0.0;0.0;0.0;0.0;0.0;0.0
1423144963;1422973364;0.0;0.0;0.0;0.0;0.0;0.0;0.0;0.0;0.0;0.0;0.0;0.0;0.0;0.053655863;0.0;0.0;0.0;0.0;0.017515212;-0.009372691;-0.0034145042;0.017515212;0.055087015;0.01570045;-0.0021361709;0.0;0.0;0.0;0.0;0.0;0.0
1423640103;1423468227;0.0;0.0;0.0;0.0;0.0;0.0;0.0;0.0;0.0;0.0;0.0;0.0;0.0;0.15569234;0.0;0.0;0.0;0.0;0.020748705;-0.011386551;-0.0018298924;0.020748705;0.045912344;-0.016815517;-0.0009777546;0.0;0.0;0.0;0.0;0.0;0.0
1424143583;1423972134;0.0;0.0;0.0;0.0;0.0;0.0;0.0;0.0;0.0;0.0;0.0;0.0;0.0;0.11490631;0.0;0.0;0.0;0.0;0.020727336;-0.01040468;-0.0017855167;0.020727336;0.065339305;0.010159147;-0.0022108555;0.0;0.0;0.0;0.0;0.0;0.0
1424647533;1424475947;0.0;0.0;0.0;0.0;0.0;0.0;0.0;0.0;0.0;0.0;0.0;0.0;0.0;0.06582999;0.0;0.0;0.0;0.0;0.020590112;-0.0072533065;-0.0023757517;0.020590112;-0.0071202544;-0.04849887;-0.0011438131;0.0;0.0;0.0;0.0;0.0;0.0
1425142447;1424970809;0.0;0.0;0.0;0.0;0.0;0.0;0.0;0.0;0.0;0.0;0.0;0.0;0.0;0.22426796;0.0;0.0;0.0;0.0;0.023314655;-0.0111971125;-0.0029368103;0.023314655;-0.023181077;-0.02095289;-8.666515e-05;0.0;0.0;0.0;0.0;0.0;0.0
1425646228;1425474668;0.0;0.0;0.0;0.0;0.0;0.0;0.0;0.0;0.0;0.0;0.0;0.0;0.0;0.2887454;0.0;0.0;0.0;0.0;0.021079198;-0.012178853;-0.0008314699;0.021079198;0.032695234;0.0122994045;-0.00060784817;0.0;0.0;0.0;0.0;0.0;0.0
1426141182;1425969531;0.0;0.0;0.0;0.0;0.0;0.0;0.0;0.0;0.0;0.0;0.0;0.0;0.0;0.17751384;0.0;0.0;0.0;0.0;0.017424405;-0.011314698;-0.0031181648;0.017424405;0.0022175875;0.007036861;1.9907951e-05;0.0;0.0;0.0;0.0;0.0;0.0
1426644913;1426473390;0.0;0.0;0.0;0.0;0.0;0.0;0.0;0.0;0.0;0.0;0.0;0.0;0.0;0.2697239;0.0;0.0;0.0;0.0;0.021415755;-0.011222582;-0.0012692809;0.021415755;-0.040946502;0.044272758;-0.002384901;0.0;0.0;0.0;0.0;0.0;0.0
1427139782;1426968252;0.0;0.0;0.0;0.0;0.0;0.0;0.0;0.0;0.0;0.0;0.0;0.0;0.0;0.13866591;0.0;0.0;0.0;0.0;0.02141498;-0.011190289;-0.0019321889;0.02141498;-0.006688082;-0.013397818;-0.00016015768;0.0;0.0;0.0;0.0;0.0;0.0
1427643742;1427472112;0.0;0.0;0.0;0.0;0.0;0.0;0.0;0.0;0.0;0.0;0.0;0.0;0.0;0.2928691;0.0;0.0;0.0;0.0;0.018494755;-0.008890538;-0.0045295805;0.018494755;-0.040192474;0.032628514;-0.0018553734;0.0;0.0;0.0;0.0;0.0;0.0
1428147464;1427976018;0.0;0.0;0.0;0.0;0.0;0.0;0.0;0.0;0.0;0.0;0.0;0.0;0.0;0.29780436;0.0;0.0;0.0;0.0;0.017303675;-0.011695719;-0.002743043;0.017303675;-0.031248815;-0.056066446;-0.002470851;0.0;0.0;0.0;0.0;0.0;0.0
1428642613;1428470880;0.0;0.0;0.0;0.0;0.0;0.0;0.0;0.0;0.0;0.0;0.0;0.0;0.0;0.20838642;0.0;0.0;0.0;0.0;0.02009897;-0.0090184435;-0.0029758438;0.02009897;0.03410934;0.06824159;-0.0033547878;0.0;0.0;0.0;0.0;0.0;0.0
1429146314;1428974692;0.0;0.0;0.0;0.0;0.0;0.0;0.0;0.0;0.0;0.0;0.0;0.0;0.0;0.35984397;0.0;0.0;0.0;0.0;0.021521762;-0.014376869;-0.003116347;0.021521762;0.006504808;-0.06266193;-0.0021137;0.0;0.0;0.0;0.0;0.0;0.0
1429641221;1429469554;0.0;0.0;0.0;0.0;0.0;0.0;0.0;0.0;0.0;0.0;0.0;0.0;0.0;0.10801554;0.0;0.0;0.0;0.0;0.021519333;-0.011415202;-0.0015466288;0.021519333;-0.009740493;-0.045945182;-0.001418829;0.0;0.0;0.0;0.0;0.0;0.0
1430144975;1429973413;0.0;0.0;0.0;0.0;0.0;0.0;0.0;0.0;0.0;0.0;0.0;0.0;0.0;0.22246289;0.0;0.0;0.0;0.0;0.025548756;-0.00984313;-0.0011171848;0.025548756;0.051463578;0.030024998;-0.0018799305;0.0;0.0;0.0;0.0;0.0;0.0
1430639783;1430468275;0.0;0.0;0.0;0.0;0.0;0.0;0.0;0.0;0.0;0.0;0.0;0.0;0.0;0.2655208;0.0;0.0;0.0;0.0;0.023286015;-0.010474078;-0.001308322;0.023286015;-0.07257762;0.060292665;-0.0033910275;0.0;0.0;0.0;0.0;0.0;0.0
1431143670;1430972134;0.0;0.0;0.0;0.0;0.0;0.0;0.0;0.0;0.0;0.0;0.0;0.0;0.0;0.18487;0.0;0.0;0.0;0.0;0.019809425;-0.0112462025;-0.0021028891;0.019809425;0.07992942;-0.075569876;-0.0061146617;0.0;0.0;0.0;0.0;0.0;0.0
1431647614;1431475992;0.0;0.0;0.0;0.0;0.0;0.0;0.0;0.0;0.0;0.0;0.0;0.0;0.0;-0.038075686;0.0;0.0;0.0;0.0;0.025144026;-0.012396961;-0.0009747967;0.025144026;-0.051236354;0.015039147;-0.0008710027;0.0;0.0;0.0;0.0;0.0;0.0
1432142454;1431970854;0.0;0.0;0.0;0.0;0.0;0.0;0.0;0.0;0.0;0.0;0.0;0.0;0.0;0.3072827;0.0;0.0;0.0;0.0;0.020196259;-0.011504656;-0.00031060725;0.020196259;-0.043097887;-0.06792879;-0.0041520596;0.0;0.0;0.0;0.0;0.0;0.0
1432646209;1432474759;0.0;0.0;0.0;0.0;0.0;0.0;0.0;0.0;0.0;0.0;0.0;0.0;0.0;0.22358751;0.0;0.0;0.0;0.0;0.021125615;-0.010373717;-0.0012912676;0.021125615;0.03162893;-0.012321171;-0.00042176247;0.0;0.0;0.0;0.0;0.0;0.0
1433141072;1432969621;0.0;0.0;0.0;0.0;0.0;0.0;0.0;0.0;0.0;0.0;0.0;0.0;0.0;-0.009634018;0.0;0.0;0.0;0.0;0.023181692;-0.010935651;-0.0028209835;0.023181692;0.034335434;0.011942465;-0.0015773177;0.0;0.0;0.0;0.0;0.0;0.0
1433645353;1433473433;0.0;0.0;0.0;0.0;0.0;0.0;0.0;0.0;0.0;0.0;0.0;0.0;0.0;0.11942148;0.0;0.0;0.0;0.0;0.018028677;-0.0099820625;-0.0003079623;0.018028677;0.039142255;0.028545024;-0.00093340874;0.0;0.0;0.0;0.0;0.0;0.0
1434139928;1433968294;0.0;0.0;0.0;0.0;0.0;0.0;0.0;0.0;0.0;0.0;0.0;0.0;0.0;0.11890674;0.0;0.0;0.0;0.0;0.017975837;-0.0098661855;0.00073969364;0.017975837;-0.026646549;-0.0036359802;-0.0007850528;0.0;0.0;0.0;0.0;0.0;0.0
1434643745;1434472152;0.0;0.0;0.0;0.0;0.0;0.0;0.0;0.0;0.0;0.0;0.0;0.0;0.0;0.05919051;0.0;0.0;0.0;0.0;0.017209232;-0.0072512366;-0.0003774315;0.017209232;-0.015355219;-0.09114488;-0.004621625;0.0;0.0;0.0;0.0;0.0;0.0
1435147532;1434976011;0.0;0.0;0.0;0.0;0.0;0.0;0.0;0.0;0.0;0.0;0.0;0.0;0.0;0.168113;0.0;0.0;0.0;0.0;0.01531741;-0.009424195;-0.0016036928;0.01531741;-0.014711035;-0.00046570785;-0.0001487732;0.0;0.0;0.0;0.0;0.0;0.0
1435642442;1435470872;0.0;0.0;0.0;0.0;0.0;0.0;0.0;0.0;0.0;0.0;0.0;0.0;0.0;0.11324549;0.0;0.0;0.0;0.0;0.018724695;-0.009443244;-0.000828743;0.018724695;0.028027494;-0.0408566;-0.00071656704;0.0;0.0;0.0;0.0;0.0;0.0
1436146354;1435974730;0.0;0.0;0.0;0.0;0.0;0.0;0.0;0.0;0.0;0.0;0.0;0.0;0.0;0.13630319;0.0;0.0;0.0;0.0;0.017717645;-0.008842556;-0.0012689382;0.017717645;-0.0053075245;0.010609347;4.6372414e-05;0.0;0.0;0.0;0.0;0.0;0.0
1436641147;1436469591;0.0;0.0;0.0;0.0;0.0;0.0;0.0;0.0;0.0;0.0;0.0;0.0;0.0;0.09643793;0.0;0.0;0.0;0.0;0.019302115;-0.009319311;-0.0023064092;0.019302115;0.017988605;-0.055195995;-0.00062328577;0.0;0.0;0.0;0.0;0.0;0.0
1437144944;1436973496;0.0;0.0;0.0;0.0;0.0;0.0;0.0;0.0;0.0;0.0;0.0;0.0;0.0;-0.028687;0.0;0.0;0.0;0.0;0.015721679;-0.009198481;-0.0017845184;0.015721679;0.059785206;0.022927254;-0.0017135143;0.0;0.0;0.0;0.0;0.0;0.0
1437639822;1437468357;0.0;0.0;0.0;0.0;0.0;0.0;0.0;0.0;0.0;0.0;0.0;0.0;0.0;0.454288;0.0;0.0;0.0;0.0;0.020968273;-0.010327894;-0.0024536252;0.020968273;-0.009632279;0.050192237;-0.0017460585;0.0;0.0;0.0;0.0;0.0;0.0
1438143840;1437972168;0.0;0.0;0.0;0.0;0.0;0.0;0.0;0.0;0.0;0.0;0.0;0.0;0.0;0.38299775;0.0;0.0;0.0;0.0;0.018371433;-0.010719012;-0.00092122704;0.018371433;0.028013825;0.042893868;-0.0011766553;0.0;0.0;0.0;0.0;0.0;0.0
1438647580;1438476026;0.0;0.0;0.0;0.0;0.0;0.0;0.0;0.0;0.0;0.0;0.0;0.0;0.0;0.23617005;0.0;0.0;0.0;0.0;0.016578063;-0.010004148;-0.0010262206;0.016578063;-0.0215534;-0.015197765;-0.00064086914;0.0;0.0;0.0;0.0;0.0;0.0
1439142444;1438970887;0.0;0.0;0.0;0.0;0.0;0.0;0.0;0.0;0.0;0.0;0.0;0.0;0.0;0.15522695;0.0;0.0;0.0;0.0;0.01686205;-0.009187405;-0.0024318323;0.01686205;0.0070297946;-0.026214533;-6.6161156e-06;0.0;0.0;0.0;0.0;0.0;0.0
1439646237;1439474744;0.0;0.0;0.0;0.0;0.0;0.0;0.0;0.0;0.0;0.0;0.0;0.0;0.0;0.21768785;0.0;0.0;0.0;0.0;0.018639788;-0.00958333;-0.0016460791;0.018639788;-0.029973494;0.005114962;-0.0004209876;0.0;0.0;0.0;0.0;0.0;0.0
1440141131;1439969605;0.0;0.0;0.0;0.0;0.0;0.0;0.0;0.0;0.0;0.0;0.0;0.0;0.0;0.15471244;0.0;0.0;0.0;0.0;0.019558892;-0.0113237435;-0.0023150668;0.019558892;0.0026662871;0.0023275265;-8.863211e-05;0.0;0.0;0.0;0.0;0.0;0.0
1440645069;1440473463;0.0;0.0;0.0;0.0;0.0;0.0;0.0;0.0;0.0;0.0;0.0;0.0;0.0;0.2066145;0.0;0.0;0.0;0.0;0.011362031;-0.010267551;-0.003306225;0.011362031;-0.09956303;-0.035026908;-0.0055065155;0.0;0.0;0.0;0.0;0.0;0.0
1441139938;1440968323;0.0;0.0;0.0;0.0;0.0;0.0;0.0;0.0;0.0;0.0;0.0;0.0;0.0;0.11831236;0.0;0.0;0.0;0.0;0.017335743;-0.010063214;-0.002692692;0.017335743;0.043503463;-0.015174448;-0.0005630255;0.0;0.0;0.0;0.0;0.0;0.0
1441643949;1441472228;0.0;0.0;0.0;0.0;0.0;0.0;0.0;0.0;0.0;0.0;0.0;0.0;0.0;0.0373497;0.0;0.0;0.0;0.0;0.018162146;-0.009373254;-0.0011443868;0.018162146;0.049239732;-0.03585412;-0.0025298;0.0;0.0;0.0;0.0;0.0;0.0
1442147744;1441976039;0.0;0.0;0.0;0.0;0.0;0.0;0.0;0.0;0.0;0.0;0.0;0.0;0.0;0.2665944;0.0;0.0;0.0;0.0;0.018012032;-0.010287288;-0.0015114993;0.018012032;0.026927713;-0.020796731;-0.00052797794;0.0;0.0;0.0;0.0;0.0;0.0
1442642607;1442470899;0.0;0.0;0.0;0.0;0.0;0.0;0.0;0.0;0.0;0.0;0.0;0.0;0.0;0.29761982;0.0;0.0;0.0;0.0;0.017669365;-0.0102141965;-0.0021544993;0.017669365;-0.017114539;-0.032123316;-0.00038826466;0.0;0.0;0.0;0.0;0.0;0.0
1443146378;1442974756;0.0;0.0;0.0;0.0;0.0;0.0;0.0;0.0;0.0;0.0;0.0;0.0;0.0;0.13495255;0.0;0.0;0.0;0.0;0.01748079;-0.008464007;-0.0005777478;0.01748079;-0.014560048;-0.005850413;-4.929304e-05;0.0;0.0;0.0;0.0;0.0;0.0
1444145020;1443973474;0.0;0.0;0.0;0.0;0.0;0.0;0.0;0.0;0.0;0.0;0.0;0.0;0.0;0.45735526;0.0;0.0;0.0;0.0;0.016648158;-0.009668726;-0.0018323809;0.016648158;-0.0077034906;0.01116635;3.8146973e-06;0.0;0.0;0.0;0.0;0.0;0.0
1444639869;1444468334;0.0;0.0;0.0;0.0;0.0;0.0;0.0;0.0;0.0;0.0;0.0;0.0;0.0;0.029946566;0.0;0.0;0.0;0.0;0.019202128;-0.009255776;-0.0010973588;0.019202128;0.011300601;-0.0036154324;-2.3186207e-05;0.0;0.0;0.0;0.0;0.0;0.0
1445143879;1444972191;0.0;0.0;0.0;0.0;0.0;0.0;0.0;0.0;0.0;0.0;0.0;0.0;0.0;0.24532247;0.0;0.0;0.0;0.0;0.017678201;-0.011114443;-0.0018094555;0.017678201;-0.013862085;-0.07959243;-0.005615592;0.0;0.0;0.0;0.0;0.0;0.0
1445647568;1445476095;0.0;0.0;0.0;0.0;0.0;0.0;0.0;0.0;0.0;0.0;0.0;0.0;0.0;0.22657657;0.0;0.0;0.0;0.0;0.021319956;-0.009566155;-0.0026599318;0.021319956;-0.010927513;-0.029563174;-3.0457973e-05;0.0;0.0;0.0;0.0;0.0;0.0
1446142405;1445970955;0.0;0.0;0.0;0.0;0.0;0.0;0.0;0.0;0.0;0.0;0.0;0.0;0.0;0.2119224;0.0;0.0;0.0;0.0;0.0;0.004303694;0.04719922;0.032691598;-0.015329493;0.041864056;0.0015431046;0.0;0.0;0.0;0.0;0.0;0.0
1446646392;1446474765;0.0;0.0;0.0;0.0;0.0;0.0;0.0;0.0;0.0;0.0;0.0;0.0;0.0;0.047430992;0.0;0.0;0.0;0.0;0.016676322;0.0017897128;0.016676322;-0.004426688;0.124652326;0.09207296;0.07387066;0.0;0.0;0.0;0.0;0.0;0.0
