timestamp;rollspeed_integ;pitchspeed_integ;yawspeed_integ
1250838357;0.0;0.0;0.0
1250839890;0.0;0.0;0.0
1251039295;0.0;0.0;0.0
1251239129;0.0;0.0;0.0
1251438210;0.0;0.0;0.0
1251642213;0.0;0.0;0.0
1251841622;0.0;0.0;0.0
1252041075;0.0;0.0;0.0
1252240532;0.0;0.0;0.0
1252439989;0.0;0.0;0.0
1252639489;0.0;0.0;0.0
1252838906;0.0;-0.01935644;0.0
1253041355;0.0;-0.07273529;0.0
1253241292;0.0;-0.10344883;0.0
1253440290;-0.013212583;-0.11731658;0.0010546236
1253639725;0.006385088;-0.081012905;0.0010084099
1253839233;-0.00046951234;-0.04827711;0.00056900264
1254038639;-0.010637297;-0.060103543;0.0011089883
1254238185;-0.000773404;-0.058545254;0.00089947466
1254442052;-0.0024114714;-0.0457505;0.0010576337
1254641554;-0.0058677797;-0.047572162;0.0011056224
1254836517;-0.004872661;-0.04936626;0.0010942119
1255040814;-0.006557462;-0.048013784;0.0010842517
1255239875;-0.00649785;-0.04856557;0.0010708479
1255439332;-0.004637063;-0.0519898;0.0009518879
1255638837;-0.0049536712;-0.05380087;0.0008621021
1255841363;-0.0061669345;-0.0553096;0.0010385634
1256040702;-0.004745597;-0.057900332;0.0010195489
1256240163;-0.00663411;-0.062684946;0.0010741162
1256439615;-0.007894352;-0.06360297;0.0010455784
1256639075;-0.0071259495;-0.06361863;0.00090604567
1256838576;-0.0061396146;-0.06481382;0.00059332047
1257037984;-0.0064462903;-0.067159526;0.00030108745
1257241943;-0.0063688406;-0.065628015;0.00018590772
1257441398;-0.0057190927;-0.060390003;0.00020935135
1257640904;-0.004700084;-0.057546575;0.00016684367
1257840364;-0.0070637027;-0.06430346;0.00026061037
1258039768;-0.006827355;-0.066677615;0.00019548059
1258239224;-0.0045002312;-0.06384551;0.00016305901
1258438683;-0.009029607;-0.06287725;0.00057079946
1258638298;-0.011929231;-0.061478455;0.00090830005
1258840643;-0.011583819;-0.06252314;0.0008576781
1259040053;-0.011018789;-0.066755176;0.00096734083
1259239504;-0.009903623;-0.06501532;0.0009367583
1259438961;-0.011032238;-0.06363651;0.0009132575
1259639926;-0.011325038;-0.06428166;0.0008908218
1259839398;-0.010227042;-0.06205599;0.00090331654
1260038874;-0.012299021;-0.062258434;0.0008889384
1260241287;-0.016380763;-0.06606304;0.0010215889
1260440747;-0.017084887;-0.06428493;0.0011040602
1260640252;-0.015177362;-0.062071856;0.0009724697
1260839658;-0.019323392;-0.06415068;0.00094930764
1261039116;-0.019629773;-0.06506822;0.0011746079
1261238571;-0.014719937;-0.06992036;0.0009993317
1261438030;-0.014327672;-0.06861491;0.00023525851
1261640497;-0.014712045;-0.06615279;-0.00041568378
1261841440;-0.014642389;-0.06546111;-0.00076137925
1262040898;-0.023197675;-0.06312065;-0.00069072976
1262240454;-0.021954589;-0.06374029;7.8539226e-05
1262439856;-0.018162657;-0.069907755;0.0010380027
1262639265;-0.015109587;-0.071033426;0.0011981744
1262841724;-0.013813041;-0.06976775;0.0011445726
1263041180;-0.012137397;-0.07207754;0.00092199905
1263240636;-0.013107064;-0.07191044;0.0010935505
1263440093;-0.01453781;-0.0704142;0.0013848506
1263639594;-0.014359154;-0.06951464;0.0014849084
1263839007;-0.012268385;-0.069266886;0.0018344366
1264038967;-0.016893292;-0.068228595;0.0019448373
1264242415;-0.016544022;-0.06905787;0.001986809
1264441927;-0.012110618;-0.07059946;0.0018746257
1264641330;-0.009654616;-0.06933002;0.0018418633
1264840786;-0.004152143;-0.06973564;0.0011732515
1265040242;-0.009802446;-0.066867866;0.0003230182
1265239702;-0.012482123;-0.063330725;-0.00044735847
1265439206;-0.014385153;-0.06352386;-0.0006571461
1265638614;-0.016483083;-0.06462432;-0.00025360973
1265841073;-0.01867229;-0.065177195;0.0009937057
1266040900;-0.015052624;-0.066430554;0.0023331612
1266239985;-0.01585337;-0.06682428;0.0028883137
1266439438;-0.009990953;-0.06436866;0.002419411
1266638945;-0.013820745;-0.06342973;0.0022251357
1266838354;-0.011708157;-0.064636566;0.0021651692
1267042306;-0.010681737;-0.0690236;0.002087257
1267241767;-0.014743521;-0.07068282;0.0020765967
1267441269;-0.016777331;-0.06997952;0.0022832458
1267640675;-0.013409504;-0.07081682;0.0027920457
1267838681;-0.014559827;-0.07277571;0.0025718203
1268039601;-0.012000255;-0.07292846;0.0018982589
1268239047;-0.010153275;-0.07255015;0.001706631
1268441501;-0.012792365;-0.07070968;0.0019478978
1268641006;-0.012355599;-0.06868479;0.0022866665
1268840415;-0.0117240045;-0.06925795;0.0029847957
1269039874;-0.013143523;-0.06937214;0.0032238702
1269239330;-0.014679989;-0.06847408;0.0034664283
1269438785;-0.016860565;-0.06944833;0.0037501291
1269638287;-0.012127871;-0.06874446;0.0039564543
1269840750;-0.011151399;-0.06466618;0.0038033396
1270041651;-0.010784;-0.06516368;0.0039908923
1270241108;-0.00797127;-0.06657241;0.0039445125
1270440651;-0.0052448325;-0.065811;0.0039042106
1270640023;-0.005523322;-0.064970925;0.003966747
1270839477;-0.00808749;-0.06689985;0.0038941274
1271032985;-0.008961193;-0.06833891;0.004152145
1271241393;-0.0059981644;-0.06724862;0.003966585
1271440850;-0.0063998178;-0.069691256;0.004064012
1271640349;-0.011550099;-0.0718809;0.0037675356
1271839765;-0.01432823;-0.070594296;0.0037151857
1272039215;-0.013620649;-0.0682231;0.003945566
1272238672;-0.013532789;-0.0706132;0.0034235285
1272438131;-0.01731026;-0.069180414;0.0028424796
1272642082;-0.01175218;-0.06468151;0.0022931616
1272841542;-0.013010248;-0.06374659;0.0019744458
1273040997;-0.016964724;-0.06473726;0.0020130915
1273240452;-0.010736754;-0.063762784;0.0020519693
1273439957;-0.012769039;-0.06426453;0.0016368058
1273639367;-0.012585876;-0.06403555;0.001197307
1273838825;-0.0055638864;-0.06542067;0.00102405
1274041276;-0.0044024736;-0.06333553;0.0014818733
1274240775;-0.0063950177;-0.062290158;0.0020473052
1274440189;-0.0062703155;-0.062153954;0.0023194626
1274639692;-0.0060528424;-0.066121034;0.0021594996
1274839100;-0.008984935;-0.06326801;0.0015080456
1275038930;-0.00893331;-0.06080983;0.0010374339
1275238012;-0.0037249776;-0.07054884;0.0013823746
1275442019;-0.00605972;-0.06598938;0.002337157
1275641427;-0.0067296717;-0.06584933;0.004091249
1275840888;-0.0078100865;-0.069501534;0.004834028
1276040339;-0.005253316;-0.07032625;0.004743775
1276239801;-0.004186761;-0.07130366;0.004672252
1276439300;-0.0059077954;-0.07272923;0.004845891
1276638704;-0.010892478;-0.07279427;0.0051085125
1276841161;-0.0051153796;-0.071308225;0.005090684
1277040999;-0.0048653744;-0.07178131;0.005065679
1277240074;-0.009490746;-0.07206701;0.0051386342
1277441035;-0.006063686;-0.068343334;0.005053734
1277639037;-0.0007935609;-0.06302822;0.00492956
1277839942;-0.0064721764;-0.06392607;0.00535096
1278039399;-0.0060085957;-0.06814894;0.005385166
1278238902;-0.011101028;-0.06861007;0.005957363
1278441358;-0.005917453;-0.06640664;0.005750067
1278640846;0.0005568611;-0.06293212;0.005901572
1278840598;-0.0041171582;-0.062944524;0.006100135
1279039675;-0.006463766;-0.06400257;0.006133147
1279239134;-0.00883359;-0.06587073;0.0059837913
1279438718;-0.010298357;-0.06597291;0.0058600954
1279641092;-0.012772675;-0.06418879;0.005849684
1279840496;-0.014913449;-0.062609635;0.0059665
1280041457;-0.0150737;-0.0659968;0.0059871385
1280240958;-0.011203012;-0.06549263;0.0060275537
1280440372;-0.005848554;-0.063125364;0.005832664
1280638375;-0.007196655;-0.06287513;0.0057666237
1280839278;-0.013893114;-0.06278473;0.0059180106
1281038740;-0.016176764;-0.06214423;0.006036967
1281241191;-0.017587468;-0.06389017;0.005922216
1281440692;-0.016469272;-0.06404895;0.0054444005
1281640104;-0.019178255;-0.06539719;0.005026638
1281839561;-0.0138410255;-0.07232862;0.004816589
1282039013;-0.014093582;-0.07091186;0.0047201407
1282238468;-0.014511728;-0.06297205;0.0046483926
1282437972;-0.011302015;-0.06348577;0.0039914586
1282640426;-0.011619658;-0.065694995;0.0029121267
1282841337;-0.011672365;-0.06375178;0.0018593343
1283040791;-0.014086755;-0.062034354;0.0016410524
1283240297;-0.013932658;-0.068938985;0.0018430107
1283439702;-0.011801328;-0.06787704;0.0015591143
1283639160;-0.006150713;-0.06797849;0.0013739788
1283841611;-0.011273825;-0.067442894;0.0012273373
1284041070;-0.011122863;-0.0660544;0.001126618
1284240528;-0.0052697654;-0.069020845;0.0011420337
1284440030;-0.009248485;-0.066200584;0.0014411142
1284639433;-0.010156225;-0.068334624;0.0022503305
1284838893;-0.006413603;-0.06945778;0.0024487723
1285038343;-0.009330732;-0.067071475;0.0022631448
1285242350;-0.009995212;-0.0681285;0.002553028
1285441754;-0.010343213;-0.06779967;0.0027762032
1285641211;-0.010301817;-0.066813685;0.002609555
1285840666;-0.008182655;-0.065792434;0.0022002065
1286040121;-0.00721329;-0.06321554;0.0015883743
1286239627;-0.0077128187;-0.06547145;0.0016860978
1286439034;-0.0064995848;-0.0652885;0.0018991982
1286641493;-0.00631123;-0.0651573;0.0017641942
1286841001;-0.008947166;-0.06642812;0.001644894
1287040401;-0.011963124;-0.070329696;0.0018103645
1287239853;-0.013140078;-0.07113014;0.0025074168
1287439354;-0.010076945;-0.0729336;0.0029180234
1287638765;-0.011034461;-0.073840156;0.0034593747
1287838628;-0.010818168;-0.072211735;0.0038449701
1288042173;-0.011939717;-0.07260264;0.0047913515
1288241675;-0.009231067;-0.07097234;0.00600833
1288441089;-0.008671645;-0.070299186;0.0064242645
1288640540;-0.006256322;-0.068142906;0.0062715122
1288840016;-0.0054712817;-0.07201681;0.006384353
1289039449;-0.004929956;-0.072469175;0.0060429885
1289238953;-0.0043287277;-0.07175915;0.0056935274
1289438359;-0.006012966;-0.071920246;0.005409572
1289640816;-0.0074956194;-0.07038094;0.0053924425
1289840706;-0.009615898;-0.06683181;0.0058024577
1290039725;-0.010453207;-0.06288064;0.006075686
1290239179;-0.01298825;-0.063593395;0.0065712244
1290438683;-0.016106129;-0.06781721;0.0066969288
1290638091;-0.0065964116;-0.065331906;0.0064374544
1290842044;-0.0018123117;-0.065764144;0.006095573
1291041501;-0.008409905;-0.06667183;0.0055198637
1291241051;-0.0039028479;-0.067913815;0.005229956
1291440409;-0.0039673103;-0.06711168;0.005334506
1291640243;-0.0058733826;-0.06550704;0.005784893
1291839318;-0.0064425915;-0.06770913;0.005805584
1292038776;-0.015550924;-0.06561271;0.0065542464
1292241229;-0.013785083;-0.06722969;0.006681932
1292440730;-0.014045368;-0.06994522;0.0068069934
1292641640;-0.013605367;-0.066601045;0.0068074875
1292839595;-0.013643812;-0.068744555;0.006810711
1293039050;-0.015827026;-0.072288804;0.006866718
1293238502;-0.010836051;-0.07105643;0.006723517
1293438004;-0.009172813;-0.07050079;0.0065749935
1293638912;-0.0069950963;-0.06763082;0.006441329
1293838373;-0.004355387;-0.06715928;0.006403144
1294040870;-0.0009884924;-0.07187596;0.0064642862
1294240325;-0.0014437207;-0.070935436;0.0064534405
1294439733;0.0007373761;-0.07048138;0.0060718115
1294639183;-0.0022439084;-0.06993349;0.005893345
1294838642;-0.0011646723;-0.06563438;0.005227346
1295041140;-0.002361237;-0.069329984;0.004482889
1295240547;-0.0034649982;-0.073275425;0.003545836
1295440052;-0.0032516837;-0.071997665;0.002725342
1295640956;-0.00075280387;-0.07014884;0.00187731
1295840413;-0.0034864398;-0.0723264;0.0014005615
1296039915;-0.004472121;-0.07257507;0.0014177104
1296239322;-0.0014524931;-0.072445914;0.0016375855
1296438780;-0.007232172;-0.07004946;0.0018017032
1296641230;-0.008143476;-0.06901162;0.0017907901
1296840731;-0.0064941277;-0.06849525;0.0024121015
1297040140;-0.006030813;-0.06820347;0.003739771
1297239638;-0.0024959785;-0.07000813;0.0040435204
1297439051;-0.004486832;-0.071110554;0.0038675275
1297638501;-0.005151096;-0.06917503;0.0030962846
1297838008;-0.0031852224;-0.073004186;0.0029060564
1298041964;-0.0041528386;-0.07469913;0.0035196936
1298241364;-0.0017657888;-0.074269526;0.004385501
1298440821;-0.00021657172;-0.06840192;0.004376644
1298640274;-0.002577686;-0.073546976;0.004345424
1298839726;-0.0015725101;-0.07215709;0.0041248356
1299039229;-0.0026529676;-0.0696399;0.0046140887
1299241685;-0.0032410037;-0.070749864;0.005892626
1299441161;-0.0049595656;-0.07149125;0.006680165
1299640544;-0.0024967748;-0.07201831;0.0066280956
1299839998;-0.0024617459;-0.0721004;0.0068069426
1300039454;-0.0010833725;-0.070033945;0.006658237
1300239024;-0.0033089886;-0.07101876;0.0062886467
1300439862;-0.0047723344;-0.07536805;0.0066579357
1300642313;-0.0011211267;-0.07150479;0.007679208
1300841768;0.0013455829;-0.06864483;0.007708263
1301041269;0.00053934247;-0.07567278;0.007855531
1301240678;0.0027235218;-0.071632214;0.007829989
1301440153;0.0047311527;-0.06917095;0.007494398
1301639585;0.0032126447;-0.07300761;0.006632654
1301839040;0.00044544955;-0.069749765;0.005687998
1302041492;-0.00026289056;-0.06982754;0.0052010566
1302240995;-0.001258126;-0.073797174;0.005041723
1302440441;-0.0024940555;-0.07347182;0.005614407
1302640275;-0.0007069938;-0.07307053;0.0058461386
1302839309;-0.0014987221;-0.07216619;0.0052064364
1303038770;-0.002214018;-0.06907143;0.0042860825
1303238264;0.0010759223;-0.070089266;0.003176447
1303442170;-0.0004612282;-0.073948935;0.0031492214
1303641621;-0.0036083034;-0.06931363;0.0036595108
1303841174;-0.004712963;-0.06811299;0.0043885997
1304040576;-0.007643688;-0.06970671;0.0048335204
1304239988;-0.01293755;-0.06596315;0.00490541
1304437986;-0.0143500995;-0.066896476;0.004781495
1304638896;-0.011862857;-0.06811735;0.0050489465
1304841346;-0.012917444;-0.06720011;0.0060466668
1305040802;-0.01188964;-0.06816938;0.0072231493
1305240300;-0.01215474;-0.06632546;0.007856265
1305439706;-0.011165738;-0.06797089;0.007906326
1305639158;-0.007891607;-0.07029644;0.0076265805
1305838614;-0.009627661;-0.06865663;0.0073098307
1306038081;-0.008718283;-0.06776445;0.0072568557
1306242021;-0.009604659;-0.066378705;0.006956457
1306441931;-0.012276149;-0.06501872;0.0060426253
1306640931;-0.014654704;-0.06978952;0.006010766
1306840384;-0.0067785145;-0.06832052;0.006258893
1307039888;-0.009718426;-0.070888616;0.0064029205
1307239288;-0.008210737;-0.07333235;0.0069824383
1307438743;-0.0049422104;-0.06785802;0.0074909423
1307641231;-0.00235834;-0.07144778;0.0072868895
1307840649;-0.0024926974;-0.06880656;0.00663971
1308040101;-0.005013823;-0.06726387;0.006272294
1308239600;-0.004256636;-0.06723411;0.006111116
1308439095;-0.0027097485;-0.06692893;0.005973518
1308639961;-0.0006391461;-0.06638642;0.006233899
1308839465;-0.0031212058;-0.067599505;0.006921177
1309038877;-0.0068557984;-0.070916794;0.007819762
1309241321;-0.002298416;-0.069204114;0.008052572
1309440778;0.0020925838;-0.07009832;0.007926021
1309640228;0.0007999306;-0.07109358;0.008016493
1309839680;0.001224689;-0.07016858;0.008017101
1310039181;0.0012811532;-0.06823763;0.00788759
1310238589;0.0049193446;-0.0723532;0.008029736
1310441042;0.0028878227;-0.07653704;0.008085937
1310640491;0.004592711;-0.07631874;0.008105148
1310839951;0.0040873857;-0.073997915;0.007773715
1311040900;0.0027079026;-0.074707314;0.0078042126
1311240354;0.0026890982;-0.07688586;0.0076768748
1311439811;-0.0038754484;-0.07844835;0.008196186
1311639259;-0.0039325277;-0.08031666;0.008403935
1311838760;-0.0065358113;-0.07806896;0.0081795715
1312041221;-0.007092966;-0.07435593;0.008299198
1312240619;-0.006557594;-0.074589744;0.008197143
1312440071;-0.0031984232;-0.07841844;0.008219338
1312639523;-0.0022462385;-0.0790292;0.008276396
1312838980;-0.0031796077;-0.0799281;0.008554305
1313038477;0.0007374322;-0.07769003;0.008475637
1313242385;0.002108825;-0.076575816;0.008241102
1313441835;-0.0027010324;-0.07606027;0.008061029
1313641290;-0.004670418;-0.075286925;0.0077186963
1313840788;-0.008242285;-0.07475934;0.008008864
1314040208;-0.0070389914;-0.07280711;0.008762089
1314239647;-0.0058755567;-0.073710114;0.008636558
1314439102;-0.0066957786;-0.0747008;0.008425085
1314641552;-0.0066027003;-0.07214122;0.00807585
1314841004;-0.008754876;-0.07536818;0.008453559
1315040503;-0.0080923075;-0.07595062;0.008608159
1315239912;-0.0110143665;-0.07494355;0.008902355
1315439857;-0.0050075203;-0.07638309;0.008386613
1315638813;-0.004641105;-0.07257452;0.0077962554
1315838269;-0.008735099;-0.0711784;0.0077572865
1316042224;-0.009987151;-0.077592164;0.008288014
1316241670;-0.008648829;-0.07772853;0.00823849
1316441211;-0.0051578525;-0.07264484;0.0075117354
1316640579;-0.005634989;-0.07562155;0.0074784216
1316840078;-0.003683598;-0.07541149;0.0076708547
1317039485;-0.0033207245;-0.07493893;0.00796919
1317239307;-0.0027746833;-0.07511619;0.008037179
1317441826;-0.0016607017;-0.07188498;0.008249347
1317640840;-0.007835991;-0.07150144;0.009053919
1317840295;-0.0044405544;-0.078794956;0.00988623
1318039801;0.0030508316;-0.075317286;0.009915769
1318239199;0.00056975184;-0.07177513;0.010220643
1318438650;-0.0009706495;-0.07536612;0.010248628
1318638108;0.0053672823;-0.07438176;0.009831927
1318842104;0.004772885;-0.06931803;0.00915452
1319041504;-0.0019460621;-0.074141555;0.008734503
1319241395;-0.0006255017;-0.078457214;0.008675584
1319440412;-0.0013351106;-0.07251039;0.008214588
1319639862;-0.0065480657;-0.07552676;0.008085741
1319839363;-0.0048173117;-0.07242911;0.008349043
1320038769;-0.007943085;-0.07304339;0.008832792
1320241239;-0.010326441;-0.07472321;0.009766208
1320440671;-0.003391433;-0.07341479;0.010531345
1320634171;-0.0052017644;-0.07419548;0.010290839
1320839578;-0.0059064124;-0.07478737;0.009928369
1321039094;-0.0031659056;-0.07591767;0.009913245
1321238482;-0.0029565454;-0.076551974;0.010592951
1321439436;-0.008115404;-0.074296825;0.010762192
1321641885;-0.00745461;-0.07670195;0.010586823
1321841384;-0.010712656;-0.07753098;0.010005916
1322040790;-0.010266902;-0.077928744;0.009805441
1322240241;-0.0028086738;-0.07456952;0.009896311
1322439694;-0.0121966135;-0.07584766;0.010791253
1322639145;-0.012867824;-0.074972875;0.010837289
1322838643;-0.005615436;-0.07431513;0.010101118
1323041096;-0.008282318;-0.07166468;0.009777092
1323240505;-0.012374394;-0.071484156;0.010330343
1323441452;-0.013008028;-0.071823984;0.01073887
1323640965;-0.017281372;-0.06784615;0.011118242
1323840353;-0.014010456;-0.06956995;0.011034457
1324039812;-0.008948853;-0.070711985;0.010377164
1324239262;-0.010451034;-0.07117347;0.009568716
1324441709;-0.005492393;-0.0718952;0.008102061
1324638208;-0.007837144;-0.06893674;0.0072582196
1324840660;-0.011912353;-0.0733814;0.0074755475
1325040067;-0.008380622;-0.078108504;0.008308259
1325239517;-0.008337282;-0.073788516;0.008895436
1325439047;-0.010553929;-0.07562909;0.009808553
1325638425;-0.0021112408;-0.077592716;0.010198816
1325842378;8.541879e-05;-0.0709373;0.010000356
1326041824;-0.0013141922;-0.072269864;0.010331299
1326241281;-0.002575407;-0.076508604;0.010809503
1326440728;0.003292522;-0.0669221;0.009941599
1326640265;0.0048514693;-0.06536277;0.009369694
1326839629;0.006183659;-0.06951436;0.009301786
1327039083;0.0076773283;-0.07014904;0.009543449
1327238533;0.007876147;-0.07113571;0.009614722
1327440996;0.005078795;-0.07400795;0.009563208
1327640436;0.0011893181;-0.07553111;0.009755345
1327839933;0.0033249685;-0.0763304;0.009913918
1328039342;0.0025951322;-0.07372605;0.009932518
1328239188;-0.0017369372;-0.0737447;0.009847053
1328438245;0.002365815;-0.075184256;0.009732993
1328642242;-0.0016799007;-0.07429992;0.009875403
1328841648;-0.0038397303;-0.075278744;0.009815485
1329041191;-0.0029768923;-0.07882663;0.009421405
1329240547;-0.0038674688;-0.079533756;0.00895003
1329439998;-0.00878727;-0.07818506;0.008709733
1329639495;-0.008488858;-0.07331071;0.00895381
1329838997;-0.009680061;-0.0748517;0.009683467
1330041363;-0.010083661;-0.07520189;0.010933305
1330241203;-0.0068843835;-0.07700509;0.011342062
1330440252;-0.009097678;-0.07845036;0.011044796
1330639705;-0.016782418;-0.079175785;0.011653828
1330839203;-0.012486342;-0.076084554;0.011570549
1331038606;-0.015635721;-0.07430692;0.012267089
1331238059;-0.014349971;-0.07840923;0.012477884
1331442016;-0.0108675305;-0.07401329;0.012579032
1331638461;-0.012369544;-0.07320834;0.012518736
1331840911;-0.0119239455;-0.075259;0.012266718
1332040783;-0.012040251;-0.07342961;0.012267883
1332239816;-0.012961244;-0.07124456;0.0124522885
1332439263;-0.014208692;-0.07330205;0.012594338
1332638764;-0.013248838;-0.071729876;0.012435979
1332838166;-0.011495974;-0.07008358;0.01194217
1333040616;-0.012235886;-0.07308272;0.011620252
1333240066;-0.009487417;-0.074165605;0.011517294
1333439518;-0.009582969;-0.07046678;0.01139719
1333640474;-0.008431589;-0.07353829;0.011207724
1333838471;-0.009142595;-0.07220873;0.010685384
1334039376;-0.008501403;-0.07008181;0.009927821
1334238822;-0.008130502;-0.07240404;0.008648374
1334441274;-0.0070308684;-0.07713814;0.007528795
1334640775;-0.0061922767;-0.07643529;0.007215942
1334840175;-0.004809795;-0.07521819;0.0071140514
1335039623;-0.006135721;-0.073907726;0.007236595
1335239077;-0.006323581;-0.07654621;0.0072368667
1335438530;-0.004336583;-0.081191;0.0070494586
1335640978;-0.004538901;-0.0773351;0.007034046
1335840473;-0.009502911;-0.078570835;0.0072032944
1336041381;-0.0032243745;-0.07892811;0.0070166443
1336240832;-0.0039012043;-0.07563928;0.0071461136
1336440329;-0.0068980446;-0.074464;0.007026819
1336639733;-0.004574185;-0.075684994;0.0070568277
1336839270;0.0011670585;-0.07339831;0.006798345
1337041628;0.0031113205;-0.06850068;0.0067826486
1337241089;0.004169568;-0.07101473;0.0066342917
1337440537;0.0031394295;-0.076338544;0.0066112503
1337640028;0.0013982098;-0.07475253;0.0065170783
1337839436;0.002708505;-0.07599188;0.0065700714
1338038965;0.0010710346;-0.07673072;0.006792153
1338238333;-0.003544454;-0.070005566;0.0069992305
1338442332;-0.00019220742;-0.067838654;0.0067874477
1338641734;-0.0033957488;-0.07248494;0.0062184795
1338841187;-0.00716396;-0.07392402;0.006166973
1339040634;-0.0027524247;-0.07781848;0.005936982
1339240086;-0.0051872972;-0.07837224;0.0059166835
1339439584;-0.004501279;-0.07640783;0.0059049046
1339638990;-0.0059005246;-0.077367544;0.0057128253
1339841437;-0.006358793;-0.0754676;0.0058164145
1340040889;-0.006883929;-0.07449639;0.0062646014
1340240337;-0.007597196;-0.07542005;0.0072204093
1340439890;-0.0059926854;-0.07391519;0.007783201
1340639283;-0.0046588676;-0.07407254;0.008549113
1340838687;-0.004824725;-0.071472526;0.009136305
1341038529;-0.0068571535;-0.073573835;0.009604593
1341242089;-0.0051212586;-0.0768412;0.009620733
1341441584;-0.0062163617;-0.073188685;0.009000743
1341640992;-0.007638238;-0.07461492;0.008489952
1341840435;-0.0073202285;-0.07314173;0.008143201
1342039889;-0.010794317;-0.07123985;0.008362341
1342239337;-0.00976789;-0.07263938;0.009197728
1342438837;-0.008427389;-0.07075539;0.009484523
1342641287;-0.008516501;-0.067762814;0.009450527
1342840691;-0.009693685;-0.07016334;0.00923456
1343041641;-0.006938521;-0.072252996;0.008885195
1343239590;-0.009797738;-0.07401648;0.008546823
1343439038;-0.009032908;-0.06943364;0.00867035
1343639991;-0.009187529;-0.071018696;0.008895427
1343839440;-0.005642515;-0.07038439;0.009142609
1344038903;-0.00043559194;-0.06946283;0.009180754
1344241339;0.002666134;-0.0702604;0.008897105
1344440836;0.001085318;-0.070694946;0.008529078
1344640236;-0.0016999225;-0.071354136;0.008615429
1344840059;-0.0036059874;-0.07199714;0.009477763
1345039137;-0.002002511;-0.068766885;0.010892027
1345238590;-0.0027043924;-0.0749496;0.011373159
1345441038;-0.0046821884;-0.07639475;0.011003831
1345640535;-0.0012867409;-0.075352766;0.010638719
1345841441;-0.0033329558;-0.075537376;0.010120617
1346040898;-0.0046583847;-0.07468941;0.010005985
1346240389;-0.0043471153;-0.075645946;0.010131802
1346439785;-0.006139562;-0.077461675;0.010328128
1346637781;-0.0050074095;-0.07283291;0.01023608
1346842089;-0.0035609736;-0.06911037;0.01008137
1347041134;-0.0055656927;-0.069353156;0.009974506
1347240586;-0.005938813;-0.07198411;0.010442094
1347440084;-0.008547791;-0.073122144;0.01045736
1347639484;-0.010529001;-0.07421462;0.01037027
1347838938;-0.00971673;-0.07464575;0.010087157
1348038388;-0.010083185;-0.07440947;0.010144588
1348242385;-0.009931103;-0.07376249;0.010632093
1348441847;-0.011653467;-0.07474968;0.011346821
1348639780;-0.00955764;-0.07452887;0.011185021
1348840725;-0.010165049;-0.07357114;0.010513546
1349040128;-0.008102319;-0.072734885;0.00989499
1349239691;-0.0061162184;-0.07261855;0.009167803
1349439063;-0.0055259177;-0.07535527;0.008353981
1349641475;-0.0055507203;-0.08023816;0.007696214
1349840927;-0.0062791193;-0.07825092;0.0078418655
1350040377;-0.0033046985;-0.0770024;0.0086592
1350239830;-0.005288202;-0.06886929;0.009002549
1350439321;-0.009787644;-0.066483006;0.00935103
1350638726;-0.0049183127;-0.06959012;0.009101975
1350838173;-0.008873413;-0.07376018;0.00838799
1351042124;-0.0083856685;-0.07462993;0.007476669
1351241624;-0.0035829386;-0.07287657;0.0067574386
1351441021;-0.007845661;-0.07161212;0.006573579
1351640474;-0.004547158;-0.07012136;0.006491732
1351839927;-0.0013187369;-0.07115857;0.0065170443
1352039369;-0.00095046253;-0.07289728;0.006542722
1352238868;-0.004113806;-0.07210264;0.0064704535
1352441315;-0.0055747917;-0.072429165;0.0069624237
1352640717;-0.0051244334;-0.07136712;0.008064058
1352840167;-0.00628604;-0.07082535;0.0096063595
1353039642;-0.008319589;-0.0687706;0.009899361
1353239067;-0.007392922;-0.07002029;0.0095983045
1353438562;-0.0037831876;-0.07269404;0.009197997
1353639467;-0.004672086;-0.06950032;0.008834181
1353838913;-0.005317518;-0.06832279;0.008550915
1354038408;-0.0034313821;-0.07390649;0.008377845
1354240862;-0.005626739;-0.07302955;0.008641422
1354440260;-0.007291748;-0.06842847;0.008513145
1354639715;-0.0065637;-0.07501807;0.008750868
1354839157;-0.0074157016;-0.06890878;0.009350438
1355038608;-0.0069164005;-0.067892306;0.009450333
1355241055;-0.0060202205;-0.07238179;0.0096878
1355440592;-0.008258379;-0.068118624;0.009952234
1355641456;-0.0068045533;-0.0678013;0.009921927
1355840901;-0.0076055666;-0.07294246;0.009881366
1356040396;-0.013006253;-0.07023099;0.010250059
1356239800;-0.012059098;-0.06767968;0.010707081
1356439248;-0.007027902;-0.06599497;0.010970563
1356641696;-0.0053018555;-0.06547289;0.010911427
1356841147;-0.008089773;-0.065084316;0.010713542
1357040595;-0.009064398;-0.0718658;0.01075222
1357240090;-0.0026860011;-0.07091139;0.009837438
1357439530;-0.0035968637;-0.067686304;0.008639736
1357639318;-0.007175103;-0.071607634;0.007219465
1357838395;-0.005675523;-0.07425458;0.0061146636
1358042389;-0.006412806;-0.07072973;0.0062231584
1358241791;-0.007576911;-0.07240292;0.0067327614
1358441234;-0.0082048895;-0.07276712;0.0076478785
1358640684;-0.0049538985;-0.07013141;0.008230057
1358840134;-0.0074772504;-0.07340833;0.008431265
1359039629;-0.0069547063;-0.07500955;0.008010102
1359239030;-0.01264793;-0.07349674;0.0072244485
1359438850;-0.015545271;-0.073949784;0.0067701098
1359641314;-0.014391687;-0.07424249;0.0071747825
1359840468;-0.012535641;-0.07195859;0.008234497
1360039824;-0.011878074;-0.06652004;0.008743756
1360239320;-0.009670937;-0.06774315;0.0086758
1360438753;-0.008225688;-0.070663124;0.008638807
1360638169;-0.0051789754;-0.06582189;0.008127402
1360842118;-0.005971625;-0.06886632;0.0077820024
1361041615;-0.007868375;-0.07040571;0.007894893
1361241017;-0.0077039762;-0.069657534;0.008677608
1361440848;-0.004353443;-0.069372654;0.00953124
1361639911;-0.0065250136;-0.067990005;0.009915733
1361839390;-0.0035878306;-0.066537306;0.010081522
1362038859;-0.0026429102;-0.06990001;0.009346822
1362238254;-0.010463767;-0.07022398;0.008713617
1362440705;-0.01137197;-0.067261636;0.00864619
1362640153;-0.010635766;-0.067364275;0.008659086
1362839604;-0.008010283;-0.06724492;0.009167227
1363040553;-0.006063188;-0.06750113;0.009543289
1363238547;-0.008560347;-0.06648006;0.009653714
1363439449;-0.00791258;-0.06898765;0.009873853
1363638897;-0.0067271544;-0.07102536;0.0099810995
1363841345;-0.008143426;-0.071380004;0.009667606
1364040842;-0.010876701;-0.071781464;0.009358565
1364240329;-0.010095047;-0.07285973;0.0095723905
1364439686;-0.008200994;-0.07384188;0.009840301
1364639145;-0.0068737725;-0.07442491;0.009484174
1364838583;-0.003577687;-0.073260084;0.00955041
1365041032;-0.002144537;-0.07468668;0.009516232
1365240524;-0.0022930212;-0.07474949;0.009388199
1365441430;-0.0037977824;-0.07301435;0.009307241
1365640880;-0.0014380977;-0.07164157;0.00917555
1365840376;-0.0006034077;-0.06907634;0.008881395
1366039774;-0.011123252;-0.06982349;0.008656484
1366239246;-0.009644031;-0.07188907;0.008528852
1366441669;-0.008079141;-0.0727999;0.008109154
1366641119;-0.013489272;-0.07132314;0.007970304
1366840566;-0.010859619;-0.073092096;0.007897047
1367040058;-0.011731811;-0.07276087;0.007549372
1367239465;-0.011465053;-0.07193698;0.007167059
1367438909;-0.007704125;-0.07159703;0.006841829
1367638356;-0.0063301385;-0.07181036;0.0065928507
1367842350;-0.008224174;-0.07228279;0.0069067176
1368041752;-0.00406842;-0.07200587;0.006875707
1368241201;-0.010627308;-0.06924097;0.0064012464
1368440649;-0.008842624;-0.066940546;0.0060894275
1368640177;-0.008341123;-0.07154912;0.0062246425
1368839593;-0.0082656;-0.07384761;0.0060643153
1369038991;-0.0074046687;-0.071752414;0.006062788
1369241439;-0.0074793175;-0.07412387;0.0056870687
1369440885;-0.0050179465;-0.072094254;0.00515535
1369640337;-0.014542615;-0.0696118;0.005393304
1369839786;-0.014205864;-0.0694631;0.0058199936
1370039277;-0.010126576;-0.068198554;0.0060529467
1370234266;-0.011344389;-0.06857806;0.0059146117
1370438573;-0.008975457;-0.068762906;0.005168829
1370642072;-0.0076946924;-0.067323215;0.005257712
1370841566;-0.006304537;-0.06879379;0.005461192
1371040970;-0.009101757;-0.06866917;0.0055070827
1371240416;-0.008148048;-0.06710302;0.0057799146
1371439868;-0.011730156;-0.067126475;0.0061392626
1371639311;-0.012017653;-0.06885265;0.0065314737
1371838814;-0.007910737;-0.06996372;0.006551724
1372041252;-0.0061132247;-0.07063605;0.0062395395
1372240655;-0.009554302;-0.0712397;0.006659165
1372441603;-0.012266856;-0.07183469;0.00688445
1372639552;-0.016254842;-0.07240281;0.0074525275
1372840498;-0.015633153;-0.071951635;0.00843165
1373038492;-0.010716729;-0.06978719;0.009409475
1373239394;-0.010109778;-0.07027168;0.009964912
1373438846;-0.0060768663;-0.07076112;0.0099934945
1373641286;-0.0015394314;-0.07019715;0.009435102
1373840780;-0.0030619453;-0.07046476;0.008171102
1374040181;0.0005825844;-0.075001925;0.0064970613
1374240008;0.0016130473;-0.071870424;0.005393289
1374439076;-0.0012548123;-0.07138728;0.005448812
1374638525;-0.0001452174;-0.0707993;0.005909617
1374841027;-0.001209698;-0.071412735;0.006822824
1375041916;-0.0065468694;-0.07718961;0.008092581
1375241412;-0.006343761;-0.076184966;0.009352032
1375440815;-0.006172396;-0.072481595;0.009946135
1375640309;-0.005291203;-0.07263817;0.009640133
1375839707;-0.0063098334;-0.073554456;0.009455672
1376037701;-0.0026960531;-0.07271871;0.009624447
1376241986;-0.005209613;-0.07595316;0.009925841
1376441048;-0.0060072695;-0.07461779;0.009889251
1376640496;-0.010611656;-0.07363221;0.009825254
1376839995;-0.012165252;-0.073993266;0.00976241
1377039390;-0.009565014;-0.07236673;0.009299434
1377238844;-0.007834642;-0.07394695;0.00923443
1377438289;-0.005053421;-0.072707154;0.009524031
1377642291;-0.0063684937;-0.07193999;0.009563494
1377841680;-0.00431318;-0.07142632;0.009405769
1378039675;-0.009670719;-0.068851456;0.009183479
1378240591;-0.013371176;-0.07002684;0.009516525
1378440019;-0.008567262;-0.06621805;0.009937089
1378639520;-0.009456459;-0.064858116;0.010035542
1378838916;-0.006298458;-0.06506407;0.009982584
1379038366;-0.0034577593;-0.06852027;0.009706435
1379240857;-0.006353634;-0.07332195;0.009261025
1379440257;-0.011348793;-0.07208716;0.008686184
1379639703;-0.012930645;-0.06868276;0.0088301925
1379839197;-0.01534055;-0.06943233;0.0096511515
1380038693;-0.012458189;-0.07181256;0.010146306
1380239547;-0.009145797;-0.07328861;0.009408375
1380441993;-0.007748378;-0.07475974;0.0083048
1380641512;-0.012507055;-0.07542021;0.007835231
1380840886;-0.0142664155;-0.072622284;0.007882036
1381040330;-0.014873528;-0.07164857;0.008151959
1381239782;-0.013460047;-0.074419856;0.008827555
1381439226;-0.011428275;-0.0766176;0.009365761
1381638720;-0.012549431;-0.07034495;0.010107107
1381841166;-0.010489202;-0.068868525;0.010225355
1382040570;-0.007973672;-0.070495926;0.0098998025
1382240014;-0.007487463;-0.067288496;0.009903646
1382439465;-0.007281329;-0.06672794;0.009825982
1382640408;-0.011011882;-0.06548987;0.009433717
1382839860;-0.008576657;-0.0691891;0.0092207
1383039305;-0.0038841136;-0.07031048;0.008443817
1383241749;-0.007967584;-0.063453384;0.00707007
1383438244;-0.00653092;-0.06768418;0.006537891
1383640687;-0.0040717945;-0.07261702;0.006043327
1383840088;-0.003427095;-0.0669061;0.005571138
1384039539;-0.0025330135;-0.067219466;0.005409164
1384238980;-0.0055788937;-0.0705895;0.0055919155
1384438516;-0.006315898;-0.06940377;0.0061919186
1384642380;-0.0055587697;-0.06742529;0.006101065
1384841822;-0.008843413;-0.06798596;0.005340585
1385041268;-0.010876209;-0.065815374;0.0051390533
1385240717;-0.005326986;-0.064972356;0.005370858
1385440210;-0.0055526956;-0.067449406;0.0051424
1385639612;-0.006829661;-0.06891978;0.004595484
1385839058;-0.00701935;-0.06534977;0.0046163625
1386038507;-0.008440791;-0.06622617;0.005251127
1386240962;-0.0038123645;-0.06667032;0.0060640574
1386440393;-0.0049316166;-0.06624452;0.005808064
1386639886;-0.0040223817;-0.06439451;0.00498331
1386839287;-0.0026774732;-0.06409815;0.0039338954
1387039181;-0.009717682;-0.06281481;0.0038971244
1387238184;-0.010989987;-0.060527153;0.003849449
1387442177;-0.010570686;-0.058398727;0.0039729946
1387641577;-0.009794968;-0.059591312;0.0037292633
1387841021;-0.008915979;-0.063173674;0.0037332987
1388040499;-0.009041687;-0.06688799;0.0039671264
1388239917;-0.0082706;-0.06798549;0.004053833
1388439406;-0.007334255;-0.062091168;0.003408827
1388638813;-0.010114318;-0.065364294;0.0036898663
1388838640;-0.0066618323;-0.07057667;0.003717024
1389041188;-0.0015461663;-0.062152967;0.00293678
1389240146;-0.0013989225;-0.06452349;0.0029138841
1389439609;-0.0021764261;-0.06683754;0.0027097398
1389639086;-0.00052519416;-0.062720016;0.0026908948
1389838485;-0.0013292865;-0.06304607;0.002734884
1390039436;-0.002670582;-0.06851327;0.0027567665
1390238933;-0.001125818;-0.06907397;0.0026016869
1390438323;-0.0004389365;-0.06705681;0.0026976336
1390640770;-0.0017999656;-0.07003602;0.0028567226
1390840600;-0.0007205065;-0.06812619;0.0032144587
1391039663;-0.0005348569;-0.066055514;0.002642091
1391239112;0.0036662149;-0.06783856;0.002356972
1391438603;0.0051585743;-0.063587;0.0022206835
1391638002;0.004171462;-0.065228075;0.002143994
1391841951;0.006003805;-0.0680204;0.0020318965
1392041398;0.008502937;-0.06676823;0.0020337591
1392240893;0.005531624;-0.06924692;0.0021211617
1392440370;0.005297795;-0.071814194;0.0019757994
1392638282;0.0044460916;-0.06978872;0.0020981827
1392839180;-0.0036352072;-0.07355294;0.0024929913
1393038624;0.000108531756;-0.07222724;0.0032687439
1393241070;0.001913841;-0.071076475;0.0041504153
1393440565;-0.0034429268;-0.07061625;0.0050638127
1393639966;-0.003968623;-0.06985283;0.005325143
1393839408;-0.0025507638;-0.07208957;0.0052698627
1394038861;0.0019406318;-0.070028186;0.0047793337
1394238304;0.0021829598;-0.06744907;0.003927515
1394442248;-0.0023473238;-0.067516476;0.0029825734
1394640241;-0.0054246024;-0.06859063;0.0026715547
1394841208;-0.0035770421;-0.07118778;0.0033769922
1395040586;-0.0044992524;-0.06844834;0.0037766478
1395240082;-0.011002645;-0.06987789;0.004806575
1395439483;-0.0058218297;-0.066785924;0.0057260334
1395638923;-0.006970752;-0.06771696;0.0059888503
1395841368;-0.0057438556;-0.06847756;0.005612908
1396040815;-0.009611909;-0.06573483;0.0046144817
1396240264;-0.014533485;-0.06666161;0.004205937
1396439756;-0.012500971;-0.06932492;0.003973899
1396639155;-0.010263948;-0.06867322;0.004071654
1396838601;-0.012523127;-0.066379756;0.004118104
1397038045;-0.011259791;-0.06663638;0.0044566947
1397242112;-0.0070171515;-0.067286775;0.005221237
1397438443;-0.0063120914;-0.06476684;0.005770155
1397640885;-0.0058065336;-0.06533213;0.0058356845
1397840331;-0.0074909986;-0.06761506;0.0063351756
1398039778;-0.0034290487;-0.064405546;0.0064453953
1398239270;-0.0050881435;-0.06580804;0.0061579845
1398438668;-0.008878118;-0.06328241;0.0058806483
1398641143;-0.011500027;-0.063968934;0.0059380974
1398840555;-0.0096805785;-0.07067662;0.006505826
1399040006;-0.0064731133;-0.06685024;0.0067687365
1399239451;-0.0056379577;-0.06411907;0.0069152736
1399440396;-2.1911774e-05;-0.06450473;0.00663304
1399639846;-0.0014454752;-0.06978829;0.0054138307
1399839289;-0.0020999163;-0.070177235;0.0040515163
1400038834;-0.00017032278;-0.07082738;0.0034719692
1400241228;-0.0064212466;-0.074078925;0.0034727142
1400440627;-0.005774835;-0.07359307;0.0035539204
1400640069;-0.0028188014;-0.07198191;0.003408627
1400839515;-0.0042367177;-0.07140199;0.0036432836
1401038966;-0.001914426;-0.068826936;0.004178477
1401238453;0.0019485326;-0.06753223;0.0045307176
1401442351;0.001209087;-0.0700319;0.0045699
1401641803;0.0017773582;-0.07329916;0.0046916734
1401841246;0.00027410913;-0.073609844;0.0048731915
1402040738;-0.0015307878;-0.07372251;0.0053037475
1402240138;-0.00075919554;-0.07490001;0.005797755
1402439585;-0.0009193845;-0.073723376;0.006921325
1402639027;0.0028784014;-0.0724986;0.008261817
1402841475;0.0021930924;-0.07199597;0.009149485
1403040917;-0.004849303;-0.07585414;0.009868512
1403240411;-0.0009230828;-0.07639558;0.010162622
1403439811;0.00022641661;-0.075388335;0.010127596
1403637806;0.00033404352;-0.07636421;0.010270906
1403840251;0.0058533144;-0.07606975;0.009834075
1404038150;0.00086457445;-0.07821262;0.009109401
1404242093;-0.0033374343;-0.08003608;0.00912591
1404441534;-0.0024923703;-0.075901866;0.009069694
1404640998;-0.0079793595;-0.070774056;0.008776168
1404840427;-0.008561501;-0.07021321;0.008979402
1405039922;-0.008524237;-0.066509165;0.009826308
1405239334;-0.008961525;-0.06318664;0.0100368885
1405439179;-0.0038882869;-0.064821586;0.009874198
1405641587;-0.0056729275;-0.06530759;0.010019281
1405840651;-0.0033743826;-0.06474564;0.009977248
1406040098;-0.004317548;-0.065492734;0.010119525
1406239607;-0.004876088;-0.06660208;0.01017883
1406438991;-0.0013339025;-0.06053805;0.009203583
1406639940;-0.004725084;-0.060190342;0.0076983576
1406837881;-0.00472422;-0.068906926;0.006879963
1407038827;-0.0031808962;-0.07216259;0.006816751
1407241270;-0.004408748;-0.06987821;0.0067326776
1407441096;-0.0056571756;-0.075761706;0.006740446
1407640166;-0.007687486;-0.071397424;0.007322185
1407839609;-0.009956617;-0.066387765;0.008026703
1408039100;-0.010140179;-0.06947864;0.00845679
1408238513;-0.0069536474;-0.07016583;0.00834733
1408442445;-0.0026578528;-0.068198085;0.00794773
1408641901;0.000745918;-0.06817504;0.0073261927
1408841383;0.0035553072;-0.067352585;0.0066030594
1409040779;0.0038945097;-0.06718897;0.006018815
1409238772;-0.0011104762;-0.0652906;0.0059737256
1409439668;-0.003317144;-0.069189385;0.0059758783
1409639117;0.0005819637;-0.06971169;0.006307637
1409841582;0.003905235;-0.06636766;0.006298046
1410041052;0.002759664;-0.06691887;0.0055874805
1410240451;0.0031007656;-0.06675403;0.0058042626
1410439901;-0.0012392824;-0.066428356;0.0065097767
1410639429;-0.004766591;-0.06736322;0.0075662294
1410838784;-0.0008076271;-0.07097945;0.008852537
1411038277;0.0028068123;-0.06594029;0.00911709
1411240724;0.00078683096;-0.06892069;0.008685051
1411441620;0.0032035785;-0.07178014;0.008019006
1411641070;-0.0012921845;-0.07199131;0.00798741
1411840559;7.957518e-05;-0.07088372;0.008199747
1412039959;0.0034792935;-0.06641074;0.008103579
1412239400;0.0014430668;-0.06929254;0.0075052055
1412438851;0.0013913177;-0.07453663;0.0071900915
1412641290;0.0014404396;-0.07589898;0.0073736557
1412840735;-0.00065316126;-0.07486555;0.007872268
1413040267;0.0035540145;-0.07356569;0.008421694
1413239627;0.00085418375;-0.07329716;0.008740334
1413439072;-0.0009304894;-0.07361272;0.009030947
1413638517;-0.0056274063;-0.07411913;0.009334975
1413839461;-0.0057887756;-0.0740968;0.009513011
1414038907;-0.0017731013;-0.07477091;0.009043917
1414241350;-0.003949425;-0.074178405;0.008743206
1414440798;-0.0033815296;-0.07537015;0.00872123
1414640241;-0.0038335517;-0.07526007;0.0089975055
1414839739;-0.0032561717;-0.07385682;0.008861302
1415039191;-0.0027091652;-0.07325648;0.008222288
1415238577;-0.0041867318;-0.07396531;0.008457382
1415442520;-0.004346613;-0.072488084;0.009146237
1415640465;-0.0024065555;-0.07314804;0.009498854
1415841408;-0.00808237;-0.07177185;0.009365053
1416040859;-0.0061086733;-0.070087455;0.00895254
1416240300;-0.004374911;-0.07072191;0.0092426315
1416439745;-0.00550114;-0.074908674;0.009531551
1416639235;-0.0075681424;-0.07495438;0.009207081
1416841678;-0.0059020524;-0.07135317;0.008756487
1417041081;-0.004517555;-0.07108495;0.008835072
1417240521;-0.005940306;-0.0726247;0.009159051
1417440068;-0.007972985;-0.07215308;0.009489686
1417639414;-0.007547054;-0.07239825;0.009739616
1417838906;-0.007901042;-0.07282573;0.009680694
1418038300;-0.007187818;-0.070846304;0.009400223
1418242245;-0.006820678;-0.069755085;0.009153883
1418441689;-0.009747046;-0.07172514;0.009484248
1418641184;-0.0054153455;-0.07359954;0.010144897
1418840580;-0.0030965635;-0.07219592;0.010587351
1419040026;-0.00421335;-0.07061822;0.010526863
1419239472;0.001450952;-0.06976898;0.009836325
1419438924;-0.0026472495;-0.07144442;0.008867585
1419641360;-0.004557415;-0.073200874;0.008083898
1419833355;0.0017185569;-0.07356036;0.007938377
1420040249;-0.0046956087;-0.07219544;0.0076745907
1420240072;-0.004397699;-0.07003749;0.007338662
1420439138;-0.000789539;-0.07093247;0.007236953
1420638584;-0.0038623589;-0.07041273;0.0068217027
1420838074;-0.0054820273;-0.07371828;0.0064418293
1421038974;-0.0033699407;-0.07547598;0.006450712
1421241413;-0.002558014;-0.07621684;0.0065242406
1421440864;-0.00044088424;-0.07465735;0.006412019
1421640350;-1.4377247e-05;-0.07655158;0.00644717
1421839810;0.0050156186;-0.07566331;0.0064084977
1422039577;0.003781419;-0.07051663;0.0058035837
1422238639;0.0059478837;-0.07133278;0.005805446
1422441081;0.0036313876;-0.077367;0.005597372
1422640526;0.00043830887;-0.074925564;0.0056330417
1422840020;0.00275316;-0.07040527;0.0055596954
1423040915;0.0008076356;-0.071260855;0.005672121
1423240362;0.0007536567;-0.07424663;0.0055874432
1423439857;-0.0010950967;-0.07500188;0.0058168364
1423639248;-0.00038900023;-0.07258822;0.00618753
1423839076;-0.0005459274;-0.07531868;0.0065168077
1424041584;-0.0031367904;-0.07385947;0.0068988674
1424240679;-0.00036385658;-0.07084056;0.0068614027
1424440023;7.3661145e-06;-0.07032221;0.0066845617
1424639548;-0.0025584216;-0.07131755;0.0071678488
1424838915;0.00010458322;-0.06864158;0.0075679817
1425038360;-0.0043257317;-0.067676716;0.007773126
1425237808;-0.0021724866;-0.06790536;0.007590482
1425441797;0.0016867381;-0.06701235;0.007318447
1425641192;-0.002703384;-0.06678672;0.007204368
1425839185;-0.0014473196;-0.06541512;0.006819286
1426040082;-0.00020071631;-0.0678378;0.0065322253
1426239553;-0.0004129895;-0.06829218;0.0064824014
1426439021;-0.0010334551;-0.070309356;0.0065294304
1426641554;-0.0034544629;-0.07080938;0.0066628284
1426840864;-0.0028509544;-0.071100965;0.0063072047
1427040303;-0.00049897865;-0.07124181;0.006376469
1427239756;0.0015074781;-0.07167028;0.00731764
1427439190;-0.0050527616;-0.0704668;0.008211306
1427638686;-0.004526937;-0.07226888;0.008396961
1427838082;-0.00046597794;-0.07249762;0.008157086
1428042024;-0.0021317108;-0.07377774;0.008008351
1428241469;-0.0062433598;-0.07762536;0.008158385
1428440960;-0.004528109;-0.07431023;0.007946245
1428640429;-0.0073896465;-0.07441988;0.007982301
1428839802;-0.008492195;-0.07645708;0.008069382
1429039245;-0.0064964583;-0.07208456;0.008336745
1429238690;-0.008760913;-0.07021064;0.008506861
1429441134;-0.0064024343;-0.07076041;0.008455807
1429640648;-0.0075498936;-0.06971176;0.008821267
1429840021;-0.005879655;-0.06892435;0.008735674
1430040966;-0.0039413245;-0.067303464;0.007928228
1430240455;-0.004467765;-0.068212904;0.0072581433
1430439854;-0.001168293;-0.06596909;0.0065841265
1430639305;-0.0072321487;-0.06876072;0.006501889
1430841743;-0.010305821;-0.0713998;0.007128491
1431041185;-0.007470092;-0.06896836;0.0072718505
1431240631;-0.0058174874;-0.07070049;0.0064093056
1431440120;-0.008902425;-0.06716686;0.005930933
1431639521;-0.009475408;-0.0651073;0.005681552
1431838964;-0.009900467;-0.06550903;0.005690238
1432038406;-0.0062020635;-0.067295454;0.005455444
1432242414;-0.010570092;-0.06636257;0.0055348203
1432441801;-0.010690542;-0.06724636;0.005729192
1432641241;-0.0059543666;-0.0693745;0.006010326
1432840680;-0.004976804;-0.064365946;0.0052096215
1433040175;-0.012741335;-0.060875818;0.0049918746
1433239619;-0.014026375;-0.06270317;0.0053009856
1433439014;-0.009359767;-0.06328439;0.004975999
1433641457;-0.009945138;-0.061981753;0.0046396996
1433840899;-0.007732771;-0.06373702;0.0046522417
1434040343;-0.002702072;-0.06619941;0.004226374
1434239792;-0.0050714975;-0.06470866;0.0041002757
1434439278;-0.004352995;-0.06370881;0.0039781122
1434638676;-0.0038717752;-0.0648578;0.0039336253
1434838541;-0.0069764582;-0.06595796;0.003995772
1435042065;-0.0035123497;-0.06581992;0.0038792246
1435241555;-0.0037702401;-0.06666277;0.0038717634
1435440952;-0.0054291296;-0.06995228;0.003955754
1435640394;-0.0014782526;-0.070233725;0.0040604128
1435839883;-0.0020004653;-0.064333946;0.0037773012
1436039286;-0.00088114716;-0.063312136;0.0039173095
1436238868;0.0015954842;-0.063461594;0.0042827427
1436441216;-0.0044131237;-0.06233353;0.0045977975
1436640610;-0.007138645;-0.06495847;0.00473226
1436841558;-0.0055193068;-0.067904234;0.0048610135
1437039503;-0.008532964;-0.068885475;0.0050515677
1437240445;-0.0016627916;-0.068910144;0.0051272716
1437439923;-0.003985286;-0.06594497;0.0048309364
1437639333;-0.008008989;-0.068569094;0.005055049
1437841776;-0.0015135612;-0.070622675;0.0051466776
1438041221;-0.0028742817;-0.06655913;0.005022472
1438240710;-0.0014082735;-0.068628915;0.005309924
1438440109;0.0008355946;-0.07104533;0.0055229515
1438639932;0.003590203;-0.07030278;0.0055813184
1438838994;0.0018267994;-0.07103922;0.0055175065
1439038441;-0.0022332023;-0.06996749;0.0053331405
1439242384;-0.00095750886;-0.068882056;0.0047454615
1439441824;-0.002482867;-0.0691956;0.004051671
1439641265;-0.0010634166;-0.06674002;0.003955979
1439840786;-0.0003876411;-0.06279628;0.0042413003
1440040200;-0.003779625;-0.058310222;0.004668567
1440239597;-0.003173981;-0.0604493;0.004968893
1440439431;-0.0017376709;-0.060884297;0.0048101554
1440641870;-0.0035466133;-0.06028265;0.0042272485
1440840928;-0.006606563;-0.063189685;0.0037908114
1441040375;-0.011898623;-0.06238142;0.0039320095
1441239866;-0.008820456;-0.06247724;0.0040631373
1441439260;-0.0072674537;-0.05947705;0.0039027915
1441638706;-0.005289166;-0.06127157;0.003609647
1441838149;-0.004967273;-0.063152075;0.0036877673
1442042138;-0.0047977013;-0.06331484;0.0040167067
1442241536;-0.0049594;-0.060220264;0.0041218977
1442441386;-0.0062731015;-0.05859352;0.0038703862
1442640424;-0.004535044;-0.060227048;0.0033377316
1442839869;-0.0038233963;-0.059401594;0.0029619879
1443039361;-0.008812753;-0.059722304;0.0031455813
1443840082;-0.011017536;-0.06289584;0.0046463637
1444039524;-0.009691177;-0.06334875;0.004837829
1444239015;-0.013665462;-0.065492325;0.004950805
1444439912;-0.0123504335;-0.06679812;0.0054273345
1444639359;-0.013376859;-0.066316396;0.0036771814
1444841801;-0.00918421;-0.06695886;0.0028107115
1445041294;-0.002293285;-0.065892346;0.0028107115
1445240685;-0.0027704989;-0.06437848;0.0028107115
1445440126;-0.0027704989;-0.06437848;0.0028107115
1445639572;-0.0027704989;-0.06437848;0.0028107115
1445839015;-0.0027704989;-0.06437848;0.0028107115
1446038508;0.0;0.0;0.0
1446240948;0.0;0.0;0.0
1446441861;0.0;0.0;0.0
1446641394;0.0;0.0;0.0
1446840783;0.0;0.0;0.0
