timestamp;flag_armed;flag_multicopter_position_control_enabled;flag_control_manual_enabled;flag_control_auto_enabled;flag_control_offboard_enabled;flag_control_position_enabled;flag_control_velocity_enabled;flag_control_altitude_enabled;flag_control_climb_rate_enabled;flag_control_acceleration_enabled;flag_control_attitude_enabled;flag_control_rates_enabled;flag_control_allocation_enabled;flag_control_termination_enabled;source_id
1250776203;1;0;1;0;0;0;0;0;0;0;1;1;1;0;0
1251280839;1;0;1;0;0;0;0;0;0;0;1;1;1;0;0
1251786762;1;0;1;0;0;0;0;0;0;0;1;1;1;0;0
1252292760;1;0;1;0;0;0;0;0;0;0;1;1;1;0;0
1252798979;1;0;1;0;0;0;0;0;0;0;1;1;1;0;0
1253304823;1;0;1;0;0;0;0;0;0;0;1;1;1;0;0
1253810899;1;0;1;0;0;0;0;0;0;0;1;1;1;0;0
1254316838;1;0;1;0;0;0;0;0;0;0;1;1;1;0;0
1254822759;1;0;1;0;0;0;0;0;0;0;1;1;1;0;0
1255328773;1;0;1;0;0;0;0;0;0;0;1;1;1;0;0
1255834763;1;0;1;0;0;0;0;0;0;0;1;1;1;0;0
1256340778;1;0;1;0;0;0;0;0;0;0;1;1;1;0;0
1256846779;1;0;1;0;0;0;0;0;0;0;1;1;1;0;0
1257353896;1;0;1;0;0;0;0;0;0;0;1;1;1;0;0
1257860012;1;0;1;0;0;0;0;0;0;0;1;1;1;0;0
1258365760;1;0;1;0;0;0;0;0;0;0;1;1;1;0;0
1258871760;1;0;1;0;0;0;0;0;0;0;1;1;1;0;0
1259377774;1;0;1;0;0;0;0;0;0;0;1;1;1;0;0
1259883936;1;0;1;0;0;0;0;0;0;0;1;1;1;0;0
1260389873;1;0;1;0;0;0;0;0;0;0;1;1;1;0;0
1260895822;1;0;1;0;0;0;0;0;0;0;1;1;1;0;0
1261401760;1;0;1;0;0;0;0;0;0;0;1;1;1;0;0
1261907797;1;0;1;0;0;0;0;0;0;0;1;1;1;0;0
1262413927;1;0;1;0;0;0;0;0;0;0;1;1;1;0;0
1262919853;1;0;1;0;0;0;0;0;0;0;1;1;1;0;0
1263425761;1;0;1;0;0;0;0;0;0;0;1;1;1;0;0
1263931761;1;0;1;0;0;0;0;0;0;0;1;1;1;0;0
1264438689;1;0;1;0;0;0;0;0;0;0;1;1;1;0;0
1264943942;1;0;1;0;0;0;0;0;0;0;1;1;1;0;0
1265450296;1;0;1;0;0;0;0;0;0;0;1;1;1;0;0
1265955779;1;0;1;0;0;0;0;0;0;0;1;1;1;0;0
1266461760;1;0;1;0;0;0;0;0;0;0;1;1;1;0;0
1266967760;1;0;1;0;0;0;0;0;0;0;1;1;1;0;0
1267473955;1;0;1;0;0;0;0;0;0;0;1;1;1;0;0
1267979760;1;0;1;0;0;0;0;0;0;0;1;1;1;0;0
1268485759;1;0;1;0;0;0;0;0;0;0;1;1;1;0;0
1268991759;1;0;1;0;0;0;0;0;0;0;1;1;1;0;0
1269497760;1;0;1;0;0;0;0;0;0;0;1;1;1;0;0
1270004772;1;0;1;0;0;0;0;0;0;0;1;1;1;0;0
1270510759;1;0;1;0;0;0;0;0;0;0;1;1;1;0;0
1271016766;1;0;1;0;0;0;0;0;0;0;1;1;1;0;0
1271524432;1;0;1;0;0;0;0;0;0;0;1;1;1;0;0
1272029761;1;0;1;0;0;0;0;0;0;0;1;1;1;0;0
1272535861;1;0;1;0;0;0;0;0;0;0;1;1;1;0;0
1273041771;1;0;1;0;0;0;0;0;0;0;1;1;1;0;0
1273547759;1;0;1;0;0;0;0;0;0;0;1;1;1;0;0
1274053966;1;0;1;0;0;0;0;0;0;0;1;1;1;0;0
1274559792;1;0;1;0;0;0;0;0;0;0;1;1;1;0;0
1275065759;1;0;1;0;0;0;0;0;0;0;1;1;1;0;0
1275571776;1;0;1;0;0;0;0;0;0;0;1;1;1;0;0
1276077780;1;0;1;0;0;0;0;0;0;0;1;1;1;0;0
1276583897;1;0;1;0;0;0;0;0;0;0;1;1;1;0;0
1277089758;1;0;1;0;0;0;0;0;0;0;1;1;1;0;0
1277595760;1;0;1;0;0;0;0;0;0;0;1;1;1;0;0
1278101759;1;0;1;0;0;0;0;0;0;0;1;1;1;0;0
1278609026;1;0;1;0;0;0;0;0;0;0;1;1;1;0;0
1279114762;1;0;1;0;0;0;0;0;0;0;1;1;1;0;0
1279620761;1;0;1;0;0;0;0;0;0;0;1;1;1;0;0
1280126814;1;0;1;0;0;0;0;0;0;0;1;1;1;0;0
1280632761;1;0;1;0;0;0;0;0;0;0;1;1;1;0;0
1281138760;1;0;1;0;0;0;0;0;0;0;1;1;1;0;0
1281644765;1;0;1;0;0;0;0;0;0;0;1;1;1;0;0
1282150759;1;0;1;0;0;0;0;0;0;0;1;1;1;0;0
1282656764;1;0;1;0;0;0;0;0;0;0;1;1;1;0;0
1283162760;1;0;1;0;0;0;0;0;0;0;1;1;1;0;0
1283668780;1;0;1;0;0;0;0;0;0;0;1;1;1;0;0
1284175288;1;0;1;0;0;0;0;0;0;0;1;1;1;0;0
1284680778;1;0;1;0;0;0;0;0;0;0;1;1;1;0;0
1285187071;1;0;1;0;0;0;0;0;0;0;1;1;1;0;0
1285692796;1;0;1;0;0;0;0;0;0;0;1;1;1;0;0
1286198760;1;0;1;0;0;0;0;0;0;0;1;1;1;0;0
1286705760;1;0;1;0;0;0;0;0;0;0;1;1;1;0;0
1287211760;1;0;1;0;0;0;0;0;0;0;1;1;1;0;0
1287717760;1;0;1;0;0;0;0;0;0;0;1;1;1;0;0
1288224531;1;0;1;0;0;0;0;0;0;0;1;1;1;0;0
1288729778;1;0;1;0;0;0;0;0;0;0;1;1;1;0;0
1289235779;1;0;1;0;0;0;0;0;0;0;1;1;1;0;0
1289742106;1;0;1;0;0;0;0;0;0;0;1;1;1;0;0
1290247760;1;0;1;0;0;0;0;0;0;0;1;1;1;0;0
1290753896;1;0;1;0;0;0;0;0;0;0;1;1;1;0;0
1291259761;1;0;1;0;0;0;0;0;0;0;1;1;1;0;0
1291765758;1;0;1;0;0;0;0;0;0;0;1;1;1;0;0
1292271760;1;0;1;0;0;0;0;0;0;0;1;1;1;0;0
1292777761;1;0;1;0;0;0;0;0;0;0;1;1;1;0;0
1293283922;1;0;1;0;0;0;0;0;0;0;1;1;1;0;0
1293789761;1;0;1;0;0;0;0;0;0;0;1;1;1;0;0
1294295861;1;0;1;0;0;0;0;0;0;0;1;1;1;0;0
1294801760;1;0;1;0;0;0;0;0;0;0;1;1;1;0;0
1295307779;1;0;1;0;0;0;0;0;0;0;1;1;1;0;0
1295813896;1;0;1;0;0;0;0;0;0;0;1;1;1;0;0
1296319760;1;0;1;0;0;0;0;0;0;0;1;1;1;0;0
1296826323;1;0;1;0;0;0;0;0;0;0;1;1;1;0;0
1297332761;1;0;1;0;0;0;0;0;0;0;1;1;1;0;0
1297838759;1;0;1;0;0;0;0;0;0;0;1;1;1;0;0
1298345025;1;0;1;0;0;0;0;0;0;0;1;1;1;0;0
1298850831;1;0;1;0;0;0;0;0;0;0;1;1;1;0;0
1299356760;1;0;1;0;0;0;0;0;0;0;1;1;1;0;0
1299862759;1;0;1;0;0;0;0;0;0;0;1;1;1;0;0
1300368772;1;0;1;0;0;0;0;0;0;0;1;1;1;0;0
1300876028;1;0;1;0;0;0;0;0;0;0;1;1;1;0;0
1301381760;1;0;1;0;0;0;0;0;0;0;1;1;1;0;0
1301887760;1;0;1;0;0;0;0;0;0;0;1;1;1;0;0
1302393763;1;0;1;0;0;0;0;0;0;0;1;1;1;0;0
1302900236;1;0;1;0;0;0;0;0;0;0;1;1;1;0;0
1303405945;1;0;1;0;0;0;0;0;0;0;1;1;1;0;0
1303911794;1;0;1;0;0;0;0;0;0;0;1;1;1;0;0
1304417997;1;0;1;0;0;0;0;0;0;0;1;1;1;0;0
1304923781;1;0;1;0;0;0;0;0;0;0;1;1;1;0;0
1305429781;1;0;1;0;0;0;0;0;0;0;1;1;1;0;0
1305936895;1;0;1;0;0;0;0;0;0;0;1;1;1;0;0
1306442761;1;0;1;0;0;0;0;0;0;0;1;1;1;0;0
1306949088;1;0;1;0;0;0;0;0;0;0;1;1;1;0;0
1307454796;1;0;1;0;0;0;0;0;0;0;1;1;1;0;0
1307960986;1;0;1;0;0;0;0;0;0;0;1;1;1;0;0
1308466946;1;0;1;0;0;0;0;0;0;0;1;1;1;0;0
1308972779;1;0;1;0;0;0;0;0;0;0;1;1;1;0;0
1309478832;1;0;1;0;0;0;0;0;0;0;1;1;1;0;0
1309984758;1;0;1;0;0;0;0;0;0;0;1;1;1;0;0
1310490760;1;0;1;0;0;0;0;0;0;0;1;1;1;0;0
1310996930;1;0;1;0;0;0;0;0;0;0;1;1;1;0;0
1311502833;1;0;1;0;0;0;0;0;0;0;1;1;1;0;0
1312008759;1;0;1;0;0;0;0;0;0;0;1;1;1;0;0
1312514759;1;0;1;0;0;0;0;0;0;0;1;1;1;0;0
1313020821;1;0;1;0;0;0;0;0;0;0;1;1;1;0;0
1313528075;1;0;1;0;0;0;0;0;0;0;1;1;1;0;0
1314033760;1;0;1;0;0;0;0;0;0;0;1;1;1;0;0
1314540760;1;0;1;0;0;0;0;0;0;0;1;1;1;0;0
1315047025;1;0;1;0;0;0;0;0;0;0;1;1;1;0;0
1315552779;1;0;1;0;0;0;0;0;0;0;1;1;1;0;0
1316059082;1;0;1;0;0;0;0;0;0;0;1;1;1;0;0
1316564786;1;0;1;0;0;0;0;0;0;0;1;1;1;0;0
1317070782;1;0;1;0;0;0;0;0;0;0;1;1;1;0;0
1317576760;1;0;1;0;0;0;0;0;0;0;1;1;1;0;0
1318082761;1;0;1;0;0;0;0;0;0;0;1;1;1;0;0
1318589301;1;0;1;0;0;0;0;0;0;0;1;1;1;0;0
1319094759;1;0;1;0;0;0;0;0;0;0;1;1;1;0;0
1319600760;1;0;1;0;0;0;0;0;0;0;1;1;1;0;0
1320106761;1;0;1;0;0;0;0;0;0;0;1;1;1;0;0
1320612760;1;0;1;0;0;0;0;0;0;0;1;1;1;0;0
1321118919;1;0;1;0;0;0;0;0;0;0;1;1;1;0;0
1321624760;1;0;1;0;0;0;0;0;0;0;1;1;1;0;0
1322130859;1;0;1;0;0;0;0;0;0;0;1;1;1;0;0
1322636994;1;0;1;0;0;0;0;0;0;0;1;1;1;0;0
1323142778;1;0;1;0;0;0;0;0;0;0;1;1;1;0;0
1323649256;1;0;1;0;0;0;0;0;0;0;1;1;1;0;0
1324154779;1;0;1;0;0;0;0;0;0;0;1;1;1;0;0
1324661032;1;0;1;0;0;0;0;0;0;0;1;1;1;0;0
1325166772;1;0;1;0;0;0;0;0;0;0;1;1;1;0;0
1325672783;1;0;1;0;0;0;0;0;0;0;1;1;1;0;0
1326179292;1;0;1;0;0;0;0;0;0;0;1;1;1;0;0
1326685832;1;0;1;0;0;0;0;0;0;0;1;1;1;0;0
1327191761;1;0;1;0;0;0;0;0;0;0;1;1;1;0;0
1327698241;1;0;1;0;0;0;0;0;0;0;1;1;1;0;0
1328203761;1;0;1;0;0;0;0;0;0;0;1;1;1;0;0
1328709946;1;0;1;0;0;0;0;0;0;0;1;1;1;0;0
1329217426;1;0;1;0;0;0;0;0;0;0;1;1;1;0;0
1329722999;1;0;1;0;0;0;0;0;0;0;1;1;1;0;0
1330228898;1;0;1;0;0;0;0;0;0;0;1;1;1;0;0
1330734760;1;0;1;0;0;0;0;0;0;0;1;1;1;0;0
1331240760;1;0;1;0;0;0;0;0;0;0;1;1;1;0;0
1331747161;1;0;1;0;0;0;0;0;0;0;1;1;1;0;0
1332252781;1;0;1;0;0;0;0;0;0;0;1;1;1;0;0
1332758965;1;0;1;0;0;0;0;0;0;0;1;1;1;0;0
1333264760;1;0;1;0;0;0;0;0;0;0;1;1;1;0;0
1333770766;1;0;1;0;0;0;0;0;0;0;1;1;1;0;0
1334276760;1;0;1;0;0;0;0;0;0;0;1;1;1;0;0
1334782759;1;0;1;0;0;0;0;0;0;0;1;1;1;0;0
1335288760;1;0;1;0;0;0;0;0;0;0;1;1;1;0;0
1335794759;1;0;1;0;0;0;0;0;0;0;1;1;1;0;0
1336300781;1;0;1;0;0;0;0;0;0;0;1;1;1;0;0
1336806769;1;0;1;0;0;0;0;0;0;0;1;1;1;0;0
1337312836;1;0;1;0;0;0;0;0;0;0;1;1;1;0;0
1337818762;1;0;1;0;0;0;0;0;0;0;1;1;1;0;0
1338324774;1;0;1;0;0;0;0;0;0;0;1;1;1;0;0
1338830761;1;0;1;0;0;0;0;0;0;0;1;1;1;0;0
1339336817;1;0;1;0;0;0;0;0;0;0;1;1;1;0;0
1339842818;1;0;1;0;0;0;0;0;0;0;1;1;1;0;0
1340348953;1;0;1;0;0;0;0;0;0;0;1;1;1;0;0
1340854760;1;0;1;0;0;0;0;0;0;0;1;1;1;0;0
1341360759;1;0;1;0;0;0;0;0;0;0;1;1;1;0;0
1341866759;1;0;1;0;0;0;0;0;0;0;1;1;1;0;0
1342373577;1;0;1;0;0;0;0;0;0;0;1;1;1;0;0
1342880760;1;0;1;0;0;0;0;0;0;0;1;1;1;0;0
1343386779;1;0;1;0;0;0;0;0;0;0;1;1;1;0;0
1343892781;1;0;1;0;0;0;0;0;0;0;1;1;1;0;0
1344398841;1;0;1;0;0;0;0;0;0;0;1;1;1;0;0
1344904759;1;0;1;0;0;0;0;0;0;0;1;1;1;0;0
1345410760;1;0;1;0;0;0;0;0;0;0;1;1;1;0;0
1345916816;1;0;1;0;0;0;0;0;0;0;1;1;1;0;0
1346422780;1;0;1;0;0;0;0;0;0;0;1;1;1;0;0
1346928760;1;0;1;0;0;0;0;0;0;0;1;1;1;0;0
1347434760;1;0;1;0;0;0;0;0;0;0;1;1;1;0;0
1347940780;1;0;1;0;0;0;0;0;0;0;1;1;1;0;0
1348446896;1;0;1;0;0;0;0;0;0;0;1;1;1;0;0
1348952779;1;0;1;0;0;0;0;0;0;0;1;1;1;0;0
1349458874;1;0;1;0;0;0;0;0;0;0;1;1;1;0;0
1349964760;1;0;1;0;0;0;0;0;0;0;1;1;1;0;0
1350471375;1;0;1;0;0;0;0;0;0;0;1;1;1;0;0
1350976761;1;0;1;0;0;0;0;0;0;0;1;1;1;0;0
1351482868;1;0;1;0;0;0;0;0;0;0;1;1;1;0;0
1351988760;1;0;1;0;0;0;0;0;0;0;1;1;1;0;0
1352494761;1;0;1;0;0;0;0;0;0;0;1;1;1;0;0
1353000761;1;0;1;0;0;0;0;0;0;0;1;1;1;0;0
1353506779;1;0;1;0;0;0;0;0;0;0;1;1;1;0;0
1354013762;1;0;1;0;0;0;0;0;0;0;1;1;1;0;0
1354520813;1;0;1;0;0;0;0;0;0;0;1;1;1;0;0
1355026761;1;0;1;0;0;0;0;0;0;0;1;1;1;0;0
1355532960;1;0;1;0;0;0;0;0;0;0;1;1;1;0;0
1356038799;1;0;1;0;0;0;0;0;0;0;1;1;1;0;0
1356545172;1;0;1;0;0;0;0;0;0;0;1;1;1;0;0
1357050779;1;0;1;0;0;0;0;0;0;0;1;1;1;0;0
1357556794;1;0;1;0;0;0;0;0;0;0;1;1;1;0;0
1358063469;1;0;1;0;0;0;0;0;0;0;1;1;1;0;0
1358569317;1;0;1;0;0;0;0;0;0;0;1;1;1;0;0
1359074760;1;0;1;0;0;0;0;0;0;0;1;1;1;0;0
1359580761;1;0;1;0;0;0;0;0;0;0;1;1;1;0;0
1360086759;1;0;1;0;0;0;0;0;0;0;1;1;1;0;0
1360592896;1;0;1;0;0;0;0;0;0;0;1;1;1;0;0
1361098759;1;0;1;0;0;0;0;0;0;0;1;1;1;0;0
1361604777;1;0;1;0;0;0;0;0;0;0;1;1;1;0;0
1362110858;1;0;1;0;0;0;0;0;0;0;1;1;1;0;0
1362616842;1;0;1;0;0;0;0;0;0;0;1;1;1;0;0
1363122930;1;0;1;0;0;0;0;0;0;0;1;1;1;0;0
1363628776;1;0;1;0;0;0;0;0;0;0;1;1;1;0;0
1364134760;1;0;1;0;0;0;0;0;0;0;1;1;1;0;0
1364640762;1;0;1;0;0;0;0;0;0;0;1;1;1;0;0
1365146759;1;0;1;0;0;0;0;0;0;0;1;1;1;0;0
1365653433;1;0;1;0;0;0;0;0;0;0;1;1;1;0;0
1366158760;1;0;1;0;0;0;0;0;0;0;1;1;1;0;0
1366664762;1;0;1;0;0;0;0;0;0;0;1;1;1;0;0
1367171165;1;0;1;0;0;0;0;0;0;0;1;1;1;0;0
1367676760;1;0;1;0;0;0;0;0;0;0;1;1;1;0;0
1368183074;1;0;1;0;0;0;0;0;0;0;1;1;1;0;0
1368688760;1;0;1;0;0;0;0;0;0;0;1;1;1;0;0
1369194780;1;0;1;0;0;0;0;0;0;0;1;1;1;0;0
1369701760;1;0;1;0;0;0;0;0;0;0;1;1;1;0;0
1370207759;1;0;1;0;0;0;0;0;0;0;1;1;1;0;0
1370713760;1;0;1;0;0;0;0;0;0;0;1;1;1;0;0
1371220068;1;0;1;0;0;0;0;0;0;0;1;1;1;0;0
1371725761;1;0;1;0;0;0;0;0;0;0;1;1;1;0;0
1372231889;1;0;1;0;0;0;0;0;0;0;1;1;1;0;0
1372737761;1;0;1;0;0;0;0;0;0;0;1;1;1;0;0
1373243779;1;0;1;0;0;0;0;0;0;0;1;1;1;0;0
1373749779;1;0;1;0;0;0;0;0;0;0;1;1;1;0;0
1374255759;1;0;1;0;0;0;0;0;0;0;1;1;1;0;0
1374761760;1;0;1;0;0;0;0;0;0;0;1;1;1;0;0
1375267759;1;0;1;0;0;0;0;0;0;0;1;1;1;0;0
1375773824;1;0;1;0;0;0;0;0;0;0;1;1;1;0;0
1376279760;1;0;1;0;0;0;0;0;0;0;1;1;1;0;0
1376785887;1;0;1;0;0;0;0;0;0;0;1;1;1;0;0
1377291759;1;0;1;0;0;0;0;0;0;0;1;1;1;0;0
1377797761;1;0;1;0;0;0;0;0;0;0;1;1;1;0;0
1378303759;1;0;1;0;0;0;0;0;0;0;1;1;1;0;0
1378809760;1;0;1;0;0;0;0;0;0;0;1;1;1;0;0
1379315886;1;0;1;0;0;0;0;0;0;0;1;1;1;0;0
1379821762;1;0;1;0;0;0;0;0;0;0;1;1;1;0;0
1380327761;1;0;1;0;0;0;0;0;0;0;1;1;1;0;0
1380833760;1;0;1;0;0;0;0;0;0;0;1;1;1;0;0
1381339761;1;0;1;0;0;0;0;0;0;0;1;1;1;0;0
1381846323;1;0;1;0;0;0;0;0;0;0;1;1;1;0;0
1382351825;1;0;1;0;0;0;0;0;0;0;1;1;1;0;0
1382857760;1;0;1;0;0;0;0;0;0;0;1;1;1;0;0
1383363759;1;0;1;0;0;0;0;0;0;0;1;1;1;0;0
1383869760;1;0;1;0;0;0;0;0;0;0;1;1;1;0;0
1384375877;1;0;1;0;0;0;0;0;0;0;1;1;1;0;0
1384882965;1;0;1;0;0;0;0;0;0;0;1;1;1;0;0
1385388786;1;0;1;0;0;0;0;0;0;0;1;1;1;0;0
1385895162;1;0;1;0;0;0;0;0;0;0;1;1;1;0;0
1386400759;1;0;1;0;0;0;0;0;0;0;1;1;1;0;0
1386907026;1;0;1;0;0;0;0;0;0;0;1;1;1;0;0
1387412915;1;0;1;0;0;0;0;0;0;0;1;1;1;0;0
1387918844;1;0;1;0;0;0;0;0;0;0;1;1;1;0;0
1388424775;1;0;1;0;0;0;0;0;0;0;1;1;1;0;0
1388930779;1;0;1;0;0;0;0;0;0;0;1;1;1;0;0
1389436772;1;0;1;0;0;0;0;0;0;0;1;1;1;0;0
1389942966;1;0;1;0;0;0;0;0;0;0;1;1;1;0;0
1390448785;1;0;1;0;0;0;0;0;0;0;1;1;1;0;0
1390954760;1;0;1;0;0;0;0;0;0;0;1;1;1;0;0
1391460966;1;0;1;0;0;0;0;0;0;0;1;1;1;0;0
1391966760;1;0;1;0;0;0;0;0;0;0;1;1;1;0;0
1392472930;1;0;1;0;0;0;0;0;0;0;1;1;1;0;0
1392978760;1;0;1;0;0;0;0;0;0;0;1;1;1;0;0
1393484778;1;0;1;0;0;0;0;0;0;0;1;1;1;0;0
1393990761;1;0;1;0;0;0;0;0;0;0;1;1;1;0;0
1394497019;1;0;1;0;0;0;0;0;0;0;1;1;1;0;0
1395002896;1;0;1;0;0;0;0;0;0;0;1;1;1;0;0
1395508758;1;0;1;0;0;0;0;0;0;0;1;1;1;0;0
1396014797;1;0;1;0;0;0;0;0;0;0;1;1;1;0;0
1396521339;1;0;1;0;0;0;0;0;0;0;1;1;1;0;0
1397026769;1;0;1;0;0;0;0;0;0;0;1;1;1;0;0
1397533171;1;0;1;0;0;0;0;0;0;0;1;1;1;0;0
1398038769;1;0;1;0;0;0;0;0;0;0;1;1;1;0;0
1398544761;1;0;1;0;0;0;0;0;0;0;1;1;1;0;0
1399050910;1;0;1;0;0;0;0;0;0;0;1;1;1;0;0
1399556760;1;0;1;0;0;0;0;0;0;0;1;1;1;0;0
1400063760;1;0;1;0;0;0;0;0;0;0;1;1;1;0;0
1400570220;1;0;1;0;0;0;0;0;0;0;1;1;1;0;0
1401076780;1;0;1;0;0;0;0;0;0;0;1;1;1;0;0
1401582896;1;0;1;0;0;0;0;0;0;0;1;1;1;0;0
1402088873;1;0;1;0;0;0;0;0;0;0;1;1;1;0;0
1402594772;1;0;1;0;0;0;0;0;0;0;1;1;1;0;0
1403100761;1;0;1;0;0;0;0;0;0;0;1;1;1;0;0
1403607780;1;0;1;0;0;0;0;0;0;0;1;1;1;0;0
1404113774;1;0;1;0;0;0;0;0;0;0;1;1;1;0;0
1404619761;1;0;1;0;0;0;0;0;0;0;1;1;1;0;0
1405125761;1;0;1;0;0;0;0;0;0;0;1;1;1;0;0
1405631760;1;0;1;0;0;0;0;0;0;0;1;1;1;0;0
1406137760;1;0;1;0;0;0;0;0;0;0;1;1;1;0;0
1406643760;1;0;1;0;0;0;0;0;0;0;1;1;1;0;0
1407149865;1;0;1;0;0;0;0;0;0;0;1;1;1;0;0
1407655843;1;0;1;0;0;0;0;0;0;0;1;1;1;0;0
1408161791;1;0;1;0;0;0;0;0;0;0;1;1;1;0;0
1408668022;1;0;1;0;0;0;0;0;0;0;1;1;1;0;0
1409174020;1;0;1;0;0;0;0;0;0;0;1;1;1;0;0
1409679804;1;0;1;0;0;0;0;0;0;0;1;1;1;0;0
1410185761;1;0;1;0;0;0;0;0;0;0;1;1;1;0;0
1410691778;1;0;1;0;0;0;0;0;0;0;1;1;1;0;0
1411197761;1;0;1;0;0;0;0;0;0;0;1;1;1;0;0
1411703780;1;0;1;0;0;0;0;0;0;0;1;1;1;0;0
1412209874;1;0;1;0;0;0;0;0;0;0;1;1;1;0;0
1412715759;1;0;1;0;0;0;0;0;0;0;1;1;1;0;0
1413221762;1;0;1;0;0;0;0;0;0;0;1;1;1;0;0
1413728780;1;0;1;0;0;0;0;0;0;0;1;1;1;0;0
1414234758;1;0;1;0;0;0;0;0;0;0;1;1;1;0;0
1414741548;1;0;1;0;0;0;0;0;0;0;1;1;1;0;0
1415246760;1;0;1;0;0;0;0;0;0;0;1;1;1;0;0
1415753181;1;0;1;0;0;0;0;0;0;0;1;1;1;0;0
1416259409;1;0;1;0;0;0;0;0;0;0;1;1;1;0;0
1416764759;1;0;1;0;0;0;0;0;0;0;1;1;1;0;0
1417270761;1;0;1;0;0;0;0;0;0;0;1;1;1;0;0
1417776761;1;0;1;0;0;0;0;0;0;0;1;1;1;0;0
1418283760;1;0;1;0;0;0;0;0;0;0;1;1;1;0;0
1418790115;1;0;1;0;0;0;0;0;0;0;1;1;1;0;0
1419295779;1;0;1;0;0;0;0;0;0;0;1;1;1;0;0
1419801991;1;0;1;0;0;0;0;0;0;0;1;1;1;0;0
1420307761;1;0;1;0;0;0;0;0;0;0;1;1;1;0;0
1420813785;1;0;1;0;0;0;0;0;0;0;1;1;1;0;0
1421319884;1;0;1;0;0;0;0;0;0;0;1;1;1;0;0
1421825780;1;0;1;0;0;0;0;0;0;0;1;1;1;0;0
1422331780;1;0;1;0;0;0;0;0;0;0;1;1;1;0;0
1422837760;1;0;1;0;0;0;0;0;0;0;1;1;1;0;0
1423343775;1;0;1;0;0;0;0;0;0;0;1;1;1;0;0
1423849782;1;0;1;0;0;0;0;0;0;0;1;1;1;0;0
1424355759;1;0;1;0;0;0;0;0;0;0;1;1;1;0;0
1424861760;1;0;1;0;0;0;0;0;0;0;1;1;1;0;0
1425368802;1;0;1;0;0;0;0;0;0;0;1;1;1;0;0
1425874823;1;0;1;0;0;0;0;0;0;0;1;1;1;0;0
1426380781;1;0;1;0;0;0;0;0;0;0;1;1;1;0;0
1426886849;1;0;1;0;0;0;0;0;0;0;1;1;1;0;0
1427392924;1;0;1;0;0;0;0;0;0;0;1;1;1;0;0
1427898760;1;0;1;0;0;0;0;0;0;0;1;1;1;0;0
1428404759;1;0;1;0;0;0;0;0;0;0;1;1;1;0;0
1428910760;1;0;1;0;0;0;0;0;0;0;1;1;1;0;0
1429416760;1;0;1;0;0;0;0;0;0;0;1;1;1;0;0
1429923011;1;0;1;0;0;0;0;0;0;0;1;1;1;0;0
1430428835;1;0;1;0;0;0;0;0;0;0;1;1;1;0;0
1430934805;1;0;1;0;0;0;0;0;0;0;1;1;1;0;0
1431440835;1;0;1;0;0;0;0;0;0;0;1;1;1;0;0
1431946759;1;0;1;0;0;0;0;0;0;0;1;1;1;0;0
1432452941;1;0;1;0;0;0;0;0;0;0;1;1;1;0;0
1432961303;1;0;1;0;0;0;0;0;0;0;1;1;1;0;0
1433466774;1;0;1;0;0;0;0;0;0;0;1;1;1;0;0
1433972823;1;0;1;0;0;0;0;0;0;0;1;1;1;0;0
1434478779;1;0;1;0;0;0;0;0;0;0;1;1;1;0;0
1434984759;1;0;1;0;0;0;0;0;0;0;1;1;1;0;0
1435490759;1;0;1;0;0;0;0;0;0;0;1;1;1;0;0
1435996763;1;0;1;0;0;0;0;0;0;0;1;1;1;0;0
1436502781;1;0;1;0;0;0;0;0;0;0;1;1;1;0;0
1437008795;1;0;1;0;0;0;0;0;0;0;1;1;1;0;0
1437514761;1;0;1;0;0;0;0;0;0;0;1;1;1;0;0
1438020762;1;0;1;0;0;0;0;0;0;0;1;1;1;0;0
1438527766;1;0;1;0;0;0;0;0;0;0;1;1;1;0;0
1439034541;1;0;1;0;0;0;0;0;0;0;1;1;1;0;0
1439539842;1;0;1;0;0;0;0;0;0;0;1;1;1;0;0
1440045760;1;0;1;0;0;0;0;0;0;0;1;1;1;0;0
1440551769;1;0;1;0;0;0;0;0;0;0;1;1;1;0;0
1441057774;1;0;1;0;0;0;0;0;0;0;1;1;1;0;0
1441563961;1;0;1;0;0;0;0;0;0;0;1;1;1;0;0
1442069761;1;0;1;0;0;0;0;0;0;0;1;1;1;0;0
1442575760;1;0;1;0;0;0;0;0;0;0;1;1;1;0;0
1443081779;1;0;1;0;0;0;0;0;0;0;1;1;1;0;0
1444095278;1;0;1;0;0;0;0;0;0;0;1;1;1;0;0
1444600982;1;0;1;0;0;0;0;0;0;0;1;1;1;0;0
1445106781;1;0;1;0;0;0;0;0;0;0;1;1;1;0;0
1445612762;1;0;1;0;0;0;0;0;0;0;1;1;1;0;0
1445910008;0;0;1;0;0;0;0;0;0;0;1;1;1;0;0
1445929529;0;0;1;0;0;0;0;0;0;0;1;1;1;0;0
1446434946;0;0;1;0;0;0;0;0;0;0;1;1;1;0;0
