timestamp;timestamp_sample;device_id;pressure;temperature;error_count
432050169;432049587;4028193;101191.0;36.079998;0
433055111;433054527;4028193;101187.0;36.09;0
434049380;434048779;4028193;101183.0;36.1;0
435043478;435042895;4028193;101191.0;36.12;0
436037488;436036904;4028193;101185.0;36.13;0
437053320;437052737;4028193;101189.0;36.149998;0
438047408;438046825;4028193;101184.0;36.16;0
439052351;439051768;4028193;101187.0;36.17;0
440046495;440045912;4028193;101188.0;36.18;0
441051487;441050904;4028193;101188.0;36.19;0
442045730;442045147;4028193;101186.0;36.2;0
443039773;443039190;4028193;101185.0;36.21;0
444055528;444054945;4028193;101185.0;36.21;0
445049941;445049358;4028193;101187.0;36.23;0
446044177;446043568;4028193;101185.0;36.239998;0
447049700;447049117;4028193;101183.0;36.25;0
448054587;448054003;4028193;101186.0;36.26;0
449048745;449048162;4028193;101191.0;36.27;0
450043173;450042590;4028193;101187.0;36.28;0
451037326;451036742;4028193;101189.0;36.28;0
452053345;452052761;4028193;101186.0;36.29;0
453047562;453046979;4028193;101187.0;36.3;0
454052632;454052049;4028193;101184.0;36.3;0
455046806;455046223;4028193;101184.0;36.309998;0
456051909;456051326;4028193;101181.0;36.32;0
457046479;457045854;4028193;101187.0;36.329998;0
458040521;458039938;4028193;101186.0;36.329998;0
459056364;459055781;4028193;101190.0;36.34;0
460050534;460049951;4028193;101184.0;36.34;0
461055496;461054914;4028193;101189.0;36.35;0
462049532;462048949;4028193;101181.0;36.35;0
463054504;463053921;4028193;101183.0;36.36;0
464048727;464048144;4028193;101183.0;36.37;0
465042928;465042346;4028193;101187.0;36.37;0
466037143;466036560;4028193;101182.0;36.37;0
467052858;467052275;4028193;101186.0;36.37;0
469052175;469051592;4028193;101186.0;36.37;0
470046111;470045528;4028193;101184.0;36.37;0
471051185;471050602;4028193;101188.0;36.37;0
472045299;472044716;4028193;101188.0;36.38;0
473039539;473038956;4028193;101188.0;36.38;0
474033730;474033136;4028193;101188.0;36.38;0
475049578;475048996;4028193;101194.0;36.38;0
476054338;476053755;4028193;101190.0;36.39;0
477048517;477047933;4028193;101191.0;36.38;0
478053622;478053039;4028193;101185.0;36.38;0
479047658;479047075;4028193;101187.0;36.39;0
480041920;480041336;4028193;101187.0;36.39;0
481036179;481035596;4028193;101192.0;36.39;0
482051744;482051148;4028193;101191.0;36.39;0
483045908;483045325;4028193;101194.0;36.39;0
484050917;484050334;4028193;101189.0;36.39;0
485045118;485044535;4028193;101190.0;36.39;0
486050225;486049643;4028193;101186.0;36.39;0
487044396;487043813;4028193;101183.0;36.39;0
488038746;488038163;4028193;101186.0;36.39;0
489054502;489053920;4028193;101189.0;36.39;0
490049049;490048465;4028193;101189.0;36.399998;0
491043475;491042889;4028193;101190.0;36.399998;0
492048369;492047786;4028193;101190.0;36.399998;0
493053517;493052935;4028193;101192.0;36.399998;0
494047940;494047357;4028193;101191.0;36.41;0
495041997;495041414;4028193;101185.0;36.399998;0
496036156;496035572;4028193;101181.0;36.399998;0
497052185;497051602;4028193;101189.0;36.399998;0
498046163;498045580;4028193;101189.0;36.399998;0
499051109;499050526;4028193;101187.0;36.399998;0
500045365;500044781;4028193;101188.0;36.399998;0
501050339;501049756;4028193;101189.0;36.399998;0
502044544;502043961;4028193;101189.0;36.399998;0
503038680;503038097;4028193;101188.0;36.39;0
504054748;504054165;4028193;101186.0;36.38;0
505048746;505048157;4028193;101191.0;36.39;0
506053468;506052885;4028193;101191.0;36.39;0
507047927;507047344;4028193;101185.0;36.38;0
508052739;508052156;4028193;101191.0;36.38;0
509046910;509046327;4028193;101189.0;36.37;0
510041111;510040528;4028193;101191.0;36.37;0
511035547;511034964;4028193;101191.0;36.37;0
512051718;512051136;4028193;101184.0;36.36;0
513045910;513045327;4028193;101190.0;36.36;0
514050907;514050324;4028193;101194.0;36.35;0
515055968;515055385;4028193;101187.0;36.35;0
516050043;516049419;4028193;101185.0;36.34;0
517044330;517043747;4028193;101188.0;36.34;0
518038430;518037846;4028193;101188.0;36.34;0
519054548;519053943;4028193;101186.0;36.329998;0
520048667;520048084;4028193;101192.0;36.329998;0
521053855;521053272;4028193;101189.0;36.32;0
522048164;522047581;4028193;101185.0;36.32;0
523053131;523052548;4028193;101187.0;36.32;0
524047311;524046728;4028193;101191.0;36.309998;0
525041444;525040861;4028193;101190.0;36.309998;0
526057309;526056726;4028193;101185.0;36.3;0
527051562;527050979;4028193;101189.0;36.309998;0
528056530;528055947;4028193;101187.0;36.309998;0
529050759;529050176;4028193;101187.0;36.3;0
530044919;530044337;4028193;101186.0;36.3;0
531049909;531049326;4028193;101190.0;36.29;0
532044213;532043616;4028193;101186.0;36.29;0
533038907;533038324;4028193;101189.0;36.29;0
534054525;534053942;4028193;101187.0;36.28;0
535048735;535048152;4028193;101194.0;36.28;0
536053910;536053327;4028193;101185.0;36.27;0
537048062;537047475;4028193;101185.0;36.27;0
538052935;538052339;4028193;101188.0;36.27;0
539047336;539046753;4028193;101184.0;36.27;0
540041924;540041341;4028193;101187.0;36.26;0
541036280;541035683;4028193;101186.0;36.25;0
542052134;542051551;4028193;101190.0;36.25;0
543056913;543056330;4028193;101194.0;36.25;0
544051112;544050529;4028193;101192.0;36.239998;0
545045296;545044713;4028193;101190.0;36.239998;0
546050321;546049738;4028193;101190.0;36.239998;0
547044541;547043958;4028193;101187.0;36.239998;0
548038729;548038146;4028193;101186.0;36.23;0
549054581;549053998;4028193;101185.0;36.219997;0
550048729;550048146;4028193;101187.0;36.219997;0
551053907;551053324;4028193;101187.0;36.21;0
552047917;552047335;4028193;101186.0;36.2;0
553052917;553052334;4028193;101184.0;36.19;0
554047182;554046599;4028193;101187.0;36.18;0
555041780;555041197;4028193;101188.0;36.18;0
556035704;556035121;4028193;101189.0;36.17;0
557051379;557050796;4028193;101188.0;36.16;0
558045527;558044944;4028193;101188.0;36.149998;0
559050528;559049946;4028193;101187.0;36.149998;0
560055785;560055201;4028193;101188.0;36.149998;0
561049749;561049166;4028193;101192.0;36.14;0
562043942;562043359;4028193;101188.0;36.14;0
563038119;563037536;4028193;101187.0;36.13;0
564053920;564053320;4028193;101188.0;36.13;0
565048397;565047802;4028193;101187.0;36.13;0
566053408;566052826;4028193;101189.0;36.13;0
567047324;567046741;4028193;101184.0;36.13;0
568052336;568051753;4028193;101188.0;36.13;0
569046491;569045908;4028193;101191.0;36.13;0
570040626;570040038;4028193;101189.0;36.12;0
571056513;571055930;4028193;101189.0;36.13;0
572050699;572050116;4028193;101192.0;36.12;0
573045086;573044425;4028193;101192.0;36.12;0
574049907;574049324;4028193;101190.0;36.12;0
575054907;575054324;4028193;101189.0;36.12;0
576049164;576048580;4028193;101186.0;36.12;0
577043283;577042701;4028193;101191.0;36.12;0
578037635;578037051;4028193;101189.0;36.11;0
579053564;579052981;4028193;101190.0;36.11;0
580047434;580046851;4028193;101188.0;36.11;0
581052669;581052015;4028193;101188.0;36.11;0
582047302;582046719;4028193;101186.0;36.11;0
583052340;583051757;4028193;101190.0;36.1;0
584046518;584045935;4028193;101185.0;36.1;0
585040757;585040174;4028193;101183.0;36.1;0
586034875;586034291;4028193;101185.0;36.1;0
587050770;587050173;4028193;101188.0;36.1;0
588055883;588055300;4028193;101181.0;36.1;0
589050067;589049484;4028193;101186.0;36.09;0
590044367;590043784;4028193;101190.0;36.09;0
591049401;591048818;4028193;101190.0;36.09;0
592043566;592042983;4028193;101188.0;36.079998;0
593037641;593037058;4028193;101177.0;36.07;0
594053306;594052710;4028193;101184.0;36.07;0
595047540;595046957;4028193;101186.0;36.059998;0
596052649;596052053;4028193;101185.0;36.05;0
597046755;597046172;4028193;101182.0;36.05;0
598051875;598051292;4028193;101188.0;36.04;0
599045938;599045355;4028193;101188.0;36.03;0
600040111;600039528;4028193;101184.0;36.03;0
601034668;601034086;4028193;101187.0;36.03;0
602050620;602050037;4028193;101192.0;36.03;0
603055825;603055242;4028193;101190.0;36.02;0
604050125;604049476;4028193;101182.0;36.01;0
605054985;605054402;4028193;101187.0;36.01;0
606049150;606048567;4028193;101189.0;36.01;0
607043241;607042658;4028193;101188.0;36.01;0
608037596;608037013;4028193;101187.0;36.0;0
609053287;609052704;4028193;101190.0;35.989998;0
610047718;610047135;4028193;101190.0;35.989998;0
611052502;611051912;4028193;101182.0;35.989998;0
612046948;612046366;4028193;101187.0;35.98;0
613051924;613051324;4028193;101184.0;35.98;0
614046124;614045541;4028193;101186.0;35.969997;0
615040304;615039722;4028193;101184.0;35.969997;0
616056110;616055527;4028193;101184.0;35.96;0
617050384;617049802;4028193;101186.0;35.95;0
618044505;618043922;4028193;101193.0;35.95;0
619049738;619049155;4028193;101191.0;35.94;0
620054811;620054229;4028193;101184.0;35.94;0
621049326;621048743;4028193;101188.0;35.93;0
622043784;622043201;4028193;101186.0;35.93;0
623037787;623037204;4028193;101187.0;35.93;0
624053539;624052938;4028193;101190.0;35.93;0
625047751;625047169;4028193;101192.0;35.92;0
626052900;626052317;4028193;101187.0;35.92;0
627047117;627046534;4028193;101195.0;35.92;0
628052162;628051579;4028193;101188.0;35.91;0
629046213;629045631;4028193;101190.0;35.91;0
630040454;630039872;4028193;101193.0;35.899998;0
631056292;631055709;4028193;101194.0;35.899998;0
632050514;632049931;4028193;101190.0;35.89;0
633055801;633055219;4028193;101190.0;35.89;0
634049908;634049325;4028193;101193.0;35.89;0
635043986;635043403;4028193;101189.0;35.88;0
637043139;637042538;4028193;101189.0;35.87;0
638037570;638036978;4028193;101189.0;35.87;0
639053205;639052622;4028193;101195.0;35.87;0
640047440;640046856;4028193;101193.0;35.87;0
641052477;641051870;4028193;101192.0;35.87;0
642046541;642045947;4028193;101185.0;35.86;0
643051650;643051067;4028193;101188.0;35.85;0
644046201;644045618;4028193;101183.0;35.84;0
645040517;645039934;4028193;101185.0;35.84;0
646034908;646034325;4028193;101191.0;35.84;0
647050745;647050162;4028193;101185.0;35.829998;0
648055768;648055170;4028193;101182.0;35.82;0
649050225;649049642;4028193;101187.0;35.809998;0
650055387;650054804;4028193;101189.0;35.809998;0
651049767;651049185;4028193;101184.0;35.809998;0
652043793;652043210;4028193;101184.0;35.8;0
653038135;653037553;4028193;101186.0;35.79;0
654053904;654053321;4028193;101190.0;35.78;0
655048236;655047653;4028193;101186.0;35.78;0
656053135;656052545;4028193;101193.0;35.77;0
657047215;657046632;4028193;101188.0;35.76;0
658052566;658051983;4028193;101186.0;35.76;0
659046718;659046135;4028193;101188.0;35.75;0
660040855;660040272;4028193;101191.0;35.75;0
661035127;661034545;4028193;101188.0;35.75;0
662050902;662050319;4028193;101185.0;35.739998;0
663045329;663044746;4028193;101186.0;35.739998;0
664050164;664049581;4028193;101188.0;35.73;0
665055058;665054476;4028193;101186.0;35.73;0
666049237;666048654;4028193;101185.0;35.73;0
667043514;667042931;4028193;101188.0;35.719997;0
668037845;668037263;4028193;101183.0;35.719997;0
669053539;669052956;4028193;101189.0;35.719997;0
670047851;670047268;4028193;101191.0;35.719997;0
671052927;671052344;4028193;101183.0;35.71;0
672047170;672046587;4028193;101187.0;35.71;0
673052022;673051439;4028193;101187.0;35.71;0
674045998;674045415;4028193;101182.0;35.71;0
675040520;675039937;4028193;101188.0;35.71;0
676034727;676034145;4028193;101185.0;35.71;0
677050369;677049784;4028193;101184.0;35.71;0
678044907;678044324;4028193;101186.0;35.71;0
679049979;679049396;4028193;101184.0;35.7;0
680054962;680054379;4028193;101187.0;35.7;0
681049514;681048930;4028193;101188.0;35.7;0
682043937;682043354;4028193;101188.0;35.69;0
683038147;683037564;4028193;101190.0;35.69;0
684053934;684053352;4028193;101182.0;35.69;0
685048111;685047529;4028193;101189.0;35.69;0
686053170;686052587;4028193;101188.0;35.68;0
687047363;687046781;4028193;101188.0;35.68;0
688052294;688051711;4028193;101187.0;35.67;0
689046764;689046181;4028193;101184.0;35.67;0
690040709;690040120;4028193;101188.0;35.66;0
691035123;691034536;4028193;101191.0;35.66;0
692050851;692050268;4028193;101187.0;35.66;0
693055751;693055168;4028193;101189.0;35.649998;0
694050137;694049554;4028193;101186.0;35.649998;0
695054974;695054391;4028193;101185.0;35.64;0
696049314;696048731;4028193;101183.0;35.64;0
697043527;697042944;4028193;101184.0;35.63;0
698037947;698037364;4028193;101189.0;35.63;0
699053618;699053035;4028193;101189.0;35.62;0
700047743;700047160;4028193;101186.0;35.62;0
701052716;701052133;4028193;101184.0;35.62;0
702047021;702046439;4028193;101185.0;35.61;0
703052131;703051548;4028193;101187.0;35.61;0
704046321;704045739;4028193;101185.0;35.61;0
705040509;705039926;4028193;101185.0;35.61;0
706034973;706034390;4028193;101186.0;35.61;0
707050764;707050181;4028193;101192.0;35.61;0
708055743;708055160;4028193;101185.0;35.6;0
709049826;709049243;4028193;101185.0;35.6;0
710054819;710054236;4028193;101187.0;35.6;0
711049149;711048566;4028193;101184.0;35.6;0
712043351;712042757;4028193;101183.0;35.59;0
713037562;713036979;4028193;101187.0;35.59;0
714053304;714052721;4028193;101191.0;35.59;0
715047546;715046963;4028193;101188.0;35.59;0
716052496;716051914;4028193;101187.0;35.59;0
717046750;717046168;4028193;101186.0;35.59;0
718051975;718051392;4028193;101187.0;35.59;0
719045847;719045264;4028193;101185.0;35.59;0
720040127;720039545;4028193;101190.0;35.59;0
721056217;721055633;4028193;101188.0;35.579998;0
722050290;722049707;4028193;101190.0;35.579998;0
723044701;723044119;4028193;101192.0;35.579998;0
724049548;724048965;4028193;101186.0;35.579998;0
725054542;725053958;4028193;101190.0;35.579998;0
726048846;726048264;4028193;101189.0;35.57;0
727043007;727042424;4028193;101185.0;35.57;0
728037159;728036576;4028193;101187.0;35.57;0
729053171;729052588;4028193;101188.0;35.57;0
730047312;730046730;4028193;101193.0;35.559998;0
731052342;731051759;4028193;101186.0;35.559998;0
732046599;732045998;4028193;101190.0;35.559998;0
733051735;733051152;4028193;101181.0;35.559998;0
734045960;734045376;4028193;101185.0;35.55;0
735040013;735039430;4028193;101184.0;35.55;0
736055918;736055328;4028193;101186.0;35.55;0
737050157;737049573;4028193;101185.0;35.55;0
738055111;738054528;4028193;101187.0;35.55;0
739049547;739048964;4028193;101191.0;35.55;0
740054350;740053767;4028193;101183.0;35.54;0
741048615;741048018;4028193;101185.0;35.55;0
742042786;742042203;4028193;101187.0;35.54;0
743036720;743036137;4028193;101187.0;35.54;0
744052382;744051800;4028193;101187.0;35.54;0
745046667;745046052;4028193;101186.0;35.54;0
746051928;746051264;4028193;101183.0;35.53;0
747046334;747045751;4028193;101190.0;35.54;0
748051294;748050711;4028193;101187.0;35.53;0
749045592;749045009;4028193;101187.0;35.54;0
750039911;750039325;4028193;101184.0;35.53;0
751034137;751033554;4028193;101185.0;35.53;0
752049971;752049370;4028193;101184.0;35.54;0
753054960;753054377;4028193;101185.0;35.54;0
754049169;754048572;4028193;101187.0;35.54;0
755054238;755053656;4028193;101183.0;35.54;0
756048600;756048000;4028193;101184.0;35.54;0
757042907;757042324;4028193;101188.0;35.54;0
758036913;758036324;4028193;101180.0;35.54;0
759052983;759052400;4028193;101189.0;35.54;0
760047501;760046918;4028193;101191.0;35.54;0
761052754;761052170;4028193;101193.0;35.54;0
762046930;762046329;4028193;101188.0;35.54;0
763051926;763051343;4028193;101183.0;35.54;0
764046133;764045550;4028193;101186.0;35.55;0
765040012;765039429;4028193;101187.0;35.55;0
766055544;766054961;4028193;101187.0;35.54;0
767049701;767049118;4028193;101189.0;35.55;0
768044160;768043577;4028193;101187.0;35.54;0
769049315;769048732;4028193;101181.0;35.54;0
770054140;770053557;4028193;101189.0;35.55;0
771048325;771047742;4028193;101182.0;35.54;0
772042380;772041797;4028193;101188.0;35.55;0
773036703;773036120;4028193;101186.0;35.55;0
774052646;774052063;4028193;101184.0;35.54;0
775047059;775046476;4028193;101187.0;35.55;0
776052438;776051816;4028193;101181.0;35.54;0
777046613;777046027;4028193;101180.0;35.54;0
778051637;778051055;4028193;101189.0;35.54;0
779045945;779045323;4028193;101185.0;35.54;0
780040127;780039544;4028193;101183.0;35.54;0
781055937;781055353;4028193;101183.0;35.54;0
782050123;782049541;4028193;101185.0;35.53;0
783055330;783054748;4028193;101180.0;35.54;0
784049448;784048866;4028193;101182.0;35.53;0
785054530;785053946;4028193;101180.0;35.53;0
786048701;786048118;4028193;101183.0;35.53;0
787042905;787042322;4028193;101182.0;35.53;0
788037225;788036642;4028193;101183.0;35.53;0
789052935;789052352;4028193;101185.0;35.53;0
790047440;790046836;4028193;101182.0;35.53;0
791052511;791051928;4028193;101182.0;35.53;0
792046906;792046323;4028193;101183.0;35.53;0
793052110;793051527;4028193;101183.0;35.52;0
794046306;794045724;4028193;101175.0;35.52;0
795040575;795039992;4028193;101184.0;35.52;0
796034707;796034124;4028193;101180.0;35.52;0
797050548;797049965;4028193;101182.0;35.52;0
798055660;798055077;4028193;101184.0;35.52;0
799049808;799049225;4028193;101183.0;35.52;0
800054726;800054143;4028193;101182.0;35.52;0
801049000;801048418;4028193;101179.0;35.52;0
802043367;802042785;4028193;101180.0;35.52;0
803037425;803036842;4028193;101180.0;35.52;0
804053451;804052868;4028193;101180.0;35.52;0
805047927;805047344;4028193;101184.0;35.52;0
806053114;806052531;4028193;101187.0;35.52;0
807047429;807046846;4028193;101181.0;35.51;0
808052499;808051916;4028193;101184.0;35.52;0
809046755;809046172;4028193;101181.0;35.51;0
810040920;810040337;4028193;101183.0;35.51;0
811035117;811034534;4028193;101180.0;35.51;0
812050915;812050332;4028193;101184.0;35.51;0
813045130;813044547;4028193;101177.0;35.51;0
814050315;814049732;4028193;101179.0;35.51;0
815055445;815054831;4028193;101179.0;35.51;0
816050111;816049528;4028193;101183.0;35.5;0
817044181;817043598;4028193;101184.0;35.51;0
818038491;818037908;4028193;101184.0;35.51;0
819054323;819053729;4028193;101178.0;35.51;0
820048557;820047963;4028193;101184.0;35.51;0
821053544;821052961;4028193;101184.0;35.51;0
822047966;822047383;4028193;101180.0;35.5;0
823052642;823052059;4028193;101181.0;35.5;0
824047164;824046581;4028193;101183.0;35.5;0
825041248;825040665;4028193;101183.0;35.51;0
826035726;826035143;4028193;101186.0;35.51;0
827051859;827051262;4028193;101186.0;35.5;0
828046340;828045757;4028193;101183.0;35.489998;0
829051122;829050539;4028193;101180.0;35.5;0
830056211;830055628;4028193;101178.0;35.489998;0
831050464;831049879;4028193;101182.0;35.489998;0
832044592;832044010;4028193;101183.0;35.489998;0
833038942;833038360;4028193;101187.0;35.489998;0
834054705;834054122;4028193;101184.0;35.489998;0
835049111;835048528;4028193;101186.0;35.489998;0
836053961;836053378;4028193;101184.0;35.489998;0
837048337;837047755;4028193;101177.0;35.489998;0
838053357;838052774;4028193;101181.0;35.489998;0
839047562;839046978;4028193;101180.0;35.489998;0
840042002;840041396;4028193;101179.0;35.489998;0
841057679;841057097;4028193;101184.0;35.489998;0
842051902;842051320;4028193;101181.0;35.489998;0
843046389;843045807;4028193;101186.0;35.48;0
844051520;844050937;4028193;101182.0;35.48;0
845045701;845045118;4028193;101185.0;35.48;0
846050832;846050249;4028193;101178.0;35.469997;0
847045363;847044780;4028193;101178.0;35.469997;0
848039381;848038779;4028193;101181.0;35.469997;0
849033806;849033224;4028193;101182.0;35.469997;0
850049519;850048936;4028193;101181.0;35.469997;0
851054361;851053768;4028193;101183.0;35.469997;0
852048529;852047944;4028193;101184.0;35.469997;0
853053532;853052949;4028193;101183.0;35.469997;0
854047905;854047322;4028193;101185.0;35.469997;0
855041853;855041251;4028193;101182.0;35.46;0
856036023;856035440;4028193;101178.0;35.46;0
857052111;857051528;4028193;101188.0;35.46;0
858046301;858045718;4028193;101184.0;35.46;0
859051131;859050548;4028193;101182.0;35.46;0
860045167;860044584;4028193;101186.0;35.46;0
861050065;861049481;4028193;101185.0;35.46;0
862044222;862043639;4028193;101185.0;35.46;0
863038524;863037941;4028193;101183.0;35.46;0
864054222;864053640;4028193;101183.0;35.46;0
865048375;865047792;4028193;101182.0;35.46;0
866053543;866052960;4028193;101184.0;35.45;0
867047757;867047174;4028193;101180.0;35.46;0
868052817;868052234;4028193;101179.0;35.46;0
869046933;869046350;4028193;101187.0;35.46;0
870041114;870040532;4028193;101181.0;35.45;0
871035849;871035266;4028193;101181.0;35.45;0
872051922;872051339;4028193;101185.0;35.45;0
873046316;873045733;4028193;101186.0;35.45;0
874051348;874050765;4028193;101180.0;35.45;0
875056166;875055572;4028193;101186.0;35.45;0
876050567;876049941;4028193;101180.0;35.45;0
877045021;877044439;4028193;101177.0;35.45;0
878039134;878038551;4028193;101181.0;35.45;0
879055023;879054440;4028193;101179.0;35.45;0
880049498;880048915;4028193;101183.0;35.45;0
881054534;881053937;4028193;101183.0;35.45;0
882048753;882048171;4028193;101177.0;35.45;0
883053856;883053269;4028193;101178.0;35.45;0
884048347;884047764;4028193;101179.0;35.45;0
885042550;885041967;4028193;101181.0;35.44;0
886036854;886036271;4028193;101184.0;35.44;0
887052831;887052244;4028193;101182.0;35.44;0
888047125;888046542;4028193;101180.0;35.44;0
889052375;889051793;4028193;101176.0;35.44;0
890046610;890046027;4028193;101184.0;35.44;0
891051915;891051331;4028193;101179.0;35.44;0
892046335;892045752;4028193;101175.0;35.43;0
893040503;893039920;4028193;101183.0;35.43;0
894034702;894034119;4028193;101187.0;35.43;0
895050664;895050035;4028193;101180.0;35.42;0
896055832;896055235;4028193;101180.0;35.42;0
897050335;897049752;4028193;101177.0;35.42;0
898044550;898043953;4028193;101178.0;35.41;0
899049774;899049192;4028193;101180.0;35.41;0
900044117;900043534;4028193;101180.0;35.41;0
901038058;901037475;4028193;101177.0;35.41;0
902053962;902053379;4028193;101181.0;35.399998;0
903048121;903047538;4028193;101181.0;35.41;0
904053123;904052527;4028193;101180.0;35.399998;0
905047456;905046873;4028193;101182.0;35.41;0
906052324;906051742;4028193;101178.0;35.41;0
907046741;907046158;4028193;101182.0;35.399998;0
908040968;908040386;4028193;101183.0;35.399998;0
909035093;909034501;4028193;101186.0;35.399998;0
910051187;910050604;4028193;101187.0;35.399998;0
911056191;911055608;4028193;101180.0;35.399998;0
912050123;912049527;4028193;101182.0;35.399998;0
913055346;913054764;4028193;101184.0;35.399998;0
914049429;914048846;4028193;101178.0;35.399998;0
915043734;915043151;4028193;101178.0;35.399998;0
916037907;916037324;4028193;101182.0;35.399998;0
917053647;917053063;4028193;101182.0;35.399998;0
918047932;918047349;4028193;101178.0;35.39;0
919052971;919052388;4028193;101183.0;35.39;0
920047111;920046528;4028193;101180.0;35.399998;0
921052196;921051613;4028193;101181.0;35.39;0
922046442;922045860;4028193;101176.0;35.39;0
923040746;923040163;4028193;101180.0;35.39;0
924056405;924055823;4028193;101182.0;35.39;0
925050726;925050143;4028193;101184.0;35.39;0
926045211;926044629;4028193;101182.0;35.39;0
927050160;927049578;4028193;101181.0;35.39;0
928054906;928054324;4028193;101174.0;35.39;0
929049198;929048616;4028193;101178.0;35.39;0
930043518;930042930;4028193;101172.0;35.38;0
931037721;931037138;4028193;101182.0;35.39;0
932053542;932052959;4028193;101181.0;35.39;0
933047755;933047172;4028193;101181.0;35.39;0
934052867;934052284;4028193;101182.0;35.39;0
935047112;935046529;4028193;101181.0;35.39;0
936052203;936051597;4028193;101181.0;35.39;0
937046576;937045993;4028193;101181.0;35.39;0
938040738;938040155;4028193;101180.0;35.39;0
939056560;939055959;4028193;101183.0;35.39;0
940050820;940050237;4028193;101181.0;35.39;0
941055754;941055172;4028193;101185.0;35.39;0
942049906;942049323;4028193;101177.0;35.38;0
943043992;943043409;4028193;101183.0;35.38;0
944049144;944048561;4028193;101178.0;35.38;0
945043514;945042930;4028193;101184.0;35.38;0
946037751;946037168;4028193;101179.0;35.38;0
947053326;947052743;4028193;101180.0;35.38;0
948047660;948047078;4028193;101181.0;35.37;0
949052915;949052332;4028193;101180.0;35.37;0
950047207;950046624;4028193;101181.0;35.37;0
951052096;951051437;4028193;101177.0;35.37;0
952046149;952045566;4028193;101179.0;35.37;0
953040342;953039759;4028193;101184.0;35.37;0
954034648;954034058;4028193;101179.0;35.36;0
955050305;955049722;4028193;101182.0;35.36;0
956055434;956054851;4028193;101185.0;35.36;0
957049437;957048855;4028193;101182.0;35.36;0
958054709;958054127;4028193;101184.0;35.36;0
959048827;959048244;4028193;101181.0;35.35;0
960043143;960042541;4028193;101181.0;35.35;0
961037347;961036755;4028193;101179.0;35.35;0
962053154;962052570;4028193;101187.0;35.36;0
963047501;963046918;4028193;101181.0;35.36;0
964052377;964051794;4028193;101182.0;35.35;0
965046577;965045993;4028193;101183.0;35.35;0
966051704;966051121;4028193;101182.0;35.35;0
967045960;967045377;4028193;101180.0;35.35;0
968040385;968039802;4028193;101183.0;35.35;0
969034725;969034142;4028193;101187.0;35.35;0
970050520;970049937;4028193;101176.0;35.35;0
971044558;971043975;4028193;101178.0;35.35;0
972049770;972049187;4028193;101178.0;35.34;0
973054526;973053943;4028193;101179.0;35.34;0
974048704;974048122;4028193;101177.0;35.34;0
975042907;975042324;4028193;101181.0;35.34;0
976037134;976036541;4028193;101176.0;35.329998;0
977052821;977052235;4028193;101185.0;35.329998;0
978046722;978046138;4028193;101178.0;35.329998;0
979051598;979051015;4028193;101190.0;35.329998;0
980045951;980045367;4028193;101179.0;35.329998;0
981050932;981050349;4028193;101183.0;35.329998;0
982045268;982044685;4028193;101181.0;35.329998;0
983039540;983038957;4028193;101179.0;35.329998;0
984055328;984054745;4028193;101180.0;35.329998;0
985049505;985048921;4028193;101181.0;35.34;0
986054506;986053922;4028193;101189.0;35.34;0
987048763;987048180;4028193;101180.0;35.34;0
988053934;988053351;4028193;101182.0;35.34;0
989047958;989047375;4028193;101181.0;35.34;0
990042354;990041771;4028193;101179.0;35.34;0
991036804;991036221;4028193;101182.0;35.34;0
992052340;992051757;4028193;101182.0;35.34;0
993046392;993045809;4028193;101184.0;35.34;0
994051751;994051168;4028193;101180.0;35.34;0
995056548;995055954;4028193;101181.0;35.34;0
996050849;996050266;4028193;101178.0;35.329998;0
997045027;997044445;4028193;101178.0;35.34;0
998039321;998038738;4028193;101182.0;35.34;0
999033449;999032866;4028193;101184.0;35.34;0
1000049295;1000048711;4028193;101177.0;35.329998;0
1001054485;1001053902;4028193;101186.0;35.34;0
1002048206;1002047623;4028193;101180.0;35.34;0
1003052987;1003052405;4028193;101178.0;35.34;0
1004047379;1004046796;4028193;101178.0;35.34;0
1005041498;1005040915;4028193;101177.0;35.34;0
1006035790;1006035197;4028193;101182.0;35.34;0
1007051818;1007051222;4028193;101182.0;35.34;0
1008045754;1008045171;4028193;101183.0;35.34;0
1009050829;1009050176;4028193;101181.0;35.34;0
1010044984;1010044401;4028193;101176.0;35.34;0
1011049993;1011049411;4028193;101178.0;35.34;0
1012044120;1012043527;4028193;101181.0;35.35;0
1013038192;1013037610;4028193;101179.0;35.35;0
