timestamp;timestamp_sample;information_event_changes;gps_checks_passed;reset_vel_to_gps;reset_vel_to_flow;reset_vel_to_vision;reset_vel_to_zero;reset_pos_to_last_known;reset_pos_to_gps;reset_pos_to_vision;starting_gps_fusion;starting_vision_pos_fusion;starting_vision_vel_fusion;starting_vision_yaw_fusion;yaw_aligned_to_imu_gps;reset_hgt_to_baro;reset_hgt_to_gps;reset_hgt_to_rng;reset_hgt_to_ev
430945132;392401648;7;0;0;0;0;1;1;0;0;0;0;0;0;0;0;0;0;0
431954927;392401648;7;0;0;0;0;1;1;0;0;0;0;0;0;0;0;0;0;0
432963772;392401648;7;0;0;0;0;1;1;0;0;0;0;0;0;0;0;0;0;0
433973043;392401648;7;0;0;0;0;1;1;0;0;0;0;0;0;0;0;0;0;0
434982408;392401648;7;0;0;0;0;1;1;0;0;0;0;0;0;0;0;0;0;0
435991743;392401648;7;0;0;0;0;1;1;0;0;0;0;0;0;0;0;0;0;0
437001142;392401648;7;0;0;0;0;1;1;0;0;0;0;0;0;0;0;0;0;0
438010416;392401648;7;0;0;0;0;1;1;0;0;0;0;0;0;0;0;0;0;0
439019804;392401648;7;0;0;0;0;1;1;0;0;0;0;0;0;0;0;0;0;0
440028997;392401648;7;0;0;0;0;1;1;0;0;0;0;0;0;0;0;0;0;0
441038481;392401648;7;0;0;0;0;1;1;0;0;0;0;0;0;0;0;0;0;0
442047900;392401648;7;0;0;0;0;1;1;0;0;0;0;0;0;0;0;0;0;0
443058025;392401648;7;0;0;0;0;1;1;0;0;0;0;0;0;0;0;0;0;0
444070262;392401648;7;0;0;0;0;1;1;0;0;0;0;0;0;0;0;0;0;0
445075860;392401648;7;0;0;0;0;1;1;0;0;0;0;0;0;0;0;0;0;0
446085254;392401648;7;0;0;0;0;1;1;0;0;0;0;0;0;0;0;0;0;0
447094570;392401648;7;0;0;0;0;1;1;0;0;0;0;0;0;0;0;0;0;0
448103904;392401648;7;0;0;0;0;1;1;0;0;0;0;0;0;0;0;0;0;0
449113357;392401648;7;0;0;0;0;1;1;0;0;0;0;0;0;0;0;0;0;0
450122607;392401648;7;0;0;0;0;1;1;0;0;0;0;0;0;0;0;0;0;0
451131983;392401648;7;0;0;0;0;1;1;0;0;0;0;0;0;0;0;0;0;0
452141186;392401648;7;0;0;0;0;1;1;0;0;0;0;0;0;0;0;0;0;0
453150790;392401648;7;0;0;0;0;1;1;0;0;0;0;0;0;0;0;0;0;0
454160648;392401648;7;0;0;0;0;1;1;0;0;0;0;0;0;0;0;0;0;0
455173053;392401648;7;0;0;0;0;1;1;0;0;0;0;0;0;0;0;0;0;0
456178672;392401648;7;0;0;0;0;1;1;0;0;0;0;0;0;0;0;0;0;0
457187904;392401648;7;0;0;0;0;1;1;0;0;0;0;0;0;0;0;0;0;0
458197416;392401648;7;0;0;0;0;1;1;0;0;0;0;0;0;0;0;0;0;0
459206693;392401648;7;0;0;0;0;1;1;0;0;0;0;0;0;0;0;0;0;0
460216102;392401648;7;0;0;0;0;1;1;0;0;0;0;0;0;0;0;0;0;0
461225777;392401648;7;0;0;0;0;1;1;0;0;0;0;0;0;0;0;0;0;0
462234826;392401648;7;0;0;0;0;1;1;0;0;0;0;0;0;0;0;0;0;0
463244369;392401648;7;0;0;0;0;1;1;0;0;0;0;0;0;0;0;0;0;0
464253554;392401648;7;0;0;0;0;1;1;0;0;0;0;0;0;0;0;0;0;0
465263752;392401648;7;0;0;0;0;1;1;0;0;0;0;0;0;0;0;0;0;0
466275874;392401648;7;0;0;0;0;1;1;0;0;0;0;0;0;0;0;0;0;0
468290767;392401648;7;0;0;0;0;1;1;0;0;0;0;0;0;0;0;0;0;0
469300494;392401648;7;0;0;0;0;1;1;0;0;0;0;0;0;0;0;0;0;0
470309646;392401648;7;0;0;0;0;1;1;0;0;0;0;0;0;0;0;0;0;0
471319201;392401648;7;0;0;0;0;1;1;0;0;0;0;0;0;0;0;0;0;0
472328344;392401648;7;0;0;0;0;1;1;0;0;0;0;0;0;0;0;0;0;0
473338102;392401648;7;0;0;0;0;1;1;0;0;0;0;0;0;0;0;0;0;0
474347109;392401648;7;0;0;0;0;1;1;0;0;0;0;0;0;0;0;0;0;0
475356719;392401648;7;0;0;0;0;1;1;0;0;0;0;0;0;0;0;0;0;0
476366324;392401648;7;0;0;0;0;1;1;0;0;0;0;0;0;0;0;0;0;0
477378549;392401648;7;0;0;0;0;1;1;0;0;0;0;0;0;0;0;0;0;0
478384409;392401648;7;0;0;0;0;1;1;0;0;0;0;0;0;0;0;0;0;0
479393761;392401648;7;0;0;0;0;1;1;0;0;0;0;0;0;0;0;0;0;0
480403107;392401648;7;0;0;0;0;1;1;0;0;0;0;0;0;0;0;0;0;0
481412437;392401648;7;0;0;0;0;1;1;0;0;0;0;0;0;0;0;0;0;0
482421598;392401648;7;0;0;0;0;1;1;0;0;0;0;0;0;0;0;0;0;0
483430934;392401648;7;0;0;0;0;1;1;0;0;0;0;0;0;0;0;0;0;0
484440320;392401648;7;0;0;0;0;1;1;0;0;0;0;0;0;0;0;0;0;0
485449937;392401648;7;0;0;0;0;1;1;0;0;0;0;0;0;0;0;0;0;0
486458972;392401648;7;0;0;0;0;1;1;0;0;0;0;0;0;0;0;0;0;0
487469096;392401648;7;0;0;0;0;1;1;0;0;0;0;0;0;0;0;0;0;0
488477944;392401648;7;0;0;0;0;1;1;0;0;0;0;0;0;0;0;0;0;0
489487168;392401648;7;0;0;0;0;1;1;0;0;0;0;0;0;0;0;0;0;0
490496501;392401648;7;0;0;0;0;1;1;0;0;0;0;0;0;0;0;0;0;0
491505874;392401648;7;0;0;0;0;1;1;0;0;0;0;0;0;0;0;0;0;0
492515185;392401648;7;0;0;0;0;1;1;0;0;0;0;0;0;0;0;0;0;0
493524571;392401648;7;0;0;0;0;1;1;0;0;0;0;0;0;0;0;0;0;0
494533877;392401648;7;0;0;0;0;1;1;0;0;0;0;0;0;0;0;0;0;0
495543210;392401648;7;0;0;0;0;1;1;0;0;0;0;0;0;0;0;0;0;0
496552550;392401648;7;0;0;0;0;1;1;0;0;0;0;0;0;0;0;0;0;0
497562016;392401648;7;0;0;0;0;1;1;0;0;0;0;0;0;0;0;0;0;0
498572237;392401648;7;0;0;0;0;1;1;0;0;0;0;0;0;0;0;0;0;0
499580745;392401648;7;0;0;0;0;1;1;0;0;0;0;0;0;0;0;0;0;0
500589790;392401648;7;0;0;0;0;1;1;0;0;0;0;0;0;0;0;0;0;0
501599333;392401648;7;0;0;0;0;1;1;0;0;0;0;0;0;0;0;0;0;0
502608452;392401648;7;0;0;0;0;1;1;0;0;0;0;0;0;0;0;0;0;0
503617949;392401648;7;0;0;0;0;1;1;0;0;0;0;0;0;0;0;0;0;0
504627432;392401648;7;0;0;0;0;1;1;0;0;0;0;0;0;0;0;0;0;0
505636483;392401648;7;0;0;0;0;1;1;0;0;0;0;0;0;0;0;0;0;0
506645851;392401648;7;0;0;0;0;1;1;0;0;0;0;0;0;0;0;0;0;0
507655183;392401648;7;0;0;0;0;1;1;0;0;0;0;0;0;0;0;0;0;0
508664506;392401648;7;0;0;0;0;1;1;0;0;0;0;0;0;0;0;0;0;0
509674523;392401648;7;0;0;0;0;1;1;0;0;0;0;0;0;0;0;0;0;0
510683267;392401648;7;0;0;0;0;1;1;0;0;0;0;0;0;0;0;0;0;0
511692669;392401648;7;0;0;0;0;1;1;0;0;0;0;0;0;0;0;0;0;0
512702036;392401648;7;0;0;0;0;1;1;0;0;0;0;0;0;0;0;0;0;0
513711364;392401648;7;0;0;0;0;1;1;0;0;0;0;0;0;0;0;0;0;0
514720687;392401648;7;0;0;0;0;1;1;0;0;0;0;0;0;0;0;0;0;0
515730067;392401648;7;0;0;0;0;1;1;0;0;0;0;0;0;0;0;0;0;0
516739339;392401648;7;0;0;0;0;1;1;0;0;0;0;0;0;0;0;0;0;0
517748569;392401648;7;0;0;0;0;1;1;0;0;0;0;0;0;0;0;0;0;0
518758367;392401648;7;0;0;0;0;1;1;0;0;0;0;0;0;0;0;0;0;0
519767456;392401648;7;0;0;0;0;1;1;0;0;0;0;0;0;0;0;0;0;0
520777257;392401648;7;0;0;0;0;1;1;0;0;0;0;0;0;0;0;0;0;0
521785993;392401648;7;0;0;0;0;1;1;0;0;0;0;0;0;0;0;0;0;0
522795568;392401648;7;0;0;0;0;1;1;0;0;0;0;0;0;0;0;0;0;0
523804885;392401648;7;0;0;0;0;1;1;0;0;0;0;0;0;0;0;0;0;0
524814172;392401648;7;0;0;0;0;1;1;0;0;0;0;0;0;0;0;0;0;0
525823218;392401648;7;0;0;0;0;1;1;0;0;0;0;0;0;0;0;0;0;0
526832982;392401648;7;0;0;0;0;1;1;0;0;0;0;0;0;0;0;0;0;0
527841951;392401648;7;0;0;0;0;1;1;0;0;0;0;0;0;0;0;0;0;0
528851663;392401648;7;0;0;0;0;1;1;0;0;0;0;0;0;0;0;0;0;0
529860623;392401648;7;0;0;0;0;1;1;0;0;0;0;0;0;0;0;0;0;0
530870439;392401648;7;0;0;0;0;1;1;0;0;0;0;0;0;0;0;0;0;0
531879987;392401648;7;0;0;0;0;1;1;0;0;0;0;0;0;0;0;0;0;0
532888814;392401648;7;0;0;0;0;1;1;0;0;0;0;0;0;0;0;0;0;0
533898103;392401648;7;0;0;0;0;1;1;0;0;0;0;0;0;0;0;0;0;0
534907331;392401648;7;0;0;0;0;1;1;0;0;0;0;0;0;0;0;0;0;0
535916585;392401648;7;0;0;0;0;1;1;0;0;0;0;0;0;0;0;0;0;0
536926028;392401648;7;0;0;0;0;1;1;0;0;0;0;0;0;0;0;0;0;0
537935240;392401648;7;0;0;0;0;1;1;0;0;0;0;0;0;0;0;0;0;0
538944551;392401648;7;0;0;0;0;1;1;0;0;0;0;0;0;0;0;0;0;0
539953906;392401648;7;0;0;0;0;1;1;0;0;0;0;0;0;0;0;0;0;0
540963217;392401648;7;0;0;0;0;1;1;0;0;0;0;0;0;0;0;0;0;0
541972740;392401648;7;0;0;0;0;1;1;0;0;0;0;0;0;0;0;0;0;0
542982426;392401648;7;0;0;0;0;1;1;0;0;0;0;0;0;0;0;0;0;0
543991448;392401648;7;0;0;0;0;1;1;0;0;0;0;0;0;0;0;0;0;0
545000829;392401648;7;0;0;0;0;1;1;0;0;0;0;0;0;0;0;0;0;0
546010064;392401648;7;0;0;0;0;1;1;0;0;0;0;0;0;0;0;0;0;0
547019339;392401648;7;0;0;0;0;1;1;0;0;0;0;0;0;0;0;0;0;0
548028681;392401648;7;0;0;0;0;1;1;0;0;0;0;0;0;0;0;0;0;0
549038219;392401648;7;0;0;0;0;1;1;0;0;0;0;0;0;0;0;0;0;0
550047360;392401648;7;0;0;0;0;1;1;0;0;0;0;0;0;0;0;0;0;0
551056566;392401648;7;0;0;0;0;1;1;0;0;0;0;0;0;0;0;0;0;0
552066007;392401648;7;0;0;0;0;1;1;0;0;0;0;0;0;0;0;0;0;0
553075213;392401648;7;0;0;0;0;1;1;0;0;0;0;0;0;0;0;0;0;0
554085515;392401648;7;0;0;0;0;1;1;0;0;0;0;0;0;0;0;0;0;0
555094091;392401648;7;0;0;0;0;1;1;0;0;0;0;0;0;0;0;0;0;0
556103400;392401648;7;0;0;0;0;1;1;0;0;0;0;0;0;0;0;0;0;0
557112793;392401648;7;0;0;0;0;1;1;0;0;0;0;0;0;0;0;0;0;0
558122042;392401648;7;0;0;0;0;1;1;0;0;0;0;0;0;0;0;0;0;0
559131409;392401648;7;0;0;0;0;1;1;0;0;0;0;0;0;0;0;0;0;0
560141110;392401648;7;0;0;0;0;1;1;0;0;0;0;0;0;0;0;0;0;0
561150015;392401648;7;0;0;0;0;1;1;0;0;0;0;0;0;0;0;0;0;0
562159280;392401648;7;0;0;0;0;1;1;0;0;0;0;0;0;0;0;0;0;0
563168653;392401648;7;0;0;0;0;1;1;0;0;0;0;0;0;0;0;0;0;0
564177985;392401648;7;0;0;0;0;1;1;0;0;0;0;0;0;0;0;0;0;0
565187262;392401648;7;0;0;0;0;1;1;0;0;0;0;0;0;0;0;0;0;0
566196744;392401648;7;0;0;0;0;1;1;0;0;0;0;0;0;0;0;0;0;0
567205837;392401648;7;0;0;0;0;1;1;0;0;0;0;0;0;0;0;0;0;0
568215327;392401648;7;0;0;0;0;1;1;0;0;0;0;0;0;0;0;0;0;0
569228303;392401648;7;0;0;0;0;1;1;0;0;0;0;0;0;0;0;0;0;0
570233793;392401648;7;0;0;0;0;1;1;0;0;0;0;0;0;0;0;0;0;0
571243487;392401648;7;0;0;0;0;1;1;0;0;0;0;0;0;0;0;0;0;0
572252403;392401648;7;0;0;0;0;1;1;0;0;0;0;0;0;0;0;0;0;0
573261909;392401648;7;0;0;0;0;1;1;0;0;0;0;0;0;0;0;0;0;0
574271259;392401648;7;0;0;0;0;1;1;0;0;0;0;0;0;0;0;0;0;0
575280551;392401648;7;0;0;0;0;1;1;0;0;0;0;0;0;0;0;0;0;0
576289957;392401648;7;0;0;0;0;1;1;0;0;0;0;0;0;0;0;0;0;0
577299217;392401648;7;0;0;0;0;1;1;0;0;0;0;0;0;0;0;0;0;0
578308876;392401648;7;0;0;0;0;1;1;0;0;0;0;0;0;0;0;0;0;0
579317940;392401648;7;0;0;0;0;1;1;0;0;0;0;0;0;0;0;0;0;0
580327547;392401648;7;0;0;0;0;1;1;0;0;0;0;0;0;0;0;0;0;0
581336380;392401648;7;0;0;0;0;1;1;0;0;0;0;0;0;0;0;0;0;0
582346219;392401648;7;0;0;0;0;1;1;0;0;0;0;0;0;0;0;0;0;0
583355233;392401648;7;0;0;0;0;1;1;0;0;0;0;0;0;0;0;0;0;0
584364578;392401648;7;0;0;0;0;1;1;0;0;0;0;0;0;0;0;0;0;0
585373677;392401648;7;0;0;0;0;1;1;0;0;0;0;0;0;0;0;0;0;0
586383210;392401648;7;0;0;0;0;1;1;0;0;0;0;0;0;0;0;0;0;0
587392298;392401648;7;0;0;0;0;1;1;0;0;0;0;0;0;0;0;0;0;0
588402323;392401648;7;0;0;0;0;1;1;0;0;0;0;0;0;0;0;0;0;0
589410941;392401648;7;0;0;0;0;1;1;0;0;0;0;0;0;0;0;0;0;0
590420634;392401648;7;0;0;0;0;1;1;0;0;0;0;0;0;0;0;0;0;0
591429703;392401648;7;0;0;0;0;1;1;0;0;0;0;0;0;0;0;0;0;0
592442630;392401648;7;0;0;0;0;1;1;0;0;0;0;0;0;0;0;0;0;0
593448594;392401648;7;0;0;0;0;1;1;0;0;0;0;0;0;0;0;0;0;0
594457626;392401648;7;0;0;0;0;1;1;0;0;0;0;0;0;0;0;0;0;0
595466936;392401648;7;0;0;0;0;1;1;0;0;0;0;0;0;0;0;0;0;0
596476415;392401648;7;0;0;0;0;1;1;0;0;0;0;0;0;0;0;0;0;0
597485566;392401648;7;0;0;0;0;1;1;0;0;0;0;0;0;0;0;0;0;0
598494922;392401648;7;0;0;0;0;1;1;0;0;0;0;0;0;0;0;0;0;0
599504183;392401648;7;0;0;0;0;1;1;0;0;0;0;0;0;0;0;0;0;0
600513714;392401648;7;0;0;0;0;1;1;0;0;0;0;0;0;0;0;0;0;0
601523285;392401648;7;0;0;0;0;1;1;0;0;0;0;0;0;0;0;0;0;0
602532439;392401648;7;0;0;0;0;1;1;0;0;0;0;0;0;0;0;0;0;0
603541561;392401648;7;0;0;0;0;1;1;0;0;0;0;0;0;0;0;0;0;0
604551354;392401648;7;0;0;0;0;1;1;0;0;0;0;0;0;0;0;0;0;0
605560173;392401648;7;0;0;0;0;1;1;0;0;0;0;0;0;0;0;0;0;0
606569682;392401648;7;0;0;0;0;1;1;0;0;0;0;0;0;0;0;0;0;0
607578911;392401648;7;0;0;0;0;1;1;0;0;0;0;0;0;0;0;0;0;0
608588247;392401648;7;0;0;0;0;1;1;0;0;0;0;0;0;0;0;0;0;0
609597409;392401648;7;0;0;0;0;1;1;0;0;0;0;0;0;0;0;0;0;0
610606767;392401648;7;0;0;0;0;1;1;0;0;0;0;0;0;0;0;0;0;0
611616243;392401648;7;0;0;0;0;1;1;0;0;0;0;0;0;0;0;0;0;0
612625543;392401648;7;0;0;0;0;1;1;0;0;0;0;0;0;0;0;0;0;0
613634956;392401648;7;0;0;0;0;1;1;0;0;0;0;0;0;0;0;0;0;0
614644266;392401648;7;0;0;0;0;1;1;0;0;0;0;0;0;0;0;0;0;0
615654397;392401648;7;0;0;0;0;1;1;0;0;0;0;0;0;0;0;0;0;0
616662677;392401648;7;0;0;0;0;1;1;0;0;0;0;0;0;0;0;0;0;0
617672189;392401648;7;0;0;0;0;1;1;0;0;0;0;0;0;0;0;0;0;0
618681447;392401648;7;0;0;0;0;1;1;0;0;0;0;0;0;0;0;0;0;0
619690626;392401648;7;0;0;0;0;1;1;0;0;0;0;0;0;0;0;0;0;0
620700093;392401648;7;0;0;0;0;1;1;0;0;0;0;0;0;0;0;0;0;0
621709435;392401648;7;0;0;0;0;1;1;0;0;0;0;0;0;0;0;0;0;0
622718620;392401648;7;0;0;0;0;1;1;0;0;0;0;0;0;0;0;0;0;0
623727910;392401648;7;0;0;0;0;1;1;0;0;0;0;0;0;0;0;0;0;0
624737263;392401648;7;0;0;0;0;1;1;0;0;0;0;0;0;0;0;0;0;0
625746813;392401648;7;0;0;0;0;1;1;0;0;0;0;0;0;0;0;0;0;0
626756346;392401648;7;0;0;0;0;1;1;0;0;0;0;0;0;0;0;0;0;0
627769025;392401648;7;0;0;0;0;1;1;0;0;0;0;0;0;0;0;0;0;0
628774661;392401648;7;0;0;0;0;1;1;0;0;0;0;0;0;0;0;0;0;0
629784269;392401648;7;0;0;0;0;1;1;0;0;0;0;0;0;0;0;0;0;0
630793166;392401648;7;0;0;0;0;1;1;0;0;0;0;0;0;0;0;0;0;0
631802875;392401648;7;0;0;0;0;1;1;0;0;0;0;0;0;0;0;0;0;0
632811936;392401648;7;0;0;0;0;1;1;0;0;0;0;0;0;0;0;0;0;0
633821573;392401648;7;0;0;0;0;1;1;0;0;0;0;0;0;0;0;0;0;0
634830648;392401648;7;0;0;0;0;1;1;0;0;0;0;0;0;0;0;0;0;0
636849307;392401648;7;0;0;0;0;1;1;0;0;0;0;0;0;0;0;0;0;0
637859273;392401648;7;0;0;0;0;1;1;0;0;0;0;0;0;0;0;0;0;0
638867961;392401648;7;0;0;0;0;1;1;0;0;0;0;0;0;0;0;0;0;0
639881001;392401648;7;0;0;0;0;1;1;0;0;0;0;0;0;0;0;0;0;0
640886552;392401648;7;0;0;0;0;1;1;0;0;0;0;0;0;0;0;0;0;0
641896113;392401648;7;0;0;0;0;1;1;0;0;0;0;0;0;0;0;0;0;0
642905118;392401648;7;0;0;0;0;1;1;0;0;0;0;0;0;0;0;0;0;0
643914512;392401648;7;0;0;0;0;1;1;0;0;0;0;0;0;0;0;0;0;0
644923804;392401648;7;0;0;0;0;1;1;0;0;0;0;0;0;0;0;0;0;0
645933172;392401648;7;0;0;0;0;1;1;0;0;0;0;0;0;0;0;0;0;0
646942269;392401648;7;0;0;0;0;1;1;0;0;0;0;0;0;0;0;0;0;0
647951878;392401648;7;0;0;0;0;1;1;0;0;0;0;0;0;0;0;0;0;0
648961558;392401648;7;0;0;0;0;1;1;0;0;0;0;0;0;0;0;0;0;0
649970287;392401648;7;0;0;0;0;1;1;0;0;0;0;0;0;0;0;0;0;0
650979743;392401648;7;0;0;0;0;1;1;0;0;0;0;0;0;0;0;0;0;0
651988963;392401648;7;0;0;0;0;1;1;0;0;0;0;0;0;0;0;0;0;0
652998219;392401648;7;0;0;0;0;1;1;0;0;0;0;0;0;0;0;0;0;0
654007530;392401648;7;0;0;0;0;1;1;0;0;0;0;0;0;0;0;0;0;0
655016822;392401648;7;0;0;0;0;1;1;0;0;0;0;0;0;0;0;0;0;0
656026285;392401648;7;0;0;0;0;1;1;0;0;0;0;0;0;0;0;0;0;0
657035456;392401648;7;0;0;0;0;1;1;0;0;0;0;0;0;0;0;0;0;0
658044777;392401648;7;0;0;0;0;1;1;0;0;0;0;0;0;0;0;0;0;0
659054065;392401648;7;0;0;0;0;1;1;0;0;0;0;0;0;0;0;0;0;0
660063392;392401648;7;0;0;0;0;1;1;0;0;0;0;0;0;0;0;0;0;0
661072939;392401648;7;0;0;0;0;1;1;0;0;0;0;0;0;0;0;0;0;0
662082315;392401648;7;0;0;0;0;1;1;0;0;0;0;0;0;0;0;0;0;0
663091690;392401648;7;0;0;0;0;1;1;0;0;0;0;0;0;0;0;0;0;0
664100789;392401648;7;0;0;0;0;1;1;0;0;0;0;0;0;0;0;0;0;0
665110022;392401648;7;0;0;0;0;1;1;0;0;0;0;0;0;0;0;0;0;0
666119356;392401648;7;0;0;0;0;1;1;0;0;0;0;0;0;0;0;0;0;0
667128739;392401648;7;0;0;0;0;1;1;0;0;0;0;0;0;0;0;0;0;0
668137927;392401648;7;0;0;0;0;1;1;0;0;0;0;0;0;0;0;0;0;0
669147449;392401648;7;0;0;0;0;1;1;0;0;0;0;0;0;0;0;0;0;0
670156786;392401648;7;0;0;0;0;1;1;0;0;0;0;0;0;0;0;0;0;0
671165872;392401648;7;0;0;0;0;1;1;0;0;0;0;0;0;0;0;0;0;0
672175400;392401648;7;0;0;0;0;1;1;0;0;0;0;0;0;0;0;0;0;0
673184768;392401648;7;0;0;0;0;1;1;0;0;0;0;0;0;0;0;0;0;0
674194239;392401648;7;0;0;0;0;1;1;0;0;0;0;0;0;0;0;0;0;0
675206801;392401648;7;0;0;0;0;1;1;0;0;0;0;0;0;0;0;0;0;0
676212669;392401648;7;0;0;0;0;1;1;0;0;0;0;0;0;0;0;0;0;0
677222049;392401648;7;0;0;0;0;1;1;0;0;0;0;0;0;0;0;0;0;0
678231133;392401648;7;0;0;0;0;1;1;0;0;0;0;0;0;0;0;0;0;0
679240521;392401648;7;0;0;0;0;1;1;0;0;0;0;0;0;0;0;0;0;0
680249729;392401648;7;0;0;0;0;1;1;0;0;0;0;0;0;0;0;0;0;0
681259241;392401648;7;0;0;0;0;1;1;0;0;0;0;0;0;0;0;0;0;0
682268346;392401648;7;0;0;0;0;1;1;0;0;0;0;0;0;0;0;0;0;0
683277815;392401648;7;0;0;0;0;1;1;0;0;0;0;0;0;0;0;0;0;0
684286946;392401648;7;0;0;0;0;1;1;0;0;0;0;0;0;0;0;0;0;0
685296995;392401648;7;0;0;0;0;1;1;0;0;0;0;0;0;0;0;0;0;0
686305837;392401648;7;0;0;0;0;1;1;0;0;0;0;0;0;0;0;0;0;0
687318872;392401648;7;0;0;0;0;1;1;0;0;0;0;0;0;0;0;0;0;0
688324611;392401648;7;0;0;0;0;1;1;0;0;0;0;0;0;0;0;0;0;0
689333983;392401648;7;0;0;0;0;1;1;0;0;0;0;0;0;0;0;0;0;0
690342996;392401648;7;0;0;0;0;1;1;0;0;0;0;0;0;0;0;0;0;0
691352478;392401648;7;0;0;0;0;1;1;0;0;0;0;0;0;0;0;0;0;0
692361521;392401648;7;0;0;0;0;1;1;0;0;0;0;0;0;0;0;0;0;0
693371168;392401648;7;0;0;0;0;1;1;0;0;0;0;0;0;0;0;0;0;0
694380223;392401648;7;0;0;0;0;1;1;0;0;0;0;0;0;0;0;0;0;0
695389786;392401648;7;0;0;0;0;1;1;0;0;0;0;0;0;0;0;0;0;0
696399102;392401648;7;0;0;0;0;1;1;0;0;0;0;0;0;0;0;0;0;0
697408348;392401648;7;0;0;0;0;1;1;0;0;0;0;0;0;0;0;0;0;0
698417510;392401648;7;0;0;0;0;1;1;0;0;0;0;0;0;0;0;0;0;0
699427405;392401648;7;0;0;0;0;1;1;0;0;0;0;0;0;0;0;0;0;0
700436115;392401648;7;0;0;0;0;1;1;0;0;0;0;0;0;0;0;0;0;0
701445401;392401648;7;0;0;0;0;1;1;0;0;0;0;0;0;0;0;0;0;0
702454584;392401648;7;0;0;0;0;1;1;0;0;0;0;0;0;0;0;0;0;0
703464073;392401648;7;0;0;0;0;1;1;0;0;0;0;0;0;0;0;0;0;0
704473344;392401648;7;0;0;0;0;1;1;0;0;0;0;0;0;0;0;0;0;0
705482548;392401648;7;0;0;0;0;1;1;0;0;0;0;0;0;0;0;0;0;0
706491972;392401648;7;0;0;0;0;1;1;0;0;0;0;0;0;0;0;0;0;0
707501330;392401648;7;0;0;0;0;1;1;0;0;0;0;0;0;0;0;0;0;0
708510744;392401648;7;0;0;0;0;1;1;0;0;0;0;0;0;0;0;0;0;0
709519812;392401648;7;0;0;0;0;1;1;0;0;0;0;0;0;0;0;0;0;0
710529559;392401648;7;0;0;0;0;1;1;0;0;0;0;0;0;0;0;0;0;0
711542216;392401648;7;0;0;0;0;1;1;0;0;0;0;0;0;0;0;0;0;0
712547708;392401648;7;0;0;0;0;1;1;0;0;0;0;0;0;0;0;0;0;0
713557005;392401648;7;0;0;0;0;1;1;0;0;0;0;0;0;0;0;0;0;0
714566499;392401648;7;0;0;0;0;1;1;0;0;0;0;0;0;0;0;0;0;0
715575625;392401648;7;0;0;0;0;1;1;0;0;0;0;0;0;0;0;0;0;0
716584936;392401648;7;0;0;0;0;1;1;0;0;0;0;0;0;0;0;0;0;0
717594446;392401648;7;0;0;0;0;1;1;0;0;0;0;0;0;0;0;0;0;0
718603562;392401648;7;0;0;0;0;1;1;0;0;0;0;0;0;0;0;0;0;0
719613011;392401648;7;0;0;0;0;1;1;0;0;0;0;0;0;0;0;0;0;0
720622417;392401648;7;0;0;0;0;1;1;0;0;0;0;0;0;0;0;0;0;0
721631936;392401648;7;0;0;0;0;1;1;0;0;0;0;0;0;0;0;0;0;0
722640874;392401648;7;0;0;0;0;1;1;0;0;0;0;0;0;0;0;0;0;0
723653845;392401648;7;0;0;0;0;1;1;0;0;0;0;0;0;0;0;0;0;0
724659671;392401648;7;0;0;0;0;1;1;0;0;0;0;0;0;0;0;0;0;0
725668907;392401648;7;0;0;0;0;1;1;0;0;0;0;0;0;0;0;0;0;0
726678251;392401648;7;0;0;0;0;1;1;0;0;0;0;0;0;0;0;0;0;0
727687527;392401648;7;0;0;0;0;1;1;0;0;0;0;0;0;0;0;0;0;0
728696912;392401648;7;0;0;0;0;1;1;0;0;0;0;0;0;0;0;0;0;0
729706103;392401648;7;0;0;0;0;1;1;0;0;0;0;0;0;0;0;0;0;0
730715468;392401648;7;0;0;0;0;1;1;0;0;0;0;0;0;0;0;0;0;0
731724728;392401648;7;0;0;0;0;1;1;0;0;0;0;0;0;0;0;0;0;0
732734649;392401648;7;0;0;0;0;1;1;0;0;0;0;0;0;0;0;0;0;0
733743339;392401648;7;0;0;0;0;1;1;0;0;0;0;0;0;0;0;0;0;0
734752797;392401648;7;0;0;0;0;1;1;0;0;0;0;0;0;0;0;0;0;0
735762074;392401648;7;0;0;0;0;1;1;0;0;0;0;0;0;0;0;0;0;0
736771313;392401648;7;0;0;0;0;1;1;0;0;0;0;0;0;0;0;0;0;0
737780480;392401648;7;0;0;0;0;1;1;0;0;0;0;0;0;0;0;0;0;0
738789815;392401648;7;0;0;0;0;1;1;0;0;0;0;0;0;0;0;0;0;0
739799192;392401648;7;0;0;0;0;1;1;0;0;0;0;0;0;0;0;0;0;0
740808362;392401648;7;0;0;0;0;1;1;0;0;0;0;0;0;0;0;0;0;0
741817683;392401648;7;0;0;0;0;1;1;0;0;0;0;0;0;0;0;0;0;0
742827466;392401648;7;0;0;0;0;1;1;0;0;0;0;0;0;0;0;0;0;0
743836288;392401648;7;0;0;0;0;1;1;0;0;0;0;0;0;0;0;0;0;0
744845963;392401648;7;0;0;0;0;1;1;0;0;0;0;0;0;0;0;0;0;0
745855161;392401648;7;0;0;0;0;1;1;0;0;0;0;0;0;0;0;0;0;0
746864708;392401648;7;0;0;0;0;1;1;0;0;0;0;0;0;0;0;0;0;0
747873767;392401648;7;0;0;0;0;1;1;0;0;0;0;0;0;0;0;0;0;0
748883226;392401648;7;0;0;0;0;1;1;0;0;0;0;0;0;0;0;0;0;0
749892604;392401648;7;0;0;0;0;1;1;0;0;0;0;0;0;0;0;0;0;0
750901862;392401648;7;0;0;0;0;1;1;0;0;0;0;0;0;0;0;0;0;0
751910915;392401648;7;0;0;0;0;1;1;0;0;0;0;0;0;0;0;0;0;0
752920443;392401648;7;0;0;0;0;1;1;0;0;0;0;0;0;0;0;0;0;0
753929362;392401648;7;0;0;0;0;1;1;0;0;0;0;0;0;0;0;0;0;0
754939723;392401648;7;0;0;0;0;1;1;0;0;0;0;0;0;0;0;0;0;0
755947981;392401648;7;0;0;0;0;1;1;0;0;0;0;0;0;0;0;0;0;0
756957893;392401648;7;0;0;0;0;1;1;0;0;0;0;0;0;0;0;0;0;0
757967032;392401648;7;0;0;0;0;1;1;0;0;0;0;0;0;0;0;0;0;0
758976197;392401648;7;0;0;0;0;1;1;0;0;0;0;0;0;0;0;0;0;0
759985443;392401648;7;0;0;0;0;1;1;0;0;0;0;0;0;0;0;0;0;0
760995009;392401648;7;0;0;0;0;1;1;0;0;0;0;0;0;0;0;0;0;0
762004034;392401648;7;0;0;0;0;1;1;0;0;0;0;0;0;0;0;0;0;0
763013311;392401648;7;0;0;0;0;1;1;0;0;0;0;0;0;0;0;0;0;0
764022671;392401648;7;0;0;0;0;1;1;0;0;0;0;0;0;0;0;0;0;0
765031938;392401648;7;0;0;0;0;1;1;0;0;0;0;0;0;0;0;0;0;0
766041204;392401648;7;0;0;0;0;1;1;0;0;0;0;0;0;0;0;0;0;0
767050520;392401648;7;0;0;0;0;1;1;0;0;0;0;0;0;0;0;0;0;0
768059967;392401648;7;0;0;0;0;1;1;0;0;0;0;0;0;0;0;0;0;0
769068981;392401648;7;0;0;0;0;1;1;0;0;0;0;0;0;0;0;0;0;0
770078413;392401648;7;0;0;0;0;1;1;0;0;0;0;0;0;0;0;0;0;0
771087704;392401648;7;0;0;0;0;1;1;0;0;0;0;0;0;0;0;0;0;0
772097390;392401648;7;0;0;0;0;1;1;0;0;0;0;0;0;0;0;0;0;0
773106399;392401648;7;0;0;0;0;1;1;0;0;0;0;0;0;0;0;0;0;0
774115705;392401648;7;0;0;0;0;1;1;0;0;0;0;0;0;0;0;0;0;0
775124981;392401648;7;0;0;0;0;1;1;0;0;0;0;0;0;0;0;0;0;0
776134175;392401648;7;0;0;0;0;1;1;0;0;0;0;0;0;0;0;0;0;0
777143619;392401648;7;0;0;0;0;1;1;0;0;0;0;0;0;0;0;0;0;0
778152838;392401648;7;0;0;0;0;1;1;0;0;0;0;0;0;0;0;0;0;0
779162068;392401648;7;0;0;0;0;1;1;0;0;0;0;0;0;0;0;0;0;0
780171546;392401648;7;0;0;0;0;1;1;0;0;0;0;0;0;0;0;0;0;0
781180685;392401648;7;0;0;0;0;1;1;0;0;0;0;0;0;0;0;0;0;0
782190326;392401648;7;0;0;0;0;1;1;0;0;0;0;0;0;0;0;0;0;0
783199921;392401648;7;0;0;0;0;1;1;0;0;0;0;0;0;0;0;0;0;0
784208831;392401648;7;0;0;0;0;1;1;0;0;0;0;0;0;0;0;0;0;0
785218170;392401648;7;0;0;0;0;1;1;0;0;0;0;0;0;0;0;0;0;0
786227399;392401648;7;0;0;0;0;1;1;0;0;0;0;0;0;0;0;0;0;0
787236541;392401648;7;0;0;0;0;1;1;0;0;0;0;0;0;0;0;0;0;0
788245865;392401648;7;0;0;0;0;1;1;0;0;0;0;0;0;0;0;0;0;0
789255318;392401648;7;0;0;0;0;1;1;0;0;0;0;0;0;0;0;0;0;0
790264616;392401648;7;0;0;0;0;1;1;0;0;0;0;0;0;0;0;0;0;0
791273936;392401648;7;0;0;0;0;1;1;0;0;0;0;0;0;0;0;0;0;0
792283224;392401648;7;0;0;0;0;1;1;0;0;0;0;0;0;0;0;0;0;0
793292627;392401648;7;0;0;0;0;1;1;0;0;0;0;0;0;0;0;0;0;0
794302337;392401648;7;0;0;0;0;1;1;0;0;0;0;0;0;0;0;0;0;0
795311325;392401648;7;0;0;0;0;1;1;0;0;0;0;0;0;0;0;0;0;0
796320317;392401648;7;0;0;0;0;1;1;0;0;0;0;0;0;0;0;0;0;0
797329796;392401648;7;0;0;0;0;1;1;0;0;0;0;0;0;0;0;0;0;0
798338935;392401648;7;0;0;0;0;1;1;0;0;0;0;0;0;0;0;0;0;0
799348273;392401648;7;0;0;0;0;1;1;0;0;0;0;0;0;0;0;0;0;0
800357644;392401648;7;0;0;0;0;1;1;0;0;0;0;0;0;0;0;0;0;0
801366865;392401648;7;0;0;0;0;1;1;0;0;0;0;0;0;0;0;0;0;0
802376450;392401648;7;0;0;0;0;1;1;0;0;0;0;0;0;0;0;0;0;0
803385660;392401648;7;0;0;0;0;1;1;0;0;0;0;0;0;0;0;0;0;0
804395228;392401648;7;0;0;0;0;1;1;0;0;0;0;0;0;0;0;0;0;0
805404903;392401648;7;0;0;0;0;1;1;0;0;0;0;0;0;0;0;0;0;0
806413773;392401648;7;0;0;0;0;1;1;0;0;0;0;0;0;0;0;0;0;0
807422831;392401648;7;0;0;0;0;1;1;0;0;0;0;0;0;0;0;0;0;0
808432492;392401648;7;0;0;0;0;1;1;0;0;0;0;0;0;0;0;0;0;0
809441345;392401648;7;0;0;0;0;1;1;0;0;0;0;0;0;0;0;0;0;0
810451092;392401648;7;0;0;0;0;1;1;0;0;0;0;0;0;0;0;0;0;0
811460175;392401648;7;0;0;0;0;1;1;0;0;0;0;0;0;0;0;0;0;0
812469719;392401648;7;0;0;0;0;1;1;0;0;0;0;0;0;0;0;0;0;0
813478751;392401648;7;0;0;0;0;1;1;0;0;0;0;0;0;0;0;0;0;0
814488410;392401648;7;0;0;0;0;1;1;0;0;0;0;0;0;0;0;0;0;0
815497387;392401648;7;0;0;0;0;1;1;0;0;0;0;0;0;0;0;0;0;0
816506501;392401648;7;0;0;0;0;1;1;0;0;0;0;0;0;0;0;0;0;0
817516058;392401648;7;0;0;0;0;1;1;0;0;0;0;0;0;0;0;0;0;0
818525269;392401648;7;0;0;0;0;1;1;0;0;0;0;0;0;0;0;0;0;0
819534663;392401648;7;0;0;0;0;1;1;0;0;0;0;0;0;0;0;0;0;0
820547425;392401648;7;0;0;0;0;1;1;0;0;0;0;0;0;0;0;0;0;0
821553088;392401648;7;0;0;0;0;1;1;0;0;0;0;0;0;0;0;0;0;0
822562436;392401648;7;0;0;0;0;1;1;0;0;0;0;0;0;0;0;0;0;0
823571923;392401648;7;0;0;0;0;1;1;0;0;0;0;0;0;0;0;0;0;0
824581140;392401648;7;0;0;0;0;1;1;0;0;0;0;0;0;0;0;0;0;0
825590305;392401648;7;0;0;0;0;1;1;0;0;0;0;0;0;0;0;0;0;0
826599756;392401648;7;0;0;0;0;1;1;0;0;0;0;0;0;0;0;0;0;0
827608926;392401648;7;0;0;0;0;1;1;0;0;0;0;0;0;0;0;0;0;0
828618382;392401648;7;0;0;0;0;1;1;0;0;0;0;0;0;0;0;0;0;0
829627515;392401648;7;0;0;0;0;1;1;0;0;0;0;0;0;0;0;0;0;0
830637263;392401648;7;0;0;0;0;1;1;0;0;0;0;0;0;0;0;0;0;0
831646417;392401648;7;0;0;0;0;1;1;0;0;0;0;0;0;0;0;0;0;0
832655567;392401648;7;0;0;0;0;1;1;0;0;0;0;0;0;0;0;0;0;0
833665376;392401648;7;0;0;0;0;1;1;0;0;0;0;0;0;0;0;0;0;0
834674051;392401648;7;0;0;0;0;1;1;0;0;0;0;0;0;0;0;0;0;0
835683572;392401648;7;0;0;0;0;1;1;0;0;0;0;0;0;0;0;0;0;0
836692671;392401648;7;0;0;0;0;1;1;0;0;0;0;0;0;0;0;0;0;0
837701979;392401648;7;0;0;0;0;1;1;0;0;0;0;0;0;0;0;0;0;0
838711468;392401648;7;0;0;0;0;1;1;0;0;0;0;0;0;0;0;0;0;0
839720633;392401648;7;0;0;0;0;1;1;0;0;0;0;0;0;0;0;0;0;0
840730191;392401648;7;0;0;0;0;1;1;0;0;0;0;0;0;0;0;0;0;0
841739214;392401648;7;0;0;0;0;1;1;0;0;0;0;0;0;0;0;0;0;0
842748626;392401648;7;0;0;0;0;1;1;0;0;0;0;0;0;0;0;0;0;0
843758019;392401648;7;0;0;0;0;1;1;0;0;0;0;0;0;0;0;0;0;0
844767827;392401648;7;0;0;0;0;1;1;0;0;0;0;0;0;0;0;0;0;0
845776594;392401648;7;0;0;0;0;1;1;0;0;0;0;0;0;0;0;0;0;0
846785789;392401648;7;0;0;0;0;1;1;0;0;0;0;0;0;0;0;0;0;0
847795203;392401648;7;0;0;0;0;1;1;0;0;0;0;0;0;0;0;0;0;0
848804522;392401648;7;0;0;0;0;1;1;0;0;0;0;0;0;0;0;0;0;0
849813681;392401648;7;0;0;0;0;1;1;0;0;0;0;0;0;0;0;0;0;0
850822987;392401648;7;0;0;0;0;1;1;0;0;0;0;0;0;0;0;0;0;0
851832486;392401648;7;0;0;0;0;1;1;0;0;0;0;0;0;0;0;0;0;0
852841607;392401648;7;0;0;0;0;1;1;0;0;0;0;0;0;0;0;0;0;0
853851218;392401648;7;0;0;0;0;1;1;0;0;0;0;0;0;0;0;0;0;0
854860560;392401648;7;0;0;0;0;1;1;0;0;0;0;0;0;0;0;0;0;0
855870256;392401648;7;0;0;0;0;1;1;0;0;0;0;0;0;0;0;0;0;0
856882598;392401648;7;0;0;0;0;1;1;0;0;0;0;0;0;0;0;0;0;0
857888287;392401648;7;0;0;0;0;1;1;0;0;0;0;0;0;0;0;0;0;0
858897664;392401648;7;0;0;0;0;1;1;0;0;0;0;0;0;0;0;0;0;0
859907097;392401648;7;0;0;0;0;1;1;0;0;0;0;0;0;0;0;0;0;0
860916252;392401648;7;0;0;0;0;1;1;0;0;0;0;0;0;0;0;0;0;0
861925709;392401648;7;0;0;0;0;1;1;0;0;0;0;0;0;0;0;0;0;0
862934857;392401648;7;0;0;0;0;1;1;0;0;0;0;0;0;0;0;0;0;0
863944272;392401648;7;0;0;0;0;1;1;0;0;0;0;0;0;0;0;0;0;0
864953663;392401648;7;0;0;0;0;1;1;0;0;0;0;0;0;0;0;0;0;0
865963077;392401648;7;0;0;0;0;1;1;0;0;0;0;0;0;0;0;0;0;0
866972780;392401648;7;0;0;0;0;1;1;0;0;0;0;0;0;0;0;0;0;0
867981793;392401648;7;0;0;0;0;1;1;0;0;0;0;0;0;0;0;0;0;0
868994470;392401648;7;0;0;0;0;1;1;0;0;0;0;0;0;0;0;0;0;0
870000293;392401648;7;0;0;0;0;1;1;0;0;0;0;0;0;0;0;0;0;0
871009174;392401648;7;0;0;0;0;1;1;0;0;0;0;0;0;0;0;0;0;0
872018854;392401648;7;0;0;0;0;1;1;0;0;0;0;0;0;0;0;0;0;0
873027767;392401648;7;0;0;0;0;1;1;0;0;0;0;0;0;0;0;0;0;0
874037215;392401648;7;0;0;0;0;1;1;0;0;0;0;0;0;0;0;0;0;0
875046410;392401648;7;0;0;0;0;1;1;0;0;0;0;0;0;0;0;0;0;0
876055830;392401648;7;0;0;0;0;1;1;0;0;0;0;0;0;0;0;0;0;0
877065133;392401648;7;0;0;0;0;1;1;0;0;0;0;0;0;0;0;0;0;0
878074297;392401648;7;0;0;0;0;1;1;0;0;0;0;0;0;0;0;0;0;0
879083869;392401648;7;0;0;0;0;1;1;0;0;0;0;0;0;0;0;0;0;0
880093059;392401648;7;0;0;0;0;1;1;0;0;0;0;0;0;0;0;0;0;0
881102465;392401648;7;0;0;0;0;1;1;0;0;0;0;0;0;0;0;0;0;0
882111547;392401648;7;0;0;0;0;1;1;0;0;0;0;0;0;0;0;0;0;0
883121067;392401648;7;0;0;0;0;1;1;0;0;0;0;0;0;0;0;0;0;0
884130545;392401648;7;0;0;0;0;1;1;0;0;0;0;0;0;0;0;0;0;0
885139608;392401648;7;0;0;0;0;1;1;0;0;0;0;0;0;0;0;0;0;0
886148959;392401648;7;0;0;0;0;1;1;0;0;0;0;0;0;0;0;0;0;0
887158209;392401648;7;0;0;0;0;1;1;0;0;0;0;0;0;0;0;0;0;0
888167544;392401648;7;0;0;0;0;1;1;0;0;0;0;0;0;0;0;0;0;0
889176863;392401648;7;0;0;0;0;1;1;0;0;0;0;0;0;0;0;0;0;0
890186242;392401648;7;0;0;0;0;1;1;0;0;0;0;0;0;0;0;0;0;0
891195332;392401648;7;0;0;0;0;1;1;0;0;0;0;0;0;0;0;0;0;0
892204994;392401648;7;0;0;0;0;1;1;0;0;0;0;0;0;0;0;0;0;0
893214009;392401648;7;0;0;0;0;1;1;0;0;0;0;0;0;0;0;0;0;0
894223402;392401648;7;0;0;0;0;1;1;0;0;0;0;0;0;0;0;0;0;0
895232983;392401648;7;0;0;0;0;1;1;0;0;0;0;0;0;0;0;0;0;0
896241831;392401648;7;0;0;0;0;1;1;0;0;0;0;0;0;0;0;0;0;0
897251143;392401648;7;0;0;0;0;1;1;0;0;0;0;0;0;0;0;0;0;0
898260629;392401648;7;0;0;0;0;1;1;0;0;0;0;0;0;0;0;0;0;0
899269924;392401648;7;0;0;0;0;1;1;0;0;0;0;0;0;0;0;0;0;0
900279055;392401648;7;0;0;0;0;1;1;0;0;0;0;0;0;0;0;0;0;0
901288525;392401648;7;0;0;0;0;1;1;0;0;0;0;0;0;0;0;0;0;0
902297705;392401648;7;0;0;0;0;1;1;0;0;0;0;0;0;0;0;0;0;0
903307223;392401648;7;0;0;0;0;1;1;0;0;0;0;0;0;0;0;0;0;0
904316631;392401648;7;0;0;0;0;1;1;0;0;0;0;0;0;0;0;0;0;0
905325666;392401648;7;0;0;0;0;1;1;0;0;0;0;0;0;0;0;0;0;0
906335195;392401648;7;0;0;0;0;1;1;0;0;0;0;0;0;0;0;0;0;0
907344226;392401648;7;0;0;0;0;1;1;0;0;0;0;0;0;0;0;0;0;0
908353595;392401648;7;0;0;0;0;1;1;0;0;0;0;0;0;0;0;0;0;0
909362815;392401648;7;0;0;0;0;1;1;0;0;0;0;0;0;0;0;0;0;0
910372157;392401648;7;0;0;0;0;1;1;0;0;0;0;0;0;0;0;0;0;0
911381438;392401648;7;0;0;0;0;1;1;0;0;0;0;0;0;0;0;0;0;0
912390911;392401648;7;0;0;0;0;1;1;0;0;0;0;0;0;0;0;0;0;0
913400043;392401648;7;0;0;0;0;1;1;0;0;0;0;0;0;0;0;0;0;0
914409383;392401648;7;0;0;0;0;1;1;0;0;0;0;0;0;0;0;0;0;0
915418806;392401648;7;0;0;0;0;1;1;0;0;0;0;0;0;0;0;0;0;0
916428060;392401648;7;0;0;0;0;1;1;0;0;0;0;0;0;0;0;0;0;0
917438281;392401648;7;0;0;0;0;1;1;0;0;0;0;0;0;0;0;0;0;0
918450408;392401648;7;0;0;0;0;1;1;0;0;0;0;0;0;0;0;0;0;0
919456289;392401648;7;0;0;0;0;1;1;0;0;0;0;0;0;0;0;0;0;0
920465218;392401648;7;0;0;0;0;1;1;0;0;0;0;0;0;0;0;0;0;0
921474771;392401648;7;0;0;0;0;1;1;0;0;0;0;0;0;0;0;0;0;0
922483817;392401648;7;0;0;0;0;1;1;0;0;0;0;0;0;0;0;0;0;0
923493381;392401648;7;0;0;0;0;1;1;0;0;0;0;0;0;0;0;0;0;0
924502413;392401648;7;0;0;0;0;1;1;0;0;0;0;0;0;0;0;0;0;0
925512393;392401648;7;0;0;0;0;1;1;0;0;0;0;0;0;0;0;0;0;0
926521074;392401648;7;0;0;0;0;1;1;0;0;0;0;0;0;0;0;0;0;0
927530667;392401648;7;0;0;0;0;1;1;0;0;0;0;0;0;0;0;0;0;0
928540262;392401648;7;0;0;0;0;1;1;0;0;0;0;0;0;0;0;0;0;0
929549466;392401648;7;0;0;0;0;1;1;0;0;0;0;0;0;0;0;0;0;0
930558476;392401648;7;0;0;0;0;1;1;0;0;0;0;0;0;0;0;0;0;0
931567838;392401648;7;0;0;0;0;1;1;0;0;0;0;0;0;0;0;0;0;0
932577006;392401648;7;0;0;0;0;1;1;0;0;0;0;0;0;0;0;0;0;0
933586354;392401648;7;0;0;0;0;1;1;0;0;0;0;0;0;0;0;0;0;0
934595619;392401648;7;0;0;0;0;1;1;0;0;0;0;0;0;0;0;0;0;0
935604921;392401648;7;0;0;0;0;1;1;0;0;0;0;0;0;0;0;0;0;0
936614268;392401648;7;0;0;0;0;1;1;0;0;0;0;0;0;0;0;0;0;0
937623530;392401648;7;0;0;0;0;1;1;0;0;0;0;0;0;0;0;0;0;0
938632836;392401648;7;0;0;0;0;1;1;0;0;0;0;0;0;0;0;0;0;0
939642610;392401648;7;0;0;0;0;1;1;0;0;0;0;0;0;0;0;0;0;0
940651396;392401648;7;0;0;0;0;1;1;0;0;0;0;0;0;0;0;0;0;0
941660743;392401648;7;0;0;0;0;1;1;0;0;0;0;0;0;0;0;0;0;0
942670227;392401648;7;0;0;0;0;1;1;0;0;0;0;0;0;0;0;0;0;0
943679254;392401648;7;0;0;0;0;1;1;0;0;0;0;0;0;0;0;0;0;0
944688546;392401648;7;0;0;0;0;1;1;0;0;0;0;0;0;0;0;0;0;0
945697833;392401648;7;0;0;0;0;1;1;0;0;0;0;0;0;0;0;0;0;0
946707241;392401648;7;0;0;0;0;1;1;0;0;0;0;0;0;0;0;0;0;0
947716482;392401648;7;0;0;0;0;1;1;0;0;0;0;0;0;0;0;0;0;0
948725921;392401648;7;0;0;0;0;1;1;0;0;0;0;0;0;0;0;0;0;0
949735087;392401648;7;0;0;0;0;1;1;0;0;0;0;0;0;0;0;0;0;0
950744365;392401648;7;0;0;0;0;1;1;0;0;0;0;0;0;0;0;0;0;0
951753765;392401648;7;0;0;0;0;1;1;0;0;0;0;0;0;0;0;0;0;0
952763003;392401648;7;0;0;0;0;1;1;0;0;0;0;0;0;0;0;0;0;0
953772523;392401648;7;0;0;0;0;1;1;0;0;0;0;0;0;0;0;0;0;0
954781947;392401648;7;0;0;0;0;1;1;0;0;0;0;0;0;0;0;0;0;0
955791085;392401648;7;0;0;0;0;1;1;0;0;0;0;0;0;0;0;0;0;0
956800609;392401648;7;0;0;0;0;1;1;0;0;0;0;0;0;0;0;0;0;0
957809545;392401648;7;0;0;0;0;1;1;0;0;0;0;0;0;0;0;0;0;0
958818808;392401648;7;0;0;0;0;1;1;0;0;0;0;0;0;0;0;0;0;0
959828304;392401648;7;0;0;0;0;1;1;0;0;0;0;0;0;0;0;0;0;0
960837415;392401648;7;0;0;0;0;1;1;0;0;0;0;0;0;0;0;0;0;0
961846763;392401648;7;0;0;0;0;1;1;0;0;0;0;0;0;0;0;0;0;0
962856181;392401648;7;0;0;0;0;1;1;0;0;0;0;0;0;0;0;0;0;0
963865606;392401648;7;0;0;0;0;1;1;0;0;0;0;0;0;0;0;0;0;0
964874902;392401648;7;0;0;0;0;1;1;0;0;0;0;0;0;0;0;0;0;0
965884032;392401648;7;0;0;0;0;1;1;0;0;0;0;0;0;0;0;0;0;0
966893322;392401648;7;0;0;0;0;1;1;0;0;0;0;0;0;0;0;0;0;0
967902882;392401648;7;0;0;0;0;1;1;0;0;0;0;0;0;0;0;0;0;0
968912023;392401648;7;0;0;0;0;1;1;0;0;0;0;0;0;0;0;0;0;0
969921373;392401648;7;0;0;0;0;1;1;0;0;0;0;0;0;0;0;0;0;0
970930495;392401648;7;0;0;0;0;1;1;0;0;0;0;0;0;0;0;0;0;0
971939786;392401648;7;0;0;0;0;1;1;0;0;0;0;0;0;0;0;0;0;0
972949529;392401648;7;0;0;0;0;1;1;0;0;0;0;0;0;0;0;0;0;0
973958603;392401648;7;0;0;0;0;1;1;0;0;0;0;0;0;0;0;0;0;0
974968061;392401648;7;0;0;0;0;1;1;0;0;0;0;0;0;0;0;0;0;0
975977027;392401648;7;0;0;0;0;1;1;0;0;0;0;0;0;0;0;0;0;0
976986672;392401648;7;0;0;0;0;1;1;0;0;0;0;0;0;0;0;0;0;0
977995666;392401648;7;0;0;0;0;1;1;0;0;0;0;0;0;0;0;0;0;0
979005586;392401648;7;0;0;0;0;1;1;0;0;0;0;0;0;0;0;0;0;0
980014414;392401648;7;0;0;0;0;1;1;0;0;0;0;0;0;0;0;0;0;0
981023857;392401648;7;0;0;0;0;1;1;0;0;0;0;0;0;0;0;0;0;0
982032831;392401648;7;0;0;0;0;1;1;0;0;0;0;0;0;0;0;0;0;0
983042452;392401648;7;0;0;0;0;1;1;0;0;0;0;0;0;0;0;0;0;0
984051593;392401648;7;0;0;0;0;1;1;0;0;0;0;0;0;0;0;0;0;0
985061002;392401648;7;0;0;0;0;1;1;0;0;0;0;0;0;0;0;0;0;0
986070068;392401648;7;0;0;0;0;1;1;0;0;0;0;0;0;0;0;0;0;0
987079649;392401648;7;0;0;0;0;1;1;0;0;0;0;0;0;0;0;0;0;0
988088708;392401648;7;0;0;0;0;1;1;0;0;0;0;0;0;0;0;0;0;0
989097975;392401648;7;0;0;0;0;1;1;0;0;0;0;0;0;0;0;0;0;0
990107955;392401648;7;0;0;0;0;1;1;0;0;0;0;0;0;0;0;0;0;0
991116766;392401648;7;0;0;0;0;1;1;0;0;0;0;0;0;0;0;0;0;0
992126125;392401648;7;0;0;0;0;1;1;0;0;0;0;0;0;0;0;0;0;0
993135235;392401648;7;0;0;0;0;1;1;0;0;0;0;0;0;0;0;0;0;0
994144524;392401648;7;0;0;0;0;1;1;0;0;0;0;0;0;0;0;0;0;0
995154020;392401648;7;0;0;0;0;1;1;0;0;0;0;0;0;0;0;0;0;0
996163101;392401648;7;0;0;0;0;1;1;0;0;0;0;0;0;0;0;0;0;0
997172636;392401648;7;0;0;0;0;1;1;0;0;0;0;0;0;0;0;0;0;0
998181852;392401648;7;0;0;0;0;1;1;0;0;0;0;0;0;0;0;0;0;0
999191044;392401648;7;0;0;0;0;1;1;0;0;0;0;0;0;0;0;0;0;0
1000200338;392401648;7;0;0;0;0;1;1;0;0;0;0;0;0;0;0;0;0;0
1001210388;392401648;7;0;0;0;0;1;1;0;0;0;0;0;0;0;0;0;0;0
1002219169;392401648;7;0;0;0;0;1;1;0;0;0;0;0;0;0;0;0;0;0
1003228352;392401648;7;0;0;0;0;1;1;0;0;0;0;0;0;0;0;0;0;0
1004237891;392401648;7;0;0;0;0;1;1;0;0;0;0;0;0;0;0;0;0;0
1005247127;392401648;7;0;0;0;0;1;1;0;0;0;0;0;0;0;0;0;0;0
1006256146;392401648;7;0;0;0;0;1;1;0;0;0;0;0;0;0;0;0;0;0
1007265804;392401648;7;0;0;0;0;1;1;0;0;0;0;0;0;0;0;0;0;0
1008274816;392401648;7;0;0;0;0;1;1;0;0;0;0;0;0;0;0;0;0;0
1009284059;392401648;7;0;0;0;0;1;1;0;0;0;0;0;0;0;0;0;0;0
1010293367;392401648;7;0;0;0;0;1;1;0;0;0;0;0;0;0;0;0;0;0
1011302819;392401648;7;0;0;0;0;1;1;0;0;0;0;0;0;0;0;0;0;0
1012312124;392401648;7;0;0;0;0;1;1;0;0;0;0;0;0;0;0;0;0;0
1013321285;392401648;7;0;0;0;0;1;1;0;0;0;0;0;0;0;0;0;0;0
