timestamp;timestamp_sample;device_id;magnetometer_ga[0];magnetometer_ga[1];magnetometer_ga[2];calibration_count
431774721;431752457;396809;0.35514206;-0.17338255;-0.34324384;3
432223068;432200820;396809;0.34927663;-0.1807402;-0.34738415;3
432756732;432723837;396809;0.34859794;-0.18338272;-0.34689292;3
433268954;433246713;396809;0.3501665;-0.18164204;-0.34820053;3
433802569;433769610;396809;0.35195702;-0.17799988;-0.35055858;3
434250800;434217898;396809;0.3713425;-0.17883672;-0.35112852;3
434763157;434740876;396809;0.35995933;-0.18241885;-0.3600503;3
435296960;435263989;396809;0.35910207;-0.1802145;-0.36696002;3
435745310;435712420;396809;0.35802746;-0.18328245;-0.3646624;3
436257863;436235529;396809;0.34243673;-0.18704145;-0.37981528;3
436791505;436758520;396809;0.34964445;-0.18283346;-0.3710962;3
437303818;437281452;396809;0.35834956;-0.18163924;-0.36533445;3
437752034;437729787;396809;0.33547562;-0.1898607;-0.38090056;3
438285795;438252833;396809;0.3362011;-0.18993902;-0.3826415;3
438798164;438775766;396809;0.36918458;-0.17439628;-0.35642093;3
439246398;439224127;396809;0.34342813;-0.18442297;-0.3748383;3
439780057;439747054;396809;0.32511598;-0.19412692;-0.39024445;3
440292503;440270105;396809;0.40977305;-0.15840863;-0.3016342;3
440740758;440718517;396809;0.3811202;-0.18282253;-0.3496766;3
441274503;441241504;396809;0.2266934;-0.21212831;-0.43176383;3
441786865;441764494;396809;-0.06400952;-0.058389537;-0.33180866;3
442234975;442212737;396809;-0.08222078;-0.106615506;-0.3343429;3
442768670;442735678;396809;-0.08720006;-0.1346541;-0.32649797;3
443281313;443258927;396809;-0.0959499;-0.15314232;-0.31660748;3
443729516;443707285;396809;-0.09423658;-0.14985691;-0.31262755;3
444263252;444230285;396809;-0.09163138;-0.14286649;-0.3203413;3
444775721;444753331;396809;-0.089137726;-0.1377947;-0.32463813;3
445224142;445201829;396809;-0.08532103;-0.14126436;-0.32726428;3
445758012;445725040;396809;-0.086730435;-0.14850363;-0.31986508;3
446270561;446248134;396809;-0.0812047;-0.15431152;-0.32372415;3
446804370;446771285;396809;-0.084947914;-0.16208331;-0.32403255;3
447252504;447219518;396809;-0.080890104;-0.16205068;-0.31887007;3
447765055;447742661;396809;-0.07762356;-0.1604912;-0.32209358;3
448298888;448265800;396809;-0.07645865;-0.1596421;-0.32477733;3
448747171;448714188;396809;-0.07607733;-0.15811336;-0.32536405;3
449259764;449237371;396809;-0.07735665;-0.16234098;-0.3234378;3
449793552;449760475;396809;-0.07565938;-0.16200197;-0.32580447;3
450241657;450208677;396809;-0.07625831;-0.16683325;-0.32553607;3
450754007;450731634;396809;-0.07195792;-0.1675947;-0.32894954;3
451287594;451254533;396809;-0.072724804;-0.17085719;-0.32886186;3
451799951;451777451;396809;-0.07202862;-0.16979268;-0.32631516;3
452248147;452225763;396809;-0.071320884;-0.17148426;-0.32554933;3
452781780;452748647;396809;-0.07125961;-0.17250295;-0.3263369;3
453294220;453271721;396809;-0.07158923;-0.17126393;-0.3257129;3
453742504;453720118;396809;-0.07198933;-0.17023097;-0.32722673;3
454276214;454243135;396809;-0.071167566;-0.1706364;-0.33144936;3
454788634;454766119;396809;-0.070432484;-0.17401555;-0.32787353;3
455236714;455214338;396809;-0.069781266;-0.17314789;-0.32778138;3
455770452;455737350;396809;-0.06746726;-0.16156697;-0.33601344;3
456282677;456260172;396809;-0.07008906;-0.15755479;-0.33200127;3
456730826;456708456;396809;-0.06976256;-0.168842;-0.32777852;3
457264436;457231356;396809;-0.06545332;-0.17360498;-0.33315694;3
457776757;457754236;396809;-0.06812708;-0.16870582;-0.33333862;3
458224923;458202558;396809;-0.06709285;-0.18168461;-0.32835;3
458758503;458725406;396809;-0.06629739;-0.20235312;-0.31519675;3
459270828;459248328;396809;-0.06280718;-0.1677432;-0.3358147;3
459804526;459771278;396809;-0.0645565;-0.17738965;-0.3310752;3
460252721;460219626;396809;-0.066704385;-0.17911221;-0.33089387;3
460765170;460742660;396809;-0.060434066;-0.17788653;-0.3376592;3
461298974;461265805;396809;-0.07208829;-0.18641227;-0.3174237;3
461747219;461714156;396809;-0.047920596;-0.20765707;-0.33268094;3
462259524;462236992;396809;-0.012579026;-0.2368437;-0.34334928;3
462793164;462759979;396809;0.09419628;-0.26594767;-0.3794648;3
463305348;463283108;396809;0.17142133;-0.27812093;-0.3774385;3
463754087;463731582;396809;0.23243213;-0.25939927;-0.3795429;3
464287744;464254556;396809;0.24067584;-0.26708302;-0.36863008;3
464799883;464777617;396809;0.24656293;-0.26373312;-0.37041503;3
465248440;465225930;396809;0.24343106;-0.25915584;-0.3792748;3
465782172;465748986;396809;0.2429277;-0.2555126;-0.38081878;3
466294374;466272125;396809;0.23149255;-0.2539885;-0.38903475;3
466742967;466720450;396809;0.22793546;-0.24318275;-0.40180492;3
468237252;468214730;396809;0.209136;-0.23654515;-0.4099096;3
468770993;468737806;396809;0.22690733;-0.25560367;-0.38421544;3
469282983;469260649;396809;0.24589168;-0.256144;-0.3812884;3
469731470;469708933;396809;0.23785383;-0.2602561;-0.37743807;3
470265240;470232019;396809;0.2299251;-0.25750545;-0.38466492;3
470777132;470754888;396809;0.22230469;-0.2581967;-0.3895682;3
471225699;471203198;396809;0.22261521;-0.25319773;-0.38884565;3
471759503;471726291;396809;0.22556108;-0.2558497;-0.38718536;3
472271650;472249296;396809;0.22674796;-0.22496262;-0.41888773;3
472805367;472772496;396809;0.22354588;-0.23528986;-0.41332358;3
473253905;473220689;396809;0.21633714;-0.26568365;-0.37830997;3
473765827;473743593;396809;0.22430432;-0.27612656;-0.3598203;3
474299504;474266626;396809;0.22910726;-0.2757917;-0.3572408;3
474748027;474714849;396809;0.21776855;-0.2812262;-0.35424685;3
475260125;475237894;396809;0.20863637;-0.2855173;-0.34703693;3
475793865;475760974;396809;0.1856915;-0.28579962;-0.36184633;3
476306279;476284048;396809;0.1971666;-0.28932443;-0.34463936;3
476754721;476732477;396809;0.2136136;-0.2833668;-0.34023988;3
477288281;477255419;396809;0.23148546;-0.2791466;-0.34805253;3
477800841;477778607;396809;0.25342727;-0.27308;-0.345368;3
478249027;478226792;396809;0.27678415;-0.26142365;-0.3516994;3
478782804;478749901;396809;0.31422007;-0.23738661;-0.35154605;3
479295359;479273109;396809;0.34763974;-0.20178163;-0.36138543;3
479743602;479721370;396809;0.37018442;-0.17113975;-0.3623283;3
480277197;480244321;396809;0.37901542;-0.15934312;-0.36814678;3
480789807;480767524;396809;0.39358443;-0.1467525;-0.36107764;3
481238094;481215860;396809;0.38937888;-0.15274495;-0.3585635;3
481771771;481738889;396809;0.3947963;-0.14467618;-0.3622629;3
482284181;482261917;396809;0.40625104;-0.11889185;-0.36758238;3
482732211;482709975;396809;0.41002595;-0.092056625;-0.36783236;3
483265828;483232955;396809;0.4282379;-0.031443436;-0.35560054;3
483778235;483755990;396809;0.43580005;0.03364359;-0.3322964;3
484226628;484204366;396809;0.42085025;0.14936326;-0.29111406;3
484760344;484727482;396809;0.37764943;0.18736656;-0.28477296;3
485272759;485250513;396809;0.3237648;0.23447143;-0.27775672;3
485721049;485698806;396809;0.2514401;0.2686997;-0.2562074;3
486254778;486221889;396809;0.15872326;0.27879718;-0.24274139;3
486767103;486744868;396809;0.10187325;0.26728493;-0.24238794;3
487300634;487267775;396809;0.045468487;0.24069421;-0.24761605;3
487749015;487716140;396809;0.014318737;0.22423442;-0.24689247;3
488261596;488239331;396809;0.01111042;0.22180246;-0.24617647;3
488795279;488762407;396809;0.009044897;0.22047149;-0.24573062;3
489243452;489210550;396809;0.008718941;0.22082964;-0.2469262;3
489755818;489733572;396809;0.034719;0.27716756;-0.2034063;3
490289552;490256668;396809;0.032226235;0.2659998;-0.2114651;3
490801941;490779704;396809;0.012884624;0.21293858;-0.25814325;3
491250266;491227987;396809;-0.0083597815;0.17434864;-0.26984972;3
491783864;491751005;396809;-0.025035493;0.15174645;-0.27933884;3
492296241;492274010;396809;-0.034375858;0.1329127;-0.28783423;3
492744378;492722147;396809;-0.028121814;0.16955063;-0.26122558;3
493277928;493245067;396809;-0.0095122885;0.21583524;-0.23809971;3
493790264;493768033;396809;-0.005899172;0.22070941;-0.23884627;3
494238654;494216329;396809;-0.006054173;0.21766756;-0.24351028;3
494772293;494739413;396809;-0.0067843366;0.2226877;-0.23802918;3
495284758;495262517;396809;-0.009490896;0.2141689;-0.240881;3
495733019;495710782;396809;-0.01221843;0.21300685;-0.23752314;3
496266618;496233758;396809;-0.005394226;0.22142282;-0.2398772;3
496778868;496756636;396809;-0.026069723;0.22110365;-0.22394179;3
497227066;497204834;396809;-0.10357493;0.16875426;-0.20605026;3
497760676;497727805;396809;-0.11504724;0.076040536;-0.25750446;3
498272984;498250728;396809;-0.1095224;0.042131957;-0.2791398;3
498721344;498699086;396809;-0.11937328;0.017366726;-0.28288984;3
499255026;499222152;396809;-0.12440045;0.0023562466;-0.28118956;3
499767287;499745053;396809;-0.123064;0.0063098557;-0.28030938;3
500300938;500267965;396809;-0.13150805;0.017380292;-0.26748627;3
500749178;500716307;396809;-0.12339932;0.03472053;-0.26933002;3
501261614;501239335;396809;-0.12850761;-0.009450451;-0.2749495;3
501795258;501762245;396809;-0.11903997;-0.10347524;-0.30079287;3
502243370;502210486;396809;-0.12029308;-0.12262753;-0.29706562;3
502755764;502733518;396809;-0.109197095;-0.072873145;-0.31137937;3
503289573;503256582;396809;-0.11600966;-0.0787622;-0.30775467;3
503801992;503779626;396809;-0.11484789;-0.081829004;-0.30837882;3
504250267;504228002;396809;-0.11515387;-0.08488067;-0.3073356;3
504783877;504750911;396809;-0.11844697;-0.05808725;-0.29996717;3
505296205;505273821;396809;-0.106025025;0.12551887;-0.23046915;3
505744524;505722250;396809;0.055454306;0.31728894;-0.15344279;3
506278261;506245262;396809;0.322494;0.26833457;-0.23931688;3
506790794;506768411;396809;0.4442373;0.093692206;-0.29643315;3
507239146;507216902;396809;0.40556368;-0.060806256;-0.36887026;3
507772792;507739807;396809;0.32204452;-0.1977083;-0.39424536;3
508285156;508262791;396809;0.23016912;-0.2696268;-0.37164113;3
508733389;508711152;396809;0.12310165;-0.2850862;-0.36311132;3
509267286;509234275;396809;0.082847804;-0.27691928;-0.36731428;3
509779780;509757403;396809;0.095773324;-0.26753056;-0.377359;3
510228053;510205795;396809;0.122466296;-0.28250825;-0.36776134;3
510761759;510728783;396809;0.13033536;-0.28350317;-0.36760783;3
511274204;511251831;396809;0.12881263;-0.2818552;-0.3722405;3
511722343;511700110;396809;0.12617785;-0.2815353;-0.3724687;3
512255893;512222915;396809;0.11244922;-0.28236505;-0.36596838;3
512768278;512745891;396809;0.08459508;-0.27729827;-0.3653037;3
513301880;513268819;396809;0.09554838;-0.27700266;-0.3700923;3
513750005;513717012;396809;0.10772385;-0.2795155;-0.36845037;3
514262327;514239950;396809;0.10198297;-0.27946323;-0.372926;3
514795896;514762835;396809;0.08901613;-0.2771794;-0.36658788;3
515244044;515211080;396809;0.08987543;-0.2789746;-0.36785147;3
515756503;515734104;396809;0.10862537;-0.2804247;-0.36752674;3
516290236;516257144;396809;0.1520505;-0.27732366;-0.37993646;3
516802862;516780257;396809;0.16591167;-0.2797398;-0.376949;3
517250957;517228562;396809;0.14727108;-0.29101515;-0.3545674;3
517784774;517751703;396809;0.14254689;-0.2977512;-0.33191943;3
518297159;518274651;396809;0.15219879;-0.28729677;-0.36083627;3
518745279;518722913;396809;0.15554819;-0.2753651;-0.37720233;3
519278869;519245806;396809;0.14711103;-0.26552212;-0.38836536;3
519791234;519768692;396809;0.14201999;-0.26828027;-0.38764557;3
520239589;520217182;396809;0.14369218;-0.28243443;-0.3691435;3
520773231;520740155;396809;0.14326857;-0.28842565;-0.36082277;3
521285720;521263142;396809;0.14631563;-0.28665134;-0.36104652;3
521733960;521711547;396809;0.14928155;-0.2867164;-0.3610102;3
522267760;522234700;396809;0.15802883;-0.2826091;-0.36727583;3
522780066;522757547;396809;0.1324156;-0.28101248;-0.37189418;3
523228254;523205887;396809;0.11918372;-0.27848315;-0.3752166;3
523761830;523728769;396809;0.040951386;-0.2658485;-0.36017603;3
524274176;524251651;396809;-0.03926511;-0.21317634;-0.3411051;3
524722284;524699919;396809;-0.073415615;-0.17182952;-0.32949513;3
525255835;525222773;396809;-0.1286647;-0.11511803;-0.27997053;3
525768217;525745680;396809;-0.13953438;-0.08088888;-0.27329654;3
526301882;526268691;396809;-0.13030069;-0.037711054;-0.27760708;3
526750010;526716942;396809;-0.10565665;-0.031291552;-0.3014639;3
527262508;527239981;396809;-0.104685776;0.040658094;-0.28152734;3
527796090;527762904;396809;-0.09687242;0.1501454;-0.22078931;3
528244196;528211128;396809;-0.035923954;0.19354299;-0.22931933;3
528756569;528734025;396809;0.031436928;0.21028715;-0.2659024;3
529290104;529256941;396809;0.07258367;0.27762485;-0.21753386;3
529802053;529779822;396809;0.08717763;0.2740823;-0.22684066;3
530250683;530228183;396809;0.065044865;0.26689416;-0.2243497;3
530784452;530751290;396809;0.013854536;0.24025436;-0.22596969;3
531296563;531274332;396809;-0.0017147558;0.20366025;-0.24371374;3
531745185;531722669;396809;-0.025837567;0.1542174;-0.27058914;3
532278733;532245548;396809;-0.0981957;0.06821966;-0.27495947;3
532790682;532768428;396809;-0.12007704;-0.004381464;-0.28670272;3
533239504;533216960;396809;-0.13585818;-0.051916327;-0.2778694;3
533773160;533739984;396809;-0.1366618;-0.07980977;-0.28142497;3
534285247;534263014;396809;-0.15035997;-0.09003302;-0.2537793;3
534733992;534711478;396809;-0.15254986;-0.08172549;-0.24461631;3
535267676;535234513;396809;-0.109437585;-0.08393455;-0.30540264;3
535779780;535757548;396809;-0.10186525;-0.119382076;-0.3195154;3
536228505;536205959;396809;-0.08449346;-0.14612477;-0.33478558;3
536762204;536729025;396809;-0.07217852;-0.17028695;-0.33244973;3
537274245;537252002;396809;-0.06321022;-0.17716521;-0.33570886;3
537722928;537700412;396809;-0.05974503;-0.183884;-0.33689624;3
538256801;538223640;396809;-0.048650224;-0.19339165;-0.34129626;3
538768745;538746506;396809;-0.041777354;-0.20023057;-0.35002762;3
539302506;539269582;396809;-0.03523327;-0.21259698;-0.34836924;3
539751085;539717906;396809;-0.03096717;-0.23400936;-0.33182475;3
540263026;540240793;396809;-0.02290184;-0.23607525;-0.3399161;3
540796814;540763952;396809;-0.008700471;-0.20241015;-0.37003192;3
541245452;541212254;396809;-0.013358993;-0.19607498;-0.37010163;3
541757504;541735254;396809;-0.008914096;-0.22624657;-0.3611971;3
542291340;542258474;396809;0.0036429213;-0.22885838;-0.37019998;3
542803757;542781517;396809;0.014159506;-0.23677579;-0.36952946;3
543252012;543229781;396809;0.028011395;-0.24881206;-0.3640595;3
543785858;543752931;396809;0.047461946;-0.27559206;-0.34994662;3
544298317;544276080;396809;0.10884754;-0.29414988;-0.34909153;3
544746536;544724250;396809;0.16337019;-0.28907353;-0.35707662;3
545280224;545247348;396809;0.19102558;-0.28007978;-0.3676305;3
545792867;545770635;396809;0.22061676;-0.2796695;-0.36161715;3
546241026;546218754;396809;0.25934133;-0.25755492;-0.37211227;3
546774564;546741679;396809;0.3212148;-0.20564364;-0.39109835;3
547287033;547264776;396809;0.36149785;-0.14493427;-0.39005685;3
547735294;547713053;396809;0.37326524;-0.11952408;-0.39497408;3
548269069;548236209;396809;0.43592846;-0.07724962;-0.34016517;3
548781540;548759282;396809;0.4690102;0.04222747;-0.2813614;3
549229780;549207530;396809;0.46191657;0.04950009;-0.30163565;3
549763347;549730476;396809;0.4417396;0.039726727;-0.3274516;3
550275979;550253729;396809;0.44333804;0.040696785;-0.32322738;3
550724184;550701911;396809;0.44808167;0.0430807;-0.32081637;3
551257758;551224891;396809;0.44283164;0.042087536;-0.32494622;3
551770060;551747801;396809;0.4377545;0.010090264;-0.3337799;3
552303860;552270955;396809;0.43778154;-0.013793163;-0.34132743;3
552751955;552719058;396809;0.44213277;-0.0016071607;-0.32852393;3
553264569;553242312;396809;0.4462486;0.045362797;-0.3180542;3
553798355;553765382;396809;0.45548844;0.06842389;-0.29673523;3
554246555;554213694;396809;0.4367325;0.06952362;-0.3153208;3
554758889;554736657;396809;0.43241137;0.077948675;-0.31583896;3
555292529;555259634;396809;0.43788153;0.12433962;-0.28716266;3
555805034;555782789;396809;0.43204054;0.16103107;-0.26742023;3
556253412;556231180;396809;0.40667468;0.14467649;-0.30811927;3
556787117;556754258;396809;0.38537586;0.20341292;-0.26873595;3
557299398;557277161;396809;0.39886078;0.2097405;-0.2499188;3
557747507;557725273;396809;0.39719328;0.20371148;-0.25705194;3
558281072;558248199;396809;0.38567448;0.20582768;-0.26459497;3
558793402;558771165;396809;0.3922424;0.20573334;-0.2602772;3
559241529;559219294;396809;0.39351198;0.20560162;-0.261423;3
559775327;559742425;396809;0.3940837;0.20138371;-0.26223743;3
560287755;560265511;396809;0.39282343;0.18164381;-0.28266472;3
560735954;560713713;396809;0.3820325;0.17296883;-0.2934816;3
561269766;561236846;396809;0.36286736;0.18677062;-0.29021338;3
561782267;561760037;396809;0.32840365;0.26677138;-0.24219964;3
562230504;562208257;396809;0.283304;0.27929267;-0.23551282;3
562764224;562731296;396809;0.21540993;0.27925467;-0.24852204;3
563276525;563254292;396809;0.15198068;0.2809093;-0.2391504;3
563724814;563702529;396809;0.07266124;0.2808092;-0.21743636;3
564258612;564225716;396809;0.059416957;0.27642038;-0.21286204;3
564770968;564748727;396809;0.061393492;0.26259512;-0.22731611;3
565219240;565197001;396809;0.08104652;0.2562679;-0.24496995;3
565753109;565720195;396809;0.12619083;0.26530296;-0.24720222;3
566265399;566243163;396809;0.06920615;0.23630951;-0.25676498;3
566799021;566766051;396809;-0.0032261144;0.25942975;-0.20064613;3
567247165;567214300;396809;-0.009727764;0.24748859;-0.21139355;3
567759516;567737250;396809;0.038988344;0.25019655;-0.2338149;3
568293282;568260316;396809;0.022526715;0.2669242;-0.20635462;3
568741457;568708584;396809;0.0087187085;0.25015008;-0.21661873;3
569254055;569231803;396809;-0.00859176;0.25277224;-0.20481616;3
569787716;569754733;396809;0.019458221;0.2800737;-0.1890368;3
570300187;570277818;396809;0.03125798;0.21461265;-0.2671524;3
570748320;570726087;396809;-0.0048452294;0.22674409;-0.23146704;3
571281980;571249001;396809;-0.0044675516;0.21469687;-0.24377438;3
571794583;571772171;396809;0.0076741707;0.2340962;-0.23255393;3
572242852;572220584;396809;0.0030974734;0.2419077;-0.22375369;3
572776510;572743506;396809;-0.013287648;0.22879961;-0.22900373;3
573289008;573266613;396809;-0.008435499;0.22423172;-0.23353904;3
573737254;573715013;396809;-0.010323728;0.22830385;-0.22839767;3
574271041;574238056;396809;-0.0127097685;0.22608829;-0.22753708;3
574783368;574761001;396809;-0.02334772;0.2320826;-0.21803492;3
575231503;575209256;396809;0.031101739;0.22387736;-0.2564831;3
575765150;575732175;396809;0.009846171;0.21010378;-0.25712687;3
576277412;576255048;396809;-0.028665226;0.21858656;-0.22353642;3
576725516;576703273;396809;-0.036758017;0.2494763;-0.18241218;3
577259141;577226179;396809;-0.039283473;0.18931577;-0.23878337;3
577771504;577749110;396809;-0.053905495;0.12570944;-0.28063464;3
578305259;578272172;396809;-0.076324224;0.19550969;-0.2014439;3
578753491;578720481;396809;-0.06522404;0.22040492;-0.18032655;3
579265761;579243387;396809;-0.05713999;0.25133055;-0.14827882;3
579799396;579766302;396809;-0.053405136;0.20144303;-0.21229258;3
580247537;580214575;396809;-0.06212025;0.16885313;-0.23974846;3
580759858;580737492;396809;-0.075614735;0.15695333;-0.23996648;3
581293414;581260346;396809;-0.07681867;0.15779917;-0.24183269;3
581805730;581783199;396809;-0.074888036;0.15662655;-0.2419554;3
582253999;582231612;396809;-0.08016025;0.1486677;-0.24663994;3
582787719;582754626;396809;-0.0739599;0.14369118;-0.25453043;3
583300241;583277736;396809;-0.08080214;0.14635494;-0.24441302;3
583748440;583726072;396809;-0.08284207;0.18331358;-0.21032804;3
584281942;584248878;396809;-0.099668786;0.13614278;-0.23521498;3
584794364;584771838;396809;-0.101712555;0.11127873;-0.25329566;3
585242548;585220156;396809;-0.10673519;0.09159762;-0.2531842;3
585776285;585743193;396809;-0.11464298;0.044657085;-0.27214724;3
586288644;586266145;396809;-0.109829485;0.08985214;-0.25707042;3
586736797;586714394;396809;-0.012734242;0.21055967;-0.2446125;3
587270376;587237280;396809;0.21594667;0.2919359;-0.23495783;3
587782780;587760257;396809;0.37484932;0.2074918;-0.2719269;3
588231066;588208701;396809;0.44432092;0.09127953;-0.3035508;3
588764670;588731610;396809;0.44541436;-0.006875921;-0.32980314;3
589276935;589254435;396809;0.44405425;-0.013756463;-0.3340709;3
589725229;589702862;396809;0.44392246;-0.015342507;-0.333876;3
590258977;590225893;396809;0.44076154;-0.018695742;-0.33841872;3
590771522;590748993;396809;0.4464724;-0.020218927;-0.32925054;3
591305092;591271924;396809;0.44413683;-0.02423723;-0.33261812;3
591753290;591720231;396809;0.440584;-0.024156127;-0.33842528;3
592265791;592243235;396809;0.4393611;-0.024675092;-0.3375367;3
592799614;592766393;396809;0.4419372;-0.026792957;-0.3325572;3
593247793;593214725;396809;0.4427223;-0.028377423;-0.33267707;3
593760160;593737644;396809;0.4419237;-0.033619795;-0.3330918;3
594293839;594260621;396809;0.44083244;-0.03516587;-0.33484325;3
594742132;594709016;396809;0.44110218;-0.037240747;-0.33738214;3
595254469;595231890;396809;0.44015723;-0.041766517;-0.33715484;3
595788009;595754827;396809;0.44034204;-0.04226561;-0.3380835;3
596300109;596277816;396809;0.43476424;-0.05166943;-0.34212038;3
596748721;596726186;396809;0.43785083;-0.054587822;-0.3387128;3
597282292;597249112;396809;0.43518534;-0.05837412;-0.34144711;3
597794281;597772010;396809;0.43851906;-0.055298753;-0.3327327;3
598242717;598220216;396809;0.43069857;-0.059692785;-0.34329253;3
598776375;598743203;396809;0.4155764;-0.06399568;-0.36113825;3
599288271;599266040;396809;0.42621252;-0.060082704;-0.35091197;3
599736794;599714289;396809;0.43285292;-0.063987605;-0.33686996;3
600270453;600237213;396809;0.4432193;-0.061597764;-0.32178712;3
600782283;600760052;396809;0.44451952;-0.06337037;-0.3220163;3
601230982;601208481;396809;0.42950138;-0.061073385;-0.34448582;3
601764726;601731523;396809;0.43139452;-0.06350452;-0.34057024;3
602276582;602254348;396809;0.43477374;-0.06565033;-0.3363785;3
602725170;602702656;396809;0.434347;-0.06824735;-0.3371614;3
603258700;603225516;396809;0.4364246;-0.06845099;-0.33540708;3
603770716;603748455;396809;0.4375889;-0.06866624;-0.33339256;3
604304283;604271419;396809;0.4358255;-0.069277465;-0.3342293;3
604752737;604719567;396809;0.43639618;-0.06690018;-0.3335926;3
605264987;605242738;396809;0.43449315;-0.074439876;-0.3372415;3
605798533;605765671;396809;0.43365765;-0.07552154;-0.3323409;3
606247183;606213988;396809;0.43494874;-0.07577018;-0.33197457;3
606759264;606737034;396809;0.43379495;-0.079533115;-0.3369008;3
607292850;607259955;396809;0.43218198;-0.07964948;-0.33445308;3
607741363;607708184;396809;0.4365272;-0.0774086;-0.33373;3
608253558;608231328;396809;0.43679342;-0.077188775;-0.3312316;3
608787235;608754366;396809;0.43657857;-0.07036484;-0.33063197;3
609299656;609277400;396809;0.4405182;-0.05249831;-0.33285183;3
609747865;609725619;396809;0.43736112;-0.054718953;-0.33638263;3
610281452;610248575;396809;0.4358551;-0.053415053;-0.34534237;3
610793762;610771504;396809;0.4286686;-0.09554082;-0.33581766;3
611242116;611219866;396809;0.4281144;-0.092436835;-0.33342728;3
611775814;611742948;396809;0.43304396;-0.087416895;-0.3385008;3
612288286;612265990;396809;0.4316592;-0.08532457;-0.3340499;3
612736639;612714304;396809;0.4356858;-0.08220264;-0.33317873;3
613270266;613237407;396809;0.43612334;-0.07969244;-0.33072034;3
613782642;613760405;396809;0.4327196;-0.0863926;-0.32582211;3
614230736;614208485;396809;0.43531704;-0.083330795;-0.33332515;3
614764560;614731701;396809;0.43671164;-0.08022809;-0.32734883;3
615276964;615254732;396809;0.4383322;-0.07962399;-0.31901035;3
615725029;615702786;396809;0.45147246;-0.06458633;-0.28669262;3
616258667;616225808;396809;0.45391092;-0.053855296;-0.28877652;3
616770973;616748733;396809;0.43828985;-0.07470619;-0.321447;3
617304585;617271719;396809;0.43346018;-0.10030234;-0.32459682;3
617752741;617719814;396809;0.3981959;-0.14080778;-0.35364595;3
618265012;618242781;396809;0.32243913;-0.22627473;-0.35115093;3
618798758;618765882;396809;0.13833536;-0.29087973;-0.3485606;3
619246977;619214106;396809;0.001795385;-0.25769746;-0.33953005;3
619759276;619737023;396809;-0.04896241;-0.21485472;-0.32519048;3
620293195;620260251;396809;-0.09227151;-0.17955105;-0.30388373;3
620741283;620708421;396809;-0.07943511;-0.18827385;-0.3107981;3
621253634;621231400;396809;-0.043054193;-0.22789173;-0.3179484;3
621787126;621754267;396809;0.03355327;-0.27149785;-0.33938235;3
622299504;622277247;396809;0.15666163;-0.29076135;-0.3565306;3
622747828;622725577;396809;0.27364436;-0.25856918;-0.3582803;3
623281504;623248619;396809;0.36796007;-0.18840252;-0.34823897;3
623793821;623771590;396809;0.38794404;-0.16937374;-0.34067687;3
624242048;624219793;396809;0.38647908;-0.15722662;-0.35990983;3
624775758;624742887;396809;0.38681042;-0.14527111;-0.37758213;3
625288094;625265864;396809;0.3763849;-0.12831384;-0.38990387;3
625736473;625714173;396809;0.37454233;-0.10965216;-0.39442867;3
626270262;626237367;396809;0.34861854;-0.19273934;-0.37298018;3
626782818;626760459;396809;0.35814676;-0.19207695;-0.3535672;3
627230783;627208529;396809;0.37196493;-0.19467215;-0.31228513;3
627764365;627731490;396809;0.3890004;-0.13925739;-0.37428057;3
628276687;628254446;396809;0.37834245;-0.17359355;-0.35111177;3
628724859;628702582;396809;0.3845471;-0.1719967;-0.34910974;3
629258481;629225577;396809;0.38337514;-0.17162636;-0.34708953;3
629770871;629748617;396809;0.39034212;-0.16737941;-0.34663782;3
630304559;630271578;396809;0.3983192;-0.15800712;-0.3400474;3
630752760;630719857;396809;0.40115172;-0.15006526;-0.3374463;3
631265245;631242997;396809;0.40583107;-0.14158346;-0.33798224;3
631798842;631765851;396809;0.40847573;-0.14094917;-0.33983016;3
632247139;632214174;396809;0.4099582;-0.13390024;-0.33506927;3
632759567;632737257;396809;0.41530713;-0.13111788;-0.33147183;3
633293278;633260296;396809;0.41399264;-0.13625158;-0.3318417;3
633805803;633783400;396809;0.4091378;-0.13138774;-0.34784693;3
634254115;634231847;396809;0.42194423;-0.12520353;-0.31956547;3
634787679;634754719;396809;0.4200464;-0.12613353;-0.32846457;3
635299953;635277580;396809;0.40993667;-0.120691;-0.35559767;3
636282037;636249053;396809;0.42669243;-0.109114915;-0.33470803;3
636794503;636772106;396809;0.42497182;-0.11257316;-0.3349657;3
637242771;637220539;396809;0.42092323;-0.11258036;-0.3364303;3
637776573;637743536;396809;0.42097554;-0.114630945;-0.34375653;3
638288892;638266516;396809;0.42131263;-0.113797694;-0.3387434;3
638736969;638714731;396809;0.42333663;-0.113251716;-0.33370835;3
639270531;639237556;396809;0.42293447;-0.11311354;-0.33319044;3
639782898;639760532;396809;0.4197871;-0.11217421;-0.33672923;3
640231070;640208833;396809;0.4282795;-0.10206191;-0.333172;3
640764720;640731733;396809;0.42747805;-0.09926189;-0.32981002;3
641277169;641254778;396809;0.42855403;-0.09924783;-0.33403754;3
641725503;641703237;396809;0.42484736;-0.09401848;-0.3349573;3
642259150;642226166;396809;0.42456454;-0.10271794;-0.3385514;3
642771502;642749117;396809;0.42560562;-0.10664347;-0.33370113;3
643305055;643271993;396809;0.4137767;-0.11395939;-0.35370684;3
643753145;643720178;396809;0.42617846;-0.096196905;-0.347335;3
644265520;644243149;396809;0.4165771;-0.11739984;-0.346191;3
644799285;644766186;396809;0.40798485;-0.13603449;-0.3403422;3
645247523;645214507;396809;0.4065646;-0.13467751;-0.3465543;3
645759900;645737534;396809;0.40429544;-0.12683696;-0.357671;3
646293515;646260434;396809;0.40333107;-0.12928726;-0.36283574;3
646741769;646708788;396809;0.39813608;-0.13638216;-0.36011297;3
647254168;647231787;396809;0.40113232;-0.13983044;-0.35984012;3
647787759;647754669;396809;0.39679557;-0.14392437;-0.35577095;3
648300185;648277653;396809;0.40019977;-0.1406645;-0.35252234;3
648748372;648725982;396809;0.40802372;-0.12690023;-0.35218763;3
649282302;649249151;396809;0.40781227;-0.12523374;-0.3536182;3
649794536;649772037;396809;0.40858254;-0.11366476;-0.3620828;3
650242759;650220389;396809;0.40825915;-0.094863616;-0.37068284;3
650776450;650743374;396809;0.40814394;-0.07450606;-0.37573898;3
651288860;651266359;396809;0.4048226;-0.08157143;-0.37886927;3
651736957;651714587;396809;0.39622825;-0.08932191;-0.3827046;3
652270843;652237702;396809;0.39503774;-0.107014164;-0.38409558;3
652783128;652760610;396809;0.37960586;-0.16716492;-0.35740885;3
653231201;653208831;396809;0.3742031;-0.16974065;-0.3591782;3
653764822;653731754;396809;0.38440302;-0.16972831;-0.35557467;3
654277164;654254649;396809;0.3810386;-0.1678717;-0.35738212;3
654725279;654702881;396809;0.38025874;-0.17000756;-0.35702142;3
655259208;655226084;396809;0.37569362;-0.18464084;-0.32673675;3
655771414;655748915;396809;0.3853414;-0.16564599;-0.35708117;3
656219523;656197157;396809;0.38774866;-0.1770039;-0.32258308;3
656753246;656720114;396809;0.3928093;-0.15659246;-0.35093185;3
657265753;657243234;396809;0.39012808;-0.12314719;-0.3858932;3
657799339;657766133;396809;0.3765343;-0.16821203;-0.3618791;3
658247435;658214353;396809;0.38212967;-0.13649979;-0.3807736;3
658759989;658737464;396809;0.38575882;-0.09575461;-0.39172968;3
659293748;659260527;396809;0.37487164;-0.14196008;-0.38149425;3
659741850;659708791;396809;0.3249128;-0.19861165;-0.3946971;3
660254505;660231976;396809;0.39350206;-0.16669723;-0.33700117;3
660788209;660754995;396809;0.37529752;-0.16729861;-0.36515862;3
661300308;661278076;396809;0.3939014;-0.14885621;-0.35950655;3
661748828;661726307;396809;0.42432082;-0.094251335;-0.34741864;3
662282448;662249254;396809;0.44995055;0.010672109;-0.3228667;3
662794379;662772132;396809;0.43778944;0.12318672;-0.28896436;3
663242930;663220430;396809;0.40328464;0.19169343;-0.27014813;3
663776540;663743319;396809;0.41480258;0.16807291;-0.28463033;3
664288665;664266411;396809;0.4391489;0.1164807;-0.29362163;3
664737214;664714704;396809;0.44976526;0.04241824;-0.31636345;3
665270738;665237573;396809;0.43574595;-0.06798113;-0.34337515;3
665782889;665760547;396809;0.38004562;-0.15478644;-0.3703799;3
666231529;666208994;396809;0.2984053;-0.22201161;-0.39710647;3
666765102;666731867;396809;0.2121725;-0.25804904;-0.39199063;3
667277200;667254966;396809;0.13631587;-0.26236558;-0.39278623;3
667725766;667703250;396809;0.094030485;-0.24837828;-0.39786205;3
668259464;668226270;396809;0.06359807;-0.27746105;-0.35270518;3
668771425;668749094;396809;0.021840777;-0.2833488;-0.31393543;3
669305016;669272147;396809;-0.054383017;-0.23486316;-0.30135396;3
669753705;669720514;396809;0.062147856;-0.25082576;-0.38320094;3
670265839;670243590;396809;-0.052807353;-0.17478213;-0.3410024;3
670799635;670766756;396809;-0.096047014;-0.1077979;-0.32218903;3
671248213;671215039;396809;-0.11811807;-0.021518586;-0.28697294;3
671760292;671738046;396809;-0.107871614;0.06607431;-0.26259863;3
672294147;672261278;396809;-0.05191581;0.18070027;-0.23080456;3
672806511;672784272;396809;-0.053389248;0.18250053;-0.22644477;3
673254627;673232393;396809;-0.117511176;0.04953011;-0.26134357;3
673788229;673755357;396809;-0.13774753;-0.074431226;-0.27391815;3
674300815;674278564;396809;-0.06559088;-0.18901895;-0.32783017;3
674748992;674726731;396809;0.020588208;-0.26515013;-0.3453742;3
675282550;675249668;396809;0.1771605;-0.27854663;-0.37708208;3
675794981;675772731;396809;0.3844154;-0.17118406;-0.35046;3
676243371;676221105;396809;0.45753452;-0.010904038;-0.31370935;3
676777022;676744150;396809;0.42862612;0.1520332;-0.28254867;3
677289329;677267083;396809;0.3352071;0.25555143;-0.24846147;3
677737543;677715251;396809;0.21863908;0.29147822;-0.23369764;3
678271286;678238428;396809;0.20291062;0.29362965;-0.23208116;3
678783895;678761544;396809;0.22427694;0.26169583;-0.2652319;3
679232042;679209811;396809;0.22802994;0.25263813;-0.27607083;3
679765744;679732848;396809;0.2598511;0.22630562;-0.29889363;3
680278252;680255997;396809;0.29446515;0.27384815;-0.2426404;3
680726351;680704106;396809;0.355419;0.23313308;-0.261772;3
681259880;681227021;396809;0.4263915;0.14770053;-0.28654897;3
681772441;681750209;396809;0.4509781;0.042989478;-0.31233513;3
682220605;682198375;396809;0.43899155;-0.050647967;-0.33819327;3
682754206;682721334;396809;0.3977478;-0.1386261;-0.36010677;3
683266524;683244276;396809;0.39450714;-0.1433886;-0.36210904;3
683800334;683767463;396809;0.40085828;-0.13662565;-0.3580838;3
684248541;684215661;396809;0.40400288;-0.13627613;-0.3551987;3
684761018;684738781;396809;0.39247352;-0.1443458;-0.36361533;3
685294857;685261963;396809;0.3918294;-0.14716813;-0.36373323;3
685743014;685710142;396809;0.3939983;-0.14509901;-0.36101434;3
686255504;686233265;396809;0.38628793;-0.15231627;-0.36803958;3
686789218;686756336;396809;0.37879783;-0.16084665;-0.3696239;3
687301769;687279537;396809;0.3788359;-0.16223586;-0.36951494;3
687749953;687727717;396809;0.3769731;-0.16150294;-0.36782488;3
688283525;688250606;396809;0.3790826;-0.16206807;-0.36871213;3
688796012;688773781;396809;0.368666;-0.16810894;-0.37425146;3
689244294;689222011;396809;0.37123775;-0.16596293;-0.37091017;3
689777962;689745099;396809;0.36967564;-0.16867402;-0.37154108;3
690290334;690268088;396809;0.37526923;-0.14944264;-0.38030142;3
690738522;690716238;396809;0.37101507;-0.143957;-0.38537523;3
691272277;691239409;396809;0.36164218;-0.15940993;-0.38270676;3
691784875;691762600;396809;0.36189455;-0.18466407;-0.36407942;3
692232972;692210740;396809;0.36669487;-0.17044729;-0.3702653;3
692766571;692733713;396809;0.36151975;-0.17337073;-0.37431556;3
693278984;693256716;396809;0.3604777;-0.17331561;-0.3732993;3
693727077;693704821;396809;0.38237923;-0.15915173;-0.37010032;3
694260814;694227953;396809;0.41043335;-0.112513036;-0.360907;3
694773503;694751234;396809;0.43897972;-0.019336255;-0.33904767;3
695221759;695199526;396809;0.44539207;0.047046937;-0.32451317;3
695755574;695722601;396809;0.45010686;0.0869552;-0.29606807;3
696267787;696245535;396809;0.43130812;0.13556424;-0.28951618;3
696801502;696768517;396809;0.39287126;0.1791953;-0.2874633;3
697249680;697216800;396809;0.35710803;0.2156857;-0.2750044;3
697761981;697739737;396809;0.35225213;0.21656518;-0.27861515;3
698295948;698262871;396809;0.3439953;0.21229681;-0.28728476;3
698744199;698711319;396809;0.3398524;0.27073914;-0.23375227;3
699256527;699234297;396809;0.33880863;0.25476474;-0.24962294;3
699790277;699757298;396809;0.33631292;0.22504547;-0.2854452;3
700302709;700280328;396809;0.33311003;0.18104176;-0.31046373;3
700750773;700728542;396809;0.3236742;0.24747019;-0.26442724;3
701284426;701251447;396809;0.32176185;0.24665861;-0.2673438;3
701796705;701774329;396809;0.31689784;0.25164068;-0.26132149;3
702244917;702222687;396809;0.3150702;0.26338166;-0.24977039;3
702778563;702745601;396809;0.27461433;0.23079818;-0.2952506;3
703291020;703268640;396809;0.31442264;0.24007264;-0.27471855;3
703739190;703716960;396809;0.32105452;0.25526154;-0.25785017;3
704272935;704239907;396809;0.32712436;0.26494247;-0.2418185;3
704785240;704762875;396809;0.30076212;0.26113468;-0.25521764;3
705233617;705211330;396809;0.2906767;0.26036048;-0.2600487;3
705767301;705734334;396809;0.29196528;0.2622148;-0.25673196;3
706279695;706257320;396809;0.28347033;0.2645571;-0.2552261;3
706727947;706705708;396809;0.2651989;0.27545568;-0.2509067;3
707261789;707228818;396809;0.24034777;0.28227982;-0.24233758;3
707774136;707751773;396809;0.20197599;0.28309068;-0.2452006;3
708222226;708199981;396809;0.14936824;0.3373421;-0.1643605;3
708755803;708722838;396809;0.13423525;0.2266236;-0.2893183;3
709268185;709245789;396809;0.07841505;0.2708417;-0.22809908;3
709801993;709768911;396809;0.03368932;0.26730683;-0.21467832;3
710250120;710217127;396809;0.011101512;0.16633481;-0.2885342;3
710762531;710740139;396809;-0.068301156;0.12958303;-0.2678591;3
711296044;711262982;396809;0.046673186;0.15214464;-0.31747478;3
711744224;711711244;396809;-0.069645815;0.11914435;-0.2728127;3
712256744;712234352;396809;-0.14287537;0.05796599;-0.233348;3
712790558;712757482;396809;-0.15067562;-0.013881935;-0.2542615;3
713302899;713280389;396809;-0.09812143;0.020212676;-0.30096412;3
713750978;713728612;396809;-0.11013679;-0.0019829168;-0.2974574;3
714284774;714251675;396809;-0.12786545;-0.051835116;-0.29345044;3
714797219;714774696;396809;-0.12460834;-0.061309617;-0.29740918;3
715245290;715222892;396809;-0.1649742;-0.032250915;-0.23322432;3
715778936;715745875;396809;-0.12215335;0.02071064;-0.27558976;3
716291516;716268950;396809;-0.10533112;0.10644799;-0.2533869;3
716739564;716717191;396809;-0.10961433;0.08956786;-0.26008022;3
717273217;717240146;396809;-0.12117428;0.069561124;-0.2565388;3
717785642;717763142;396809;-0.10056619;0.06639406;-0.2720364;3
718233908;718211494;396809;-0.09697827;0.062164076;-0.28004038;3
718767450;718734360;396809;-0.11815074;0.08921211;-0.24540675;3
719279790;719257265;396809;-0.11050394;0.10680443;-0.24396783;3
719727973;719705590;396809;-0.10786217;0.10309448;-0.2545868;3
720261756;720228679;396809;-0.10313797;0.10951003;-0.25004733;3
720774218;720751718;396809;-0.08361374;0.13900925;-0.24956606;3
721222504;721200129;396809;-0.09005734;0.15900002;-0.22830324;3
721756347;721723207;396809;-0.07807331;0.1710921;-0.22760318;3
722268826;722246254;396809;-0.06093183;0.19277577;-0.21922597;3
722802475;722769252;396809;-0.03678538;0.2127479;-0.22025374;3
723250757;723217681;396809;-0.021107184;0.27074787;-0.16963217;3
723763161;723740655;396809;-0.0027164943;0.25520134;-0.2054172;3
724296694;724263529;396809;0.0120865265;0.25950584;-0.21098806;3
724744834;724711749;396809;0.017083103;0.256789;-0.21752703;3
725257107;725234606;396809;0.018093988;0.25657517;-0.21545097;3
725790682;725757512;396809;0.015432228;0.2636949;-0.20707084;3
726302626;726280339;396809;0.012294218;0.25535026;-0.21847612;3
726751190;726728665;396809;0.014453396;0.2548591;-0.21613559;3
727284898;727251681;396809;0.0103720995;0.24127677;-0.22894962;3
727797083;727774805;396809;0.013441665;0.23476797;-0.24100944;3
728245671;728223170;396809;0.010454366;0.26048005;-0.20916957;3
728779504;728746316;396809;0.014267722;0.23263296;-0.24406321;3
729291481;729269148;396809;0.01397757;0.2600276;-0.21281068;3
729740018;729717517;396809;0.0132571105;0.26099008;-0.21030578;3
730273701;730240528;396809;0.0021547666;0.27317348;-0.1852943;3
730785776;730763528;396809;0.004377122;0.2531822;-0.21434483;3
731234261;731211762;396809;0.0005309506;0.24976294;-0.21400332;3
731767879;731734719;396809;0.00023409951;0.24818568;-0.21548696;3
732279975;732257739;396809;-0.0028820308;0.2466354;-0.21512064;3
732728585;732706079;396809;-0.0022404052;0.24949053;-0.21304482;3
733262218;733228997;396809;8.670461e-05;0.26248705;-0.19736962;3
733774311;733752077;396809;0.0077907406;0.27884206;-0.18075787;3
734222770;734200271;396809;0.01583952;0.2946759;-0.1623951;3
734756416;734723226;396809;0.018039789;0.3006022;-0.15456793;3
735268327;735246063;396809;0.016914314;0.14895627;-0.30499452;3
735801982;735769086;396809;0.0052974056;0.1572232;-0.29415143;3
736250506;736217320;396809;0.00700198;0.1522024;-0.29783955;3
736762573;736740340;396809;0.0047451863;0.15715986;-0.2900132;3
737296216;737263359;396809;-0.0031588671;0.22959015;-0.22945076;3
737744706;737711541;396809;-0.0022542013;0.2982926;-0.13398696;3
738256834;738234564;396809;-0.010507658;0.2770583;-0.16522434;3
738790623;738757650;396809;-0.0013099334;0.30670857;-0.12392684;3
739303110;739280850;396809;0.010966223;0.30278802;-0.15332274;3
739751217;739728961;396809;0.051025398;0.2818995;-0.20973656;3
740285033;740252151;396809;0.08554591;0.26267052;-0.24041992;3
740797637;740775380;396809;0.28705996;0.33280775;-0.13849697;3
741245795;741223557;396809;0.31576437;0.17394762;-0.32342622;3
741779575;741746700;396809;0.3877416;0.27209318;-0.14073837;3
742291850;742269617;396809;0.31447655;0.25298792;-0.26330957;3
742740030;742717795;396809;0.26344746;0.27717906;-0.24970964;3
743273693;743240801;396809;0.16485237;0.30763936;-0.20857078;3
743786138;743763892;396809;0.086879596;0.3301247;-0.14780381;3
744234233;744211993;396809;0.06749094;0.31872112;-0.1615015;3
744768038;744735155;396809;0.07492562;0.28067276;-0.21610478;3
745280395;745258165;396809;0.060958903;0.2654713;-0.23045532;3
745728583;745706343;396809;0.077111654;0.28087053;-0.21725285;3
746262151;746229253;396809;0.015022352;0.25146598;-0.21614164;3
746774388;746752158;396809;-0.024016662;0.21514487;-0.22916046;3
747222563;747200331;396809;-0.024813548;0.20979023;-0.23159754;3
747756309;747723329;396809;-0.016309591;0.21821019;-0.23166943;3
748268532;748246299;396809;-0.027379898;0.25085732;-0.18695246;3
748802455;748769570;396809;-0.023586323;0.23975638;-0.2068576;3
749250719;749217816;396809;-0.06327235;0.23821181;-0.1743163;3
749763254;749741000;396809;0.11746188;0.21895334;-0.29305574;3
750296806;750263928;396809;0.03310718;0.21996033;-0.2601302;3
750745021;750712148;396809;0.018573554;0.21015364;-0.26314744;3
751257317;751235074;396809;-0.009034249;0.23464984;-0.22373007;3
751790865;751757996;396809;-0.037346777;0.2420369;-0.19419488;3
752303230;752280983;396809;0.12723409;0.23500042;-0.2813022;3
752751601;752729273;396809;0.108339384;0.23829734;-0.26857266;3
753285386;753252529;396809;0.079091534;0.24887992;-0.25350213;3
753797803;753775555;396809;-0.008494232;0.22918731;-0.22435747;3
754246033;754223777;396809;-0.034703903;0.19560042;-0.23631373;3
754779761;754746904;396809;-0.017782655;0.26233935;-0.18008722;3
755292309;755270022;396809;-0.0058413385;0.2704109;-0.1778686;3
755740515;755718247;396809;-0.012226582;0.23829824;-0.21752316;3
756274217;756241357;396809;-0.03175912;0.15872899;-0.26668873;3
756786534;756764249;396809;-0.037964996;0.10610032;-0.297514;3
757234737;757212455;396809;-0.05130148;0.21510635;-0.19977865;3
757768211;757735355;396809;-0.04217661;0.21454126;-0.20670407;3
758280610;758258339;396809;-0.03649705;0.20549814;-0.22313729;3
758728732;758706451;396809;-0.036222234;0.2029725;-0.22521536;3
759262301;759229443;396809;-0.030698601;0.20373708;-0.22952667;3
759774838;759752574;396809;-0.031988405;0.20408735;-0.225075;3
760223011;760200780;396809;-0.027819466;0.1974423;-0.23895794;3
760756580;760723681;396809;-0.026124202;0.25204396;-0.18573835;3
761268872;761246615;396809;-0.012684929;0.23840468;-0.21537066;3
761802503;761769505;396809;-0.013835009;0.17644073;-0.26253206;3
762250744;762217789;396809;-0.028195616;0.16401485;-0.26452145;3
762762995;762740737;396809;-0.03137138;0.16530564;-0.2654731;3
763296590;763263631;396809;-0.01171426;0.21304113;-0.23823228;3
763744885;763712027;396809;-0.007348405;0.22543718;-0.23394898;3
764257319;764235068;396809;0.03607009;0.26014242;-0.22141318;3
764791011;764758041;396809;0.12484451;0.29037255;-0.22077408;3
765303597;765281213;396809;0.22722793;0.28737113;-0.23710608;3
765751705;765729472;396809;0.297248;0.26788047;-0.24959001;3
766285368;766252388;396809;0.36861408;0.21646002;-0.25890458;3
766797669;766775280;396809;0.430361;0.14784847;-0.2811006;3
767245817;767223582;396809;0.42478022;0.11136219;-0.30856878;3
767779583;767746579;396809;0.43908668;0.081602976;-0.30558872;3
768291931;768269544;396809;0.44992122;0.05537036;-0.30622146;3
768740090;768717843;396809;0.4397548;0.10701382;-0.29125625;3
769273620;769240661;396809;0.46469212;0.04495211;-0.28536236;3
769785973;769763595;396809;0.41356513;-0.05059823;-0.37033853;3
770234281;770212042;396809;0.37082464;-0.16751538;-0.36330542;3
770768201;770735178;396809;0.35117978;-0.16619118;-0.38930312;3
771280504;771258105;396809;0.34816295;-0.18887477;-0.37871653;3
771728750;771706447;396809;0.3859443;-0.1610386;-0.3642444;3
772262527;772229509;396809;0.45495814;0.041422315;-0.3124192;3
772775010;772752632;396809;0.3197216;0.2608002;-0.2508337;3
773223139;773200908;396809;0.103244185;0.2736146;-0.23498271;3
773756766;773723756;396809;-0.03424863;0.19204216;-0.23786852;3
774269218;774246851;396809;-0.00411476;0.2540649;-0.20381856;3
774803110;774770016;396809;0.19276619;0.29500502;-0.22656247;3
775251229;775218263;396809;0.3387944;0.24181853;-0.26156646;3
775763629;775741264;396809;0.43353888;0.09183892;-0.30962357;3
776297422;776264357;396809;0.4278077;-0.06577729;-0.34814894;3
776745503;776712544;396809;0.37506858;-0.18734087;-0.3440441;3
777258097;777235618;396809;0.295624;-0.22934894;-0.38368115;3
777791671;777758609;396809;0.29795015;-0.22374995;-0.381557;3
778304194;778281695;396809;0.32243574;-0.21360072;-0.38094336;3
778752489;778730070;396809;0.35026428;-0.17164533;-0.38937318;3
779286202;779253134;396809;0.32383257;-0.22211747;-0.36597237;3
780246925;780224499;396809;0.3073307;-0.24084793;-0.3503552;3
780780777;780747659;396809;0.35158783;-0.193607;-0.3689987;3
781293310;781270770;396809;0.34309572;-0.20603912;-0.3680962;3
781741413;781719049;396809;0.33412132;-0.20921999;-0.37038955;3
782275228;782242153;396809;0.33536708;-0.21389891;-0.3574812;3
782787579;782765079;396809;0.33363414;-0.2127459;-0.3561057;3
783235760;783213369;396809;0.33849284;-0.21013841;-0.36253518;3
783769409;783736348;396809;0.3429962;-0.20769331;-0.36363798;3
784281982;784259464;396809;0.33863848;-0.21044883;-0.3571;3
784730238;784707845;396809;0.34688812;-0.20639645;-0.35991535;3
785264064;785230963;396809;0.34679237;-0.20364852;-0.35422528;3
785776503;785753993;396809;0.3462194;-0.20460078;-0.35729003;3
786224712;786202329;396809;0.34627283;-0.2050792;-0.35841942;3
786758448;786725366;396809;0.3480565;-0.20373681;-0.35620886;3
787270724;787248186;396809;0.34621602;-0.20917365;-0.3501551;3
787804372;787771159;396809;0.3477704;-0.20692873;-0.3527068;3
788252583;788219404;396809;0.34723493;-0.20433782;-0.354827;3
788764997;788742458;396809;0.3504578;-0.20153862;-0.35538387;3
789298554;789265394;396809;0.35286763;-0.20339932;-0.3518349;3
789746762;789713694;396809;0.34710515;-0.20740621;-0.34751508;3
790259263;790236740;396809;0.35106513;-0.20457868;-0.35460088;3
790792965;790759749;396809;0.3498888;-0.20667645;-0.35104564;3
791305039;791282790;396809;0.3492068;-0.2066958;-0.34805483;3
791753742;791731235;396809;0.35259318;-0.20479956;-0.3477516;3
792287365;792254202;396809;0.3510406;-0.20694226;-0.343232;3
792799312;792777065;396809;0.35479313;-0.1993022;-0.347905;3
793247955;793225457;396809;0.36384612;-0.19459924;-0.3489798;3
793781720;793748526;396809;0.36390793;-0.19573136;-0.3460895;3
794293607;794271343;396809;0.35574123;-0.20167622;-0.3508426;3
794742212;794719696;396809;0.35662937;-0.20126645;-0.35040915;3
795275962;795242748;396809;0.3571973;-0.1993993;-0.3492672;3
795787777;795765526;396809;0.35459858;-0.20136341;-0.34735474;3
796236332;796213819;396809;0.3549862;-0.20366782;-0.3468729;3
796770007;796736814;396809;0.36788645;-0.19874924;-0.33139852;3
797282149;797259905;396809;0.3874427;-0.18530902;-0.29233798;3
797730923;797708426;396809;0.39274523;-0.17734179;-0.2690751;3
798264696;798231526;396809;0.39067277;-0.17712483;-0.27183056;3
798776768;798754520;396809;0.34981507;-0.20702165;-0.33715853;3
799225400;799202876;396809;0.3141363;-0.22034022;-0.38380098;3
799759186;799725945;396809;0.26517206;-0.24340747;-0.38865805;3
800271351;800249051;396809;0.24234621;-0.23718622;-0.4093203;3
800805013;800772150;396809;0.25600666;-0.19436127;-0.42490792;3
801253571;801220407;396809;0.25686875;-0.1660837;-0.42932135;3
801765546;801743294;396809;0.37484238;-0.19372949;-0.30259418;3
802299306;802266409;396809;0.35849202;-0.20613234;-0.32658446;3
802748097;802714855;396809;0.34556422;-0.21315429;-0.33893785;3
803260012;803237780;396809;0.34590805;-0.21277004;-0.34201416;3
803793594;803760737;396809;0.34527624;-0.21020208;-0.3467186;3
804242140;804208910;396809;0.34252816;-0.21037522;-0.34880802;3
804754054;804731795;396809;0.34799036;-0.20889884;-0.34219056;3
805287575;805254705;396809;0.35175487;-0.20685549;-0.3408838;3
805800147;805777916;396809;0.3550646;-0.20160335;-0.34593832;3
806248277;806226047;396809;0.36201522;-0.19231474;-0.35761803;3
806781863;806749003;396809;0.36322188;-0.16023304;-0.38655838;3
807294316;807272068;396809;0.3467728;-0.15950419;-0.397938;3
807742551;807720312;396809;0.3172329;-0.20659894;-0.39904067;3
808276153;808243283;396809;0.32261288;-0.23229851;-0.35426888;3
808788514;808766260;396809;0.35641;-0.20392793;-0.32735622;3
809236628;809214394;396809;0.37493336;-0.18568248;-0.33413228;3
809770344;809737428;396809;0.37491953;-0.17636192;-0.3574534;3
810282811;810260561;396809;0.35837325;-0.18606552;-0.36599085;3
810730926;810708695;396809;0.35925794;-0.19982338;-0.35224208;3
811264503;811231623;396809;0.35413966;-0.20114353;-0.34888005;3
811777006;811754760;396809;0.35564846;-0.2007595;-0.34880167;3
812225355;812203090;396809;0.35172176;-0.2038469;-0.3395394;3
812759026;812726155;396809;0.35064638;-0.20508125;-0.34499305;3
813271326;813249096;396809;0.35008198;-0.20887145;-0.33850273;3
813719448;813697210;396809;0.34785974;-0.21071176;-0.3346401;3
814253280;814220412;396809;0.34836873;-0.20627417;-0.33981752;3
814765661;814743431;396809;0.3569085;-0.20130241;-0.3464187;3
815299214;815266356;396809;0.36084056;-0.1976156;-0.34002224;3
815747396;815714497;396809;0.36124578;-0.20032027;-0.34487867;3
816259758;816237522;396809;0.35948643;-0.20091937;-0.34101638;3
816793503;816760611;396809;0.34972003;-0.20816393;-0.34175587;3
817241872;817208982;396809;0.34888017;-0.20788765;-0.3506937;3
817754196;817731961;396809;0.35017306;-0.2036792;-0.3423841;3
818287814;818254945;396809;0.3499391;-0.20625184;-0.34560198;3
818800257;818778027;396809;0.3499148;-0.20892976;-0.35159168;3
819248530;819226271;396809;0.349933;-0.20593785;-0.34143826;3
819782321;819749456;396809;0.3505488;-0.20545548;-0.3469431;3
820294681;820272438;396809;0.3523845;-0.20682065;-0.3469835;3
820743016;820720784;396809;0.35021257;-0.20705855;-0.3460533;3
821276829;821243905;396809;0.35489967;-0.20511374;-0.34238452;3
821789167;821766939;396809;0.35056382;-0.20566575;-0.34164423;3
822237296;822215065;396809;0.3496601;-0.20766483;-0.34336764;3
822771151;822738256;396809;0.34834176;-0.20791283;-0.34100857;3
823283504;823261262;396809;0.34919548;-0.20819412;-0.34173107;3
823731819;823709542;396809;0.34759197;-0.21682963;-0.3142072;3
824265462;824232582;396809;0.35210925;-0.19582927;-0.36919826;3
824777945;824755695;396809;0.3452644;-0.17919116;-0.38197777;3
825226126;825203894;396809;0.3484671;-0.19650494;-0.37078446;3
825759884;825726887;396809;0.34009272;-0.20816013;-0.36402044;3
826272244;826250006;396809;0.34083077;-0.20721662;-0.35927722;3
826805822;826772844;396809;0.3410339;-0.20741525;-0.3582623;3
827254000;827221117;396809;0.34422266;-0.20178735;-0.3680575;3
827766328;827744097;396809;0.3431365;-0.19765186;-0.37213525;3
828300054;828267047;396809;0.3440424;-0.20487356;-0.36296228;3
828748337;828715454;396809;0.3426302;-0.2015793;-0.367463;3
829260626;829238361;396809;0.32105243;-0.22405659;-0.36172375;3
829794160;829761144;396809;0.35215697;-0.20243236;-0.35608578;3
830306707;830284332;396809;0.3932153;-0.16412906;-0.34610566;3
830755062;830732814;396809;0.4474413;-0.062003415;-0.32007658;3
831288778;831255811;396809;0.4085716;-0.13483763;-0.35239005;3
831801136;831778761;396809;0.22678076;-0.27446645;-0.3633016;3
832249510;832227276;396809;0.21771279;-0.28709692;-0.3429203;3
832783270;832750257;396809;0.1473819;-0.29051095;-0.35835192;3
833295605;833273141;396809;0.09427371;-0.2899766;-0.3489291;3
833743632;833721387;396809;0.09534393;-0.29357448;-0.34698772;3
834277252;834244282;396809;0.1560145;-0.2935515;-0.3518406;3
834789764;834767390;396809;0.20756322;-0.28997573;-0.34890375;3
835237969;835215718;396809;0.18828696;-0.29047865;-0.35761642;3
835771802;835738815;396809;0.15816061;-0.2993041;-0.29644173;3
836284110;836261745;396809;0.20846191;-0.28644055;-0.34188578;3
836732480;836710189;396809;0.29972598;-0.24946575;-0.3448735;3
837266282;837233316;396809;0.3963622;-0.16780972;-0.31858796;3
837778620;837756252;396809;0.3687186;-0.047711268;-0.39485997;3
838226776;838204546;396809;0.42796445;-0.009491075;-0.35998958;3
838760512;838727497;396809;0.3257076;-0.045318604;-0.41765663;3
839273014;839250603;396809;0.33054817;-0.06527771;-0.41750214;3
839721294;839699034;396809;0.47803587;0.017999647;-0.25610363;3
840255010;840222010;396809;0.25212353;-0.26507258;-0.36200294;3
840767480;840745078;396809;0.2725054;-0.25662458;-0.364685;3
841301071;841267997;396809;0.2627138;-0.26167196;-0.3658896;3
841749261;841716259;396809;0.29281828;-0.24460405;-0.36408985;3
842261530;842239145;396809;0.36769563;-0.20625268;-0.31798375;3
842795354;842762243;396809;0.32931516;-0.2171612;-0.35446024;3
843243504;843210522;396809;0.33989316;-0.2119332;-0.350792;3
843755983;843733605;396809;0.35353684;-0.19233009;-0.36327073;3
844289774;844256664;396809;0.35484892;-0.18058878;-0.37279558;3
844802170;844779659;396809;0.3573962;-0.16713595;-0.38509163;3
845250330;845227958;396809;0.3525126;-0.16029292;-0.38845164;3
845783908;845750821;396809;0.35845664;-0.13903454;-0.39978158;3
846296214;846273700;396809;0.35281897;-0.14339152;-0.40306824;3
846744454;846722073;396809;0.3377192;-0.22168934;-0.3293664;3
847278039;847244920;396809;0.3731612;-0.19549853;-0.30745986;3
847790542;847768042;396809;0.3850641;-0.18222588;-0.3008275;3
848238629;848216246;396809;0.3902642;-0.15319544;-0.3626908;3
848772269;848739193;396809;0.3728482;-0.1762578;-0.35938114;3
849284772;849262267;396809;0.36049002;-0.19123363;-0.35990655;3
849732945;849710564;396809;0.3560958;-0.19810924;-0.35202342;3
850266510;850233451;396809;0.34933934;-0.20371693;-0.35548562;3
850778990;850756486;396809;0.3414144;-0.20822906;-0.35629272;3
851227220;851204831;396809;0.34149072;-0.2139054;-0.3436252;3
851760761;851727689;396809;0.34438998;-0.20070843;-0.37202403;3
852273162;852250645;396809;0.3484579;-0.18066773;-0.38237414;3
852721313;852698921;396809;0.34183735;-0.17987989;-0.3844223;3
853254942;853221881;396809;0.3391558;-0.20581564;-0.36409628;3
853767481;853744881;396809;0.34472272;-0.206541;-0.36277187;3
854301219;854268042;396809;0.34565565;-0.20612729;-0.3562706;3
854749503;854716402;396809;0.3547152;-0.20409326;-0.3476069;3
855261892;855239390;396809;0.35382494;-0.20046484;-0.34802315;3
855795728;855762545;396809;0.3369012;-0.21860991;-0.3444881;3
856243922;856210844;396809;0.29795596;-0.23864895;-0.37283677;3
856756261;856733749;396809;0.2957348;-0.24166587;-0.36629808;3
857289946;857256769;396809;0.29890317;-0.21827976;-0.39995983;3
857801985;857779737;396809;0.30423304;-0.22032467;-0.3902143;3
858250519;858228009;396809;0.30055487;-0.22291403;-0.39123714;3
858784161;858750986;396809;0.2948392;-0.1954038;-0.41202372;3
859296193;859273924;396809;0.2909921;-0.18037;-0.4190323;3
859744793;859722294;396809;0.28287622;-0.18469028;-0.42196438;3
860278548;860245337;396809;0.2779787;-0.18540995;-0.42369828;3
860790546;860768310;396809;0.2755778;-0.22012538;-0.40759015;3
861239325;861216743;396809;0.28834528;-0.24816927;-0.36537123;3
861772883;861739722;396809;0.30060327;-0.18233532;-0.40787715;3
862285057;862262805;396809;0.29924843;-0.25018173;-0.33566344;3
862733787;862711244;396809;0.31455216;-0.2399718;-0.34682745;3
863267374;863234202;396809;0.3102964;-0.21832637;-0.38603368;3
863779325;863757081;396809;0.2928882;-0.24368489;-0.36601615;3
864227876;864205312;396809;0.2937229;-0.24519539;-0.3629082;3
864761503;864728310;396809;0.31014085;-0.23875128;-0.35199592;3
865273296;865251058;396809;0.31573838;-0.24063191;-0.34361324;3
865806884;865774023;396809;0.28095764;-0.2484597;-0.37286717;3
866255505;866222309;396809;0.28410274;-0.23812962;-0.38338906;3
866767389;866745142;396809;0.29080236;-0.21994758;-0.40060008;3
867300979;867268104;396809;0.2941121;-0.2086987;-0.40951735;3
867749609;867716421;396809;0.29456973;-0.18833864;-0.41618842;3
868261598;868239340;396809;0.29134056;-0.20676534;-0.40649065;3
868795270;868762412;396809;0.29521686;-0.17653185;-0.41906893;3
869243776;869210610;396809;0.29839563;-0.17603424;-0.4164805;3
869755653;869733411;396809;0.2883798;-0.24521512;-0.36683607;3
870289276;870256415;396809;0.29701966;-0.24146488;-0.36069238;3
870801801;870779529;396809;0.3018629;-0.23385033;-0.37266082;3
871250056;871227801;396809;0.30377644;-0.21433376;-0.3939469;3
871783833;871750952;396809;0.30393803;-0.2155534;-0.39904502;3
872296146;872273916;396809;0.3049519;-0.21517819;-0.39455956;3
872744239;872721995;396809;0.30274028;-0.23122625;-0.37759933;3
873277956;873245073;396809;0.3019489;-0.23745197;-0.36575654;3
873790394;873768118;396809;0.30959874;-0.23455517;-0.3620064;3
874238724;874216411;396809;0.30531487;-0.23301737;-0.3666072;3
874772385;874739527;396809;0.2914943;-0.24548721;-0.36509687;3
875284856;875262522;396809;0.29691187;-0.24622059;-0.36661547;3
875733024;875710793;396809;0.29733068;-0.2429477;-0.3650988;3
876266832;876233944;396809;0.29667628;-0.2421986;-0.3655321;3
876779201;876756967;396809;0.29335898;-0.24491857;-0.3655916;3
877227620;877205334;396809;0.2900979;-0.24532215;-0.36230287;3
877761298;877728421;396809;0.29039022;-0.24462843;-0.3644333;3
878273761;878251524;396809;0.28741133;-0.2482341;-0.3611064;3
878722054;878699809;396809;0.293566;-0.24398461;-0.3635648;3
879255757;879222877;396809;0.2992161;-0.24257544;-0.36414587;3
879768103;879745854;396809;0.29607183;-0.2426316;-0.3601261;3
880301683;880268800;396809;0.3020793;-0.23954402;-0.36084816;3
880749780;880716883;396809;0.29897135;-0.24171284;-0.3659047;3
881262062;881239832;396809;0.2940933;-0.24537885;-0.36401162;3
881795688;881762820;396809;0.29703447;-0.24919975;-0.34822053;3
882243793;882210904;396809;0.29700822;-0.20453551;-0.40557897;3
882756100;882733855;396809;0.2950047;-0.19693981;-0.40988517;3
883289759;883256879;396809;0.29831827;-0.19069065;-0.41500348;3
883802034;883779797;396809;0.29521036;-0.18564186;-0.4170917;3
884250125;884227894;396809;0.2919244;-0.18618964;-0.41741204;3
884783774;884750874;396809;0.29235458;-0.19453232;-0.4108064;3
885296270;885274007;396809;0.28912005;-0.20272121;-0.40851307;3
885744624;885722384;396809;0.28251073;-0.2518059;-0.36262888;3
886278452;886245571;396809;0.29457188;-0.24461854;-0.3637146;3
886791010;886768780;396809;0.29424715;-0.24211013;-0.36670324;3
887239267;887217036;396809;0.2972159;-0.24131495;-0.36210617;3
887773110;887740229;396809;0.30385074;-0.23928016;-0.36328286;3
888285504;888263250;396809;0.30279768;-0.23826735;-0.3621771;3
888733758;888711517;396809;0.3026925;-0.2386221;-0.36116815;3
889267521;889234651;396809;0.3054252;-0.23935975;-0.35784036;3
889779974;889757739;396809;0.30222818;-0.23969375;-0.36383432;3
890228256;890206016;396809;0.29913843;-0.23949191;-0.36595476;3
890761798;890728921;396809;0.29750362;-0.2398987;-0.3653961;3
891274267;891251974;396809;0.2989597;-0.24290484;-0.36687216;3
891722526;891700295;396809;0.29301828;-0.24318592;-0.36341608;3
892256128;892223239;396809;0.29550758;-0.24238126;-0.36501902;3
892768537;892746306;396809;0.30342853;-0.23799527;-0.36238307;3
893302252;893269288;396809;0.30453804;-0.23903307;-0.3632846;3
893750407;893717544;396809;0.29834384;-0.24278754;-0.36175355;3
894262768;894240532;396809;0.29639983;-0.24509338;-0.35903084;3
894796504;894763494;396809;0.29248744;-0.24431594;-0.36244538;3
895244715;895211817;396809;0.29404807;-0.24443366;-0.36254966;3
895757076;895734841;396809;0.28905416;-0.24768901;-0.35879487;3
896290870;896257817;396809;0.29126015;-0.24645376;-0.36586022;3
896803224;896780836;396809;0.2854656;-0.20493947;-0.41328257;3
897251413;897229174;396809;0.275565;-0.19872396;-0.41392255;3
897785140;897752161;396809;0.25657612;-0.24038723;-0.39849964;3
898297505;898275118;396809;0.27291438;-0.23597364;-0.39226422;3
898745561;898723318;396809;0.27638698;-0.23748617;-0.3886701;3
899279383;899246393;396809;0.28108877;-0.23737994;-0.38691053;3
899791687;899769317;396809;0.2898649;-0.2365787;-0.3814748;3
900239870;900217640;396809;0.30108982;-0.22923914;-0.38502488;3
900773502;900740514;396809;0.30028564;-0.22623557;-0.38807192;3
901286072;901263676;396809;0.2986889;-0.22249894;-0.38980508;3
901734151;901711843;396809;0.2963674;-0.23550932;-0.3723892;3
902267763;902234774;396809;0.30392474;-0.24268217;-0.35888192;3
902780218;902757845;396809;0.30340588;-0.24578929;-0.34664553;3
903228503;903206235;396809;0.30534512;-0.24740116;-0.3387583;3
903762309;903729314;396809;0.3097125;-0.2445765;-0.32924122;3
904274756;904252362;396809;0.31359082;-0.24203955;-0.3289234;3
904722987;904700738;396809;0.3189919;-0.24055094;-0.32435915;3
905256523;905223555;396809;0.31916696;-0.2290906;-0.35851082;3
905769120;905746722;396809;0.36085165;-0.21115838;-0.3073503;3
906302668;906269610;396809;0.3170922;-0.23978412;-0.33638495;3
906751013;906718010;396809;0.27189642;-0.2504955;-0.37298056;3
907263451;907241066;396809;0.28476107;-0.22506057;-0.4041872;3
907796997;907763879;396809;0.22547875;-0.26117426;-0.38543534;3
908245063;908212101;396809;0.20065862;-0.26150945;-0.39344504;3
908757630;908735266;396809;0.30878207;-0.24444489;-0.3456903;3
909291244;909258180;396809;0.32575524;-0.23612748;-0.3296758;3
909803566;909781066;396809;0.29118398;-0.24547434;-0.36491936;3
910251705;910229329;396809;0.288755;-0.24639231;-0.3689313;3
910785558;910752467;396809;0.32148027;-0.23702027;-0.3243446;3
911297825;911275325;396809;0.28193527;-0.24961302;-0.372195;3
911745991;911723601;396809;0.25603867;-0.24987039;-0.38725862;3
912279510;912246450;396809;0.28016192;-0.26337832;-0.3425707;3
912791966;912769462;396809;0.22886598;-0.25008947;-0.3973897;3
913240298;913217877;396809;0.24154887;-0.2001361;-0.42511588;3
913773951;913740886;396809;0.2730515;-0.26009488;-0.35688964;3
914286357;914263851;396809;0.24101281;-0.27713633;-0.34253246;3
914734771;914712387;396809;0.34936604;-0.21601246;-0.30193996;3
915268573;915235484;396809;0.34103662;-0.21338744;-0.36104643;3
915781158;915758649;396809;0.23824215;-0.24445578;-0.39792252;3
916229281;916206916;396809;0.27853984;-0.26305604;-0.34528285;3
916762847;916729753;396809;0.26577827;-0.26420283;-0.3589927;3
917275360;917252793;396809;0.26429263;-0.24092965;-0.38555056;3
917723587;917701181;396809;0.26497465;-0.23108754;-0.40777764;3
918257457;918224348;396809;0.307347;-0.23846543;-0.35591492;3
918769779;918747262;396809;0.3141572;-0.23088019;-0.35981625;3
919303444;919270258;396809;0.35612446;-0.19347042;-0.361314;3
919751673;919718610;396809;0.41316223;-0.12602665;-0.34579968;3
920264040;920241509;396809;0.4571887;0.043365754;-0.30396923;3
920797649;920764472;396809;0.42584532;0.20634985;-0.2331861;3
921246017;921212929;396809;0.41999897;0.24150199;-0.13993666;3
921758443;921735930;396809;0.2017771;0.2954169;-0.23112017;3
922292197;922259037;396809;0.15443884;0.2827546;-0.2384336;3
922804331;922782060;396809;0.19296877;0.29491982;-0.2292254;3
923252842;923230343;396809;0.2476047;0.28713927;-0.23553048;3
923786505;923753337;396809;0.31100178;0.2657994;-0.24871099;3
924298342;924276111;396809;0.37323308;0.14075595;-0.32140478;3
924746929;924724396;396809;0.4210336;0.21689215;-0.2112485;3
925280454;925247269;396809;0.42619058;0.1434542;-0.29080808;3
925792358;925770125;396809;0.4402294;0.04672987;-0.3272283;3
926240889;926218387;396809;0.41632456;-0.09160334;-0.36051556;3
926774503;926741341;396809;0.348748;-0.18525939;-0.37615559;3
927286590;927264354;396809;0.2831439;-0.23713934;-0.38350582;3
927735264;927712757;396809;0.23332784;-0.2735151;-0.36626992;3
928268943;928235770;396809;0.2334215;-0.2829678;-0.32513294;3
928780945;928758707;396809;0.17198913;-0.28018034;-0.37144122;3
929229475;929206943;396809;0.13307613;-0.28158987;-0.36948296;3
929763109;929729885;396809;0.12711655;-0.28184295;-0.37050807;3
930274993;930252735;396809;0.1472564;-0.27983946;-0.37803614;3
930723674;930701152;396809;0.18547863;-0.27591825;-0.37641737;3
931257291;931224116;396809;0.24675047;-0.25987437;-0.3796188;3
931769326;931747082;396809;0.31125152;-0.22694519;-0.37216163;3
932303118;932270264;396809;0.31494585;-0.22276594;-0.37269884;3
932751586;932718418;396809;0.31165045;-0.22473139;-0.37233123;3
933263758;933241516;396809;0.30822313;-0.22789764;-0.3761453;3
933797586;933764707;396809;0.30700642;-0.22898024;-0.3739682;3
934246159;934212977;396809;0.30946246;-0.22969316;-0.36898518;3
934758236;934735975;396809;0.31370538;-0.2282817;-0.3629956;3
935292069;935259104;396809;0.31577292;-0.22545628;-0.3658594;3
935804477;935782224;396809;0.3101312;-0.23028946;-0.3723831;3
936252626;936230365;396809;0.31035516;-0.23093408;-0.3644683;3
936786178;936753320;396809;0.310357;-0.22831917;-0.3705734;3
937298703;937276461;396809;0.31006843;-0.22836593;-0.37357277;3
937746903;937724642;396809;0.30693457;-0.22913074;-0.37224472;3
938280522;938247621;396809;0.3169266;-0.22432807;-0.37098193;3
938792760;938770530;396809;0.31347495;-0.22293308;-0.37021384;3
939241139;939218911;396809;0.31163752;-0.22553933;-0.37197506;3
939774758;939741889;396809;0.31148815;-0.22794606;-0.373273;3
940287264;940265034;396809;0.31298542;-0.22600524;-0.37064123;3
940735503;940713262;396809;0.31422052;-0.22909108;-0.3703222;3
941269215;941236291;396809;0.30789715;-0.23005222;-0.36926785;3
941781661;941759396;396809;0.31384632;-0.20315546;-0.3981313;3
942229974;942207729;396809;0.29540467;-0.2123649;-0.39910078;3
942763573;942730680;396809;0.2545477;-0.27109224;-0.3530533;3
943275982;943253745;396809;0.296081;-0.25404125;-0.29510054;3
943724179;943701939;396809;0.31457567;-0.15356354;-0.41785607;3
944257775;944224913;396809;0.29323128;-0.22442666;-0.39311168;3
944770159;944747919;396809;0.33851862;-0.19722915;-0.38110492;3
945303756;945270879;396809;0.36360893;-0.2066697;-0.31839845;3
945752103;945719216;396809;0.325828;-0.23494777;-0.32665512;3
946264405;946242175;396809;0.33203644;-0.22214592;-0.34832966;3
946798013;946765141;396809;0.3301846;-0.225369;-0.3447978;3
947246093;947213221;396809;0.33323458;-0.18964651;-0.3928836;3
947758400;947736166;396809;0.30428755;-0.2306247;-0.37780762;3
948292044;948259157;396809;0.32440817;-0.2142731;-0.37165216;3
948804381;948782119;396809;0.40773433;-0.096408054;-0.38439405;3
949252691;949230459;396809;0.32739168;-0.03971256;-0.4177652;3
949786383;949753516;396809;0.47496957;0.084344774;-0.22880182;3
950298644;950276414;396809;0.45460913;0.097237974;-0.2812851;3
950746761;950724517;396809;0.44108856;0.08251491;-0.30466795;3
951280555;951247683;396809;0.42150533;0.042670727;-0.3453652;3
951792984;951770739;396809;0.45135784;-0.0072414456;-0.31493458;3
952241075;952218824;396809;0.43595418;-0.014631113;-0.3415608;3
952774768;952741897;396809;0.32192913;-0.10532604;-0.41999358;3
953287244;953264971;396809;0.39362225;-0.11949363;-0.37773547;3
953735322;953713072;396809;0.34989414;-0.17200425;-0.39257258;3
954268934;954236075;396809;0.2526217;-0.26068377;-0.3699316;3
954781550;954759170;396809;0.100285016;-0.2758196;-0.37440342;3
955229832;955207544;396809;0.10128676;-0.21096645;-0.41743052;3
955763415;955730545;396809;0.1396624;-0.26545024;-0.39284855;3
956275777;956253546;396809;0.30045664;-0.24390566;-0.3641479;3
956723901;956701652;396809;0.3026907;-0.20512915;-0.40181357;3
957257492;957224544;396809;0.42995027;-0.083165064;-0.34909987;3
957769763;957747523;396809;0.4427142;-0.018763788;-0.33304834;3
958303370;958270388;396809;0.43024582;-0.051969614;-0.34639952;3
958751503;958718628;396809;0.38575035;-0.17005923;-0.35031503;3
959263837;959241562;396809;0.3034246;-0.22663522;-0.38202494;3
959797503;959764504;396809;0.18252677;-0.28486684;-0.36327383;3
960245758;960212876;396809;0.109792784;-0.28525507;-0.3632397;3
960758037;960735805;396809;0.065387055;-0.2726645;-0.36249274;3
961291744;961258707;396809;0.20412664;-0.2649477;-0.38401312;3
961804023;961781618;396809;0.39404613;-0.12255421;-0.37842315;3
962252354;962230116;396809;0.42109796;-0.11459817;-0.3443391;3
962785948;962752967;396809;0.41025916;-0.12730703;-0.35263628;3
963298296;963275917;396809;0.38662827;-0.13377468;-0.37397045;3
963746578;963724302;396809;0.36699626;-0.16934296;-0.37307435;3
964280230;964247265;396809;0.31385684;-0.22824973;-0.36394933;3
964792650;964770175;396809;0.2923482;-0.22097549;-0.40231618;3
965240781;965218522;396809;0.21254298;-0.2028704;-0.42939457;3
965774502;965741513;396809;0.15993345;-0.27961537;-0.37453926;3
966287075;966264685;396809;0.19189292;-0.2595353;-0.39736223;3
966735178;966712947;396809;0.18408231;-0.29135823;-0.3465341;3
967268834;967235824;396809;0.20295188;-0.2772166;-0.37483788;3
967781171;967758722;396809;0.19239444;-0.2786362;-0.37614912;3
968229240;968207009;396809;0.20761448;-0.27320963;-0.37556013;3
968763071;968730048;396809;0.33036575;-0.21311581;-0.36975417;3
969275503;969253110;396809;0.41647983;-0.118430436;-0.34591585;3
969723753;969701467;396809;0.3961186;-0.1454798;-0.35807472;3
970257440;970224406;396809;0.34541622;-0.19701314;-0.3731177;3
970769719;970747334;396809;0.3101561;-0.22774658;-0.37031913;3
971303592;971270435;396809;0.3459093;-0.19948363;-0.37034392;3
971751770;971718775;396809;0.39502198;-0.1466324;-0.35559797;3
972264218;972241816;396809;0.44704685;-0.002995472;-0.33940083;3
972798079;972764960;396809;0.44987682;-0.048377424;-0.3203596;3
973246216;973213243;396809;0.45718178;0.024945758;-0.31070632;3
973758720;973736334;396809;0.42205608;0.18219507;-0.2643654;3
974292325;974259249;396809;0.29916418;0.23802665;-0.2773385;3
974740503;974707503;396809;0.1579229;0.29079372;-0.22698726;3
975252993;975230594;396809;0.16716526;0.27587017;-0.2441197;3
975786726;975753628;396809;0.2614181;0.27509195;-0.25043333;3
976299094;976276584;396809;0.361197;0.20805976;-0.2755162;3
976747505;976725110;396809;0.41302305;0.19116583;-0.26211247;3
977281341;977248229;396809;0.43875173;0.058541097;-0.3229173;3
977793741;977771225;396809;0.43341482;-0.062427722;-0.3387816;3
978241960;978219585;396809;0.40238696;-0.14549097;-0.34322459;3
978775708;978742620;396809;0.21606268;-0.23815052;-0.40873834;3
979288258;979265747;396809;0.099586636;-0.29327607;-0.30981112;3
979736623;979714189;396809;0.11077332;-0.27281946;-0.36504292;3
980270218;980237150;396809;0.023119718;-0.24819647;-0.35229537;3
980782753;980760248;396809;-0.06895797;-0.15642484;-0.32640785;3
981231072;981208664;396809;-0.11814865;-0.015772432;-0.27646196;3
981764786;981731670;396809;-0.07734432;0.12587735;-0.2536532;3
982277159;982254657;396809;-0.048318516;0.15803406;-0.24956028;3
982725452;982703079;396809;-0.048367642;0.16340087;-0.24390745;3
983258980;983225906;396809;-0.048010334;0.14473979;-0.2602538;3
983771331;983748830;396809;-0.043171596;0.14282578;-0.2649762;3
984305107;984271916;396809;-0.06024283;0.12910816;-0.26394454;3
984753250;984720187;396809;-0.09011416;0.07713193;-0.27013195;3
985265625;985243088;396809;-0.11109185;0.003781143;-0.28367266;3
985799188;985766000;396809;-0.1283969;-0.056542154;-0.2797084;3
986247296;986214236;396809;-0.12718453;-0.104709476;-0.27772075;3
986759915;986737352;396809;-0.09244113;-0.15780967;-0.31263778;3
987293438;987260273;396809;-0.051082224;-0.19185714;-0.33444172;3
987805391;987783142;396809;-0.021686962;-0.21816848;-0.35380113;3
988253968;988231443;396809;-0.0014553766;-0.22637074;-0.3616308;3
988787745;988754566;396809;0.0021758317;-0.23040561;-0.35862994;3
989299787;989277555;396809;0.0020533958;-0.23103808;-0.35766113;3
989748411;989725867;396809;0.0006664283;-0.23067623;-0.36238617;3
990281990;990248827;396809;0.0020877935;-0.23203203;-0.36187428;3
990794070;990771837;396809;-0.0010100466;-0.23146126;-0.3531196;3
991242771;991220202;396809;0.00055473176;-0.23352301;-0.35604537;3
991776559;991743376;396809;0.00039971486;-0.2329453;-0.35542342;3
992288503;992266261;396809;-0.019507758;-0.22951514;-0.33913422;3
992736998;992714499;396809;-0.0073612826;-0.17726478;-0.37303537;3
993270824;993237621;396809;-0.06579891;-0.21890905;-0.2972487;3
993782776;993760523;396809;0.05237421;-0.18420498;-0.39807886;3
994231374;994208871;396809;0.088310346;-0.23097476;-0.4034127;3
994765139;994731947;396809;0.060594477;-0.28747085;-0.32662618;3
995277070;995254793;396809;0.015773725;-0.25000018;-0.35320887;3
995725743;995703244;396809;0.0415781;-0.24225864;-0.37545675;3
996259641;996226468;396809;0.044633698;-0.2566506;-0.35870308;3
996771540;996749295;396809;0.027500693;-0.25804877;-0.34724158;3
997305352;997272453;396809;0.023072075;-0.2693275;-0.33166882;3
997753932;997720771;396809;0.019670654;-0.26919284;-0.3308261;3
998265809;998243572;396809;0.027815675;-0.26309592;-0.33702767;3
998799451;998766564;396809;0.01741733;-0.24624167;-0.35168853;3
999248251;999215088;396809;0.00022042391;-0.2474025;-0.34108555;3
999760123;999737867;396809;0.05939439;-0.2431382;-0.38354608;3
1000293874;1000261000;396809;0.049947225;-0.24309582;-0.37963578;3
1000742503;1000709332;396809;-0.006414028;-0.19364628;-0.36822885;3
1001254512;1001232267;396809;-0.005192735;-0.17440367;-0.37146592;3
1001788305;1001755414;396809;0.004730776;-0.2447279;-0.34774956;3
1002300529;1002278289;396809;0.00077269657;-0.24014312;-0.34985912;3
1002748901;1002726668;396809;-0.045205675;-0.22033799;-0.32135534;3
1003282504;1003249619;396809;-0.05017545;-0.22724064;-0.30521038;3
1003794795;1003772555;396809;0.059820794;-0.24719486;-0.3738252;3
1004243110;1004220840;396809;0.047631186;-0.24152946;-0.38370857;3
1004776756;1004743896;396809;0.0060633263;-0.26505804;-0.32122266;3
1005289113;1005266861;396809;-0.00088566623;-0.23268276;-0.35964102;3
1005737203;1005714970;396809;0.0070765726;-0.24416697;-0.35059452;3
1006270823;1006237909;396809;0.00061491464;-0.24067523;-0.34834567;3
1006783120;1006760873;396809;0.00022018136;-0.24074942;-0.3471735;3
1007231213;1007208984;396809;-0.0035006234;-0.23308122;-0.3494205;3
1007764826;1007731950;396809;-0.018373465;-0.2300235;-0.34080327;3
1008277331;1008255075;396809;-0.004043534;-0.23327631;-0.3502636;3
1008725531;1008703298;396809;-0.016599856;-0.23344778;-0.3381892;3
1009259103;1009226236;396809;-0.024424762;-0.23664719;-0.3267208;3
1009771398;1009749159;396809;-0.027048772;-0.2349436;-0.32389465;3
1010219553;1010197314;396809;0.0041418364;-0.23852462;-0.34959608;3
1010753129;1010720272;396809;0.00518399;-0.24184927;-0.35083228;3
1011265547;1011243245;396809;0.0056659;-0.23937885;-0.3546632;3
1011799102;1011766224;396809;0.0064565944;-0.24441187;-0.35524094;3
1012247221;1012214341;396809;0.008438402;-0.24655093;-0.35123432;3
1012760269;1012738037;396809;-0.12198435;-0.23647825;-0.29835343;5
1013296396;1013263425;396809;-0.03174727;-0.20157343;-0.35653493;5
