timestamp;data_rate;rate_multiplier;tx_rate_avg;tx_error_rate_avg;tx_message_count;tx_buffer_overruns;rx_rate_avg;rx_message_count;rx_message_lost_count;rx_buffer_overruns;rx_parse_errors;rx_packet_drop_count;rx_message_lost_rate;type;mode;flow_control;forwarding;mavlink_v2;ftp;streams;heartbeat_type_antenna_tracker;heartbeat_type_gcs;heartbeat_type_onboard_controller;heartbeat_type_gimbal;heartbeat_type_adsb;heartbeat_type_camera;heartbeat_type_parachute;heartbeat_type_open_drone_id;heartbeat_component_telemetry_radio;heartbeat_component_log;heartbeat_component_osd;heartbeat_component_vio;heartbeat_component_pairing_manager;heartbeat_component_udp_bridge;heartbeat_component_uart_bridge;open_drone_id_system_healthy;parachute_system_healthy
431786571;1200.0;0.28181258;510.4788;0.0;9330;0;41.95716;815;0;0;0;8;0.0;0;0;1;1;1;1;54;0;0;0;0;0;0;0;0;0;0;0;0;0;0;0;0;0
433046551;1200.0;0.28181258;518.9772;0.0;9356;0;41.998154;818;0;0;0;8;0.0;0;0;1;1;1;1;54;0;0;0;0;0;0;0;0;0;0;0;0;0;0;0;0;0
434056579;1200.0;0.28181258;954.4979;0.0;9371;0;41.58601;820;0;0;0;8;0.0;0;0;1;1;1;1;54;0;0;0;0;0;0;0;0;0;0;0;0;0;0;0;0;0
434297644;1200.0;0.28181258;954.4979;0.0;9374;0;41.58601;820;0;0;0;8;0.0;0;0;1;1;1;1;54;0;0;0;0;0;0;0;0;0;0;0;0;0;0;0;0;0
435558551;1200.0;0.28181258;703.06635;0.0;9398;0;41.944298;823;0;0;0;8;0.0;0;0;1;1;1;1;54;0;0;0;0;0;0;0;0;0;0;0;0;0;0;0;0;0
436808600;1200.0;0.28181258;447.69916;0.0;9426;0;41.971794;826;0;0;0;8;0.0;0;0;1;1;1;1;54;0;0;0;0;0;0;0;0;0;0;0;0;0;0;0;0;0
438060077;1200.0;0.28181258;504.49603;0.0;9442;0;41.958084;828;0;0;0;8;0.0;0;0;1;1;1;1;54;0;0;0;0;0;0;0;0;0;0;0;0;0;0;0;0;0
439069615;1200.0;0.28181258;630.68933;0.0;9458;0;41.58391;830;0;0;0;8;0.0;0;0;1;1;1;1;54;0;0;0;0;0;0;0;0;0;0;0;0;0;0;0;0;0
439319590;1200.0;0.28181258;630.68933;0.0;9462;0;41.58391;830;0;0;0;8;0.0;0;0;1;1;1;1;54;0;0;0;0;0;0;0;0;0;0;0;0;0;0;0;0;0
440580552;1200.0;0.28181258;540.59674;0.0;9491;0;20.792183;831;0;0;0;8;0.0;0;0;1;1;1;1;54;0;0;0;0;0;0;0;0;0;0;0;0;0;0;0;0;0
441831569;1200.0;0.28181258;934.1318;0.0;9513;0;41.91617;835;0;0;0;8;0.0;0;0;1;1;1;1;54;0;0;0;0;0;0;0;0;0;0;0;0;0;0;0;0;0
443092567;1200.0;0.28181258;531.4871;0.0;9529;0;41.95951;837;0;0;0;8;0.0;0;0;1;1;1;1;54;0;0;0;0;0;0;0;0;0;0;0;0;0;0;0;0;0
444092571;1200.0;0.28181258;985.0412;0.0;9555;0;41.579628;839;0;0;0;8;0.0;0;0;1;1;1;1;54;0;0;0;0;0;0;0;0;0;0;0;0;0;0;0;0;0
444342551;1200.0;0.28181258;985.0412;0.0;9557;0;41.579628;839;0;0;0;8;0.0;0;0;1;1;1;1;54;0;0;0;0;0;0;0;0;0;0;0;0;0;0;0;0;0
445595570;1200.0;0.28181258;491.0719;0.0;9577;0;41.920773;842;0;0;0;8;0.0;0;0;1;1;1;1;54;0;0;0;0;0;0;0;0;0;0;0;0;0;0;0;0;0
446846587;1200.0;0.28181258;596.4018;0.0;9595;0;41.957916;844;0;0;0;8;0.0;0;0;1;1;1;1;54;0;0;0;0;0;0;0;0;0;0;0;0;0;0;0;0;0
448108659;1200.0;0.28181258;857.3133;0.0;9623;0;41.966385;847;0;0;0;8;0.0;0;0;1;1;1;1;54;0;0;0;0;0;0;0;0;0;0;0;0;0;0;0;0;0
449109551;1200.0;0.28181258;721.5655;0.0;9641;0;41.916668;849;0;0;0;8;0.0;0;0;1;1;1;1;54;0;0;0;0;0;0;0;0;0;0;0;0;0;0;0;0;0
449359870;1200.0;0.28181258;721.5655;0.0;9643;0;41.916668;849;0;0;0;8;0.0;0;0;1;1;1;1;54;0;0;0;0;0;0;0;0;0;0;0;0;0;0;0;0;0
450611549;1200.0;0.28181258;536.4748;0.0;9663;0;41.958923;852;0;0;0;8;0.0;0;0;1;1;1;1;54;0;0;0;0;0;0;0;0;0;0;0;0;0;0;0;0;0
451872580;1200.0;0.28181258;988.011;0.0;9692;0;41.958;854;0;0;0;8;0.0;0;0;1;1;1;1;54;0;0;0;0;0;0;0;0;0;0;0;0;0;0;0;0;0
453122605;1200.0;0.28181258;503.9604;0.0;9711;0;41.58416;856;0;0;0;8;0.0;0;0;1;1;1;1;54;0;0;0;0;0;0;0;0;0;0;0;0;0;0;0;0;0
454122631;1200.0;0.28181258;602.94147;0.0;9724;0;41.995926;858;0;0;0;8;0.0;0;0;1;1;1;1;54;0;0;0;0;0;0;0;0;0;0;0;0;0;0;0;0;0
454382572;1200.0;0.28181258;602.94147;0.0;9738;0;41.995926;858;0;0;0;8;0.0;0;0;1;1;1;1;54;0;0;0;0;0;0;0;0;0;0;0;0;0;0;0;0;0
455633551;1200.0;0.28181258;910.15814;0.0;9757;0;41.96119;861;0;0;0;8;0.0;0;0;1;1;1;1;54;0;0;0;0;0;0;0;0;0;0;0;0;0;0;0;0;0
456883591;1200.0;0.28181258;658.4302;0.0;9779;0;41.58506;864;0;0;0;8;0.0;0;0;1;1;1;1;54;0;0;0;0;0;0;0;0;0;0;0;0;0;0;0;0;0
458143551;1200.0;0.28181258;862.5214;0.0;9805;0;20.79558;865;0;0;0;8;0.0;0;0;1;1;1;1;54;0;0;0;0;0;0;0;0;0;0;0;0;0;0;0;0;0
459144836;1200.0;0.28181258;611.05835;0.0;9819;0;41.935375;867;0;0;0;8;0.0;0;0;1;1;1;1;54;0;0;0;0;0;0;0;0;0;0;0;0;0;0;0;0;0
459394981;1200.0;0.28181258;611.05835;0.0;9823;0;41.935375;867;0;0;0;8;0.0;0;0;1;1;1;1;54;0;0;0;0;0;0;0;0;0;0;0;0;0;0;0;0;0
460644553;1200.0;0.28181258;534.92993;0.0;9844;0;41.605663;869;0;0;0;8;0.0;0;0;1;1;1;1;54;0;0;0;0;0;0;0;0;0;0;0;0;0;0;0;0;0
461907154;1200.0;0.28181258;617.81134;0.0;9872;0;20.791729;872;0;0;0;8;0.0;0;0;1;1;1;1;54;0;0;0;0;0;0;0;0;0;0;0;0;0;0;0;0;0
463158151;1200.0;0.28181258;660.3396;0.0;9892;0;41.95804;874;0;0;0;8;0.0;0;0;1;1;1;1;54;0;0;0;0;0;0;0;0;0;0;0;0;0;0;0;0;0
464167628;1200.0;0.28181258;618.8125;0.0;9906;0;20.792099;875;0;0;0;8;0.0;0;0;1;1;1;1;54;0;0;0;0;0;0;0;0;0;0;0;0;0;0;0;0;0
464417551;1200.0;0.28181258;618.8125;0.0;9910;0;20.792099;875;0;0;0;8;0.0;0;0;1;1;1;1;54;0;0;0;0;0;0;0;0;0;0;0;0;0;0;0;0;0
465669589;1200.0;0.28181258;839.9992;0.0;9939;0;20.99998;877;0;0;0;8;0.0;0;0;1;1;1;1;54;0;0;0;0;0;0;0;0;0;0;0;0;0;0;0;0;0
469182595;1200.0;0.28181258;915.84247;0.0;9998;0;41.584198;883;0;0;0;8;0.0;0;0;1;1;1;1;54;0;0;0;0;0;0;0;0;0;0;0;0;0;0;0;0;0
469432603;1200.0;0.28181258;915.84247;0.0;10003;0;41.584198;883;0;0;0;8;0.0;0;0;1;1;1;1;54;0;0;0;0;0;0;0;0;0;0;0;0;0;0;0;0;0
470682550;1200.0;0.28181258;563.2503;0.0;10025;0;41.94417;886;0;0;0;8;0.0;0;0;1;1;1;1;54;0;0;0;0;0;0;0;0;0;0;0;0;0;0;0;0;0
471934564;1200.0;0.28181258;671.50916;0.0;10043;0;20.984661;888;0;0;0;8;0.0;0;0;1;1;1;1;54;0;0;0;0;0;0;0;0;0;0;0;0;0;0;0;0;0
473196552;1200.0;0.28181258;932.13477;0.0;10071;0;41.916122;890;0;0;0;8;0.0;0;0;1;1;1;1;54;0;0;0;0;0;0;0;0;0;0;0;0;0;0;0;0;0
474206870;1200.0;0.28181258;547.347;0.0;10085;0;20.785328;891;0;0;0;8;0.0;0;0;1;1;1;1;54;0;0;0;0;0;0;0;0;0;0;0;0;0;0;0;0;0
474447607;1200.0;0.28181258;547.347;0.0;10090;0;20.785328;891;0;0;0;8;0.0;0;0;1;1;1;1;54;0;0;0;0;0;0;0;0;0;0;0;0;0;0;0;0;0
475707551;1200.0;0.28181258;548.5212;0.0;10118;0;41.963367;893;0;0;0;8;0.0;0;0;1;1;1;1;54;0;0;0;0;0;0;0;0;0;0;0;0;0;0;0;0;0
476960553;1200.0;0.28181258;955.63574;0.0;10136;0;41.592434;896;0;0;0;8;0.0;0;0;1;1;1;1;54;0;0;0;0;0;0;0;0;0;0;0;0;0;0;0;0;0
478220597;1200.0;0.28181258;644.8348;0.0;10157;0;41.60224;898;0;0;0;8;0.0;0;0;1;1;1;1;54;0;0;0;0;0;0;0;0;0;0;0;0;0;0;0;0;0
479220690;1200.0;0.28181258;570.99945;0.0;10180;0;20.99998;899;0;0;0;8;0.0;0;0;1;1;1;1;54;0;0;0;0;0;0;0;0;0;0;0;0;0;0;0;0;0
479471575;1200.0;0.28181258;570.99945;0.0;10184;0;20.99998;899;0;0;0;8;0.0;0;0;1;1;1;1;54;0;0;0;0;0;0;0;0;0;0;0;0;0;0;0;0;0
480722576;1200.0;0.28181258;931.1386;0.0;10205;0;20.958105;901;0;0;0;8;0.0;0;0;1;1;1;1;54;0;0;0;0;0;0;0;0;0;0;0;0;0;0;0;0;0
481972620;1200.0;0.28181258;614.9994;0.0;10222;0;41.99996;903;0;0;0;8;0.0;0;0;1;1;1;1;54;0;0;0;0;0;0;0;0;0;0;0;0;0;0;0;0;0
483224678;1200.0;0.28181258;950.07367;0.0;10250;0;20.979546;904;0;0;0;8;0.0;0;0;1;1;1;1;54;0;0;0;0;0;0;0;0;0;0;0;0;0;0;0;0;0
484225551;1200.0;0.28181258;530.93866;0.0;10265;0;41.91621;906;0;0;0;8;0.0;0;0;1;1;1;1;54;0;0;0;0;0;0;0;0;0;0;0;0;0;0;0;0;0
484485924;1200.0;0.28181258;530.93866;0.0;10271;0;41.91621;906;0;0;0;8;0.0;0;0;1;1;1;1;54;0;0;0;0;0;0;0;0;0;0;0;0;0;0;0;0;0
485745567;1200.0;0.28181258;754.98334;0.0;10292;0;20.999537;908;0;0;0;8;0.0;0;0;1;1;1;1;54;0;0;0;0;0;0;0;0;0;0;0;0;0;0;0;0;0
486999570;1200.0;0.28181258;504.98538;0.0;10318;0;20.999392;910;0;0;0;8;0.0;0;0;1;1;1;1;54;0;0;0;0;0;0;0;0;0;0;0;0;0;0;0;0;0
488261198;1200.0;0.28181258;589.3552;0.0;10336;0;20.97705;911;0;0;0;8;0.0;0;0;1;1;1;1;54;0;0;0;0;0;0;0;0;0;0;0;0;0;0;0;0;0
489270555;1200.0;0.28181258;500.0352;0.0;10352;0;41.587086;913;0;0;0;8;0.0;0;0;1;1;1;1;54;0;0;0;0;0;0;0;0;0;0;0;0;0;0;0;0;0
489520588;1200.0;0.28181258;500.0352;0.0;10356;0;41.587086;913;0;0;0;8;0.0;0;0;1;1;1;1;54;0;0;0;0;0;0;0;0;0;0;0;0;0;0;0;0;0
490772567;1200.0;0.28181258;981.0347;0.0;10386;0;41.958714;915;0;0;0;8;0.0;0;0;1;1;1;1;54;0;0;0;0;0;0;0;0;0;0;0;0;0;0;0;0;0
492032555;1200.0;0.28181258;512.48804;0.0;10405;0;20.979042;917;0;0;0;8;0.0;0;0;1;1;1;1;54;0;0;0;0;0;0;0;0;0;0;0;0;0;0;0;0;0
493282572;1200.0;0.28181258;540.5743;0.0;10424;0;41.582638;919;0;0;0;8;0.0;0;0;1;1;1;1;54;0;0;0;0;0;0;0;0;0;0;0;0;0;0;0;0;0
494283584;1200.0;0.28181258;857.1498;0.0;10448;0;20.97919;920;0;0;0;8;0.0;0;0;1;1;1;1;54;0;0;0;0;0;0;0;0;0;0;0;0;0;0;0;0;0
494543770;1200.0;0.28181258;857.1498;0.0;10451;0;20.97919;920;0;0;0;8;0.0;0;0;1;1;1;1;54;0;0;0;0;0;0;0;0;0;0;0;0;0;0;0;0;0
495793582;1200.0;0.28181258;657.45306;0.0;10471;0;20.792944;923;0;0;0;8;0.0;0;0;1;1;1;1;54;0;0;0;0;0;0;0;0;0;0;0;0;0;0;0;0;0
497053625;1200.0;0.28181258;526.7436;0.0;10499;0;41.585022;924;0;0;0;8;0.0;0;0;1;1;1;1;54;0;0;0;0;0;0;0;0;0;0;0;0;0;0;0;0;0
498063553;1200.0;0.28181258;972.25793;0.0;10514;0;20.791668;925;0;0;0;8;0.0;0;0;1;1;1;1;54;0;0;0;0;0;0;0;0;0;0;0;0;0;0;0;0;0
498303571;1200.0;0.28181258;499.98813;0.0;10517;0;20.791586;925;0;0;0;8;0.0;0;0;1;1;1;1;54;0;0;0;0;0;0;0;0;0;0;0;0;0;0;0;0;0
499554563;1200.0;0.28181258;668.9398;0.0;10537;0;20.99811;926;0;0;0;8;0.0;0;0;1;1;1;1;54;0;0;0;0;0;0;0;0;0;0;0;0;0;0;0;0;0
500804586;1200.0;0.28181258;541.36285;0.0;10567;0;20.975313;928;0;0;0;8;0.0;0;0;1;1;1;1;54;0;0;0;0;0;0;0;0;0;0;0;0;0;0;0;0;0
502065552;1200.0;0.28181258;904.0092;0.0;10585;0;20.977009;930;0;0;0;8;0.0;0;0;1;1;1;1;54;0;0;0;0;0;0;0;0;0;0;0;0;0;0;0;0;0
503065599;1200.0;0.28181258;675.5197;0.0;10600;0;41.60092;931;0;0;0;8;0.0;0;0;1;1;1;1;54;0;0;0;0;0;0;0;0;0;0;0;0;0;0;0;0;0
503315551;1200.0;0.28181258;487.12918;0.0;10601;0;20.792099;931;0;0;0;8;0.0;0;0;1;1;1;1;54;0;0;0;0;0;0;0;0;0;0;0;0;0;0;0;0;0
504568554;1200.0;0.28181258;979.9867;0.0;10629;0;20.978308;932;0;0;0;8;0.0;0;0;1;1;1;1;54;0;0;0;0;0;0;0;0;0;0;0;0;0;0;0;0;0
505828550;1200.0;0.28181258;544.92865;0.0;10653;0;41.91759;935;0;0;0;8;0.0;0;0;1;1;1;1;54;0;0;0;0;0;0;0;0;0;0;0;0;0;0;0;0;0
507078579;1200.0;0.28181258;562.3634;0.0;10671;0;20.791605;936;0;0;0;8;0.0;0;0;1;1;1;1;54;0;0;0;0;0;0;0;0;0;0;0;0;0;0;0;0;0
508079571;1200.0;0.28181258;609.9149;0.0;10694;0;20.792553;937;0;0;0;8;0.0;0;0;1;1;1;1;54;0;0;0;0;0;0;0;0;0;0;0;0;0;0;0;0;0
508329551;1200.0;0.28181258;909.8954;0.0;10697;0;20.974537;937;0;0;0;8;0.0;0;0;1;1;1;1;54;0;0;0;0;0;0;0;0;0;0;0;0;0;0;0;0;0
509589654;1200.0;0.28181258;579.73737;0.0;10716;0;20.990492;938;0;0;0;8;0.0;0;0;1;1;1;1;54;0;0;0;0;0;0;0;0;0;0;0;0;0;0;0;0;0
510830587;1200.0;0.28181258;606.7713;0.0;10737;0;20.992086;941;0;0;0;8;0.0;0;0;1;1;1;1;54;0;0;0;0;0;0;0;0;0;0;0;0;0;0;0;0;0
512091551;1200.0;0.28181258;890.9638;0.0;10764;0;41.95121;942;0;0;0;8;0.0;0;0;1;1;1;1;54;0;0;0;0;0;0;0;0;0;0;0;0;0;0;0;0;0
513091552;1200.0;0.28181258;593.19086;0.0;10781;0;20.79634;943;0;0;0;8;0.0;0;0;1;1;1;1;54;0;0;0;0;0;0;0;0;0;0;0;0;0;0;0;0;0
513341549;1200.0;0.28181258;624.9331;0.0;10784;0;20.997753;943;0;0;0;8;0.0;0;0;1;1;1;1;54;0;0;0;0;0;0;0;0;0;0;0;0;0;0;0;0;0
514602013;1200.0;0.28181258;597.09235;0.0;10803;0;20.794262;944;0;0;0;8;0.0;0;0;1;1;1;1;54;0;0;0;0;0;0;0;0;0;0;0;0;0;0;0;0;0
515852550;1200.0;0.28181258;870.13074;0.0;10832;0;20.979042;946;0;0;0;8;0.0;0;0;1;1;1;1;54;0;0;0;0;0;0;0;0;0;0;0;0;0;0;0;0;0
517102595;1200.0;0.28181258;596.0396;0.0;10849;0;20.79208;947;0;0;0;8;0.0;0;0;1;1;1;1;54;0;0;0;0;0;0;0;0;0;0;0;0;0;0;0;0;0
518112591;1200.0;0.28181258;624.9994;0.0;10865;0;20.99998;948;0;0;0;8;0.0;0;0;1;1;1;1;54;0;0;0;0;0;0;0;0;0;0;0;0;0;0;0;0;0
518352572;1200.0;0.28181258;826.6214;0.0;10877;0;20.990387;948;0;0;0;8;0.0;0;0;1;1;1;1;54;0;0;0;0;0;0;0;0;0;0;0;0;0;0;0;0;0
519612549;1200.0;0.28181258;610.1777;0.0;10896;0;20.801512;949;0;0;0;8;0.0;0;0;1;1;1;1;54;0;0;0;0;0;0;0;0;0;0;0;0;0;0;0;0;0
520872688;1200.0;0.28181258;683.90497;0.0;10919;0;20.997082;952;0;0;0;8;0.0;0;0;1;1;1;1;54;0;0;0;0;0;0;0;0;0;0;0;0;0;0;0;0;0
522132659;1200.0;0.28181258;564.4051;0.0;10947;0;41.58774;953;0;0;0;8;0.0;0;0;1;1;1;1;54;0;0;0;0;0;0;0;0;0;0;0;0;0;0;0;0;0
523133559;1200.0;0.28181258;928.76166;0.0;10960;0;20.79317;954;0;0;0;8;0.0;0;0;1;1;1;1;54;0;0;0;0;0;0;0;0;0;0;0;0;0;0;0;0;0
523393562;1200.0;0.28181258;491.50845;0.0;10965;0;20.97902;954;0;0;0;8;0.0;0;0;1;1;1;1;54;0;0;0;0;0;0;0;0;0;0;0;0;0;0;0;0;0
524643605;1200.0;0.28181258;677.99396;0.0;10984;0;41.999626;956;0;0;0;8;0.0;0;0;1;1;1;1;54;0;0;0;0;0;0;0;0;0;0;0;0;0;0;0;0;0
525903667;1200.0;0.28181258;547.50635;0.0;11012;0;20.79138;958;0;0;0;8;0.0;0;0;1;1;1;1;54;0;0;0;0;0;0;0;0;0;0;0;0;0;0;0;0;0
527154583;1200.0;0.28181258;933.95044;0.0;11033;0;20.998886;959;0;0;0;8;0.0;0;0;1;1;1;1;54;0;0;0;0;0;0;0;0;0;0;0;0;0;0;0;0;0
528155283;1200.0;0.28181258;611.44727;0.0;11046;0;20.981033;960;0;0;0;8;0.0;0;0;1;1;1;1;54;0;0;0;0;0;0;0;0;0;0;0;0;0;0;0;0;0
528414552;1200.0;0.28181258;596.03906;0.0;11050;0;20.792059;960;0;0;0;8;0.0;0;0;1;1;1;1;54;0;0;0;0;0;0;0;0;0;0;0;0;0;0;0;0;0
529665636;1200.0;0.28181258;915.8416;0.0;11079;0;20.79208;961;0;0;0;8;0.0;0;0;1;1;1;1;54;0;0;0;0;0;0;0;0;0;0;0;0;0;0;0;0;0
530915560;1200.0;0.28181258;447.55292;0.0;11099;0;20.979042;963;0;0;0;8;0.0;0;0;1;1;1;1;54;0;0;0;0;0;0;0;0;0;0;0;0;0;0;0;0;0
532166553;1200.0;0.28181258;683.82513;0.0;11116;0;20.963984;964;0;0;0;8;0.0;0;0;1;1;1;1;54;0;0;0;0;0;0;0;0;0;0;0;0;0;0;0;0;0
533166912;1200.0;0.28181258;605.3803;0.0;11140;0;20.80685;965;0;0;0;8;0.0;0;0;1;1;1;1;54;0;0;0;0;0;0;0;0;0;0;0;0;0;0;0;0;0
533416603;1200.0;0.28181258;871.13104;0.0;11143;0;20.788355;965;0;0;0;8;0.0;0;0;1;1;1;1;54;0;0;0;0;0;0;0;0;0;0;0;0;0;0;0;0;0
534678571;1200.0;0.28181258;678.443;0.0;11166;0;20.982773;966;0;0;0;8;0.0;0;0;1;1;1;1;54;0;0;0;0;0;0;0;0;0;0;0;0;0;0;0;0;0
535938827;1200.0;0.28181258;491.30972;0.0;11193;0;20.970537;968;0;0;0;8;0.0;0;0;1;1;1;1;54;0;0;0;0;0;0;0;0;0;0;0;0;0;0;0;0;0
537198568;1200.0;0.28181258;968.66016;0.0;11211;0;20.799452;969;0;0;0;8;0.0;0;0;1;1;1;1;54;0;0;0;0;0;0;0;0;0;0;0;0;0;0;0;0;0
538199570;1200.0;0.28181258;499.98367;0.0;11227;0;20.791399;970;0;0;0;8;0.0;0;0;1;1;1;1;54;0;0;0;0;0;0;0;0;0;0;0;0;0;0;0;0;0
538449970;1200.0;0.28181258;650.4036;0.0;11230;0;20.98076;970;0;0;0;8;0.0;0;0;1;1;1;1;54;0;0;0;0;0;0;0;0;0;0;0;0;0;0;0;0;0
539709570;1200.0;0.28181258;517.73254;0.0;11260;0;20.788498;971;0;0;0;8;0.0;0;0;1;1;1;1;54;0;0;0;0;0;0;0;0;0;0;0;0;0;0;0;0;0
540959572;1200.0;0.28181258;971.4545;0.0;11278;0;20.795664;973;0;0;0;8;0.0;0;0;1;1;1;1;54;0;0;0;0;0;0;0;0;0;0;0;0;0;0;0;0;0
542220589;1200.0;0.28181258;686.3075;0.0;11298;0;20.978832;975;0;0;0;8;0.0;0;0;1;1;1;1;54;0;0;0;0;0;0;0;0;0;0;0;0;0;0;0;0;0
543220779;1200.0;0.28181258;443.5683;0.0;11323;0;41.584526;976;0;0;0;8;0.0;0;0;1;1;1;1;54;0;0;0;0;0;0;0;0;0;0;0;0;0;0;0;0;0
543470603;1200.0;0.28181258;994.9542;0.0;11326;0;20.999033;976;0;0;0;8;0.0;0;0;1;1;1;1;54;0;0;0;0;0;0;0;0;0;0;0;0;0;0;0;0;0
544721635;1200.0;0.28181258;531.46906;0.0;11346;0;20.979042;979;0;0;0;8;0.0;0;0;1;1;1;1;54;0;0;0;0;0;0;0;0;0;0;0;0;0;0;0;0;0
545984552;1200.0;0.28181258;595.8262;0.0;11364;0;41.91742;980;0;0;0;8;0.0;0;0;1;1;1;1;54;0;0;0;0;0;0;0;0;0;0;0;0;0;0;0;0;0
547234549;1200.0;0.28181258;558.43427;0.0;11390;0;20.978748;981;0;0;0;8;0.0;0;0;1;1;1;1;54;0;0;0;0;0;0;0;0;0;0;0;0;0;0;0;0;0
548237569;1200.0;0.28181258;901.9856;0.0;11409;0;20.999664;983;0;0;0;8;0.0;0;0;1;1;1;1;54;0;0;0;0;0;0;0;0;0;0;0;0;0;0;0;0;0
548487552;1200.0;0.28181258;676.9988;0.0;11411;0;41.876213;983;0;0;0;8;0.0;0;0;1;1;1;1;54;0;0;0;0;0;0;0;0;0;0;0;0;0;0;0;0;0
549747549;1200.0;0.28181258;544.988;0.0;11430;0;20.999537;985;0;0;0;8;0.0;0;0;1;1;1;1;54;0;0;0;0;0;0;0;0;0;0;0;0;0;0;0;0;0
551007551;1200.0;0.28181258;981.9705;0.0;11460;0;20.999369;987;0;0;0;8;0.0;0;0;1;1;1;1;54;0;0;0;0;0;0;0;0;0;0;0;0;0;0;0;0;0
552257552;1200.0;0.28181258;507.94693;0.0;11477;0;41.5863;988;0;0;0;8;0.0;0;0;1;1;1;1;54;0;0;0;0;0;0;0;0;0;0;0;0;0;0;0;0;0
553267584;1200.0;0.28181258;609.93414;0.0;11492;0;20.997732;989;0;0;0;8;0.0;0;0;1;1;1;1;54;0;0;0;0;0;0;0;0;0;0;0;0;0;0;0;0;0
553507551;1200.0;0.28181258;536.69104;0.0;11495;0;20.794304;989;0;0;0;8;0.0;0;0;1;1;1;1;54;0;0;0;0;0;0;0;0;0;0;0;0;0;0;0;0;0
554769669;1200.0;0.28181258;901.0989;0.0;11525;0;41.95804;991;0;0;0;8;0.0;0;0;1;1;1;1;54;0;0;0;0;0;0;0;0;0;0;0;0;0;0;0;0;0
556020553;1200.0;0.28181258;735.2478;0.0;11546;0;20.978539;993;0;0;0;8;0.0;0;0;1;1;1;1;54;0;0;0;0;0;0;0;0;0;0;0;0;0;0;0;0;0
557280861;1200.0;0.28181258;523.47815;0.0;11572;0;20.979084;994;0;0;0;8;0.0;0;0;1;1;1;1;54;0;0;0;0;0;0;0;0;0;0;0;0;0;0;0;0;0
558281551;1200.0;0.28181258;958.413;0.0;11588;0;20.792019;996;0;0;0;8;0.0;0;0;1;1;1;1;54;0;0;0;0;0;0;0;0;0;0;0;0;0;0;0;0;0
558532552;1200.0;0.28181258;558.44543;0.0;11590;0;41.958336;996;0;0;0;8;0.0;0;0;1;1;1;1;54;0;0;0;0;0;0;0;0;0;0;0;0;0;0;0;0;0
559792551;1200.0;0.28181258;495.5119;0.0;11612;0;20.979334;998;0;0;0;8;0.0;0;0;1;1;1;1;54;0;0;0;0;0;0;0;0;0;0;0;0;0;0;0;0;0
561054547;1200.0;0.28181258;602.3982;0.0;11641;0;20.979042;999;0;0;0;8;0.0;0;0;1;1;1;1;54;0;0;0;0;0;0;0;0;0;0;0;0;0;0;0;0;0
562057005;1200.0;0.28181258;944.0559;0.0;11654;0;20.97902;1000;0;0;0;8;0.0;0;0;1;1;1;1;54;0;0;0;0;0;0;0;0;0;0;0;0;0;0;0;0;0
562306550;1200.0;0.28181258;944.0559;0.0;11659;0;20.97902;1000;0;0;0;8;0.0;0;0;1;1;1;1;54;0;0;0;0;0;0;0;0;0;0;0;0;0;0;0;0;0
563566607;1200.0;0.28181258;588.37164;0.0;11677;0;20.801018;1001;0;0;0;8;0.0;0;0;1;1;1;1;54;0;0;0;0;0;0;0;0;0;0;0;0;0;0;0;0;0
564819142;1200.0;0.28181258;883.33923;0.0;11707;0;20.984303;1003;0;0;0;8;0.0;0;0;1;1;1;1;54;0;0;0;0;0;0;0;0;0;0;0;0;0;0;0;0;0
566070592;1200.0;0.28181258;597.8044;0.0;11726;0;20.958084;1004;0;0;0;8;0.0;0;0;1;1;1;1;54;0;0;0;0;0;0;0;0;0;0;0;0;0;0;0;0;0
567080563;1200.0;0.28181258;539.4605;0.0;11741;0;20.97902;1005;0;0;0;8;0.0;0;0;1;1;1;1;54;0;0;0;0;0;0;0;0;0;0;0;0;0;0;0;0;0
567320566;1200.0;0.28181258;539.4605;0.0;11744;0;20.97902;1005;0;0;0;8;0.0;0;0;1;1;1;1;54;0;0;0;0;0;0;0;0;0;0;0;0;0;0;0;0;0
568582552;1200.0;0.28181258;870.09595;0.0;11770;0;20.978203;1006;0;0;0;8;0.0;0;0;1;1;1;1;54;0;0;0;0;0;0;0;0;0;0;0;0;0;0;0;0;0
569832589;1200.0;0.28181258;620.3896;0.0;11793;0;20.979357;1009;0;0;0;8;0.0;0;0;1;1;1;1;54;0;0;0;0;0;0;0;0;0;0;0;0;0;0;0;0;0
571083591;1200.0;0.28181258;677.32263;0.0;11812;0;41.95804;1010;0;0;0;8;0.0;0;0;1;1;1;1;54;0;0;0;0;0;0;0;0;0;0;0;0;0;0;0;0;0
572093626;1200.0;0.28181258;839.60724;0.0;11835;0;20.79216;1011;0;0;0;8;0.0;0;0;1;1;1;1;54;0;0;0;0;0;0;0;0;0;0;0;0;0;0;0;0;0
572343567;1200.0;0.28181258;839.60724;0.0;11839;0;20.79216;1011;0;0;0;8;0.0;0;0;1;1;1;1;54;0;0;0;0;0;0;0;0;0;0;0;0;0;0;0;0;0
573593550;1200.0;0.28181258;547.51227;0.0;11856;0;20.791605;1012;0;0;0;8;0.0;0;0;1;1;1;1;54;0;0;0;0;0;0;0;0;0;0;0;0;0;0;0;0;0
574855569;1200.0;0.28181258;588.4386;0.0;11877;0;20.979984;1014;0;0;0;8;0.0;0;0;1;1;1;1;54;0;0;0;0;0;0;0;0;0;0;0;0;0;0;0;0;0
576105810;1200.0;0.28181258;923.6847;0.0;11906;0;20.970139;1015;0;0;0;8;0.0;0;0;1;1;1;1;54;0;0;0;0;0;0;0;0;0;0;0;0;0;0;0;0;0
577115570;1200.0;0.28181258;571.4914;0.0;11921;0;20.799513;1016;0;0;0;8;0.0;0;0;1;1;1;1;54;0;0;0;0;0;0;0;0;0;0;0;0;0;0;0;0;0
577355551;1200.0;0.28181258;571.4914;0.0;11925;0;20.799513;1016;0;0;0;8;0.0;0;0;1;1;1;1;54;0;0;0;0;0;0;0;0;0;0;0;0;0;0;0;0;0
578608563;1200.0;0.28181258;577.93677;0.0;11952;0;20.925297;1017;0;0;0;8;0.0;0;0;1;1;1;1;54;0;0;0;0;0;0;0;0;0;0;0;0;0;0;0;0;0
579858580;1200.0;0.28181258;938.14575;0.0;11971;0;20.803654;1019;0;0;0;8;0.0;0;0;1;1;1;1;54;0;0;0;0;0;0;0;0;0;0;0;0;0;0;0;0;0
581109704;1200.0;0.28181258;539.4433;0.0;11992;0;20.97835;1020;0;0;0;8;0.0;0;0;1;1;1;1;54;0;0;0;0;0;0;0;0;0;0;0;0;0;0;0;0;0
582110668;1200.0;0.28181258;564.3665;0.0;12015;0;20.79245;1022;0;0;0;8;0.0;0;0;1;1;1;1;54;0;0;0;0;0;0;0;0;0;0;0;0;0;0;0;0;0
582370552;1200.0;0.28181258;564.3665;0.0;12019;0;20.79245;1022;0;0;0;8;0.0;0;0;1;1;1;1;54;0;0;0;0;0;0;0;0;0;0;0;0;0;0;0;0;0
583631550;1200.0;0.28181258;519.7106;0.0;12040;0;20.98831;1023;0;0;0;8;0.0;0;0;1;1;1;1;54;0;0;0;0;0;0;0;0;0;0;0;0;0;0;0;0;0
584883566;1200.0;0.28181258;650.349;0.0;12058;0;20.979;1026;0;0;0;8;0.0;0;0;1;1;1;1;54;0;0;0;0;0;0;0;0;0;0;0;0;0;0;0;0;0
586134551;1200.0;0.28181258;534.9302;0.0;12086;0;41.91617;1028;0;0;0;8;0.0;0;0;1;1;1;1;54;0;0;0;0;0;0;0;0;0;0;0;0;0;0;0;0;0
587134569;1200.0;0.28181258;967.96906;0.0;12100;0;41.998657;1029;0;0;0;8;0.0;0;0;1;1;1;1;54;0;0;0;0;0;0;0;0;0;0;0;0;0;0;0;0;0
587384550;1200.0;0.28181258;967.96906;0.0;12104;0;41.998657;1029;0;0;0;8;0.0;0;0;1;1;1;1;54;0;0;0;0;0;0;0;0;0;0;0;0;0;0;0;0;0
588646598;1200.0;0.28181258;460.08078;0.0;12124;0;41.916252;1031;0;0;0;8;0.0;0;0;1;1;1;1;54;0;0;0;0;0;0;0;0;0;0;0;0;0;0;0;0;0
589896584;1200.0;0.28181258;972.2763;0.0;12150;0;20.792059;1033;0;0;0;8;0.0;0;0;1;1;1;1;54;0;0;0;0;0;0;0;0;0;0;0;0;0;0;0;0;0
591147698;1200.0;0.28181258;526.7316;0.0;12174;0;20.792038;1035;0;0;0;8;0.0;0;0;1;1;1;1;54;0;0;0;0;0;0;0;0;0;0;0;0;0;0;0;0;0
592148551;1200.0;0.28181258;787.1416;0.0;12189;0;41.901073;1036;0;0;0;8;0.0;0;0;1;1;1;1;54;0;0;0;0;0;0;0;0;0;0;0;0;0;0;0;0;0
592408551;1200.0;0.28181258;787.1416;0.0;12191;0;41.901073;1036;0;0;0;8;0.0;0;0;1;1;1;1;54;0;0;0;0;0;0;0;0;0;0;0;0;0;0;0;0;0
593658553;1200.0;0.28181258;918.942;0.0;12221;0;20.795025;1039;0;0;0;8;0.0;0;0;1;1;1;1;54;0;0;0;0;0;0;0;0;0;0;0;0;0;0;0;0;0
594919550;1200.0;0.28181258;602.4758;0.0;12238;0;41.963493;1040;0;0;0;8;0.0;0;0;1;1;1;1;54;0;0;0;0;0;0;0;0;0;0;0;0;0;0;0;0;0
596170104;1200.0;0.28181258;487.11234;0.0;12258;0;20.79138;1041;0;0;0;8;0.0;0;0;1;1;1;1;54;0;0;0;0;0;0;0;0;0;0;0;0;0;0;0;0;0
597179551;1200.0;0.28181258;972.2849;0.0;12282;0;20.792244;1042;0;0;0;8;0.0;0;0;1;1;1;1;54;0;0;0;0;0;0;0;0;0;0;0;0;0;0;0;0;0
597419549;1200.0;0.28181258;972.2849;0.0;12285;0;20.792244;1042;0;0;0;8;0.0;0;0;1;1;1;1;54;0;0;0;0;0;0;0;0;0;0;0;0;0;0;0;0;0
598669552;1200.0;0.28181258;702.0059;0.0;12306;0;20.792841;1043;0;0;0;8;0.0;0;0;1;1;1;1;54;0;0;0;0;0;0;0;0;0;0;0;0;0;0;0;0;0
599930031;1200.0;0.28181258;540.4175;0.0;12334;0;20.785288;1045;0;0;0;8;0.0;0;0;1;1;1;1;54;0;0;0;0;0;0;0;0;0;0;0;0;0;0;0;0;0
601189550;1200.0;0.28181258;906.2528;0.0;12352;0;20.799246;1046;0;0;0;8;0.0;0;0;1;1;1;1;54;0;0;0;0;0;0;0;0;0;0;0;0;0;0;0;0;0
602189591;1200.0;0.28181258;681.6646;0.0;12368;0;20.776424;1047;0;0;0;8;0.0;0;0;1;1;1;1;54;0;0;0;0;0;0;0;0;0;0;0;0;0;0;0;0;0
602439554;1200.0;0.28181258;681.6646;0.0;12371;0;20.776424;1047;0;0;0;8;0.0;0;0;1;1;1;1;54;0;0;0;0;0;0;0;0;0;0;0;0;0;0;0;0;0
603699593;1200.0;0.28181258;1005.79816;0.0;12400;0;20.789135;1048;0;0;0;8;0.0;0;0;1;1;1;1;54;0;0;0;0;0;0;0;0;0;0;0;0;0;0;0;0;0
604959553;1200.0;0.28181258;487.19772;0.0;12420;0;20.795025;1050;0;0;0;8;0.0;0;0;1;1;1;1;54;0;0;0;0;0;0;0;0;0;0;0;0;0;0;0;0;0
606209581;1200.0;0.28181258;708.9993;0.0;12438;0;20.99998;1051;0;0;0;8;0.0;0;0;1;1;1;1;54;0;0;0;0;0;0;0;0;0;0;0;0;0;0;0;0;0
607219546;1200.0;0.28181258;558.8061;0.0;12463;0;20.992716;1052;0;0;0;8;0.0;0;0;1;1;1;1;54;0;0;0;0;0;0;0;0;0;0;0;0;0;0;0;0;0
607469640;1200.0;0.28181258;558.8061;0.0;12465;0;20.992716;1052;0;0;0;8;0.0;0;0;1;1;1;1;54;0;0;0;0;0;0;0;0;0;0;0;0;0;0;0;0;0
608720550;1200.0;0.28181258;644.55383;0.0;12487;0;20.792059;1054;0;0;0;8;0.0;0;0;1;1;1;1;54;0;0;0;0;0;0;0;0;0;0;0;0;0;0;0;0;0
609980692;1200.0;0.28181258;539.59485;0.0;12504;0;20.791729;1055;0;0;0;8;0.0;0;0;1;1;1;1;54;0;0;0;0;0;0;0;0;0;0;0;0;0;0;0;0;0
611231591;1200.0;0.28181258;939.6198;0.0;12532;0;20.79243;1056;0;0;0;8;0.0;0;0;1;1;1;1;54;0;0;0;0;0;0;0;0;0;0;0;0;0;0;0;0;0
612232590;1200.0;0.28181258;545.4551;0.0;12550;0;20.979042;1057;0;0;0;8;0.0;0;0;1;1;1;1;54;0;0;0;0;0;0;0;0;0;0;0;0;0;0;0;0;0
612482572;1200.0;0.28181258;545.4551;0.0;12553;0;20.979042;1057;0;0;0;8;0.0;0;0;1;1;1;1;54;0;0;0;0;0;0;0;0;0;0;0;0;0;0;0;0;0
613734133;1200.0;0.28181258;598.5056;0.0;12572;0;20.982668;1058;0;0;0;8;0.0;0;0;1;1;1;1;54;0;0;0;0;0;0;0;0;0;0;0;0;0;0;0;0;0
614984552;1200.0;0.28181258;870.99646;0.0;12600;0;20.999914;1060;0;0;0;8;0.0;0;0;1;1;1;1;54;0;0;0;0;0;0;0;0;0;0;0;0;0;0;0;0;0
616244550;1200.0;0.28181258;694.3085;0.0;12618;0;20.979105;1061;0;0;0;8;0.0;0;0;1;1;1;1;54;0;0;0;0;0;0;0;0;0;0;0;0;0;0;0;0;0
617244553;1200.0;0.28181258;491.98822;0.0;12632;0;20.999496;1062;0;0;0;8;0.0;0;0;1;1;1;1;54;0;0;0;0;0;0;0;0;0;0;0;0;0;0;0;0;0
617494668;1200.0;0.28181258;491.98822;0.0;12636;0;20.999496;1062;0;0;0;8;0.0;0;0;1;1;1;1;54;0;0;0;0;0;0;0;0;0;0;0;0;0;0;0;0;0
618754551;1200.0;0.28181258;598.99945;0.0;12665;0;20.99998;1063;0;0;0;8;0.0;0;0;1;1;1;1;54;0;0;0;0;0;0;0;0;0;0;0;0;0;0;0;0;0
620004564;1200.0;0.28181258;562.2499;0.0;12684;0;20.787409;1065;0;0;0;8;0.0;0;0;1;1;1;1;54;0;0;0;0;0;0;0;0;0;0;0;0;0;0;0;0;0
621255585;1200.0;0.28181258;617.9613;0.0;12715;0;20.796776;1066;0;0;0;8;0.0;0;0;1;1;1;1;54;0;0;0;0;0;0;0;0;0;0;0;0;0;0;0;0;0
622256571;1200.0;0.28181258;882.19684;0.0;12729;0;20.957165;1067;0;0;0;8;0.0;0;0;1;1;1;1;54;0;0;0;0;0;0;0;0;0;0;0;0;0;0;0;0;0
622506551;1200.0;0.28181258;882.19684;0.0;12730;0;20.957165;1067;0;0;0;8;0.0;0;0;1;1;1;1;54;0;0;0;0;0;0;0;0;0;0;0;0;0;0;0;0;0
623758003;1200.0;0.28181258;593.3983;0.0;12752;0;41.957455;1069;0;0;0;8;0.0;0;0;1;1;1;1;54;0;0;0;0;0;0;0;0;0;0;0;0;0;0;0;0;0
625008590;1200.0;0.28181258;883.1283;0.0;12778;0;0.0;1070;0;0;0;8;0.0;0;0;1;1;1;1;54;0;0;0;0;0;0;0;0;0;0;0;0;0;0;0;0;0
626268556;1200.0;0.28181258;553.46533;0.0;12799;0;20.79208;1071;0;0;0;8;0.0;0;0;1;1;1;1;54;0;0;0;0;0;0;0;0;0;0;0;0;0;0;0;0;0
627268572;1200.0;0.28181258;677.22437;0.0;12816;0;41.583954;1072;0;0;0;8;0.0;0;0;1;1;1;1;54;0;0;0;0;0;0;0;0;0;0;0;0;0;0;0;0;0
627519550;1200.0;0.28181258;677.22437;0.0;12817;0;41.583954;1072;0;0;0;8;0.0;0;0;1;1;1;1;54;0;0;0;0;0;0;0;0;0;0;0;0;0;0;0;0;0
628770628;1200.0;0.28181258;862.42834;0.0;12846;0;20.793337;1074;0;0;0;8;0.0;0;0;1;1;1;1;54;0;0;0;0;0;0;0;0;0;0;0;0;0;0;0;0;0
630030570;1200.0;0.28181258;596.0266;0.0;12867;0;41.583252;1076;0;0;0;8;0.0;0;0;1;1;1;1;54;0;0;0;0;0;0;0;0;0;0;0;0;0;0;0;0;0
631031135;1200.0;0.28181258;639.63184;0.0;12880;0;41.58597;1078;0;0;0;8;0.0;0;0;1;1;1;1;54;0;0;0;0;0;0;0;0;0;0;0;0;0;0;0;0;0
631291133;1200.0;0.28181258;639.63184;0.0;12885;0;41.58597;1078;0;0;0;8;0.0;0;0;1;1;1;1;54;0;0;0;0;0;0;0;0;0;0;0;0;0;0;0;0;0
632540551;1200.0;0.28181258;826.9868;0.0;12911;0;0.0;1079;0;0;0;8;0.0;0;0;1;1;1;1;54;0;0;0;0;0;0;0;0;0;0;0;0;0;0;0;0;0
633790704;1200.0;0.28181258;645.5491;0.0;12934;0;0.0;1080;0;0;0;8;0.0;0;0;1;1;1;1;54;0;0;0;0;0;0;0;0;0;0;0;0;0;0;0;0;0
635043552;1200.0;0.28181258;547.3656;0.0;12951;0;20.93748;1082;0;0;0;8;0.0;0;0;1;1;1;1;54;0;0;0;0;0;0;0;0;0;0;0;0;0;0;0;0;0
636043586;1200.0;0.28181258;928.71375;0.0;12975;0;41.584198;1083;0;0;0;8;0.0;0;0;1;1;1;1;54;0;0;0;0;0;0;0;0;0;0;0;0;0;0;0;0;0
636293612;1200.0;0.28181258;928.71375;0.0;12980;0;41.584198;1083;0;0;0;8;0.0;0;0;1;1;1;1;54;0;0;0;0;0;0;0;0;0;0;0;0;0;0;0;0;0
637554573;1200.0;0.28181258;491.9916;0.0;12998;0;20.999641;1085;0;0;0;8;0.0;0;0;1;1;1;1;54;0;0;0;0;0;0;0;0;0;0;0;0;0;0;0;0;0
638814586;1200.0;0.28181258;587.04913;0.0;13018;0;41.57852;1087;0;0;0;8;0.0;0;0;1;1;1;1;54;0;0;0;0;0;0;0;0;0;0;0;0;0;0;0;0;0
640074551;1200.0;0.28181258;924.8908;0.0;13044;0;20.795189;1089;0;0;0;8;0.0;0;0;1;1;1;1;54;0;0;0;0;0;0;0;0;0;0;0;0;0;0;0;0;0
641074760;1200.0;0.28181258;626.7382;0.0;13062;0;41.584526;1090;0;0;0;8;0.0;0;0;1;1;1;1;54;0;0;0;0;0;0;0;0;0;0;0;0;0;0;0;0;0
641324570;1200.0;0.28181258;626.7382;0.0;13066;0;41.584526;1090;0;0;0;8;0.0;0;0;1;1;1;1;54;0;0;0;0;0;0;0;0;0;0;0;0;0;0;0;0;0
642585549;1200.0;0.28181258;596.03906;0.0;13094;0;20.792059;1091;0;0;0;8;0.0;0;0;1;1;1;1;54;0;0;0;0;0;0;0;0;0;0;0;0;0;0;0;0;0
643835766;1200.0;0.28181258;447.99417;0.0;13111;0;20.999727;1093;0;0;0;8;0.0;0;0;1;1;1;1;54;0;0;0;0;0;0;0;0;0;0;0;0;0;0;0;0;0
645095564;1200.0;0.28181258;657.4433;0.0;13131;0;20.792635;1094;0;0;0;8;0.0;0;0;1;1;1;1;54;0;0;0;0;0;0;0;0;0;0;0;0;0;0;0;0;0
646095634;1200.0;0.28181258;610.97314;0.0;13156;0;20.999077;1096;0;0;0;8;0.0;0;0;1;1;1;1;54;0;0;0;0;0;0;0;0;0;0;0;0;0;0;0;0;0
646345548;1200.0;0.28181258;610.97314;0.0;13159;0;20.999077;1096;0;0;0;8;0.0;0;0;1;1;1;1;54;0;0;0;0;0;0;0;0;0;0;0;0;0;0;0;0;0
647605565;1200.0;0.28181258;877.26514;0.0;13180;0;41.58593;1097;0;0;0;8;0.0;0;0;1;1;1;1;54;0;0;0;0;0;0;0;0;0;0;0;0;0;0;0;0;0
648855610;1200.0;0.28181258;487.30243;0.0;13198;0;20.799494;1099;0;0;0;8;0.0;0;0;1;1;1;1;54;0;0;0;0;0;0;0;0;0;0;0;0;0;0;0;0;0
650115617;1200.0;0.28181258;974.28644;0.0;13225;0;32.67424;1101;0;0;0;8;0.0;0;0;1;1;1;1;54;0;0;0;0;0;0;0;0;0;0;0;0;0;0;0;0;0
651117570;1200.0;0.28181258;524.9495;0.0;13242;0;29.940088;1102;0;0;0;8;0.0;0;0;1;1;1;1;54;0;0;0;0;0;0;0;0;0;0;0;0;0;0;0;0;0
651367550;1200.0;0.28181258;524.9495;0.0;13247;0;29.940088;1102;0;0;0;8;0.0;0;0;1;1;1;1;54;0;0;0;0;0;0;0;0;0;0;0;0;0;0;0;0;0
652627671;1200.0;0.28181258;650.8633;0.0;13264;0;41.99118;1104;0;0;0;8;0.0;0;0;1;1;1;1;54;0;0;0;0;0;0;0;0;0;0;0;0;0;0;0;0;0
653877605;1200.0;0.28181258;517.93;0.0;13294;0;20.796425;1106;0;0;0;8;0.0;0;0;1;1;1;1;54;0;0;0;0;0;0;0;0;0;0;0;0;0;0;0;0;0
655127569;1200.0;0.28181258;659.40656;0.0;13312;0;41.584198;1108;0;0;0;8;0.0;0;0;1;1;1;1;54;0;0;0;0;0;0;0;0;0;0;0;0;0;0;0;0;0
656127608;1200.0;0.28181258;447.91803;0.0;13327;0;20.996159;1109;0;0;0;8;0.0;0;0;1;1;1;1;54;0;0;0;0;0;0;0;0;0;0;0;0;0;0;0;0;0
656387655;1200.0;0.28181258;447.91803;0.0;13329;0;20.996159;1109;0;0;0;8;0.0;0;0;1;1;1;1;54;0;0;0;0;0;0;0;0;0;0;0;0;0;0;0;0;0
657637563;1200.0;0.28181258;991.26874;0.0;13359;0;20.795847;1110;0;0;0;8;0.0;0;0;1;1;1;1;54;0;0;0;0;0;0;0;0;0;0;0;0;0;0;0;0;0
658888565;1200.0;0.28181258;531.468;0.0;13378;0;20.979;1112;0;0;0;8;0.0;0;0;1;1;1;1;54;0;0;0;0;0;0;0;0;0;0;0;0;0;0;0;0;0
660148623;1200.0;0.28181258;553.49;0.0;13405;0;20.793005;1113;0;0;0;8;0.0;0;0;1;1;1;1;54;0;0;0;0;0;0;0;0;0;0;0;0;0;0;0;0;0
661150551;1200.0;0.28181258;927.13184;0.0;13421;0;20.95777;1114;0;0;0;8;0.0;0;0;1;1;1;1;54;0;0;0;0;0;0;0;0;0;0;0;0;0;0;0;0;0
661400578;1200.0;0.28181258;927.13184;0.0;13423;0;20.95777;1114;0;0;0;8;0.0;0;0;1;1;1;1;54;0;0;0;0;0;0;0;0;0;0;0;0;0;0;0;0;0
662660952;1200.0;0.28181258;718.8606;0.0;13448;0;20.995928;1115;0;0;0;8;0.0;0;0;1;1;1;1;54;0;0;0;0;0;0;0;0;0;0;0;0;0;0;0;0;0
663911551;1200.0;0.28181258;531.7927;0.0;13476;0;20.796362;1117;0;0;0;8;0.0;0;0;1;1;1;1;54;0;0;0;0;0;0;0;0;0;0;0;0;0;0;0;0;0
665172637;1200.0;0.28181258;491.6583;0.0;13491;0;20.985415;1118;0;0;0;8;0.0;0;0;1;1;1;1;54;0;0;0;0;0;0;0;0;0;0;0;0;0;0;0;0;0
666182572;1200.0;0.28181258;643.56494;0.0;13509;0;20.792099;1119;0;0;0;8;0.0;0;0;1;1;1;1;54;0;0;0;0;0;0;0;0;0;0;0;0;0;0;0;0;0
666422608;1200.0;0.28181258;643.56494;0.0;13511;0;20.792099;1119;0;0;0;8;0.0;0;0;1;1;1;1;54;0;0;0;0;0;0;0;0;0;0;0;0;0;0;0;0;0
667673570;1200.0;0.28181258;545.44257;0.0;13541;0;20.97856;1122;0;0;0;8;0.0;0;0;1;1;1;1;54;0;0;0;0;0;0;0;0;0;0;0;0;0;0;0;0;0
668923571;1200.0;0.28181258;855.34985;0.0;13562;0;41.579506;1123;0;0;0;8;0.0;0;0;1;1;1;1;54;0;0;0;0;0;0;0;0;0;0;0;0;0;0;0;0;0
670183758;1200.0;0.28181258;526.82605;0.0;13578;0;20.795767;1124;0;0;0;8;0.0;0;0;1;1;1;1;54;0;0;0;0;0;0;0;0;0;0;0;0;0;0;0;0;0
671193718;1200.0;0.28181258;954.9675;0.0;13604;0;20.999287;1125;0;0;0;8;0.0;0;0;1;1;1;1;54;0;0;0;0;0;0;0;0;0;0;0;0;0;0;0;0;0
671443645;1200.0;0.28181258;954.9675;0.0;13605;0;20.999287;1125;0;0;0;8;0.0;0;0;1;1;1;1;54;0;0;0;0;0;0;0;0;0;0;0;0;0;0;0;0;0
672693570;1200.0;0.28181258;553.48346;0.0;13628;0;20.792759;1126;0;0;0;8;0.0;0;0;1;1;1;1;54;0;0;0;0;0;0;0;0;0;0;0;0;0;0;0;0;0
673956626;1200.0;0.28181258;538.9119;0.0;13644;0;20.957685;1128;0;0;0;8;0.0;0;0;1;1;1;1;54;0;0;0;0;0;0;0;0;0;0;0;0;0;0;0;0;0
675216599;1200.0;0.28181258;881.18896;0.0;13673;0;20.792099;1129;0;0;0;8;0.0;0;0;1;1;1;1;54;0;0;0;0;0;0;0;0;0;0;0;0;0;0;0;0;0
676217569;1200.0;0.28181258;753.2753;0.0;13690;0;20.979816;1130;0;0;0;8;0.0;0;0;1;1;1;1;54;0;0;0;0;0;0;0;0;0;0;0;0;0;0;0;0;0
676467553;1200.0;0.28181258;753.2753;0.0;13691;0;20.979816;1130;0;0;0;8;0.0;0;0;1;1;1;1;54;0;0;0;0;0;0;0;0;0;0;0;0;0;0;0;0;0
677718549;1200.0;0.28181258;491.4977;0.0;13712;0;41.95712;1132;0;0;0;8;0.0;0;0;1;1;1;1;54;0;0;0;0;0;0;0;0;0;0;0;0;0;0;0;0;0
678978550;1200.0;0.28181258;977.24896;0.0;13740;0;20.79253;1134;0;0;0;8;0.0;0;0;1;1;1;1;54;0;0;0;0;0;0;0;0;0;0;0;0;0;0;0;0;0
680230550;1200.0;0.28181258;495.49014;0.0;13758;0;41.956825;1136;0;0;0;8;0.0;0;0;1;1;1;1;54;0;0;0;0;0;0;0;0;0;0;0;0;0;0;0;0;0
681230551;1200.0;0.28181258;636.3675;0.0;13773;0;20.979147;1137;0;0;0;8;0.0;0;0;1;1;1;1;54;0;0;0;0;0;0;0;0;0;0;0;0;0;0;0;0;0
681490747;1200.0;0.28181258;636.3675;0.0;13786;0;20.979147;1137;0;0;0;8;0.0;0;0;1;1;1;1;54;0;0;0;0;0;0;0;0;0;0;0;0;0;0;0;0;0
682740631;1200.0;0.28181258;876.9816;0.0;13806;0;20.99956;1139;0;0;0;8;0.0;0;0;1;1;1;1;54;0;0;0;0;0;0;0;0;0;0;0;0;0;0;0;0;0
684001551;1200.0;0.28181258;691.2666;0.0;13828;0;41.955486;1141;0;0;0;8;0.0;0;0;1;1;1;1;54;0;0;0;0;0;0;0;0;0;0;0;0;0;0;0;0;0
685242579;1200.0;0.28181258;876.123;0.0;13854;0;20.979;1142;0;0;0;8;0.0;0;0;1;1;1;1;54;0;0;0;0;0;0;0;0;0;0;0;0;0;0;0;0;0
686243583;1200.0;0.28181258;558.44214;0.0;13867;0;41.958084;1144;0;0;0;8;0.0;0;0;1;1;1;1;54;0;0;0;0;0;0;0;0;0;0;0;0;0;0;0;0;0
686503873;1200.0;0.28181258;558.44214;0.0;13870;0;41.958084;1144;0;0;0;8;0.0;0;0;1;1;1;1;54;0;0;0;0;0;0;0;0;0;0;0;0;0;0;0;0;0
687763620;1200.0;0.28181258;592.99945;0.0;13892;0;20.99998;1146;0;0;0;8;0.0;0;0;1;1;1;1;54;0;0;0;0;0;0;0;0;0;0;0;0;0;0;0;0;0
689013569;1200.0;0.28181258;602.98737;0.0;13919;0;20.99956;1148;0;0;0;8;0.0;0;0;1;1;1;1;54;0;0;0;0;0;0;0;0;0;0;0;0;0;0;0;0;0
690264557;1200.0;0.28181258;633.38055;0.0;13940;0;20.979483;1149;0;0;0;8;0.0;0;0;1;1;1;1;54;0;0;0;0;0;0;0;0;0;0;0;0;0;0;0;0;0
691274551;1200.0;0.28181258;635.5184;0.0;13955;0;20.787985;1150;0;0;0;8;0.0;0;0;1;1;1;1;54;0;0;0;0;0;0;0;0;0;0;0;0;0;0;0;0;0
691514743;1200.0;0.28181258;635.5184;0.0;13958;0;20.787985;1150;0;0;0;8;0.0;0;0;1;1;1;1;54;0;0;0;0;0;0;0;0;0;0;0;0;0;0;0;0;0
692775586;1200.0;0.28181258;867.99976;0.0;13987;0;41.568974;1152;0;0;0;8;0.0;0;0;1;1;1;1;54;0;0;0;0;0;0;0;0;0;0;0;0;0;0;0;0;0
694036550;1200.0;0.28181258;615.12036;0.0;14006;0;20.970013;1154;0;0;0;8;0.0;0;0;1;1;1;1;54;0;0;0;0;0;0;0;0;0;0;0;0;0;0;0;0;0
695036568;1200.0;0.28181258;539.9757;0.0;14020;0;20.999056;1156;0;0;0;8;0.0;0;0;1;1;1;1;54;0;0;0;0;0;0;0;0;0;0;0;0;0;0;0;0;0
695296549;1200.0;0.28181258;583.17004;0.0;14023;0;41.584282;1156;0;0;0;8;0.0;0;0;1;1;1;1;54;0;0;0;0;0;0;0;0;0;0;0;0;0;0;0;0;0
696557231;1200.0;0.28181258;934.6729;0.0;14052;0;20.792511;1157;0;0;0;8;0.0;0;0;1;1;1;1;54;0;0;0;0;0;0;0;0;0;0;0;0;0;0;0;0;0
697806630;1200.0;0.28181258;558.3141;0.0;14074;0;20.788292;1159;0;0;0;8;0.0;0;0;1;1;1;1;54;0;0;0;0;0;0;0;0;0;0;0;0;0;0;0;0;0
699067080;1200.0;0.28181258;663.4859;0.0;14094;0;41.591656;1161;0;0;0;8;0.0;0;0;1;1;1;1;54;0;0;0;0;0;0;0;0;0;0;0;0;0;0;0;0;0
700067552;1200.0;0.28181258;587.1293;0.0;14117;0;20.792099;1162;0;0;0;8;0.0;0;0;1;1;1;1;54;0;0;0;0;0;0;0;0;0;0;0;0;0;0;0;0;0
700327573;1200.0;0.28181258;939.0807;0.0;14120;0;20.979462;1162;0;0;0;8;0.0;0;0;1;1;1;1;54;0;0;0;0;0;0;0;0;0;0;0;0;0;0;0;0;0
701577551;1200.0;0.28181258;560.9748;0.0;14138;0;41.99811;1164;0;0;0;8;0.0;0;0;1;1;1;1;54;0;0;0;0;0;0;0;0;0;0;0;0;0;0;0;0;0
702839570;1200.0;0.28181258;560.84296;0.0;14169;0;20.956766;1166;0;0;0;8;0.0;0;0;1;1;1;1;54;0;0;0;0;0;0;0;0;0;0;0;0;0;0;0;0;0
704089667;1200.0;0.28181258;961.48895;0.0;14185;0;20.794304;1168;0;0;0;8;0.0;0;0;1;1;1;1;54;0;0;0;0;0;0;0;0;0;0;0;0;0;0;0;0;0
705099551;1200.0;0.28181258;519.9902;0.0;14204;0;41.999203;1169;0;0;0;8;0.0;0;0;1;1;1;1;54;0;0;0;0;0;0;0;0;0;0;0;0;0;0;0;0;0
705349645;1200.0;0.28181258;657.4388;0.0;14207;0;20.792492;1169;0;0;0;8;0.0;0;0;1;1;1;1;54;0;0;0;0;0;0;0;0;0;0;0;0;0;0;0;0;0
706600822;1200.0;0.28181258;522.477;0.0;14233;0;20.979;1170;0;0;0;8;0.0;0;0;1;1;1;1;54;0;0;0;0;0;0;0;0;0;0;0;0;0;0;0;0;0
707850574;1200.0;0.28181258;964.1703;0.0;14255;0;41.57613;1173;0;0;0;8;0.0;0;0;1;1;1;1;54;0;0;0;0;0;0;0;0;0;0;0;0;0;0;0;0;0
709100570;1200.0;0.28181258;601.10675;0.0;14271;0;20.796114;1174;0;0;0;8;0.0;0;0;1;1;1;1;54;0;0;0;0;0;0;0;0;0;0;0;0;0;0;0;0;0
710110834;1200.0;0.28181258;491.95673;0.0;14296;0;20.998152;1176;0;0;0;8;0.0;0;0;1;1;1;1;54;0;0;0;0;0;0;0;0;0;0;0;0;0;0;0;0;0
710350707;1200.0;0.28181258;943.6858;0.0;14298;0;41.98602;1176;0;0;0;8;0.0;0;0;1;1;1;1;54;0;0;0;0;0;0;0;0;0;0;0;0;0;0;0;0;0
711620661;1200.0;0.28181258;560.617;0.0;14322;0;20.800278;1177;0;0;0;8;0.0;0;0;1;1;1;1;54;0;0;0;0;0;0;0;0;0;0;0;0;0;0;0;0;0
712870605;1200.0;0.28181258;722.9877;0.0;14341;0;20.999641;1179;0;0;0;8;0.0;0;0;1;1;1;1;54;0;0;0;0;0;0;0;0;0;0;0;0;0;0;0;0;0
714120549;1200.0;0.28181258;517.8423;0.0;14367;0;41.585804;1182;0;0;0;8;0.0;0;0;1;1;1;1;54;0;0;0;0;0;0;0;0;0;0;0;0;0;0;0;0;0
715121574;1200.0;0.28181258;946.70465;0.0;14383;0;41.9869;1183;0;0;0;8;0.0;0;0;1;1;1;1;54;0;0;0;0;0;0;0;0;0;0;0;0;0;0;0;0;0
715372751;1200.0;0.28181258;589.0052;0.0;14385;0;20.964592;1183;0;0;0;8;0.0;0;0;1;1;1;1;54;0;0;0;0;0;0;0;0;0;0;0;0;0;0;0;0;0
716632551;1200.0;0.28181258;491.99014;0.0;14404;0;41.99916;1185;0;0;0;8;0.0;0;0;1;1;1;1;54;0;0;0;0;0;0;0;0;0;0;0;0;0;0;0;0;0
717892564;1200.0;0.28181258;1000.8719;0.0;14434;0;20.997313;1187;0;0;0;8;0.0;0;0;1;1;1;1;54;0;0;0;0;0;0;0;0;0;0;0;0;0;0;0;0;0
719142735;1200.0;0.28181258;487.16104;0.0;14453;0;20.793459;1189;0;0;0;8;0.0;0;0;1;1;1;1;54;0;0;0;0;0;0;0;0;0;0;0;0;0;0;0;0;0
720152552;1200.0;0.28181258;701.68494;0.0;14468;0;41.56667;1190;0;0;0;8;0.0;0;0;1;1;1;1;54;0;0;0;0;0;0;0;0;0;0;0;0;0;0;0;0;0
720402550;1200.0;0.28181258;553.7236;0.0;14472;0;20.80178;1190;0;0;0;8;0.0;0;0;1;1;1;1;54;0;0;0;0;0;0;0;0;0;0;0;0;0;0;0;0;0
721653590;1200.0;0.28181258;884.9964;0.0;14500;0;41.99983;1192;0;0;0;8;0.0;0;0;1;1;1;1;54;0;0;0;0;0;0;0;0;0;0;0;0;0;0;0;0;0
722903599;1200.0;0.28181258;650.35095;0.0;14520;0;41.958126;1195;0;0;0;8;0.0;0;0;1;1;1;1;54;0;0;0;0;0;0;0;0;0;0;0;0;0;0;0;0;0
724163575;1200.0;0.28181258;544.98474;0.0;14548;0;20.999413;1196;0;0;0;8;0.0;0;0;1;1;1;1;54;0;0;0;0;0;0;0;0;0;0;0;0;0;0;0;0;0
725173630;1200.0;0.28181258;978.2818;0.0;14562;0;20.79344;1198;0;0;0;8;0.0;0;0;1;1;1;1;54;0;0;0;0;0;0;0;0;0;0;0;0;0;0;0;0;0
725414551;1200.0;0.28181258;491.50845;0.0;14565;0;41.95804;1198;0;0;0;8;0.0;0;0;1;1;1;1;54;0;0;0;0;0;0;0;0;0;0;0;0;0;0;0;0;0
726675551;1200.0;0.28181258;624.3756;0.0;14586;0;41.95804;1200;0;0;0;8;0.0;0;0;1;1;1;1;54;0;0;0;0;0;0;0;0;0;0;0;0;0;0;0;0;0
727936550;1200.0;0.28181258;598.9868;0.0;14615;0;20.999537;1203;0;0;0;8;0.0;0;0;1;1;1;1;54;0;0;0;0;0;0;0;0;0;0;0;0;0;0;0;0;0
729186551;1200.0;0.28181258;875.7713;0.0;14633;0;41.94116;1205;0;0;0;8;0.0;0;0;1;1;1;1;54;0;0;0;0;0;0;0;0;0;0;0;0;0;0;0;0;0
730186566;1200.0;0.28181258;688.28436;0.0;14648;0;41.594166;1206;0;0;0;8;0.0;0;0;1;1;1;1;54;0;0;0;0;0;0;0;0;0;0;0;0;0;0;0;0;0
730446777;1200.0;0.28181258;487.20786;0.0;14649;0;20.795456;1206;0;0;0;8;0.0;0;0;1;1;1;1;54;0;0;0;0;0;0;0;0;0;0;0;0;0;0;0;0;0
731698551;1200.0;0.28181258;994.0229;0.0;14678;0;41.958755;1209;0;0;0;8;0.0;0;0;1;1;1;1;54;0;0;0;0;0;0;0;0;0;0;0;0;0;0;0;0;0
732958584;1200.0;0.28181258;558.27423;0.0;14704;0;41.945473;1211;0;0;0;8;0.0;0;0;1;1;1;1;54;0;0;0;0;0;0;0;0;0;0;0;0;0;0;0;0;0
734219550;1200.0;0.28181258;599.98444;0.0;14720;0;20.999454;1212;0;0;0;8;0.0;0;0;1;1;1;1;54;0;0;0;0;0;0;0;0;0;0;0;0;0;0;0;0;0
735219551;1200.0;0.28181258;602.5944;0.0;14744;0;20.985876;1214;0;0;0;8;0.0;0;0;1;1;1;1;54;0;0;0;0;0;0;0;0;0;0;0;0;0;0;0;0;0
735469592;1200.0;0.28181258;920.7711;0.0;14748;0;41.58321;1214;0;0;0;8;0.0;0;0;1;1;1;1;54;0;0;0;0;0;0;0;0;0;0;0;0;0;0;0;0;0
736729552;1200.0;0.28181258;574.25745;0.0;14767;0;20.79208;1215;0;0;0;8;0.0;0;0;1;1;1;1;54;0;0;0;0;0;0;0;0;0;0;0;0;0;0;0;0;0
737990597;1200.0;0.28181258;593.4202;0.0;14786;0;20.979502;1218;0;0;0;8;0.0;0;0;1;1;1;1;54;0;0;0;0;0;0;0;0;0;0;0;0;0;0;0;0;0
739250550;1200.0;0.28181258;881.168;0.0;14813;0;41.58321;1219;0;0;0;8;0.0;0;0;1;1;1;1;54;0;0;0;0;0;0;0;0;0;0;0;0;0;0;0;0;0
740250552;1200.0;0.28181258;598.9797;0.0;14830;0;20.999287;1220;0;0;0;8;0.0;0;0;1;1;1;1;54;0;0;0;0;0;0;0;0;0;0;0;0;0;0;0;0;0
740510661;1200.0;0.28181258;605.88837;0.0;14833;0;20.790289;1220;0;0;0;8;0.0;0;0;1;1;1;1;54;0;0;0;0;0;0;0;0;0;0;0;0;0;0;0;0;0
741771552;1200.0;0.28181258;636.45514;0.0;14863;0;41.964077;1222;0;0;0;8;0.0;0;0;1;1;1;1;54;0;0;0;0;0;0;0;0;0;0;0;0;0;0;0;0;0
743021551;1200.0;0.28181258;876.9798;0.0;14881;0;20.999517;1224;0;0;0;8;0.0;0;0;1;1;1;1;54;0;0;0;0;0;0;0;0;0;0;0;0;0;0;0;0;0
744023550;1200.0;0.28181258;583.16833;0.0;14898;0;20.79208;1226;0;0;0;8;0.0;0;0;1;1;1;1;54;0;0;0;0;0;0;0;0;0;0;0;0;0;0;0;0;0
745284591;1200.0;0.28181258;635.7051;0.0;14915;0;41.848927;1227;0;0;0;8;0.0;0;0;1;1;1;1;54;0;0;0;0;0;0;0;0;0;0;0;0;0;0;0;0;0
745534588;1200.0;0.28181258;825.25165;0.0;14928;0;20.804665;1227;0;0;0;8;0.0;0;0;1;1;1;1;54;0;0;0;0;0;0;0;0;0;0;0;0;0;0;0;0;0
746794569;1200.0;0.28181258;596.99066;0.0;14947;0;20.79072;1229;0;0;0;8;0.0;0;0;1;1;1;1;54;0;0;0;0;0;0;0;0;0;0;0;0;0;0;0;0;0
748054552;1200.0;0.28181258;658.4322;0.0;14968;0;41.58519;1231;0;0;0;8;0.0;0;0;1;1;1;1;54;0;0;0;0;0;0;0;0;0;0;0;0;0;0;0;0;0
749055552;1200.0;0.28181258;543.42926;0.0;14992;0;20.786913;1232;0;0;0;8;0.0;0;0;1;1;1;1;54;0;0;0;0;0;0;0;0;0;0;0;0;0;0;0;0;0
749315581;1200.0;0.28181258;543.42926;0.0;14995;0;20.786913;1232;0;0;0;8;0.0;0;0;1;1;1;1;54;0;0;0;0;0;0;0;0;0;0;0;0;0;0;0;0;0
750567079;1200.0;0.28181258;504.49957;0.0;15014;0;41.95838;1234;0;0;0;8;0.0;0;0;1;1;1;1;54;0;0;0;0;0;0;0;0;0;0;0;0;0;0;0;0;0
751826878;1200.0;0.28181258;698.98535;0.0;15034;0;20.99956;1236;0;0;0;8;0.0;0;0;1;1;1;1;54;0;0;0;0;0;0;0;0;0;0;0;0;0;0;0;0;0
753086551;1200.0;0.28181258;534.6651;0.0;15061;0;20.79253;1238;0;0;0;8;0.0;0;0;1;1;1;1;54;0;0;0;0;0;0;0;0;0;0;0;0;0;0;0;0;0
754088551;1200.0;0.28181258;952.026;0.0;15080;0;41.957077;1239;0;0;0;8;0.0;0;0;1;1;1;1;54;0;0;0;0;0;0;0;0;0;0;0;0;0;0;0;0;0
754338606;1200.0;0.28181258;952.026;0.0;15082;0;41.957077;1239;0;0;0;8;0.0;0;0;1;1;1;1;54;0;0;0;0;0;0;0;0;0;0;0;0;0;0;0;0;0
755599768;1200.0;0.28181258;548.44934;0.0;15099;0;20.978937;1240;0;0;0;8;0.0;0;0;1;1;1;1;54;0;0;0;0;0;0;0;0;0;0;0;0;0;0;0;0;0
756850552;1200.0;0.28181258;983.9675;0.0;15129;0;41.99861;1242;0;0;0;8;0.0;0;0;1;1;1;1;54;0;0;0;0;0;0;0;0;0;0;0;0;0;0;0;0;0
758111728;1200.0;0.28181258;447.54886;0.0;15146;0;20.978853;1244;0;0;0;8;0.0;0;0;1;1;1;1;54;0;0;0;0;0;0;0;0;0;0;0;0;0;0;0;0;0
759121589;1200.0;0.28181258;650.3789;0.0;15162;0;20.979965;1246;0;0;0;8;0.0;0;0;1;1;1;1;54;0;0;0;0;0;0;0;0;0;0;0;0;0;0;0;0;0
759372068;1200.0;0.28181258;535.97534;0.0;15166;0;41.998066;1246;0;0;0;8;0.0;0;0;1;1;1;1;54;0;0;0;0;0;0;0;0;0;0;0;0;0;0;0;0;0
760622631;1200.0;0.28181258;973.01245;0.0;15195;0;41.957417;1248;0;0;0;8;0.0;0;0;1;1;1;1;54;0;0;0;0;0;0;0;0;0;0;0;0;0;0;0;0;0
761883550;1200.0;0.28181258;686.3247;0.0;15216;0;20.979357;1250;0;0;0;8;0.0;0;0;1;1;1;1;54;0;0;0;0;0;0;0;0;0;0;0;0;0;0;0;0;0
763136212;1200.0;0.28181258;456.4537;0.0;15243;0;41.585804;1253;0;0;0;8;0.0;0;0;1;1;1;1;54;0;0;0;0;0;0;0;0;0;0;0;0;0;0;0;0;0
764145551;1200.0;0.28181258;986.01715;0.0;15258;0;41.91571;1254;0;0;0;8;0.0;0;0;1;1;1;1;54;0;0;0;0;0;0;0;0;0;0;0;0;0;0;0;0;0
764395551;1200.0;0.28181258;526.74054;0.0;15260;0;20.792389;1254;0;0;0;8;0.0;0;0;1;1;1;1;54;0;0;0;0;0;0;0;0;0;0;0;0;0;0;0;0;0
765647578;1200.0;0.28181258;663.33734;0.0;15281;0;41.958084;1257;0;0;0;8;0.0;0;0;1;1;1;1;54;0;0;0;0;0;0;0;0;0;0;0;0;0;0;0;0;0
766899549;1200.0;0.28181258;490.51715;0.0;15308;0;41.873417;1260;0;0;0;8;0.0;0;0;1;1;1;1;54;0;0;0;0;0;0;0;0;0;0;0;0;0;0;0;0;0
768149571;1200.0;0.28181258;955.4663;0.0;15329;0;41.58506;1262;0;0;0;8;0.0;0;0;1;1;1;1;54;0;0;0;0;0;0;0;0;0;0;0;0;0;0;0;0;0
769149572;1200.0;0.28181258;700.0;0.0;15346;0;41.58416;1264;0;0;0;8;0.0;0;0;1;1;1;1;54;0;0;0;0;0;0;0;0;0;0;0;0;0;0;0;0;0
769409604;1200.0;0.28181258;491.97244;0.0;15347;0;41.997646;1264;0;0;0;8;0.0;0;0;1;1;1;1;54;0;0;0;0;0;0;0;0;0;0;0;0;0;0;0;0;0
770660969;1200.0;0.28181258;987.0693;0.0;15376;0;20.980217;1265;0;0;0;8;0.0;0;0;1;1;1;1;54;0;0;0;0;0;0;0;0;0;0;0;0;0;0;0;0;0
771921571;1200.0;0.28181258;525.46405;0.0;15397;0;41.957207;1269;0;0;0;8;0.0;0;0;1;1;1;1;54;0;0;0;0;0;0;0;0;0;0;0;0;0;0;0;0;0
773173568;1200.0;0.28181258;635.4793;0.0;15414;0;41.899734;1270;0;0;0;8;0.0;0;0;1;1;1;1;54;0;0;0;0;0;0;0;0;0;0;0;0;0;0;0;0;0
774173657;1200.0;0.28181258;540.80286;0.0;15439;0;20.80011;1272;0;0;0;8;0.0;0;0;1;1;1;1;54;0;0;0;0;0;0;0;0;0;0;0;0;0;0;0;0;0
774433620;1200.0;0.28181258;868.28766;0.0;15441;0;41.58276;1272;0;0;0;8;0.0;0;0;1;1;1;1;54;0;0;0;0;0;0;0;0;0;0;0;0;0;0;0;0;0
775693565;1200.0;0.28181258;715.8182;0.0;15462;0;41.582798;1274;0;0;0;8;0.0;0;0;1;1;1;1;54;0;0;0;0;0;0;0;0;0;0;0;0;0;0;0;0;0
776944642;1200.0;0.28181258;531.5158;0.0;15482;0;20.980886;1276;0;0;0;8;0.0;0;0;1;1;1;1;54;0;0;0;0;0;0;0;0;0;0;0;0;0;0;0;0;0
778195591;1200.0;0.28181258;945.83856;0.0;15510;0;41.94849;1279;0;0;0;8;0.0;0;0;1;1;1;1;54;0;0;0;0;0;0;0;0;0;0;0;0;0;0;0;0;0
779196724;1200.0;0.28181258;540.70386;0.0;15524;0;41.5926;1280;0;0;0;8;0.0;0;0;1;1;1;1;54;0;0;0;0;0;0;0;0;0;0;0;0;0;0;0;0;0
779446552;1200.0;0.28181258;540.70386;0.0;15526;0;41.5926;1280;0;0;0;8;0.0;0;0;1;1;1;1;54;0;0;0;0;0;0;0;0;0;0;0;0;0;0;0;0;0
780706551;1200.0;0.28181258;606.2077;0.0;15548;0;41.60249;1283;0;0;0;8;0.0;0;0;1;1;1;1;54;0;0;0;0;0;0;0;0;0;0;0;0;0;0;0;0;0
781967556;1200.0;0.28181258;889.1001;0.0;15575;0;41.583748;1285;0;0;0;8;0.0;0;0;1;1;1;1;54;0;0;0;0;0;0;0;0;0;0;0;0;0;0;0;0;0
783218550;1200.0;0.28181258;752.48975;0.0;15596;0;20.957937;1287;0;0;0;8;0.0;0;0;1;1;1;1;54;0;0;0;0;0;0;0;0;0;0;0;0;0;0;0;0;0
784218895;1200.0;0.28181258;504.99896;0.0;15611;0;41.999916;1289;0;0;0;8;0.0;0;0;1;1;1;1;54;0;0;0;0;0;0;0;0;0;0;0;0;0;0;0;0;0
784468552;1200.0;0.28181258;504.99896;0.0;15624;0;41.999916;1289;0;0;0;8;0.0;0;0;1;1;1;1;54;0;0;0;0;0;0;0;0;0;0;0;0;0;0;0;0;0
785719609;1200.0;0.28181258;545.454;0.0;15640;0;20.979;1290;0;0;0;8;0.0;0;0;1;1;1;1;54;0;0;0;0;0;0;0;0;0;0;0;0;0;0;0;0;0
786979624;1200.0;0.28181258;508.9781;0.0;15661;0;41.99819;1294;0;0;0;8;0.0;0;0;1;1;1;1;54;0;0;0;0;0;0;0;0;0;0;0;0;0;0;0;0;0
788229590;1200.0;0.28181258;597.0557;0.0;15688;0;41.58597;1295;0;0;0;8;0.0;0;0;1;1;1;1;54;0;0;0;0;0;0;0;0;0;0;0;0;0;0;0;0;0
789230550;1200.0;0.28181258;916.9789;0.0;15703;0;20.999517;1297;0;0;0;8;0.0;0;0;1;1;1;1;54;0;0;0;0;0;0;0;0;0;0;0;0;0;0;0;0;0
789480552;1200.0;0.28181258;916.9789;0.0;15709;0;20.999517;1297;0;0;0;8;0.0;0;0;1;1;1;1;54;0;0;0;0;0;0;0;0;0;0;0;0;0;0;0;0;0
790731563;1200.0;0.28181258;593.92395;0.0;15728;0;41.994625;1299;0;0;0;8;0.0;0;0;1;1;1;1;54;0;0;0;0;0;0;0;0;0;0;0;0;0;0;0;0;0
791993559;1200.0;0.28181258;896.29877;0.0;15756;0;20.960217;1301;0;0;0;8;0.0;0;0;1;1;1;1;54;0;0;0;0;0;0;0;0;0;0;0;0;0;0;0;0;0
793243590;1200.0;0.28181258;611.4039;0.0;15776;0;20.979546;1303;0;0;0;8;0.0;0;0;1;1;1;1;54;0;0;0;0;0;0;0;0;0;0;0;0;0;0;0;0;0
794253571;1200.0;0.28181258;539.98865;0.0;15789;0;41.99912;1304;0;0;0;8;0.0;0;0;1;1;1;1;54;0;0;0;0;0;0;0;0;0;0;0;0;0;0;0;0;0
794503552;1200.0;0.28181258;539.98865;0.0;15793;0;41.99912;1304;0;0;0;8;0.0;0;0;1;1;1;1;54;0;0;0;0;0;0;0;0;0;0;0;0;0;0;0;0;0
795753582;1200.0;0.28181258;881.17596;0.0;15822;0;20.791792;1306;0;0;0;8;0.0;0;0;1;1;1;1;54;0;0;0;0;0;0;0;0;0;0;0;0;0;0;0;0;0
797013551;1200.0;0.28181258;660.9577;0.0;15842;0;41.99731;1308;0;0;0;8;0.0;0;0;1;1;1;1;54;0;0;0;0;0;0;0;0;0;0;0;0;0;0;0;0;0
798263625;1200.0;0.28181258;618.8591;0.0;15861;0;20.793665;1309;0;0;0;8;0.0;0;0;1;1;1;1;54;0;0;0;0;0;0;0;0;0;0;0;0;0;0;0;0;0
799264552;1200.0;0.28181258;845.1557;0.0;15884;0;20.979042;1311;0;0;0;8;0.0;0;0;1;1;1;1;54;0;0;0;0;0;0;0;0;0;0;0;0;0;0;0;0;0
799524807;1200.0;0.28181258;845.1557;0.0;15888;0;20.979042;1311;0;0;0;8;0.0;0;0;1;1;1;1;54;0;0;0;0;0;0;0;0;0;0;0;0;0;0;0;0;0
800774551;1200.0;0.28181258;574.258;0.0;15908;0;20.792099;1312;0;0;0;8;0.0;0;0;1;1;1;1;54;0;0;0;0;0;0;0;0;0;0;0;0;0;0;0;0;0
802025550;1200.0;0.28181258;582.40533;0.0;15927;0;41.95716;1316;0;0;0;8;0.0;0;0;1;1;1;1;54;0;0;0;0;0;0;0;0;0;0;0;0;0;0;0;0;0
803025551;1200.0;0.28181258;921.74207;0.0;15951;0;41.582348;1317;0;0;0;8;0.0;0;0;1;1;1;1;54;0;0;0;0;0;0;0;0;0;0;0;0;0;0;0;0;0
803285665;1200.0;0.28181258;921.74207;0.0;15954;0;41.582348;1317;0;0;0;8;0.0;0;0;1;1;1;1;54;0;0;0;0;0;0;0;0;0;0;0;0;0;0;0;0;0
804535565;1200.0;0.28181258;558.439;0.0;15975;0;20.792944;1319;0;0;0;8;0.0;0;0;1;1;1;1;54;0;0;0;0;0;0;0;0;0;0;0;0;0;0;0;0;0
805786572;1200.0;0.28181258;539.4713;0.0;16005;0;41.95888;1322;0;0;0;8;0.0;0;0;1;1;1;1;54;0;0;0;0;0;0;0;0;0;0;0;0;0;0;0;0;0
807037550;1200.0;0.28181258;939.0609;0.0;16021;0;41.95804;1325;0;0;0;8;0.0;0;0;1;1;1;1;54;0;0;0;0;0;0;0;0;0;0;0;0;0;0;0;0;0
808038659;1200.0;0.28181258;547.5399;0.0;16037;0;41.58531;1327;0;0;0;8;0.0;0;0;1;1;1;1;54;0;0;0;0;0;0;0;0;0;0;0;0;0;0;0;0;0
808298550;1200.0;0.28181258;547.5399;0.0;16041;0;41.58531;1327;0;0;0;8;0.0;0;0;1;1;1;1;54;0;0;0;0;0;0;0;0;0;0;0;0;0;0;0;0;0
809558565;1200.0;0.28181258;588.39923;0.0;16068;0;41.95716;1329;0;0;0;8;0.0;0;0;1;1;1;1;54;0;0;0;0;0;0;0;0;0;0;0;0;0;0;0;0;0
810809589;1200.0;0.28181258;527.76196;0.0;16092;0;41.587246;1332;0;0;0;8;0.0;0;0;1;1;1;1;54;0;0;0;0;0;0;0;0;0;0;0;0;0;0;0;0;0
812060572;1200.0;0.28181258;670.6587;0.0;16107;0;41.91617;1335;0;0;0;8;0.0;0;0;1;1;1;1;54;0;0;0;0;0;0;0;0;0;0;0;0;0;0;0;0;0
813070551;1200.0;0.28181258;570.97437;0.0;16133;0;41.99811;1336;0;0;0;8;0.0;0;0;1;1;1;1;54;0;0;0;0;0;0;0;0;0;0;0;0;0;0;0;0;0
813310570;1200.0;0.28181258;570.97437;0.0;16136;0;41.99811;1337;0;0;0;8;0.0;0;0;1;1;1;1;54;0;0;0;0;0;0;0;0;0;0;0;0;0;0;0;0;0
814573070;1200.0;0.28181258;929.72314;0.0;16156;0;41.58506;1339;0;0;0;8;0.0;0;0;1;1;1;1;54;0;0;0;0;0;0;0;0;0;0;0;0;0;0;0;0;0
815822581;1200.0;0.28181258;491.99954;0.0;16174;0;41.99996;1342;0;0;0;8;0.0;0;0;1;1;1;1;54;0;0;0;0;0;0;0;0;0;0;0;0;0;0;0;0;0
817074572;1200.0;0.28181258;956.0439;0.0;16202;0;41.95804;1345;0;0;0;8;0.0;0;0;1;1;1;1;54;0;0;0;0;0;0;0;0;0;0;0;0;0;0;0;0;0
818076550;1200.0;0.28181258;530.4093;0.0;16219;0;41.87442;1347;0;0;0;8;0.0;0;0;1;1;1;1;54;0;0;0;0;0;0;0;0;0;0;0;0;0;0;0;0;0
818336554;1200.0;0.28181258;530.4093;0.0;16222;0;41.87442;1347;0;0;0;8;0.0;0;0;1;1;1;1;54;0;0;0;0;0;0;0;0;0;0;0;0;0;0;0;0;0
819586550;1200.0;0.28181258;736.633;0.0;16240;0;41.584118;1349;0;0;0;8;0.0;0;0;1;1;1;1;54;0;0;0;0;0;0;0;0;0;0;0;0;0;0;0;0;0
820836641;1200.0;0.28181258;954.5628;0.0;16270;0;41.980774;1352;0;0;0;8;0.0;0;0;1;1;1;1;54;0;0;0;0;0;0;0;0;0;0;0;0;0;0;0;0;0
822096550;1200.0;0.28181258;628.0436;0.0;16289;0;41.60541;1355;0;0;0;8;0.0;0;0;1;1;1;1;54;0;0;0;0;0;0;0;0;0;0;0;0;0;0;0;0;0
823097046;1200.0;0.28181258;460.99957;0.0;16303;0;41.99996;1357;0;0;0;8;0.0;0;0;1;1;1;1;54;0;0;0;0;0;0;0;0;0;0;0;0;0;0;0;0;0
823346551;1200.0;0.28181258;460.99957;0.0;16307;0;41.99996;1357;0;0;0;8;0.0;0;0;1;1;1;1;54;0;0;0;0;0;0;0;0;0;0;0;0;0;0;0;0;0
824597570;1200.0;0.28181258;978.1733;0.0;16333;0;41.582264;1359;0;0;0;8;0.0;0;0;1;1;1;1;54;0;0;0;0;0;0;0;0;0;0;0;0;0;0;0;0;0
825857876;1200.0;0.28181258;721.9235;0.0;16357;0;41.99555;1362;0;0;0;8;0.0;0;0;1;1;1;1;54;0;0;0;0;0;0;0;0;0;0;0;0;0;0;0;0;0
827117618;1200.0;0.28181258;540.5609;0.0;16383;0;62.37241;1365;0;0;0;8;0.0;0;0;1;1;1;1;54;0;0;0;0;0;0;0;0;0;0;0;0;0;0;0;0;0
828117783;1200.0;0.28181258;899.16486;0.0;16398;0;20.795664;1367;0;0;0;8;0.0;0;0;1;1;1;1;54;0;0;0;0;0;0;0;0;0;0;0;0;0;0;0;0;0
828377549;1200.0;0.28181258;899.16486;0.0;16400;0;20.795664;1367;0;0;0;8;0.0;0;0;1;1;1;1;54;0;0;0;0;0;0;0;0;0;0;0;0;0;0;0;0;0
829627837;1200.0;0.28181258;619.65796;0.0;16420;0;41.97683;1369;0;0;0;8;0.0;0;0;1;1;1;1;54;0;0;0;0;0;0;0;0;0;0;0;0;0;0;0;0;0
830877611;1200.0;0.28181258;999.0336;0.0;16450;0;20.792572;1372;0;0;0;8;0.0;0;0;1;1;1;1;54;0;0;0;0;0;0;0;0;0;0;0;0;0;0;0;0;0
832127552;1200.0;0.28181258;499.9;0.0;16471;0;20.78792;1374;0;0;0;8;0.0;0;0;1;1;1;1;54;0;0;0;0;0;0;0;0;0;0;0;0;0;0;0;0;0
833127609;1200.0;0.28181258;702.08936;0.0;16484;0;62.385937;1376;0;0;0;8;0.0;0;0;1;1;1;1;54;0;0;0;0;0;0;0;0;0;0;0;0;0;0;0;0;0
833378571;1200.0;0.28181258;702.08936;0.0;16487;0;62.385937;1376;0;0;0;8;0.0;0;0;1;1;1;1;54;0;0;0;0;0;0;0;0;0;0;0;0;0;0;0;0;0
834638551;1200.0;0.28181258;545.32166;0.0;16516;0;20.97391;1378;0;0;0;8;0.0;0;0;1;1;1;1;54;0;0;0;0;0;0;0;0;0;0;0;0;0;0;0;0;0
835898550;1200.0;0.28181258;644.5583;0.0;16536;0;62.376606;1381;0;0;0;8;0.0;0;0;1;1;1;1;54;0;0;0;0;0;0;0;0;0;0;0;0;0;0;0;0;0
837158641;1200.0;0.28181258;531.9989;0.0;16553;0;20.999958;1384;0;0;0;8;0.0;0;0;1;1;1;1;54;0;0;0;0;0;0;0;0;0;0;0;0;0;0;0;0;0
838159573;1200.0;0.28181258;937.6062;0.0;16577;0;41.583378;1386;0;0;0;8;0.0;0;0;1;1;1;1;54;0;0;0;0;0;0;0;0;0;0;0;0;0;0;0;0;0
838409582;1200.0;0.28181258;937.6062;0.0;16582;0;41.583378;1386;0;0;0;8;0.0;0;0;1;1;1;1;54;0;0;0;0;0;0;0;0;0;0;0;0;0;0;0;0;0
839661848;1200.0;0.28181258;545.44855;0.0;16602;0;62.93637;1388;0;0;0;8;0.0;0;0;1;1;1;1;54;0;0;0;0;0;0;0;0;0;0;0;0;0;0;0;0;0
840922583;1200.0;0.28181258;592.4082;0.0;16623;0;41.958084;1391;0;0;0;8;0.0;0;0;1;1;1;1;54;0;0;0;0;0;0;0;0;0;0;0;0;0;0;0;0;0
842182621;1200.0;0.28181258;907.90643;0.0;16650;0;62.37525;1394;0;0;0;8;0.0;0;0;1;1;1;1;54;0;0;0;0;0;0;0;0;0;0;0;0;0;0;0;0;0
843193065;1200.0;0.28181258;681.98914;0.0;16665;0;20.999664;1396;0;0;0;8;0.0;0;0;1;1;1;1;54;0;0;0;0;0;0;0;0;0;0;0;0;0;0;0;0;0
843443733;1200.0;0.28181258;681.98914;0.0;16669;0;20.999664;1396;0;0;0;8;0.0;0;0;1;1;1;1;54;0;0;0;0;0;0;0;0;0;0;0;0;0;0;0;0;0
844693549;1200.0;0.28181258;504.50006;0.0;16696;0;41.95842;1398;0;0;0;8;0.0;0;0;1;1;1;1;54;0;0;0;0;0;0;0;0;0;0;0;0;0;0;0;0;0
845953608;1200.0;0.28181258;580.3198;0.0;16715;0;41.592888;1402;0;0;0;8;0.0;0;0;1;1;1;1;54;0;0;0;0;0;0;0;0;0;0;0;0;0;0;0;0;0
847206572;1200.0;0.28181258;579.23737;0.0;16737;0;41.872578;1404;0;0;0;8;0.0;0;0;1;1;1;1;54;0;0;0;0;0;0;0;0;0;0;0;0;0;0;0;0;0
848207551;1200.0;0.28181258;602.35065;0.0;16759;0;41.954773;1406;0;0;0;8;0.0;0;0;1;1;1;1;54;0;0;0;0;0;0;0;0;0;0;0;0;0;0;0;0;0
848467586;1200.0;0.28181258;602.35065;0.0;16764;0;41.954773;1406;0;0;0;8;0.0;0;0;1;1;1;1;54;0;0;0;0;0;0;0;0;0;0;0;0;0;0;0;0;0
849727570;1200.0;0.28181258;868.4209;0.0;16782;0;41.58914;1408;0;0;0;8;0.0;0;0;1;1;1;1;54;0;0;0;0;0;0;0;0;0;0;0;0;0;0;0;0;0
850987549;1200.0;0.28181258;609.2228;0.0;16802;0;41.605457;1412;0;0;0;8;0.0;0;0;1;1;1;1;54;0;0;0;0;0;0;0;0;0;0;0;0;0;0;0;0;0
852237596;1200.0;0.28181258;832.92505;0.0;16830;0;41.99622;1414;0;0;0;8;0.0;0;0;1;1;1;1;54;0;0;0;0;0;0;0;0;0;0;0;0;0;0;0;0;0
853247682;1200.0;0.28181258;609.95593;0.0;16845;0;41.587906;1416;0;0;0;8;0.0;0;0;1;1;1;1;54;0;0;0;0;0;0;0;0;0;0;0;0;0;0;0;0;0
853497683;1200.0;0.28181258;609.95593;0.0;16851;0;41.587906;1416;0;0;0;8;0.0;0;0;1;1;1;1;54;0;0;0;0;0;0;0;0;0;0;0;0;0;0;0;0;0
854747583;1200.0;0.28181258;651.9994;0.0;16869;0;41.99996;1419;0;0;0;8;0.0;0;0;1;1;1;1;54;0;0;0;0;0;0;0;0;0;0;0;0;0;0;0;0;0
856008569;1200.0;0.28181258;889.15173;0.0;16897;0;41.95997;1421;0;0;0;8;0.0;0;0;1;1;1;1;54;0;0;0;0;0;0;0;0;0;0;0;0;0;0;0;0;0
857268739;1200.0;0.28181258;564.3861;0.0;16915;0;41.58634;1424;0;0;0;8;0.0;0;0;1;1;1;1;54;0;0;0;0;0;0;0;0;0;0;0;0;0;0;0;0;0
858269572;1200.0;0.28181258;620.99005;0.0;16931;0;41.99933;1426;0;0;0;8;0.0;0;0;1;1;1;1;54;0;0;0;0;0;0;0;0;0;0;0;0;0;0;0;0;0
858519551;1200.0;0.28181258;620.99005;0.0;16934;0;41.99933;1426;0;0;0;8;0.0;0;0;1;1;1;1;54;0;0;0;0;0;0;0;0;0;0;0;0;0;0;0;0;0
859770576;1200.0;0.28181258;551.5599;0.0;16962;0;41.89062;1429;0;0;0;8;0.0;0;0;1;1;1;1;54;0;0;0;0;0;0;0;0;0;0;0;0;0;0;0;0;0
861030585;1200.0;0.28181258;626.65326;0.0;16983;0;41.578888;1432;0;0;0;8;0.0;0;0;1;1;1;1;54;0;0;0;0;0;0;0;0;0;0;0;0;0;0;0;0;0
862283550;1200.0;0.28181258;601.4893;0.0;17002;0;41.96437;1434;0;0;0;8;0.0;0;0;1;1;1;1;54;0;0;0;0;0;0;0;0;0;0;0;0;0;0;0;0;0
863283551;1200.0;0.28181258;929.14264;0.0;17026;0;41.91621;1436;0;0;0;8;0.0;0;0;1;1;1;1;54;0;0;0;0;0;0;0;0;0;0;0;0;0;0;0;0;0
863543610;1200.0;0.28181258;929.14264;0.0;17030;0;41.91621;1436;0;0;0;8;0.0;0;0;1;1;1;1;54;0;0;0;0;0;0;0;0;0;0;0;0;0;0;0;0;0
864793596;1200.0;0.28181258;443.54196;0.0;17049;0;41.582058;1438;0;0;0;8;0.0;0;0;1;1;1;1;54;0;0;0;0;0;0;0;0;0;0;0;0;0;0;0;0;0
866057620;1200.0;0.28181258;609.20044;0.0;17077;0;41.876297;1442;0;0;0;8;0.0;0;0;1;1;1;1;54;0;0;0;0;0;0;0;0;0;0;0;0;0;0;0;0;0
867057707;1200.0;0.28181258;885.11487;0.0;17092;0;41.95804;1444;0;0;0;8;0.0;0;0;1;1;1;1;54;0;0;0;0;0;0;0;0;0;0;0;0;0;0;0;0;0
867307569;1200.0;0.28181258;885.11487;0.0;17094;0;41.95804;1444;0;0;0;8;0.0;0;0;1;1;1;1;54;0;0;0;0;0;0;0;0;0;0;0;0;0;0;0;0;0
868558582;1200.0;0.28181258;678.31287;0.0;17116;0;41.957497;1446;0;0;0;8;0.0;0;0;1;1;1;1;54;0;0;0;0;0;0;0;0;0;0;0;0;0;0;0;0;0
869819822;1200.0;0.28181258;491.51437;0.0;17144;0;41.958546;1448;0;0;0;8;0.0;0;0;1;1;1;1;54;0;0;0;0;0;0;0;0;0;0;0;0;0;0;0;0;0
871080710;1200.0;0.28181258;525.4094;0.0;17164;0;41.952843;1451;0;0;0;8;0.0;0;0;1;1;1;1;54;0;0;0;0;0;0;0;0;0;0;0;0;0;0;0;0;0
872090591;1200.0;0.28181258;644.72174;0.0;17179;0;41.594948;1453;0;0;0;8;0.0;0;0;1;1;1;1;54;0;0;0;0;0;0;0;0;0;0;0;0;0;0;0;0;0
872330550;1200.0;0.28181258;644.72174;0.0;17180;0;41.594948;1453;0;0;0;8;0.0;0;0;1;1;1;1;54;0;0;0;0;0;0;0;0;0;0;0;0;0;0;0;0;0
873590549;1200.0;0.28181258;522.9995;0.0;17209;0;41.99996;1455;0;0;0;8;0.0;0;0;1;1;1;1;54;0;0;0;0;0;0;0;0;0;0;0;0;0;0;0;0;0
874845023;1200.0;0.28181258;986.015;0.0;17233;0;62.937126;1458;0;0;0;8;0.0;0;0;1;1;1;1;54;0;0;0;0;0;0;0;0;0;0;0;0;0;0;0;0;0
876105655;1200.0;0.28181258;447.55243;0.0;17251;0;41.95804;1461;0;0;0;8;0.0;0;0;1;1;1;1;54;0;0;0;0;0;0;0;0;0;0;0;0;0;0;0;0;0
877115595;1200.0;0.28181258;1000.999;0.0;17274;0;62.99994;1463;0;0;0;8;0.0;0;0;1;1;1;1;54;0;0;0;0;0;0;0;0;0;0;0;0;0;0;0;0;0
877355781;1200.0;0.28181258;1000.999;0.0;17277;0;62.99994;1463;0;0;0;8;0.0;0;0;1;1;1;1;54;0;0;0;0;0;0;0;0;0;0;0;0;0;0;0;0;0
878615614;1200.0;0.28181258;526.73315;0.0;17296;0;20.792099;1465;0;0;0;8;0.0;0;0;1;1;1;1;54;0;0;0;0;0;0;0;0;0;0;0;0;0;0;0;0;0
879866610;1200.0;0.28181258;596.38983;0.0;17316;0;41.957077;1469;0;0;0;8;0.0;0;0;1;1;1;1;54;0;0;0;0;0;0;0;0;0;0;0;0;0;0;0;0;0
881126570;1200.0;0.28181258;919.82837;0.0;17344;0;20.792675;1471;0;0;0;8;0.0;0;0;1;1;1;1;54;0;0;0;0;0;0;0;0;0;0;0;0;0;0;0;0;0
882127550;1200.0;0.28181258;678.3352;0.0;17361;0;41.95888;1472;0;0;0;8;0.0;0;0;1;1;1;1;54;0;0;0;0;0;0;0;0;0;0;0;0;0;0;0;0;0
882387550;1200.0;0.28181258;678.3352;0.0;17364;0;41.95888;1473;0;0;0;8;0.0;0;0;1;1;1;1;54;0;0;0;0;0;0;0;0;0;0;0;0;0;0;0;0;0
883638551;1200.0;0.28181258;544.988;0.0;17384;0;62.99861;1475;0;0;0;8;0.0;0;0;1;1;1;1;54;0;0;0;0;0;0;0;0;0;0;0;0;0;0;0;0;0
884890612;1200.0;0.28181258;987.05536;0.0;17411;0;20.979921;1478;0;0;0;8;0.0;0;0;1;1;1;1;54;0;0;0;0;0;0;0;0;0;0;0;0;0;0;0;0;0
886150592;1200.0;0.28181258;609.9091;0.0;17429;0;49.99255;1481;0;0;0;8;0.0;0;0;1;1;1;1;54;0;0;0;0;0;0;0;0;0;0;0;0;0;0;0;0;0
887160580;1200.0;0.28181258;541.86456;0.0;17445;0;20.994751;1483;0;0;0;8;0.0;0;0;1;1;1;1;54;0;0;0;0;0;0;0;0;0;0;0;0;0;0;0;0;0
887400550;1200.0;0.28181258;541.86456;0.0;17457;0;20.994751;1483;0;0;0;8;0.0;0;0;1;1;1;1;54;0;0;0;0;0;0;0;0;0;0;0;0;0;0;0;0;0
888661551;1200.0;0.28181258;876.43384;0.0;17477;0;62.959328;1485;0;0;0;8;0.0;0;0;1;1;1;1;54;0;0;0;0;0;0;0;0;0;0;0;0;0;0;0;0;0
889921550;1200.0;0.28181258;759.43976;0.0;17497;0;41.58601;1488;0;0;0;8;0.0;0;0;1;1;1;1;54;0;0;0;0;0;0;0;0;0;0;0;0;0;0;0;0;0
891172573;1200.0;0.28181258;993.9921;0.0;17526;0;41.957455;1491;0;0;0;8;0.0;0;0;1;1;1;1;54;0;0;0;0;0;0;0;0;0;0;0;0;0;0;0;0;0
892182748;1200.0;0.28181258;553.4736;0.0;17539;0;62.377167;1493;0;0;0;8;0.0;0;0;1;1;1;1;54;0;0;0;0;0;0;0;0;0;0;0;0;0;0;0;0;0
892432552;1200.0;0.28181258;553.4736;0.0;17544;0;62.377167;1493;0;0;0;8;0.0;0;0;1;1;1;1;54;0;0;0;0;0;0;0;0;0;0;0;0;0;0;0;0;0
893682594;1200.0;0.28181258;495.98065;0.0;17562;0;20.999182;1495;0;0;0;8;0.0;0;0;1;1;1;1;54;0;0;0;0;0;0;0;0;0;0;0;0;0;0;0;0;0
894943550;1200.0;0.28181258;929.16187;0.0;17591;0;53.951332;1499;0;0;0;8;0.0;0;0;1;1;1;1;54;0;0;0;0;0;0;0;0;0;0;0;0;0;0;0;0;0
896193569;1200.0;0.28181258;645.49854;0.0;17612;0;20.790598;1501;0;0;0;8;0.0;0;0;1;1;1;1;54;0;0;0;0;0;0;0;0;0;0;0;0;0;0;0;0;0
897193999;1200.0;0.28181258;588.16077;0.0;17625;0;62.380684;1503;0;0;0;8;0.0;0;0;1;1;1;1;54;0;0;0;0;0;0;0;0;0;0;0;0;0;0;0;0;0
897443601;1200.0;0.28181258;588.16077;0.0;17629;0;62.380684;1503;0;0;0;8;0.0;0;0;1;1;1;1;54;0;0;0;0;0;0;0;0;0;0;0;0;0;0;0;0;0
898703669;1200.0;0.28181258;889.68945;0.0;17658;0;41.985344;1505;0;0;0;8;0.0;0;0;1;1;1;1;54;0;0;0;0;0;0;0;0;0;0;0;0;0;0;0;0;0
899964550;1200.0;0.28181258;598.6103;0.0;17676;0;20.986338;1509;0;0;0;8;0.0;0;0;1;1;1;1;54;0;0;0;0;0;0;0;0;0;0;0;0;0;0;0;0;0
901215927;1200.0;0.28181258;623.3766;0.0;17695;0;20.97902;1511;0;0;0;8;0.0;0;0;1;1;1;1;54;0;0;0;0;0;0;0;0;0;0;0;0;0;0;0;0;0
902216550;1200.0;0.28181258;876.12384;0.0;17719;0;41.95804;1513;0;0;0;8;0.0;0;0;1;1;1;1;54;0;0;0;0;0;0;0;0;0;0;0;0;0;0;0;0;0
902476591;1200.0;0.28181258;876.12384;0.0;17722;0;41.95804;1513;0;0;0;8;0.0;0;0;1;1;1;1;54;0;0;0;0;0;0;0;0;0;0;0;0;0;0;0;0;0
903728650;1200.0;0.28181258;673.9993;0.0;17745;0;62.99994;1516;0;0;0;8;0.0;0;0;1;1;1;1;54;0;0;0;0;0;0;0;0;0;0;0;0;0;0;0;0;0
904980779;1200.0;0.28181258;831.35645;0.0;17772;0;20.958565;1518;0;0;0;8;0.0;0;0;1;1;1;1;54;0;0;0;0;0;0;0;0;0;0;0;0;0;0;0;0;0
906240551;1200.0;0.28181258;615.9852;0.0;17790;0;62.99849;1521;0;0;0;8;0.0;0;0;1;1;1;1;54;0;0;0;0;0;0;0;0;0;0;0;0;0;0;0;0;0
907241591;1200.0;0.28181258;539.4729;0.0;17806;0;41.959003;1523;0;0;0;8;0.0;0;0;1;1;1;1;54;0;0;0;0;0;0;0;0;0;0;0;0;0;0;0;0;0
907501567;1200.0;0.28181258;539.4729;0.0;17809;0;41.959003;1523;0;0;0;8;0.0;0;0;1;1;1;1;54;0;0;0;0;0;0;0;0;0;0;0;0;0;0;0;0;0
908751616;1200.0;0.28181258;588.9794;0.0;17837;0;20.999264;1525;0;0;0;8;0.0;0;0;1;1;1;1;54;0;0;0;0;0;0;0;0;0;0;0;0;0;0;0;0;0
910002609;1200.0;0.28181258;519.4665;0.0;17857;0;41.95691;1529;0;0;0;8;0.0;0;0;1;1;1;1;54;0;0;0;0;0;0;0;0;0;0;0;0;0;0;0;0;0
911272830;1200.0;0.28181258;727.7775;0.0;17878;0;20.793642;1531;0;0;0;8;0.0;0;0;1;1;1;1;54;0;0;0;0;0;0;0;0;0;0;0;0;0;0;0;0;0
912283125;1200.0;0.28181258;587.1287;0.0;17903;0;62.37624;1533;0;0;0;8;0.0;0;0;1;1;1;1;54;0;0;0;0;0;0;0;0;0;0;0;0;0;0;0;0;0
912522611;1200.0;0.28181258;587.1287;0.0;17906;0;62.37624;1533;0;0;0;8;0.0;0;0;1;1;1;1;54;0;0;0;0;0;0;0;0;0;0;0;0;0;0;0;0;0
913772567;1200.0;0.28181258;939.9991;0.0;17925;0;41.99996;1535;0;0;0;8;0.0;0;0;1;1;1;1;54;0;0;0;0;0;0;0;0;0;0;0;0;0;0;0;0;0
915033033;1200.0;0.28181258;561.90564;0.0;17944;0;62.989418;1539;0;0;0;8;0.0;0;0;1;1;1;1;54;0;0;0;0;0;0;0;0;0;0;0;0;0;0;0;0;0
916043119;1200.0;0.28181258;917.839;0.0;17969;0;41.584938;1541;0;0;0;8;0.0;0;0;1;1;1;1;54;0;0;0;0;0;0;0;0;0;0;0;0;0;0;0;0;0
916292571;1200.0;0.28181258;917.839;0.0;17970;0;41.584938;1541;0;0;0;8;0.0;0;0;1;1;1;1;54;0;0;0;0;0;0;0;0;0;0;0;0;0;0;0;0;0
917542580;1200.0;0.28181258;558.3064;0.0;17991;0;20.788004;1543;0;0;0;8;0.0;0;0;1;1;1;1;54;0;0;0;0;0;0;0;0;0;0;0;0;0;0;0;0;0
918802567;1200.0;0.28181258;657.66864;0.0;18009;0;62.399284;1546;0;0;0;8;0.0;0;0;1;1;1;1;54;0;0;0;0;0;0;0;0;0;0;0;0;0;0;0;0;0
920063585;1200.0;0.28181258;964.3555;0.0;18039;0;20.792059;1548;0;0;0;8;0.0;0;0;1;1;1;1;54;0;0;0;0;0;0;0;0;0;0;0;0;0;0;0;0;0
921073722;1200.0;0.28181258;621.78094;0.0;18056;0;62.376114;1551;0;0;0;8;0.0;0;0;1;1;1;1;54;0;0;0;0;0;0;0;0;0;0;0;0;0;0;0;0;0
921313575;1200.0;0.28181258;621.78094;0.0;18057;0;62.376114;1551;0;0;0;8;0.0;0;0;1;1;1;1;54;0;0;0;0;0;0;0;0;0;0;0;0;0;0;0;0;0
922573552;1200.0;0.28181258;487.13016;0.0;18075;0;41.584282;1553;0;0;0;8;0.0;0;0;1;1;1;1;54;0;0;0;0;0;0;0;0;0;0;0;0;0;0;0;0;0
923826646;1200.0;0.28181258;943.056;0.0;18103;0;20.979;1556;0;0;0;8;0.0;0;0;1;1;1;1;54;0;0;0;0;0;0;0;0;0;0;0;0;0;0;0;0;0
925076571;1200.0;0.28181258;722.98334;0.0;18126;0;41.999035;1559;0;0;0;8;0.0;0;0;1;1;1;1;54;0;0;0;0;0;0;0;0;0;0;0;0;0;0;0;0;0
926076592;1200.0;0.28181258;491.98914;0.0;18139;0;41.999073;1561;0;0;0;8;0.0;0;0;1;1;1;1;54;0;0;0;0;0;0;0;0;0;0;0;0;0;0;0;0;0
926336594;1200.0;0.28181258;491.98914;0.0;18152;0;41.999073;1561;0;0;0;8;0.0;0;0;1;1;1;1;54;0;0;0;0;0;0;0;0;0;0;0;0;0;0;0;0;0
927596611;1200.0;0.28181258;968.36096;0.0;18170;0;41.586052;1563;0;0;0;8;0.0;0;0;1;1;1;1;54;0;0;0;0;0;0;0;0;0;0;0;0;0;0;0;0;0
928847573;1200.0;0.28181258;627.7228;0.0;18190;0;41.58416;1565;0;0;0;8;0.0;0;0;1;1;1;1;54;0;0;0;0;0;0;0;0;0;0;0;0;0;0;0;0;0
930107566;1200.0;0.28181258;991.4916;0.0;18219;0;20.800522;1568;0;0;0;8;0.0;0;0;1;1;1;1;54;0;0;0;0;0;0;0;0;0;0;0;0;0;0;0;0;0
931108627;1200.0;0.28181258;512.4548;0.0;18233;0;62.933044;1571;0;0;0;8;0.0;0;0;1;1;1;1;54;0;0;0;0;0;0;0;0;0;0;0;0;0;0;0;0;0
931358581;1200.0;0.28181258;512.4548;0.0;18238;0;62.933044;1571;0;0;0;8;0.0;0;0;1;1;1;1;54;0;0;0;0;0;0;0;0;0;0;0;0;0;0;0;0;0
932620587;1200.0;0.28181258;708.9795;0.0;18257;0;41.998783;1573;0;0;0;8;0.0;0;0;1;1;1;1;54;0;0;0;0;0;0;0;0;0;0;0;0;0;0;0;0;0
933871567;1200.0;0.28181258;557.38635;0.0;18285;0;41.87876;1576;0;0;0;8;0.0;0;0;1;1;1;1;54;0;0;0;0;0;0;0;0;0;0;0;0;0;0;0;0;0
935132551;1200.0;0.28181258;650.3354;0.0;18305;0;41.95712;1579;0;0;0;8;0.0;0;0;1;1;1;1;54;0;0;0;0;0;0;0;0;0;0;0;0;0;0;0;0;0
936133786;1200.0;0.28181258;544.4675;0.0;18320;0;41.958965;1581;0;0;0;8;0.0;0;0;1;1;1;1;54;0;0;0;0;0;0;0;0;0;0;0;0;0;0;0;0;0
936383549;1200.0;0.28181258;544.4675;0.0;18323;0;41.958965;1581;0;0;0;8;0.0;0;0;1;1;1;1;54;0;0;0;0;0;0;0;0;0;0;0;0;0;0;0;0;0
937643553;1200.0;0.28181258;933.97943;0.0;18350;0;41.999073;1584;0;0;0;8;0.0;0;0;1;1;1;1;54;0;0;0;0;0;0;0;0;0;0;0;0;0;0;0;0;0
938893613;1200.0;0.28181258;540.5817;0.0;18371;0;41.58321;1586;0;0;0;8;0.0;0;0;1;1;1;1;54;0;0;0;0;0;0;0;0;0;0;0;0;0;0;0;0;0
940153649;1200.0;0.28181258;593.0699;0.0;18390;0;41.584198;1589;0;0;0;8;0.0;0;0;1;1;1;1;54;0;0;0;0;0;0;0;0;0;0;0;0;0;0;0;0;0
941154581;1200.0;0.28181258;897.08405;0.0;18414;0;41.95716;1591;0;0;0;8;0.0;0;0;1;1;1;1;54;0;0;0;0;0;0;0;0;0;0;0;0;0;0;0;0;0
941416552;1200.0;0.28181258;897.08405;0.0;18419;0;41.95716;1591;0;0;0;8;0.0;0;0;1;1;1;1;54;0;0;0;0;0;0;0;0;0;0;0;0;0;0;0;0;0
942668574;1200.0;0.28181258;692.2187;0.0;18437;0;41.83192;1593;0;0;0;8;0.0;0;0;1;1;1;1;54;0;0;0;0;0;0;0;0;0;0;0;0;0;0;0;0;0
943918551;1200.0;0.28181258;487.1403;0.0;18457;0;41.585144;1596;0;0;0;8;0.0;0;0;1;1;1;1;54;0;0;0;0;0;0;0;0;0;0;0;0;0;0;0;0;0
945179551;1200.0;0.28181258;558.4293;0.0;18485;0;41.95712;1599;0;0;0;8;0.0;0;0;1;1;1;1;54;0;0;0;0;0;0;0;0;0;0;0;0;0;0;0;0;0
946189550;1200.0;0.28181258;594.07294;0.0;18501;0;41.585106;1601;0;0;0;8;0.0;0;0;1;1;1;1;54;0;0;0;0;0;0;0;0;0;0;0;0;0;0;0;0;0
946439753;1200.0;0.28181258;594.07294;0.0;18505;0;41.585106;1601;0;0;0;8;0.0;0;0;1;1;1;1;54;0;0;0;0;0;0;0;0;0;0;0;0;0;0;0;0;0
947689570;1200.0;0.28181258;597.0292;0.0;18534;0;41.584118;1603;0;0;0;8;0.0;0;0;1;1;1;1;54;0;0;0;0;0;0;0;0;0;0;0;0;0;0;0;0;0
948950589;1200.0;0.28181258;929.0524;0.0;18551;0;41.957207;1606;0;0;0;8;0.0;0;0;1;1;1;1;54;0;0;0;0;0;0;0;0;0;0;0;0;0;0;0;0;0
950201568;1200.0;0.28181258;593.8557;0.0;18571;0;41.9898;1609;0;0;0;8;0.0;0;0;1;1;1;1;54;0;0;0;0;0;0;0;0;0;0;0;0;0;0;0;0;0
951202551;1200.0;0.28181258;910.15814;0.0;18596;0;41.96119;1611;0;0;0;8;0.0;0;0;1;1;1;1;54;0;0;0;0;0;0;0;0;0;0;0;0;0;0;0;0;0
951462568;1200.0;0.28181258;910.15814;0.0;18599;0;41.96119;1611;0;0;0;8;0.0;0;0;1;1;1;1;54;0;0;0;0;0;0;0;0;0;0;0;0;0;0;0;0;0
952712550;1200.0;0.28181258;592.97595;0.0;18620;0;41.577614;1614;0;0;0;8;0.0;0;0;1;1;1;1;54;0;0;0;0;0;0;0;0;0;0;0;0;0;0;0;0;0
953973623;1200.0;0.28181258;606.06244;0.0;18637;0;41.592518;1616;0;0;0;8;0.0;0;0;1;1;1;1;54;0;0;0;0;0;0;0;0;0;0;0;0;0;0;0;0;0
955226200;1200.0;0.28181258;875.2495;0.0;18666;0;41.91617;1619;0;0;0;8;0.0;0;0;1;1;1;1;54;0;0;0;0;0;0;0;0;0;0;0;0;0;0;0;0;0
956235570;1200.0;0.28181258;583.15735;0.0;18681;0;41.583378;1621;0;0;0;8;0.0;0;0;1;1;1;1;54;0;0;0;0;0;0;0;0;0;0;0;0;0;0;0;0;0
956476583;1200.0;0.28181258;583.15735;0.0;18685;0;41.583378;1621;0;0;0;8;0.0;0;0;1;1;1;1;54;0;0;0;0;0;0;0;0;0;0;0;0;0;0;0;0;0
957737589;1200.0;0.28181258;637.37537;0.0;18704;0;41.95888;1623;0;0;0;8;0.0;0;0;1;1;1;1;54;0;0;0;0;0;0;0;0;0;0;0;0;0;0;0;0;0
958988570;1200.0;0.28181258;832.14954;0.0;18731;0;41.95712;1626;0;0;0;8;0.0;0;0;1;1;1;1;54;0;0;0;0;0;0;0;0;0;0;0;0;0;0;0;0;0
960248810;1200.0;0.28181258;658.41644;0.0;18753;0;41.584198;1629;0;0;0;8;0.0;0;0;1;1;1;1;54;0;0;0;0;0;0;0;0;0;0;0;0;0;0;0;0;0
961249569;1200.0;0.28181258;569.43;0.0;18768;0;41.958;1631;0;0;0;8;0.0;0;0;1;1;1;1;54;0;0;0;0;0;0;0;0;0;0;0;0;0;0;0;0;0
961499584;1200.0;0.28181258;569.43;0.0;18771;0;41.958;1631;0;0;0;8;0.0;0;0;1;1;1;1;54;0;0;0;0;0;0;0;0;0;0;0;0;0;0;0;0;0
962749624;1200.0;0.28181258;921.7119;0.0;18799;0;41.58099;1633;0;0;0;8;0.0;0;0;1;1;1;1;54;0;0;0;0;0;0;0;0;0;0;0;0;0;0;0;0;0
963999579;1200.0;0.28181258;500.0386;0.0;18818;0;41.587368;1637;0;0;0;8;0.0;0;0;1;1;1;1;54;0;0;0;0;0;0;0;0;0;0;0;0;0;0;0;0;0
965250923;1200.0;0.28181258;671.2865;0.0;18837;0;41.584118;1639;0;0;0;8;0.0;0;0;1;1;1;1;54;0;0;0;0;0;0;0;0;0;0;0;0;0;0;0;0;0
966251588;1200.0;0.28181258;539.2752;0.0;18862;0;41.94363;1641;0;0;0;8;0.0;0;0;1;1;1;1;54;0;0;0;0;0;0;0;0;0;0;0;0;0;0;0;0;0
966511550;1200.0;0.28181258;952.37616;0.0;18864;0;41.972507;1641;0;0;0;8;0.0;0;0;1;1;1;1;54;0;0;0;0;0;0;0;0;0;0;0;0;0;0;0;0;0
967773644;1200.0;0.28181258;610.77844;0.0;18885;0;41.91617;1644;0;0;0;8;0.0;0;0;1;1;1;1;54;0;0;0;0;0;0;0;0;0;0;0;0;0;0;0;0;0
969024550;1200.0;0.28181258;588.41156;0.0;18913;0;41.95804;1646;0;0;0;8;0.0;0;0;1;1;1;1;54;0;0;0;0;0;0;0;0;0;0;0;0;0;0;0;0;0
970274614;1200.0;0.28181258;943.9462;0.0;18930;0;20.998804;1649;0;0;0;8;0.0;0;0;1;1;1;1;54;0;0;0;0;0;0;0;0;0;0;0;0;0;0;0;0;0
971275549;1200.0;0.28181258;443.57974;0.0;18947;0;62.378403;1651;0;0;0;8;0.0;0;0;1;1;1;1;54;0;0;0;0;0;0;0;0;0;0;0;0;0;0;0;0;0
971535688;1200.0;0.28181258;671.23346;0.0;18950;0;41.95209;1651;0;0;0;8;0.0;0;0;1;1;1;1;54;0;0;0;0;0;0;0;0;0;0;0;0;0;0;0;0;0
972785586;1200.0;0.28181258;617.9093;0.0;18979;0;41.59005;1654;0;0;0;8;0.0;0;0;1;1;1;1;54;0;0;0;0;0;0;0;0;0;0;0;0;0;0;0;0;0
974036589;1200.0;0.28181258;885.13257;0.0;19000;0;41.95888;1657;0;0;0;8;0.0;0;0;1;1;1;1;54;0;0;0;0;0;0;0;0;0;0;0;0;0;0;0;0;0
975046554;1200.0;0.28181258;665.93805;0.0;19015;0;41.996094;1658;0;0;0;8;0.0;0;0;1;1;1;1;54;0;0;0;0;0;0;0;0;0;0;0;0;0;0;0;0;0
975286650;1200.0;0.28181258;665.93805;0.0;19017;0;41.996094;1659;0;0;0;8;0.0;0;0;1;1;1;1;54;0;0;0;0;0;0;0;0;0;0;0;0;0;0;0;0;0
976546574;1200.0;0.28181258;943.9991;0.0;19045;0;41.99996;1661;0;0;0;8;0.0;0;0;1;1;1;1;54;0;0;0;0;0;0;0;0;0;0;0;0;0;0;0;0;0
977796551;1200.0;0.28181258;531.99414;0.0;19065;0;41.99954;1664;0;0;0;8;0.0;0;0;1;1;1;1;54;0;0;0;0;0;0;0;0;0;0;0;0;0;0;0;0;0
979046553;1200.0;0.28181258;657.31055;0.0;19083;0;41.57687;1667;0;0;0;8;0.0;0;0;1;1;1;1;54;0;0;0;0;0;0;0;0;0;0;0;0;0;0;0;0;0
980056567;1200.0;0.28181258;517.9182;0.0;19106;0;41.5919;1669;0;0;0;8;0.0;0;0;1;1;1;1;54;0;0;0;0;0;0;0;0;0;0;0;0;0;0;0;0;0
980306593;1200.0;0.28181258;517.9182;0.0;19111;0;41.5919;1669;0;0;0;8;0.0;0;0;1;1;1;1;54;0;0;0;0;0;0;0;0;0;0;0;0;0;0;0;0;0
981556565;1200.0;0.28181258;725.30756;0.0;19133;0;41.61601;1671;0;0;0;8;0.0;0;0;1;1;1;1;54;0;0;0;0;0;0;0;0;0;0;0;0;0;0;0;0;0
982807679;1200.0;0.28181258;443.54898;0.0;19151;0;41.582714;1674;0;0;0;8;0.0;0;0;1;1;1;1;54;0;0;0;0;0;0;0;0;0;0;0;0;0;0;0;0;0
984077550;1200.0;0.28181258;987.04846;0.0;19180;0;41.95955;1676;0;0;0;8;0.0;0;0;1;1;1;1;54;0;0;0;0;0;0;0;0;0;0;0;0;0;0;0;0;0
985077641;1200.0;0.28181258;544.99945;0.0;19195;0;41.99996;1679;0;0;0;8;0.0;0;0;1;1;1;1;54;0;0;0;0;0;0;0;0;0;0;0;0;0;0;0;0;0
985337563;1200.0;0.28181258;544.99945;0.0;19199;0;41.99996;1679;0;0;0;8;0.0;0;0;1;1;1;1;54;0;0;0;0;0;0;0;0;0;0;0;0;0;0;0;0;0
986588898;1200.0;0.28181258;545.6906;0.0;19225;0;41.9762;1681;0;0;0;8;0.0;0;0;1;1;1;1;54;0;0;0;0;0;0;0;0;0;0;0;0;0;0;0;0;0
987838684;1200.0;0.28181258;911.87756;0.0;19244;0;20.791996;1683;0;0;0;8;0.0;0;0;1;1;1;1;54;0;0;0;0;0;0;0;0;0;0;0;0;0;0;0;0;0
989089570;1200.0;0.28181258;678.3366;0.0;19266;0;41.958965;1686;0;0;0;8;0.0;0;0;1;1;1;1;54;0;0;0;0;0;0;0;0;0;0;0;0;0;0;0;0;0
990090551;1200.0;0.28181258;531.51794;0.0;19281;0;41.961945;1687;0;0;0;8;0.0;0;0;1;1;1;1;54;0;0;0;0;0;0;0;0;0;0;0;0;0;0;0;0;0
990340551;1200.0;0.28181258;531.51794;0.0;19294;0;41.961945;1688;0;0;0;8;0.0;0;0;1;1;1;1;54;0;0;0;0;0;0;0;0;0;0;0;0;0;0;0;0;0
991590565;1200.0;0.28181258;507.87097;0.0;19310;0;41.580082;1690;0;0;0;8;0.0;0;0;1;1;1;1;54;0;0;0;0;0;0;0;0;0;0;0;0;0;0;0;0;0
992841591;1200.0;0.28181258;596.46313;0.0;19330;0;41.962234;1693;0;0;0;8;0.0;0;0;1;1;1;1;54;0;0;0;0;0;0;0;0;0;0;0;0;0;0;0;0;0
994092549;1200.0;0.28181258;554.1748;0.0;19359;0;41.937553;1696;0;0;0;8;0.0;0;0;1;1;1;1;54;0;0;0;0;0;0;0;0;0;0;0;0;0;0;0;0;0
995092551;1200.0;0.28181258;899.4445;0.0;19374;0;41.604263;1698;0;0;0;8;0.0;0;0;1;1;1;1;54;0;0;0;0;0;0;0;0;0;0;0;0;0;0;0;0;0
995353386;1200.0;0.28181258;899.4445;0.0;19381;0;41.604263;1698;0;0;0;8;0.0;0;0;1;1;1;1;54;0;0;0;0;0;0;0;0;0;0;0;0;0;0;0;0;0
996613550;1200.0;0.28181258;504.50708;0.0;19397;0;41.959003;1700;0;0;0;8;0.0;0;0;1;1;1;1;54;0;0;0;0;0;0;0;0;0;0;0;0;0;0;0;0;0
997863566;1200.0;0.28181258;973.98157;0.0;19425;0;41.999203;1703;0;0;0;8;0.0;0;0;1;1;1;1;54;0;0;0;0;0;0;0;0;0;0;0;0;0;0;0;0;0
999114603;1200.0;0.28181258;545.99835;0.0;19446;0;41.999874;1706;0;0;0;8;0.0;0;0;1;1;1;1;54;0;0;0;0;0;0;0;0;0;0;0;0;0;0;0;0;0
1000124550;1200.0;0.28181258;508.5027;0.0;19458;0;41.958965;1708;0;0;0;8;0.0;0;0;1;1;1;1;54;0;0;0;0;0;0;0;0;0;0;0;0;0;0;0;0;0
1000364834;1200.0;0.28181258;508.5027;0.0;19463;0;41.958965;1708;0;0;0;8;0.0;0;0;1;1;1;1;54;0;0;0;0;0;0;0;0;0;0;0;0;0;0;0;0;0
1001624647;1200.0;0.28181258;937.95874;0.0;19493;0;41.998154;1710;0;0;0;8;0.0;0;0;1;1;1;1;54;0;0;0;0;0;0;0;0;0;0;0;0;0;0;0;0;0
1002875578;1200.0;0.28181258;663.99805;0.0;19512;0;41.936718;1713;0;0;0;8;0.0;0;0;1;1;1;1;54;0;0;0;0;0;0;0;0;0;0;0;0;0;0;0;0;0
1004125550;1200.0;0.28181258;588.4416;0.0;19530;0;41.60698;1716;0;0;0;8;0.0;0;0;1;1;1;1;54;0;0;0;0;0;0;0;0;0;0;0;0;0;0;0;0;0
1005125552;1200.0;0.28181258;876.858;0.0;19555;0;41.9932;1717;0;0;0;8;0.0;0;0;1;1;1;1;54;0;0;0;0;0;0;0;0;0;0;0;0;0;0;0;0;0
1005386551;1200.0;0.28181258;876.858;0.0;19559;0;41.9932;1718;0;0;0;8;0.0;0;0;1;1;1;1;54;0;0;0;0;0;0;0;0;0;0;0;0;0;0;0;0;0
1006646551;1200.0;0.28181258;534.67566;0.0;19578;0;41.585888;1720;0;0;0;8;0.0;0;0;1;1;1;1;54;0;0;0;0;0;0;0;0;0;0;0;0;0;0;0;0;0
1007906688;1200.0;0.28181258;602.98975;0.0;19605;0;41.999283;1723;0;0;0;8;0.0;0;0;1;1;1;1;54;0;0;0;0;0;0;0;0;0;0;0;0;0;0;0;0;0
1009157566;1200.0;0.28181258;889.0754;0.0;19623;0;41.956367;1726;0;0;0;8;0.0;0;0;1;1;1;1;54;0;0;0;0;0;0;0;0;0;0;0;0;0;0;0;0;0
1010157816;1200.0;0.28181258;654.46326;0.0;19641;0;41.584656;1728;0;0;0;8;0.0;0;0;1;1;1;1;54;0;0;0;0;0;0;0;0;0;0;0;0;0;0;0;0;0
1010407564;1200.0;0.28181258;654.46326;0.0;19645;0;41.584656;1728;0;0;0;8;0.0;0;0;1;1;1;1;54;0;0;0;0;0;0;0;0;0;0;0;0;0;0;0;0;0
1011660568;1200.0;0.28181258;865.44916;0.0;19675;0;41.924873;1730;0;0;0;8;0.0;0;0;1;1;1;1;54;0;0;0;0;0;0;0;0;0;0;0;0;0;0;0;0;0
1012922666;1200.0;0.28181258;2093.7925;0.0;19732;0;41.935757;1732;0;0;0;8;0.0;0;0;1;1;1;1;54;0;0;0;0;0;0;0;0;0;0;0;0;0;0;0;0;0
