timestamp;freefall;ground_contact;maybe_landed;landed;in_ground_effect;in_descend;has_low_throttle;vertical_movement;horizontal_movement;rotational_movement;close_to_ground_or_skipped_check;at_rest
431081772;0;1;1;1;0;0;1;0;0;0;1;0
432089468;0;1;1;1;0;0;1;0;0;0;1;0
433097255;0;1;1;1;0;0;1;0;0;0;1;0
434104987;0;1;1;1;0;0;1;0;0;0;1;0
434410863;0;1;0;0;0;0;1;0;0;0;1;0
434527845;0;0;0;0;0;0;0;0;0;1;1;0
434914926;0;1;0;0;0;0;1;0;0;1;1;0
435922476;0;1;0;0;0;0;1;0;0;0;1;0
436930385;0;1;0;0;0;0;1;0;0;0;1;0
437937780;0;1;0;0;0;0;1;0;0;1;1;0
438945948;0;1;0;0;0;0;1;0;0;1;1;0
439953273;0;1;0;0;0;0;1;0;0;1;1;0
440961111;0;1;0;0;0;0;1;0;0;1;1;0
441365797;0;0;0;0;0;0;0;0;0;1;1;0
442373442;0;0;0;0;0;0;0;0;0;1;1;0
443381300;0;0;0;0;0;0;0;0;0;1;1;0
444389073;0;0;0;0;0;0;0;0;0;0;1;0
445396730;0;0;0;0;0;0;0;0;0;1;1;0
446404455;0;0;0;0;0;0;0;0;0;0;1;0
447412202;0;0;0;0;0;0;0;0;0;0;1;0
448419838;0;0;0;0;0;0;0;0;0;0;1;0
449427588;0;0;0;0;0;0;0;0;0;0;1;0
450435326;0;0;0;0;0;0;0;0;0;0;1;0
451442995;0;0;0;0;0;0;0;0;0;0;1;0
452443282;0;0;0;0;0;0;0;0;0;0;1;0
453449389;0;0;0;0;0;0;0;0;0;0;1;0
454457131;0;0;0;0;0;0;0;0;0;0;1;0
455465185;0;0;0;0;0;0;0;0;0;0;1;0
456472403;0;0;0;0;0;0;0;0;0;0;1;0
457480596;0;0;0;0;0;0;0;0;0;0;1;0
458488046;0;0;0;0;0;0;0;0;0;0;1;0
459496005;0;0;0;0;0;0;0;0;0;0;1;0
460503478;0;0;0;0;0;0;0;0;0;0;1;0
461511459;0;0;0;0;0;0;0;0;0;0;1;0
462518977;0;0;0;0;0;0;0;0;0;1;1;0
463526852;0;0;0;0;0;0;0;0;0;1;1;0
464534361;0;0;0;0;0;0;0;0;0;1;1;0
465542012;0;0;0;0;0;0;0;0;0;0;1;0
466549599;0;0;0;0;0;0;0;0;0;1;1;0
468511121;0;0;0;0;0;0;0;0;0;1;1;0
469518925;0;0;0;0;0;0;0;0;0;1;1;0
470526665;0;0;0;0;0;0;0;0;0;1;1;0
471534403;0;0;0;0;0;0;0;0;0;0;1;0
472542130;0;0;0;0;0;0;0;0;0;0;1;0
473549768;0;0;0;0;0;0;0;0;0;0;1;0
474557507;0;0;0;0;0;0;0;0;0;1;1;0
475565212;0;0;0;0;0;0;0;0;0;1;1;0
476572861;0;0;0;0;0;0;0;0;0;0;1;0
477580871;0;0;0;0;0;0;0;0;0;0;1;0
478588376;0;0;0;0;0;0;0;0;0;0;1;0
479596272;0;0;0;0;0;0;0;0;0;0;1;0
480603743;0;0;0;0;0;0;0;1;0;0;1;0
481611747;0;0;0;0;0;0;0;1;0;0;1;0
482619170;0;0;0;0;0;0;0;1;0;0;1;0
483627132;0;0;0;0;0;0;0;1;0;0;1;0
484634644;0;0;0;0;0;0;0;0;0;1;1;0
485642496;0;0;0;0;0;0;0;0;0;0;1;0
486649957;0;0;0;0;0;0;0;0;0;0;1;0
487657590;0;0;0;0;0;0;0;0;0;0;1;0
488665538;0;0;0;0;0;0;0;0;0;0;1;0
489673131;0;0;0;0;0;0;0;0;0;0;1;0
490680878;0;0;0;0;0;0;0;0;0;1;1;0
491688586;0;0;0;0;0;0;0;0;0;0;1;0
492696291;0;0;0;0;0;0;0;0;0;1;1;0
493703904;0;0;0;0;0;0;0;0;0;0;1;0
494711497;0;0;0;0;0;0;0;0;0;0;1;0
495719424;0;0;0;0;0;0;0;0;0;0;1;0
496726979;0;0;0;0;0;0;0;0;0;1;1;0
497734950;0;0;0;0;0;0;0;0;0;0;1;0
498742514;0;0;0;0;0;0;0;0;0;0;1;0
499750273;0;0;0;0;0;0;0;0;0;0;1;0
500757841;0;0;0;0;0;0;0;0;0;0;1;0
501765550;0;0;0;0;0;0;0;0;0;1;1;0
502773352;0;0;0;0;0;0;0;0;0;0;1;0
503781031;0;0;0;0;0;0;0;0;0;0;1;0
504788730;0;0;0;0;0;0;0;0;0;0;1;0
505796360;0;0;0;0;0;0;0;0;0;1;1;0
506804027;0;0;0;0;0;0;0;0;0;0;1;0
507811931;0;0;0;0;0;0;0;0;0;1;1;0
508819515;0;0;0;0;0;0;0;0;0;1;1;0
509827294;0;0;0;0;0;0;0;0;0;1;1;0
510834871;0;0;0;0;0;0;0;0;0;1;1;0
511842695;0;0;0;0;0;0;0;0;0;0;1;0
512850301;0;0;0;0;0;0;0;0;0;1;1;0
513858003;0;0;0;0;0;0;0;0;0;1;1;0
514865654;0;0;0;0;0;0;0;0;0;1;1;0
515873578;0;0;0;0;0;0;0;0;0;1;1;0
516881576;0;0;0;0;0;0;0;0;0;1;1;0
517888823;0;0;0;0;0;0;0;0;0;1;1;0
518896946;0;0;0;0;0;0;0;0;0;1;1;0
519904163;0;0;0;0;0;0;0;0;0;0;1;0
520912371;0;0;0;0;0;0;0;0;0;0;1;0
521919853;0;0;0;0;0;0;0;0;0;1;1;0
522927600;0;0;0;0;0;0;0;0;0;0;1;0
523935011;0;0;0;0;0;0;0;0;0;0;1;0
524943129;0;0;0;0;0;0;0;0;0;0;1;0
525950490;0;0;0;0;0;0;0;0;0;0;1;0
526958298;0;0;0;0;0;0;0;0;0;0;1;0
527961366;0;0;0;0;0;0;0;0;0;1;1;0
528964616;0;0;0;0;0;0;0;0;0;1;1;0
529972220;0;0;0;0;0;0;0;0;0;0;1;0
530980159;0;0;0;0;0;0;0;0;0;0;1;0
531987693;0;0;0;0;0;0;0;0;0;0;1;0
532995358;0;0;0;0;0;0;0;0;0;0;1;0
534003269;0;0;0;0;0;0;0;0;0;1;1;0
535010810;0;0;0;0;0;0;0;0;0;1;1;0
536018489;0;0;0;0;0;0;0;0;0;0;1;0
537026201;0;0;0;0;0;0;0;0;0;0;1;0
538033817;0;0;0;0;0;0;0;0;0;1;1;0
539041763;0;0;0;0;0;0;0;0;0;0;1;0
540049447;0;0;0;0;0;0;0;0;0;0;1;0
541057186;0;0;0;0;0;0;0;0;0;0;1;0
542064675;0;0;0;0;0;0;0;0;0;0;1;0
543072533;0;0;0;0;0;0;0;0;0;0;1;0
544080264;0;0;0;0;0;0;0;0;0;0;1;0
545087812;0;0;0;0;0;0;0;0;0;0;1;0
546095899;0;0;0;0;0;0;0;0;0;1;1;0
547103381;0;0;0;0;0;0;0;0;0;0;1;0
548111295;0;0;0;0;0;0;0;0;0;1;1;0
549118716;0;0;0;0;0;0;0;0;0;1;1;0
550126585;0;0;0;0;0;0;0;0;0;0;1;0
551133961;0;0;0;0;0;0;0;0;0;0;1;0
552142117;0;0;0;0;0;0;0;0;0;1;1;0
553149367;0;0;0;0;0;0;0;0;0;1;1;0
554157580;0;0;0;0;0;0;0;0;0;1;1;0
555165024;0;0;0;0;0;0;1;0;0;1;1;0
556172717;0;0;0;0;0;0;0;0;0;0;1;0
557180146;0;0;0;0;0;0;0;0;0;1;1;0
558187995;0;0;0;0;0;0;0;0;0;0;1;0
559195605;0;0;0;0;0;0;0;0;0;0;1;0
560203464;0;0;0;0;0;0;0;0;0;1;1;0
561211094;0;0;0;0;0;0;0;0;0;0;1;0
562218675;0;0;0;0;0;0;0;1;0;1;1;0
563226503;0;0;0;0;0;0;0;0;0;1;1;0
564234054;0;0;0;0;0;0;0;0;0;1;1;0
565241927;0;0;0;0;0;0;0;0;0;0;1;0
566249673;0;0;0;0;0;0;0;0;0;1;1;0
567257299;0;0;0;0;0;0;0;0;0;1;1;0
568264956;0;0;0;0;0;0;0;0;0;0;1;0
569272732;0;0;0;0;0;0;0;0;0;1;1;0
570280269;0;0;0;0;0;0;0;0;0;1;1;0
571288084;0;0;0;0;0;0;0;0;0;1;1;0
572295810;0;0;0;0;0;0;0;0;0;0;1;0
573303437;0;0;0;0;0;0;0;0;0;0;1;0
574311238;0;0;0;0;0;0;0;0;0;0;1;0
575318942;0;0;0;0;0;0;0;0;0;0;1;0
576326422;0;0;0;0;0;0;0;0;0;1;1;0
577334304;0;0;0;0;0;0;0;0;0;1;1;0
578341995;0;0;0;0;0;0;0;0;0;0;1;0
579349716;0;0;0;0;0;0;0;0;0;0;1;0
580357320;0;0;0;0;0;0;0;0;0;0;1;0
581364984;0;0;0;0;0;0;0;0;0;0;1;0
582372826;0;0;0;0;0;0;0;0;0;1;1;0
583380468;0;0;0;0;0;0;0;1;0;0;1;0
584388081;0;0;0;0;0;0;0;1;0;1;1;0
585396150;0;0;0;0;0;0;0;1;0;0;1;0
586403574;0;0;0;0;0;0;0;1;0;0;1;0
587411377;0;0;0;0;0;0;0;1;0;0;1;0
588418785;0;0;0;0;0;0;0;1;0;0;1;0
589426914;0;0;0;0;0;0;0;0;0;0;1;0
590434200;0;0;0;0;0;0;0;0;0;0;1;0
591442205;0;0;0;0;0;0;0;0;0;0;1;0
592449746;0;0;0;0;0;0;0;0;0;0;1;0
593457618;0;0;0;0;0;0;0;0;0;0;1;0
594465011;0;0;0;0;0;0;0;0;0;0;1;0
595472821;0;0;0;0;0;0;0;0;0;1;1;0
596480484;0;0;0;0;0;0;0;0;0;0;1;0
597488245;0;0;0;0;0;0;0;0;0;0;1;0
598495698;0;0;0;0;0;0;0;0;0;1;1;0
599503476;0;0;0;0;0;0;0;0;0;1;1;0
600511331;0;0;0;0;0;0;0;0;0;0;1;0
601519040;0;0;0;0;0;0;0;0;0;1;1;0
602526710;0;0;0;0;0;0;0;0;0;0;1;0
603534409;0;0;0;0;0;0;0;0;0;0;1;0
604542092;0;0;0;0;0;0;0;0;0;0;1;0
605549766;0;0;0;0;0;0;0;0;0;0;1;0
606557563;0;0;0;0;0;0;0;0;0;0;1;0
607565210;0;0;0;0;0;0;0;0;0;0;1;0
608572684;0;0;0;0;0;0;0;0;0;0;1;0
609580556;0;0;0;0;0;0;0;0;0;0;1;0
610588347;0;0;0;0;0;0;0;0;0;0;1;0
611595945;0;0;0;0;0;0;0;0;0;0;1;0
612603618;0;0;0;0;0;0;0;0;0;0;1;0
613611158;0;0;0;0;0;0;0;0;0;0;1;0
614619061;0;0;0;0;0;0;0;0;0;0;1;0
615626685;0;0;0;0;0;0;0;0;0;0;1;0
616634285;0;0;0;0;0;0;0;1;0;1;1;0
617642061;0;0;0;0;0;0;0;0;0;0;1;0
618649719;0;0;0;0;0;0;0;0;0;1;1;0
619657353;0;0;0;0;0;0;0;0;0;1;1;0
620665221;0;0;0;0;0;0;0;0;0;0;1;0
621672872;0;0;0;0;0;0;0;0;0;0;1;0
622680595;0;0;0;0;0;0;0;0;0;0;1;0
623688235;0;0;0;0;0;0;0;0;0;0;1;0
624695923;0;0;0;0;0;0;0;0;0;1;1;0
625703648;0;0;0;0;0;0;0;0;0;0;1;0
626711439;0;0;0;0;0;0;0;0;0;0;1;0
627718995;0;0;0;0;0;0;0;0;0;1;1;0
628726897;0;0;0;0;0;0;0;0;0;0;1;0
629734450;0;0;0;0;0;0;0;0;0;0;1;0
630742384;0;0;0;0;0;0;0;0;0;0;1;0
631749801;0;0;0;0;0;0;0;0;0;0;1;0
632757780;0;0;0;0;0;0;0;0;0;0;1;0
633126349;0;1;0;0;0;0;1;0;0;1;1;0
634134062;0;1;0;0;0;0;1;0;0;0;1;0
635141799;0;1;0;0;0;0;1;0;0;1;1;0
635231695;0;0;0;0;0;0;0;0;0;0;1;0
636239241;0;0;0;0;0;0;0;0;0;0;1;0
637247165;0;0;0;0;0;0;0;0;0;0;1;0
638254782;0;0;0;0;0;0;0;0;0;0;1;0
639262605;0;0;0;0;0;0;0;0;0;0;1;0
640270183;0;0;0;0;0;0;0;0;0;0;1;0
641278098;0;0;0;0;0;0;0;0;0;0;1;0
642285526;0;0;0;0;0;0;0;0;0;0;1;0
643293504;0;0;0;0;0;0;0;0;0;0;1;0
644300803;0;0;0;0;0;0;0;0;0;0;1;0
645308789;0;0;0;0;0;0;0;0;0;0;1;0
646316387;0;0;0;0;0;0;0;0;0;0;1;0
647324005;0;0;0;0;0;0;0;0;0;0;1;0
648331697;0;0;0;0;0;0;0;0;0;0;1;0
649339254;0;0;0;0;0;0;0;0;0;0;1;0
650347088;0;0;0;0;0;0;0;0;0;0;1;0
651354723;0;0;0;0;0;0;0;0;0;0;1;0
652362499;0;0;0;0;0;0;0;0;0;1;1;0
653369956;0;0;0;0;0;0;0;0;0;0;1;0
654377841;0;0;0;0;0;0;0;0;0;1;1;0
655385552;0;0;0;0;0;0;0;0;0;0;1;0
656393028;0;0;0;0;0;0;0;0;0;1;1;0
657400760;0;0;0;0;0;0;0;0;0;1;1;0
658408640;0;0;0;0;0;0;0;0;0;1;1;0
659416341;0;0;0;0;0;0;0;0;0;1;1;0
660424012;0;0;0;0;0;0;0;0;0;1;1;0
661431659;0;0;0;0;0;0;0;0;0;0;1;0
662439406;0;0;0;0;0;0;0;0;0;0;1;0
663447029;0;0;0;0;0;0;0;0;0;0;1;0
664454797;0;0;0;0;0;0;0;0;0;0;1;0
665462312;0;0;0;0;0;0;0;0;0;1;1;0
666469928;0;0;0;0;0;0;0;0;0;0;1;0
667477662;0;0;0;0;0;0;0;0;0;0;1;0
668485517;0;0;0;0;0;0;0;0;0;1;1;0
669493019;0;0;0;0;0;0;0;0;0;1;1;0
670500724;0;0;0;0;0;0;0;0;0;1;1;0
671508475;0;0;0;0;0;0;0;0;0;1;1;0
672516102;0;0;0;0;0;0;0;0;0;0;1;0
673523854;0;0;0;0;0;0;0;0;0;1;1;0
674531561;0;0;0;0;0;0;0;0;0;1;1;0
675539239;0;0;0;0;0;0;0;0;0;1;1;0
676546826;0;0;0;0;0;0;0;0;0;1;1;0
677554617;0;0;0;0;0;0;0;0;0;0;1;0
678562497;0;0;0;0;0;0;0;0;0;0;1;0
679569919;0;0;0;0;0;0;0;0;0;1;1;0
680577901;0;0;0;0;0;0;0;0;0;0;1;0
681585443;0;0;0;0;0;0;0;0;0;0;1;0
682593457;0;0;0;0;0;0;0;0;0;0;1;0
683600742;0;0;0;0;0;0;0;0;0;0;1;0
684608702;0;0;0;0;0;0;0;0;0;0;1;0
685616059;0;0;0;0;0;0;0;0;0;0;1;0
686623872;0;0;0;0;0;0;0;0;0;0;1;0
687631500;0;0;0;0;0;0;0;0;0;0;1;0
688639128;0;0;0;0;0;0;0;0;0;0;1;0
689646958;0;0;0;0;0;0;0;0;0;0;1;0
690654673;0;0;0;0;0;0;0;0;0;0;1;0
691662158;0;0;0;0;0;0;0;0;0;1;1;0
692670044;0;0;0;0;0;0;0;0;0;0;1;0
693677754;0;0;0;0;0;0;0;0;0;0;1;0
694685233;0;0;0;0;0;0;0;0;0;1;1;0
695692965;0;0;0;0;0;0;0;0;0;1;1;0
696700602;0;0;0;0;0;0;0;0;0;0;1;0
697708316;0;0;0;0;0;0;0;0;0;0;1;0
698716118;0;0;0;0;0;0;0;0;0;1;1;0
699723982;0;0;0;0;0;0;0;0;0;1;1;0
700731530;0;0;0;0;0;0;0;0;0;0;1;0
701739140;0;0;0;0;0;0;0;0;0;0;1;0
702746968;0;0;0;0;0;0;0;0;0;0;1;0
703754523;0;0;0;0;0;0;0;0;0;0;1;0
704762134;0;0;0;0;0;0;0;0;0;0;1;0
705769934;0;0;0;0;0;0;0;0;0;0;1;0
706777651;0;0;0;0;0;0;0;0;0;0;1;0
707785324;0;0;0;0;0;0;0;0;0;1;1;0
708792869;0;0;0;0;0;0;0;0;0;0;1;0
709800556;0;0;0;0;0;0;0;0;0;0;1;0
710808426;0;0;0;0;0;0;0;0;0;1;1;0
711816016;0;0;0;0;0;0;0;0;0;1;1;0
712823636;0;0;0;0;0;0;0;0;0;1;1;0
713831323;0;0;0;0;0;0;0;0;0;1;1;0
714838998;0;0;0;0;0;0;0;0;0;0;1;0
715847083;0;0;0;0;0;0;0;0;0;1;1;0
716854310;0;0;0;0;0;0;0;0;0;1;1;0
717862517;0;0;0;0;0;0;0;0;0;1;1;0
718869774;0;0;0;0;0;0;0;0;0;1;1;0
719877774;0;0;0;0;0;0;0;1;0;1;1;0
720885112;0;0;0;0;0;0;0;0;0;0;1;0
721892989;0;0;0;0;0;0;0;1;0;0;1;0
722900511;0;0;0;0;0;0;0;1;0;1;1;0
723908349;0;0;0;0;0;0;0;1;0;1;1;0
724915834;0;0;0;0;0;0;0;0;0;0;1;0
725923700;0;0;0;0;0;0;0;0;0;0;1;0
726931175;0;0;0;0;0;0;0;0;0;1;1;0
727939014;0;0;0;0;0;0;0;0;0;1;1;0
728946755;0;0;0;0;0;0;0;0;0;0;1;0
729954241;0;0;0;0;0;0;0;1;0;1;1;0
730961961;0;0;0;0;0;0;0;1;0;0;1;0
731969665;0;0;0;0;0;0;0;1;0;0;1;0
732977537;0;0;0;0;0;0;0;0;0;0;1;0
733985173;0;0;0;0;0;0;0;0;0;1;1;0
734992857;0;0;0;0;0;0;0;0;0;1;1;0
736000393;0;0;0;0;0;0;0;0;0;1;1;0
737007975;0;0;0;0;0;0;1;0;0;1;1;0
737196948;0;1;0;0;0;0;1;0;0;0;1;0
738204674;0;1;0;0;0;0;1;0;0;1;1;0
739212427;0;1;0;0;0;0;1;0;0;1;1;0
740220009;0;1;0;0;0;0;1;0;0;1;1;0
741227874;0;1;0;0;0;0;1;0;0;1;1;0
741695821;0;0;0;0;0;0;0;0;0;1;1;0
742703441;0;0;0;0;0;0;0;0;0;1;1;0
743711305;0;0;0;0;0;0;0;0;0;1;1;0
744718593;0;0;0;0;0;0;0;0;0;1;1;0
745726737;0;0;0;0;0;0;0;0;0;1;1;0
746734177;0;0;0;0;0;0;0;0;0;1;1;0
747742059;0;0;0;0;0;0;0;0;0;0;1;0
748749486;0;0;0;0;0;0;0;0;0;1;1;0
749757247;0;0;0;0;0;0;0;0;0;1;1;0
750764865;0;0;0;0;0;0;0;0;0;1;1;0
751772506;0;0;0;0;0;0;0;0;0;1;1;0
752780055;0;0;0;0;0;0;0;0;0;1;1;0
753787707;0;0;0;0;0;0;0;0;0;1;1;0
754795575;0;0;0;0;0;0;0;0;0;1;1;0
755803262;0;0;0;0;0;0;0;0;0;1;1;0
756810963;0;0;0;0;0;0;0;0;0;1;1;0
757818526;0;0;0;0;0;0;0;0;0;1;1;0
758826425;0;0;0;0;0;0;0;0;0;1;1;0
759833883;0;0;0;0;0;0;0;0;0;0;1;0
760841721;0;0;0;0;0;0;0;0;0;0;1;0
761849247;0;0;0;0;0;0;0;0;0;1;1;0
762857131;0;0;0;0;0;0;0;0;0;1;1;0
763864697;0;0;0;0;0;0;0;0;0;0;1;0
764872477;0;0;0;0;0;0;0;0;0;0;1;0
765880214;0;0;0;0;0;0;0;0;0;1;1;0
766437977;0;1;0;0;0;0;1;0;0;0;1;0
767445590;0;1;0;0;0;0;1;0;0;1;1;0
768453308;0;1;0;0;0;0;1;0;0;1;1;0
769461039;0;1;0;0;0;0;1;0;0;1;1;0
769514946;0;0;0;0;0;0;0;0;0;1;1;0
770522693;0;0;0;0;0;0;0;0;0;1;1;0
771530408;0;0;0;0;0;0;0;0;0;1;1;0
772538066;0;0;0;0;0;0;0;0;0;0;1;0
773545722;0;0;0;0;0;0;0;0;0;1;1;0
774553257;0;0;0;0;0;0;0;0;0;1;1;0
775561017;0;0;0;0;0;0;0;0;0;1;1;0
776568600;0;0;0;0;0;0;0;0;0;1;1;0
777576403;0;0;0;0;0;0;0;0;0;1;1;0
778583954;0;0;0;0;0;0;0;0;0;1;1;0
780599321;0;0;0;0;0;0;0;0;0;1;1;0
781607203;0;0;0;0;0;0;0;0;0;0;1;0
782614829;0;0;0;0;0;0;0;0;0;0;1;0
783622408;0;0;0;0;0;0;0;0;0;0;1;0
784630266;0;0;0;0;0;0;0;0;0;0;1;0
785637908;0;0;0;0;0;0;0;0;0;0;1;0
786645565;0;0;0;0;0;0;0;0;0;0;1;0
787653300;0;0;0;0;0;0;0;0;0;0;1;0
788660948;0;0;0;0;0;0;0;1;0;1;1;0
789668538;0;0;0;0;0;0;0;1;0;0;1;0
790676308;0;0;0;0;0;0;0;1;0;0;1;0
791684009;0;0;0;0;0;0;0;1;0;0;1;0
792691689;0;0;0;0;0;0;0;1;0;0;1;0
793699731;0;0;0;0;0;0;0;0;0;0;1;0
794707127;0;0;0;0;0;0;0;0;0;0;1;0
795714829;0;0;0;0;0;0;0;0;0;0;1;0
796722480;0;0;0;0;0;0;0;0;0;1;1;0
797730499;0;0;0;0;0;0;0;1;0;1;1;0
798737646;0;0;0;0;0;0;0;1;0;1;1;0
799745703;0;0;0;0;0;0;0;0;0;1;1;0
800753142;0;0;0;0;0;0;0;1;0;1;1;0
801760751;0;0;0;0;0;0;0;1;0;0;1;0
802768633;0;0;0;0;0;0;0;1;0;0;1;0
803777645;0;0;0;0;0;0;0;0;0;0;1;0
804783847;0;0;0;0;0;0;0;0;0;0;1;0
805791621;0;0;0;0;0;0;0;0;0;1;1;0
806799375;0;0;0;0;0;0;0;0;0;1;1;0
807806822;0;0;0;0;0;0;0;0;0;1;1;0
808814658;0;0;0;0;0;0;0;0;0;1;1;0
809822244;0;0;0;0;0;0;0;0;0;1;1;0
810830072;0;0;0;0;0;0;0;0;0;0;1;0
811837702;0;0;0;0;0;0;0;0;0;0;1;0
812845377;0;0;0;0;0;0;0;0;0;0;1;0
813853080;0;0;0;0;0;0;0;0;0;0;1;0
814860802;0;0;0;0;0;0;0;0;0;0;1;0
815868462;0;0;0;0;0;0;0;0;0;0;1;0
816876192;0;0;0;0;0;0;0;0;0;0;1;0
817883792;0;0;0;0;0;0;0;0;0;0;1;0
818891370;0;0;0;0;0;0;0;0;0;0;1;0
819899059;0;0;0;0;0;0;0;0;0;0;1;0
820906679;0;0;0;0;0;0;0;0;0;0;1;0
821914421;0;0;0;0;0;0;0;0;0;0;1;0
822922300;0;0;0;0;0;0;0;0;0;0;1;0
823929975;0;0;0;0;0;0;0;0;0;1;1;0
824937516;0;0;0;0;0;0;0;0;0;0;1;0
825945279;0;0;0;0;0;0;0;0;0;0;1;0
826953018;0;0;0;0;0;0;0;0;0;0;1;0
827960479;0;0;0;0;0;0;0;0;0;0;1;0
828968259;0;0;0;0;0;0;0;0;0;1;1;0
829976054;0;0;0;0;0;0;0;0;0;1;1;0
830983559;0;0;0;0;0;0;0;0;0;0;1;0
831991347;0;0;0;0;0;0;0;0;0;1;1;0
832999221;0;0;0;0;0;0;0;0;0;1;1;0
834006788;0;0;0;0;0;0;0;0;0;1;1;0
835014582;0;0;0;0;0;0;0;0;0;1;1;0
836022151;0;0;0;0;0;0;0;0;0;0;1;0
837029937;0;0;0;0;0;0;0;0;0;1;1;0
838037448;0;0;0;0;0;0;0;0;0;1;1;0
839045530;0;0;0;0;0;0;0;1;0;0;1;0
840052933;0;0;0;0;0;0;0;0;0;1;1;0
841060401;0;0;0;0;0;0;0;0;0;1;1;0
842068142;0;0;0;0;0;0;0;0;0;1;1;0
843075746;0;0;0;0;0;0;0;0;0;0;1;0
844083478;0;0;0;0;0;0;0;0;0;1;1;0
845091325;0;0;0;0;0;0;0;0;0;0;1;0
846098971;0;0;0;0;0;0;0;0;0;0;1;0
847106696;0;0;0;0;0;0;0;0;0;1;1;0
848114340;0;0;0;0;0;0;0;0;0;1;1;0
849122037;0;0;0;0;0;0;0;0;0;0;1;0
850129571;0;0;0;0;0;0;0;0;0;0;1;0
851137261;0;0;0;0;0;0;0;0;0;1;1;0
852145078;0;0;0;0;0;0;0;0;0;1;1;0
853152800;0;0;0;0;0;0;0;0;0;0;1;0
854160593;0;0;0;0;0;0;0;0;0;1;1;0
855168180;0;0;0;0;0;0;0;0;0;0;1;0
856175832;0;0;0;0;0;0;0;0;0;0;1;0
857183642;0;0;0;0;0;0;0;0;0;1;1;0
858191112;0;0;0;0;0;0;0;0;0;0;1;0
859198763;0;0;0;0;0;0;0;0;0;0;1;0
860206681;0;0;0;0;0;0;0;0;0;0;1;0
861214131;0;0;0;0;0;0;0;0;0;1;1;0
862222001;0;0;0;0;0;0;0;0;0;0;1;0
863229669;0;0;0;0;0;0;0;0;0;1;1;0
864237326;0;0;0;0;0;0;0;0;0;0;1;0
865245025;0;0;0;0;0;0;0;0;0;0;1;0
866252502;0;0;0;0;0;0;0;0;0;0;1;0
867260258;0;0;0;0;0;0;0;0;0;0;1;0
868267908;0;0;0;0;0;0;0;0;0;0;1;0
869275627;0;0;0;0;0;0;0;0;0;1;1;0
870283376;0;0;0;0;0;0;0;0;0;0;1;0
871290989;0;0;0;0;0;0;0;0;0;0;1;0
872299099;0;0;0;0;0;0;0;0;0;0;1;0
873306462;0;0;0;0;0;0;0;0;0;0;1;0
874314316;0;0;0;0;0;0;0;0;0;0;1;0
875321681;0;0;0;0;0;0;0;0;0;0;1;0
876329592;0;0;0;0;0;0;0;0;0;0;1;0
877337153;0;0;0;0;0;0;0;0;0;0;1;0
878345043;0;0;0;0;0;0;0;0;0;0;1;0
879352614;0;0;0;0;0;0;0;0;0;0;1;0
880360133;0;0;0;0;0;0;0;0;0;0;1;0
881367762;0;0;0;0;0;0;0;0;0;1;1;0
882375624;0;0;0;0;0;0;0;0;0;0;1;0
883383255;0;0;0;0;0;0;0;0;0;0;1;0
884391052;0;0;0;0;0;0;0;0;0;0;1;0
885398711;0;0;0;0;0;0;0;0;0;1;1;0
886406246;0;0;0;0;0;0;0;0;0;0;1;0
887414139;0;0;0;0;0;0;0;0;0;0;1;0
888421686;0;0;0;0;0;0;0;0;0;0;1;0
889429430;0;0;0;0;0;0;0;0;0;0;1;0
890437143;0;0;0;0;0;0;0;0;0;0;1;0
891444617;0;0;0;0;0;0;0;0;0;0;1;0
892452514;0;0;0;0;0;0;0;0;0;0;1;0
893459994;0;0;0;0;0;0;0;0;0;0;1;0
894467842;0;0;0;0;0;0;0;0;0;0;1;0
895475511;0;0;0;0;0;0;0;0;0;0;1;0
896483109;0;0;0;0;0;0;0;0;0;1;1;0
897490750;0;0;0;0;0;0;0;0;0;1;1;0
898498553;0;0;0;0;0;0;0;0;0;0;1;0
899506280;0;0;0;0;0;0;0;0;0;0;1;0
900513997;0;0;0;0;0;0;0;0;0;0;1;0
901521434;0;0;0;0;0;0;0;0;0;0;1;0
902529401;0;0;0;0;0;0;0;0;0;0;1;0
903536990;0;0;0;0;0;0;0;0;0;0;1;0
904544682;0;0;0;0;0;0;0;0;0;0;1;0
905552252;0;0;0;0;0;0;0;0;0;1;1;0
906560087;0;0;0;0;0;0;0;1;0;1;1;0
907567588;0;0;0;0;0;0;0;0;0;1;1;0
908575217;0;0;0;0;0;0;0;0;0;1;1;0
909583367;0;0;0;0;0;0;0;0;0;1;1;0
910590658;0;0;0;0;0;0;0;0;0;1;1;0
911598567;0;0;0;0;0;0;0;0;0;1;1;0
912606216;0;0;0;0;0;0;0;0;0;1;1;0
913614115;0;0;0;0;0;0;0;0;0;1;1;0
914621386;0;0;0;0;0;0;0;0;0;1;1;0
915629469;0;0;0;0;0;0;0;0;0;1;1;0
916636907;0;0;0;0;0;0;0;0;0;1;1;0
917644714;0;0;0;0;0;0;0;0;0;1;1;0
918652382;0;0;0;0;0;0;0;0;0;0;1;0
919659971;0;0;0;0;0;0;0;0;0;0;1;0
920667636;0;0;0;0;0;0;0;0;0;1;1;0
921675111;0;0;0;0;0;0;0;0;0;1;1;0
922683026;0;0;0;0;0;0;0;0;0;1;1;0
923690645;0;0;0;0;0;0;0;0;0;0;1;0
924698232;0;0;0;0;0;0;0;0;0;1;1;0
925705907;0;0;0;0;0;0;0;0;0;1;1;0
926713521;0;0;0;0;0;0;0;0;0;1;1;0
927721278;0;0;0;0;0;0;0;0;0;0;1;0
928729151;0;0;0;0;0;0;0;0;0;1;1;0
929736634;0;0;0;0;0;0;0;0;0;0;1;0
930744457;0;0;0;0;0;0;0;0;0;0;1;0
931752128;0;0;0;0;0;0;0;0;0;0;1;0
932759864;0;0;0;0;0;0;0;0;0;0;1;0
933767490;0;0;0;0;0;0;0;0;0;0;1;0
934775064;0;0;0;0;0;0;0;0;0;0;1;0
935782915;0;0;0;0;0;0;0;0;0;0;1;0
936790351;0;0;0;0;0;0;0;0;0;0;1;0
937798254;0;0;0;0;0;0;0;0;0;0;1;0
938810457;0;0;0;0;0;0;0;0;0;0;1;0
939813628;0;0;0;0;0;0;0;0;0;0;1;0
940821318;0;0;0;0;0;0;0;0;0;0;1;0
941828958;0;0;0;0;0;0;0;0;0;0;1;0
942836664;0;0;0;0;0;0;0;0;0;1;1;0
943844222;0;0;0;0;0;0;0;0;0;1;1;0
944852041;0;0;0;0;0;0;0;0;0;1;1;0
945859782;0;0;0;0;0;0;0;0;0;1;1;0
946867339;0;0;0;0;0;0;0;0;0;1;1;0
947875101;0;0;0;0;0;0;0;0;0;1;1;0
948882928;0;0;0;0;0;0;0;0;0;1;1;0
949890331;0;0;0;0;0;0;0;0;0;1;1;0
950898369;0;0;0;0;0;0;0;0;0;1;1;0
951905663;0;0;0;0;0;0;0;0;0;1;1;0
952913603;0;0;0;0;0;0;0;0;0;1;1;0
953920964;0;0;0;0;0;0;0;0;0;1;1;0
954929010;0;0;0;0;0;0;0;0;0;0;1;0
955936428;0;0;0;0;0;0;0;0;0;1;1;0
956944283;0;0;0;0;0;0;0;0;0;1;1;0
957951945;0;0;0;0;0;0;0;0;0;0;1;0
958959543;0;0;0;0;0;0;0;0;0;0;1;0
959967125;0;0;0;0;0;0;0;0;0;1;1;0
960974971;0;0;0;0;0;0;0;0;0;0;1;0
961982435;0;0;0;0;0;0;0;0;0;1;1;0
962990164;0;0;0;0;0;0;0;0;0;1;1;0
963997957;0;0;0;0;0;0;0;0;0;0;1;0
965005714;0;0;0;0;0;0;0;0;0;1;1;0
966013194;0;0;0;0;0;0;0;0;0;0;1;0
967021007;0;0;0;0;0;0;0;0;0;1;1;0
968028775;0;0;0;0;0;0;0;0;0;0;1;0
969036429;0;0;0;0;0;0;0;0;0;0;1;0
970044184;0;0;0;0;0;0;0;0;0;0;1;0
971051697;0;0;0;0;0;0;0;0;0;0;1;0
972059410;0;0;0;0;0;0;0;0;0;1;1;0
973067044;0;0;0;0;0;0;0;0;0;1;1;0
974074748;0;0;0;0;0;0;0;0;0;1;1;0
975082663;0;0;0;0;0;0;0;0;0;1;1;0
976090068;0;0;0;0;0;0;0;0;0;1;1;0
977097788;0;0;0;0;0;0;0;0;0;0;1;0
978105598;0;0;0;0;0;0;0;0;0;0;1;0
979113109;0;0;0;0;0;0;0;0;0;1;1;0
980120906;0;0;0;0;0;0;0;0;0;1;1;0
981128614;0;0;0;0;0;0;0;0;0;0;1;0
982136124;0;0;0;0;0;0;0;0;0;0;1;0
983143868;0;0;0;0;0;0;0;0;0;0;1;0
984151555;0;0;0;0;0;0;0;0;0;0;1;0
985159266;0;0;0;0;0;0;0;0;0;0;1;0
986167035;0;0;0;0;0;0;0;0;0;0;1;0
987174749;0;0;0;0;0;0;0;0;0;0;1;0
988182684;0;0;0;0;0;0;0;0;0;0;1;0
989189936;0;0;0;0;0;0;0;0;0;0;1;0
990198066;0;0;0;0;0;0;0;0;0;0;1;0
991205504;0;0;0;0;0;0;0;0;0;0;1;0
992213354;0;0;0;0;0;0;0;0;0;1;1;0
993220785;0;0;0;0;0;0;0;0;0;1;1;0
994228801;0;0;0;0;0;0;0;0;0;0;1;0
995235998;0;0;0;0;0;0;0;0;0;1;1;0
996243797;0;0;0;0;0;0;0;0;0;1;1;0
997251401;0;0;0;0;0;0;0;0;0;1;1;0
998259057;0;0;0;0;0;0;0;0;0;1;1;0
999266738;0;0;0;0;0;0;0;0;0;1;1;0
1000274610;0;0;0;0;0;0;0;0;0;1;1;0
1001282098;0;0;0;0;0;0;0;0;0;1;1;0
1002289776;0;0;0;0;0;0;0;0;0;0;1;0
1003297544;0;0;0;0;0;0;0;0;0;0;1;0
1004305335;0;0;0;0;0;0;0;0;0;1;1;0
1005312884;0;0;0;0;0;0;0;0;0;1;1;0
1006320717;0;0;0;0;0;0;0;0;0;0;1;0
1007328163;0;0;0;0;0;0;0;0;0;0;1;0
1008335976;0;0;0;0;0;0;0;0;0;0;1;0
1009343651;0;0;0;0;0;0;0;0;0;0;1;0
1010351478;0;0;0;0;0;0;0;0;0;1;1;0
1011341432;0;1;0;0;0;0;1;0;0;0;1;0
1011682996;0;1;1;0;0;0;1;0;0;0;1;0
1012024981;0;1;1;1;0;0;1;0;0;0;1;0
1013032514;0;1;1;1;0;0;1;0;0;1;1;0
