timestamp;id;event_sequence;arguments[0];arguments[1];arguments[2];arguments[3];arguments[4];arguments[5];arguments[6];arguments[7];arguments[8];arguments[9];arguments[10];arguments[11];arguments[12];arguments[13];arguments[14];arguments[15];arguments[16];arguments[17];arguments[18];arguments[19];arguments[20];arguments[21];arguments[22];arguments[23];arguments[24];log_levels
393240644;27825120;121;0;0;0;18;1;0;0;0;0;131;191;1;128;131;191;1;128;0;0;0;0;0;0;0;0;136
393240649;30612409;122;124;0;126;0;17;0;0;0;0;0;0;0;0;0;0;0;0;0;0;0;0;0;0;0;0;51
393240652;26788467;123;56;0;0;0;24;0;0;0;0;0;0;0;0;0;0;0;0;0;0;0;0;0;0;0;0;51
393240655;17154777;124;8;0;0;0;20;0;0;0;0;0;0;0;0;0;0;0;0;0;0;0;0;0;0;0;0;102
393240658;19865031;125;0;64;0;0;20;0;0;0;0;0;0;0;0;0;0;0;0;0;0;0;0;0;0;0;0;51
393240661;16856624;126;32;0;0;0;20;0;0;0;0;0;0;0;0;0;0;0;0;0;0;0;0;0;0;0;0;102
393240664;18691879;127;0;130;16;2;56;0;0;0;0;0;0;0;0;0;0;0;0;0;0;0;0;0;0;0;0;136
431266038;26266355;128;1;0;0;0;0;0;0;0;0;0;0;0;0;0;0;0;0;0;0;0;0;0;0;0;0;102
431269294;17980399;129;234;7;1;12;19;5;8;0;0;0;0;0;0;0;0;0;0;0;0;0;0;0;0;0;0;102
431402666;27825120;130;0;0;0;18;1;0;0;0;0;131;191;1;128;131;191;1;128;0;0;0;0;0;0;0;0;136
431402696;30612409;131;124;0;126;0;17;0;0;0;0;0;0;0;0;0;0;0;0;0;0;0;0;0;0;0;0;51
431402700;26788467;132;56;0;0;0;24;0;0;0;0;0;0;0;0;0;0;0;0;0;0;0;0;0;0;0;0;51
431402703;17154777;133;8;0;0;0;20;0;0;0;0;0;0;0;0;0;0;0;0;0;0;0;0;0;0;0;0;102
431402706;19865031;134;0;64;0;0;20;0;0;0;0;0;0;0;0;0;0;0;0;0;0;0;0;0;0;0;0;51
431402709;16856624;135;32;0;0;0;20;0;0;0;0;0;0;0;0;0;0;0;0;0;0;0;0;0;0;0;0;102
431402712;18691879;136;0;130;20;2;56;0;0;0;0;0;0;0;0;0;0;0;0;0;0;0;0;0;0;0;0;136
434418593;21054825;137;0;0;0;0;0;0;0;0;0;0;0;0;0;0;0;0;0;0;0;0;0;0;0;0;0;102
1012030559;26622124;138;0;0;0;0;0;0;0;0;0;0;0;0;0;0;0;0;0;0;0;0;0;0;0;0;0;102
1012415622;32794487;139;1;0;0;0;0;0;0;0;0;0;0;0;0;0;0;0;0;0;0;0;0;0;0;0;0;102
