timestamp;armed;prearmed;ready_to_arm;lockdown;manual_lockdown;force_failsafe;in_esc_calibration_mode
431266043;1;0;1;0;0;0;0
431776496;1;0;1;0;0;0;0
432282749;1;0;1;0;0;0;0
432788495;1;0;1;0;0;0;0
433294505;1;0;1;0;0;0;0
433802514;1;0;1;0;0;0;0
434308515;1;0;1;0;0;0;0
434814494;1;0;1;0;0;0;0
435320513;1;0;1;0;0;0;0
435826496;1;0;1;0;0;0;0
436332492;1;0;1;0;0;0;0
436838494;1;0;1;0;0;0;0
437344494;1;0;1;0;0;0;0
437850539;1;0;1;0;0;0;0
438356733;1;0;1;0;0;0;0
438862516;1;0;1;0;0;0;0
439368494;1;0;1;0;0;0;0
439874514;1;0;1;0;0;0;0
440380514;1;0;1;0;0;0;0
440886494;1;0;1;0;0;0;0
441392776;1;0;1;0;0;0;0
441898495;1;0;1;0;0;0;0
442404707;1;0;1;0;0;0;0
442910495;1;0;1;0;0;0;0
443416493;1;0;1;0;0;0;0
443922512;1;0;1;0;0;0;0
444428525;1;0;1;0;0;0;0
444936512;1;0;1;0;0;0;0
445442512;1;0;1;0;0;0;0
445948494;1;0;1;0;0;0;0
446455626;1;0;1;0;0;0;0
446961496;1;0;1;0;0;0;0
447467538;1;0;1;0;0;0;0
447973495;1;0;1;0;0;0;0
448479537;1;0;1;0;0;0;0
448985653;1;0;1;0;0;0;0
449491608;1;0;1;0;0;0;0
449997494;1;0;1;0;0;0;0
450503512;1;0;1;0;0;0;0
451009494;1;0;1;0;0;0;0
451515627;1;0;1;0;0;0;0
452021493;1;0;1;0;0;0;0
452527541;1;0;1;0;0;0;0
453033533;1;0;1;0;0;0;0
453539511;1;0;1;0;0;0;0
454045627;1;0;1;0;0;0;0
454551492;1;0;1;0;0;0;0
455057526;1;0;1;0;0;0;0
455563952;1;0;1;0;0;0;0
456069766;1;0;1;0;0;0;0
456575890;1;0;1;0;0;0;0
457081514;1;0;1;0;0;0;0
457587493;1;0;1;0;0;0;0
458093514;1;0;1;0;0;0;0
458599493;1;0;1;0;0;0;0
459107896;1;0;1;0;0;0;0
459613493;1;0;1;0;0;0;0
460119495;1;0;1;0;0;0;0
460625493;1;0;1;0;0;0;0
461132495;1;0;1;0;0;0;0
461638492;1;0;1;0;0;0;0
462144494;1;0;1;0;0;0;0
462650854;1;0;1;0;0;0;0
463156504;1;0;1;0;0;0;0
463662579;1;0;1;0;0;0;0
464168516;1;0;1;0;0;0;0
464674527;1;0;1;0;0;0;0
465180494;1;0;1;0;0;0;0
465686513;1;0;1;0;0;0;0
466192494;1;0;1;0;0;0;0
466698527;1;0;1;0;0;0;0
468722527;1;0;1;0;0;0;0
469228494;1;0;1;0;0;0;0
469735125;1;0;1;0;0;0;0
470241494;1;0;1;0;0;0;0
470747627;1;0;1;0;0;0;0
471253494;1;0;1;0;0;0;0
471760493;1;0;1;0;0;0;0
472266518;1;0;1;0;0;0;0
472772543;1;0;1;0;0;0;0
473278514;1;0;1;0;0;0;0
473784510;1;0;1;0;0;0;0
474290645;1;0;1;0;0;0;0
474796493;1;0;1;0;0;0;0
475302531;1;0;1;0;0;0;0
475808492;1;0;1;0;0;0;0
476314574;1;0;1;0;0;0;0
476820494;1;0;1;0;0;0;0
477326494;1;0;1;0;0;0;0
477832710;1;0;1;0;0;0;0
478338494;1;0;1;0;0;0;0
478844548;1;0;1;0;0;0;0
479350510;1;0;1;0;0;0;0
479857493;1;0;1;0;0;0;0
480363615;1;0;1;0;0;0;0
480869495;1;0;1;0;0;0;0
481375586;1;0;1;0;0;0;0
481881561;1;0;1;0;0;0;0
482387494;1;0;1;0;0;0;0
482893512;1;0;1;0;0;0;0
483400512;1;0;1;0;0;0;0
483907512;1;0;1;0;0;0;0
484413513;1;0;1;0;0;0;0
484919627;1;0;1;0;0;0;0
485425493;1;0;1;0;0;0;0
485931497;1;0;1;0;0;0;0
486437495;1;0;1;0;0;0;0
486943521;1;0;1;0;0;0;0
487449671;1;0;1;0;0;0;0
487955517;1;0;1;0;0;0;0
488461528;1;0;1;0;0;0;0
488967492;1;0;1;0;0;0;0
489473497;1;0;1;0;0;0;0
489979682;1;0;1;0;0;0;0
490485512;1;0;1;0;0;0;0
490991494;1;0;1;0;0;0;0
491497511;1;0;1;0;0;0;0
492003506;1;0;1;0;0;0;0
492509628;1;0;1;0;0;0;0
493015494;1;0;1;0;0;0;0
493521512;1;0;1;0;0;0;0
494027832;1;0;1;0;0;0;0
494533915;1;0;1;0;0;0;0
495039894;1;0;1;0;0;0;0
495545494;1;0;1;0;0;0;0
496051493;1;0;1;0;0;0;0
496557495;1;0;1;0;0;0;0
497065566;1;0;1;0;0;0;0
497573000;1;0;1;0;0;0;0
498078509;1;0;1;0;0;0;0
498584536;1;0;1;0;0;0;0
499090519;1;0;1;0;0;0;0
499596494;1;0;1;0;0;0;0
500102494;1;0;1;0;0;0;0
500608514;1;0;1;0;0;0;0
501114561;1;0;1;0;0;0;0
501620494;1;0;1;0;0;0;0
502126571;1;0;1;0;0;0;0
502632494;1;0;1;0;0;0;0
503138494;1;0;1;0;0;0;0
503645495;1;0;1;0;0;0;0
504151628;1;0;1;0;0;0;0
504657494;1;0;1;0;0;0;0
505163493;1;0;1;0;0;0;0
505669494;1;0;1;0;0;0;0
506175508;1;0;1;0;0;0;0
506681669;1;0;1;0;0;0;0
507187513;1;0;1;0;0;0;0
507693494;1;0;1;0;0;0;0
508199496;1;0;1;0;0;0;0
508705493;1;0;1;0;0;0;0
509211626;1;0;1;0;0;0;0
509717513;1;0;1;0;0;0;0
510224493;1;0;1;0;0;0;0
510730495;1;0;1;0;0;0;0
511236513;1;0;1;0;0;0;0
511742494;1;0;1;0;0;0;0
512248493;1;0;1;0;0;0;0
512754517;1;0;1;0;0;0;0
513260555;1;0;1;0;0;0;0
513766494;1;0;1;0;0;0;0
514272504;1;0;1;0;0;0;0
514778522;1;0;1;0;0;0;0
515284793;1;0;1;0;0;0;0
515790646;1;0;1;0;0;0;0
516296493;1;0;1;0;0;0;0
516802494;1;0;1;0;0;0;0
517308494;1;0;1;0;0;0;0
517815494;1;0;1;0;0;0;0
518321626;1;0;1;0;0;0;0
518827494;1;0;1;0;0;0;0
519333493;1;0;1;0;0;0;0
519839495;1;0;1;0;0;0;0
520345495;1;0;1;0;0;0;0
520851728;1;0;1;0;0;0;0
521358513;1;0;1;0;0;0;0
521864498;1;0;1;0;0;0;0
522370495;1;0;1;0;0;0;0
522876495;1;0;1;0;0;0;0
523383494;1;0;1;0;0;0;0
523889494;1;0;1;0;0;0;0
524395494;1;0;1;0;0;0;0
524901520;1;0;1;0;0;0;0
525408187;1;0;1;0;0;0;0
525913495;1;0;1;0;0;0;0
526419496;1;0;1;0;0;0;0
526925495;1;0;1;0;0;0;0
527431492;1;0;1;0;0;0;0
527937494;1;0;1;0;0;0;0
528443493;1;0;1;0;0;0;0
528949514;1;0;1;0;0;0;0
529455512;1;0;1;0;0;0;0
529961569;1;0;1;0;0;0;0
530467514;1;0;1;0;0;0;0
530973520;1;0;1;0;0;0;0
531479519;1;0;1;0;0;0;0
531985494;1;0;1;0;0;0;0
532492061;1;0;1;0;0;0;0
532997633;1;0;1;0;0;0;0
533503558;1;0;1;0;0;0;0
534009495;1;0;1;0;0;0;0
534516036;1;0;1;0;0;0;0
535021494;1;0;1;0;0;0;0
535527493;1;0;1;0;0;0;0
536033504;1;0;1;0;0;0;0
536539492;1;0;1;0;0;0;0
537045495;1;0;1;0;0;0;0
537552540;1;0;1;0;0;0;0
538058496;1;0;1;0;0;0;0
538564804;1;0;1;0;0;0;0
539070541;1;0;1;0;0;0;0
539576737;1;0;1;0;0;0;0
540082623;1;0;1;0;0;0;0
540588515;1;0;1;0;0;0;0
541095495;1;0;1;0;0;0;0
541601494;1;0;1;0;0;0;0
542107494;1;0;1;0;0;0;0
542613892;1;0;1;0;0;0;0
543119567;1;0;1;0;0;0;0
543625589;1;0;1;0;0;0;0
544131494;1;0;1;0;0;0;0
544638109;1;0;1;0;0;0;0
545143629;1;0;1;0;0;0;0
545649493;1;0;1;0;0;0;0
546155494;1;0;1;0;0;0;0
546661494;1;0;1;0;0;0;0
547167876;1;0;1;0;0;0;0
547673627;1;0;1;0;0;0;0
548180532;1;0;1;0;0;0;0
548686872;1;0;1;0;0;0;0
549192513;1;0;1;0;0;0;0
549699514;1;0;1;0;0;0;0
550205874;1;0;1;0;0;0;0
550711512;1;0;1;0;0;0;0
551217524;1;0;1;0;0;0;0
551723512;1;0;1;0;0;0;0
552229493;1;0;1;0;0;0;0
552735644;1;0;1;0;0;0;0
553241494;1;0;1;0;0;0;0
553747513;1;0;1;0;0;0;0
554253495;1;0;1;0;0;0;0
554760252;1;0;1;0;0;0;0
555265539;1;0;1;0;0;0;0
555771592;1;0;1;0;0;0;0
556277495;1;0;1;0;0;0;0
556783494;1;0;1;0;0;0;0
557289495;1;0;1;0;0;0;0
557795494;1;0;1;0;0;0;0
558302494;1;0;1;0;0;0;0
558808873;1;0;1;0;0;0;0
559314494;1;0;1;0;0;0;0
559820712;1;0;1;0;0;0;0
560326494;1;0;1;0;0;0;0
560832493;1;0;1;0;0;0;0
561338494;1;0;1;0;0;0;0
561845503;1;0;1;0;0;0;0
562351494;1;0;1;0;0;0;0
562857544;1;0;1;0;0;0;0
563363495;1;0;1;0;0;0;0
563869612;1;0;1;0;0;0;0
564375961;1;0;1;0;0;0;0
564882513;1;0;1;0;0;0;0
565388494;1;0;1;0;0;0;0
565894550;1;0;1;0;0;0;0
566400495;1;0;1;0;0;0;0
566906524;1;0;1;0;0;0;0
567412494;1;0;1;0;0;0;0
567918679;1;0;1;0;0;0;0
568424496;1;0;1;0;0;0;0
568930877;1;0;1;0;0;0;0
569436494;1;0;1;0;0;0;0
569942696;1;0;1;0;0;0;0
570448494;1;0;1;0;0;0;0
570954493;1;0;1;0;0;0;0
571460510;1;0;1;0;0;0;0
571966517;1;0;1;0;0;0;0
572472510;1;0;1;0;0;0;0
572978494;1;0;1;0;0;0;0
573484494;1;0;1;0;0;0;0
573990493;1;0;1;0;0;0;0
574496494;1;0;1;0;0;0;0
575004448;1;0;1;0;0;0;0
575510494;1;0;1;0;0;0;0
576016513;1;0;1;0;0;0;0
576522594;1;0;1;0;0;0;0
577028877;1;0;1;0;0;0;0
577534495;1;0;1;0;0;0;0
578040492;1;0;1;0;0;0;0
578546495;1;0;1;0;0;0;0
579052965;1;0;1;0;0;0;0
579558650;1;0;1;0;0;0;0
580064759;1;0;1;0;0;0;0
580570518;1;0;1;0;0;0;0
581076495;1;0;1;0;0;0;0
581582495;1;0;1;0;0;0;0
582088627;1;0;1;0;0;0;0
582594494;1;0;1;0;0;0;0
583100494;1;0;1;0;0;0;0
583606495;1;0;1;0;0;0;0
584112492;1;0;1;0;0;0;0
584618753;1;0;1;0;0;0;0
585124513;1;0;1;0;0;0;0
585630513;1;0;1;0;0;0;0
586136494;1;0;1;0;0;0;0
586642494;1;0;1;0;0;0;0
587148647;1;0;1;0;0;0;0
587654496;1;0;1;0;0;0;0
588161551;1;0;1;0;0;0;0
588667562;1;0;1;0;0;0;0
589173546;1;0;1;0;0;0;0
589679579;1;0;1;0;0;0;0
590185493;1;0;1;0;0;0;0
590691494;1;0;1;0;0;0;0
591197508;1;0;1;0;0;0;0
591703515;1;0;1;0;0;0;0
592209493;1;0;1;0;0;0;0
592715506;1;0;1;0;0;0;0
593221535;1;0;1;0;0;0;0
593727506;1;0;1;0;0;0;0
594233517;1;0;1;0;0;0;0
594739498;1;0;1;0;0;0;0
595245493;1;0;1;0;0;0;0
595751735;1;0;1;0;0;0;0
596257545;1;0;1;0;0;0;0
596763921;1;0;1;0;0;0;0
597269495;1;0;1;0;0;0;0
597775495;1;0;1;0;0;0;0
598281494;1;0;1;0;0;0;0
598787494;1;0;1;0;0;0;0
599293492;1;0;1;0;0;0;0
599799494;1;0;1;0;0;0;0
600305920;1;0;1;0;0;0;0
600811509;1;0;1;0;0;0;0
601319493;1;0;1;0;0;0;0
601826494;1;0;1;0;0;0;0
602332493;1;0;1;0;0;0;0
602838643;1;0;1;0;0;0;0
603344493;1;0;1;0;0;0;0
603850533;1;0;1;0;0;0;0
604356495;1;0;1;0;0;0;0
604862600;1;0;1;0;0;0;0
605368670;1;0;1;0;0;0;0
605874495;1;0;1;0;0;0;0
606380493;1;0;1;0;0;0;0
606886492;1;0;1;0;0;0;0
607392513;1;0;1;0;0;0;0
607898642;1;0;1;0;0;0;0
608404493;1;0;1;0;0;0;0
608910494;1;0;1;0;0;0;0
609416513;1;0;1;0;0;0;0
609922495;1;0;1;0;0;0;0
610428939;1;0;1;0;0;0;0
610934493;1;0;1;0;0;0;0
611440494;1;0;1;0;0;0;0
611946876;1;0;1;0;0;0;0
612452494;1;0;1;0;0;0;0
612958850;1;0;1;0;0;0;0
613464512;1;0;1;0;0;0;0
613970548;1;0;1;0;0;0;0
614477592;1;0;1;0;0;0;0
614983513;1;0;1;0;0;0;0
615490512;1;0;1;0;0;0;0
615996607;1;0;1;0;0;0;0
616502512;1;0;1;0;0;0;0
617008493;1;0;1;0;0;0;0
617514493;1;0;1;0;0;0;0
618021494;1;0;1;0;0;0;0
618527494;1;0;1;0;0;0;0
619033557;1;0;1;0;0;0;0
619539494;1;0;1;0;0;0;0
620045516;1;0;1;0;0;0;0
620552506;1;0;1;0;0;0;0
621058540;1;0;1;0;0;0;0
621565007;1;0;1;0;0;0;0
622070646;1;0;1;0;0;0;0
622576752;1;0;1;0;0;0;0
623082494;1;0;1;0;0;0;0
623588512;1;0;1;0;0;0;0
624094513;1;0;1;0;0;0;0
624601626;1;0;1;0;0;0;0
625107494;1;0;1;0;0;0;0
625613673;1;0;1;0;0;0;0
626120494;1;0;1;0;0;0;0
626626513;1;0;1;0;0;0;0
627132494;1;0;1;0;0;0;0
627638494;1;0;1;0;0;0;0
628144493;1;0;1;0;0;0;0
628650494;1;0;1;0;0;0;0
629156494;1;0;1;0;0;0;0
629662682;1;0;1;0;0;0;0
630168531;1;0;1;0;0;0;0
630674539;1;0;1;0;0;0;0
631180494;1;0;1;0;0;0;0
631686827;1;0;1;0;0;0;0
632192512;1;0;1;0;0;0;0
632698708;1;0;1;0;0;0;0
633204495;1;0;1;0;0;0;0
633710494;1;0;1;0;0;0;0
634216513;1;0;1;0;0;0;0
634722494;1;0;1;0;0;0;0
635228529;1;0;1;0;0;0;0
636240518;1;0;1;0;0;0;0
636746493;1;0;1;0;0;0;0
637254526;1;0;1;0;0;0;0
637760553;1;0;1;0;0;0;0
638266496;1;0;1;0;0;0;0
638772507;1;0;1;0;0;0;0
639278549;1;0;1;0;0;0;0
639785494;1;0;1;0;0;0;0
640291647;1;0;1;0;0;0;0
640797666;1;0;1;0;0;0;0
641303495;1;0;1;0;0;0;0
641809494;1;0;1;0;0;0;0
642315512;1;0;1;0;0;0;0
642821630;1;0;1;0;0;0;0
643327539;1;0;1;0;0;0;0
643833512;1;0;1;0;0;0;0
644339544;1;0;1;0;0;0;0
644845518;1;0;1;0;0;0;0
645351715;1;0;1;0;0;0;0
645857608;1;0;1;0;0;0;0
646363493;1;0;1;0;0;0;0
646869507;1;0;1;0;0;0;0
647375515;1;0;1;0;0;0;0
647881821;1;0;1;0;0;0;0
648388493;1;0;1;0;0;0;0
648894492;1;0;1;0;0;0;0
649401646;1;0;1;0;0;0;0
649907493;1;0;1;0;0;0;0
650414494;1;0;1;0;0;0;0
650920493;1;0;1;0;0;0;0
651426637;1;0;1;0;0;0;0
651932627;1;0;1;0;0;0;0
652438622;1;0;1;0;0;0;0
652944493;1;0;1;0;0;0;0
653450494;1;0;1;0;0;0;0
653956508;1;0;1;0;0;0;0
654463385;1;0;1;0;0;0;0
654968507;1;0;1;0;0;0;0
655474495;1;0;1;0;0;0;0
655980494;1;0;1;0;0;0;0
656486524;1;0;1;0;0;0;0
656993495;1;0;1;0;0;0;0
657499815;1;0;1;0;0;0;0
658005493;1;0;1;0;0;0;0
658511725;1;0;1;0;0;0;0
659017493;1;0;1;0;0;0;0
659523494;1;0;1;0;0;0;0
660029504;1;0;1;0;0;0;0
660535493;1;0;1;0;0;0;0
661041506;1;0;1;0;0;0;0
661547786;1;0;1;0;0;0;0
662054493;1;0;1;0;0;0;0
662560603;1;0;1;0;0;0;0
663066523;1;0;1;0;0;0;0
663573094;1;0;1;0;0;0;0
664078493;1;0;1;0;0;0;0
664584494;1;0;1;0;0;0;0
665090506;1;0;1;0;0;0;0
665596494;1;0;1;0;0;0;0
666102508;1;0;1;0;0;0;0
666608494;1;0;1;0;0;0;0
667114493;1;0;1;0;0;0;0
667620494;1;0;1;0;0;0;0
668126527;1;0;1;0;0;0;0
668632917;1;0;1;0;0;0;0
669138494;1;0;1;0;0;0;0
669644495;1;0;1;0;0;0;0
670150493;1;0;1;0;0;0;0
670656496;1;0;1;0;0;0;0
671162526;1;0;1;0;0;0;0
671668584;1;0;1;0;0;0;0
672174494;1;0;1;0;0;0;0
672680494;1;0;1;0;0;0;0
673186492;1;0;1;0;0;0;0
673692514;1;0;1;0;0;0;0
674198890;1;0;1;0;0;0;0
674704519;1;0;1;0;0;0;0
675211511;1;0;1;0;0;0;0
675717903;1;0;1;0;0;0;0
676223627;1;0;1;0;0;0;0
676729532;1;0;1;0;0;0;0
677235496;1;0;1;0;0;0;0
677741494;1;0;1;0;0;0;0
678247542;1;0;1;0;0;0;0
678753650;1;0;1;0;0;0;0
679259548;1;0;1;0;0;0;0
679765515;1;0;1;0;0;0;0
680271794;1;0;1;0;0;0;0
680777514;1;0;1;0;0;0;0
681284038;1;0;1;0;0;0;0
681789494;1;0;1;0;0;0;0
682295494;1;0;1;0;0;0;0
682801494;1;0;1;0;0;0;0
683307520;1;0;1;0;0;0;0
683813642;1;0;1;0;0;0;0
684319493;1;0;1;0;0;0;0
684825561;1;0;1;0;0;0;0
685331493;1;0;1;0;0;0;0
685837494;1;0;1;0;0;0;0
686343643;1;0;1;0;0;0;0
686849493;1;0;1;0;0;0;0
687355519;1;0;1;0;0;0;0
687861494;1;0;1;0;0;0;0
688367495;1;0;1;0;0;0;0
688873743;1;0;1;0;0;0;0
689379591;1;0;1;0;0;0;0
689886516;1;0;1;0;0;0;0
690392584;1;0;1;0;0;0;0
690898590;1;0;1;0;0;0;0
691404626;1;0;1;0;0;0;0
691910494;1;0;1;0;0;0;0
692416511;1;0;1;0;0;0;0
692922494;1;0;1;0;0;0;0
693428493;1;0;1;0;0;0;0
693935051;1;0;1;0;0;0;0
694440524;1;0;1;0;0;0;0
694946494;1;0;1;0;0;0;0
695452495;1;0;1;0;0;0;0
695958495;1;0;1;0;0;0;0
696464630;1;0;1;0;0;0;0
696970542;1;0;1;0;0;0;0
697476494;1;0;1;0;0;0;0
697982605;1;0;1;0;0;0;0
698488493;1;0;1;0;0;0;0
698995237;1;0;1;0;0;0;0
699500494;1;0;1;0;0;0;0
700006502;1;0;1;0;0;0;0
700512512;1;0;1;0;0;0;0
701018494;1;0;1;0;0;0;0
701524734;1;0;1;0;0;0;0
702030494;1;0;1;0;0;0;0
702537494;1;0;1;0;0;0;0
703043958;1;0;1;0;0;0;0
703549493;1;0;1;0;0;0;0
704056494;1;0;1;0;0;0;0
704562789;1;0;1;0;0;0;0
705068516;1;0;1;0;0;0;0
705574551;1;0;1;0;0;0;0
706080494;1;0;1;0;0;0;0
706586497;1;0;1;0;0;0;0
707092632;1;0;1;0;0;0;0
707598556;1;0;1;0;0;0;0
708104775;1;0;1;0;0;0;0
708610514;1;0;1;0;0;0;0
709117203;1;0;1;0;0;0;0
709622546;1;0;1;0;0;0;0
710128513;1;0;1;0;0;0;0
710634538;1;0;1;0;0;0;0
711140494;1;0;1;0;0;0;0
711646494;1;0;1;0;0;0;0
712152522;1;0;1;0;0;0;0
712658528;1;0;1;0;0;0;0
713164495;1;0;1;0;0;0;0
713670560;1;0;1;0;0;0;0
714176519;1;0;1;0;0;0;0
714682493;1;0;1;0;0;0;0
715188495;1;0;1;0;0;0;0
715694494;1;0;1;0;0;0;0
716200594;1;0;1;0;0;0;0
716706495;1;0;1;0;0;0;0
717212494;1;0;1;0;0;0;0
717719513;1;0;1;0;0;0;0
718225514;1;0;1;0;0;0;0
718731493;1;0;1;0;0;0;0
719237494;1;0;1;0;0;0;0
719743508;1;0;1;0;0;0;0
720249494;1;0;1;0;0;0;0
720755506;1;0;1;0;0;0;0
721261615;1;0;1;0;0;0;0
721767496;1;0;1;0;0;0;0
722273494;1;0;1;0;0;0;0
722779561;1;0;1;0;0;0;0
723285494;1;0;1;0;0;0;0
723791495;1;0;1;0;0;0;0
724297510;1;0;1;0;0;0;0
724803495;1;0;1;0;0;0;0
725309503;1;0;1;0;0;0;0
725815574;1;0;1;0;0;0;0
726321525;1;0;1;0;0;0;0
726827637;1;0;1;0;0;0;0
727333511;1;0;1;0;0;0;0
727839916;1;0;1;0;0;0;0
728345494;1;0;1;0;0;0;0
728851494;1;0;1;0;0;0;0
729357494;1;0;1;0;0;0;0
729863494;1;0;1;0;0;0;0
730369510;1;0;1;0;0;0;0
730876648;1;0;1;0;0;0;0
731382498;1;0;1;0;0;0;0
731888865;1;0;1;0;0;0;0
732394535;1;0;1;0;0;0;0
732900721;1;0;1;0;0;0;0
733407088;1;0;1;0;0;0;0
733912495;1;0;1;0;0;0;0
734418494;1;0;1;0;0;0;0
734924494;1;0;1;0;0;0;0
735430510;1;0;1;0;0;0;0
735936630;1;0;1;0;0;0;0
736442497;1;0;1;0;0;0;0
736948495;1;0;1;0;0;0;0
737454573;1;0;1;0;0;0;0
737960494;1;0;1;0;0;0;0
738466806;1;0;1;0;0;0;0
738972493;1;0;1;0;0;0;0
739478518;1;0;1;0;0;0;0
739984527;1;0;1;0;0;0;0
740490514;1;0;1;0;0;0;0
740996756;1;0;1;0;0;0;0
741502534;1;0;1;0;0;0;0
742008610;1;0;1;0;0;0;0
742514656;1;0;1;0;0;0;0
743020512;1;0;1;0;0;0;0
743526682;1;0;1;0;0;0;0
744033495;1;0;1;0;0;0;0
744539495;1;0;1;0;0;0;0
745045493;1;0;1;0;0;0;0
745552493;1;0;1;0;0;0;0
746058629;1;0;1;0;0;0;0
746564495;1;0;1;0;0;0;0
747070527;1;0;1;0;0;0;0
747576934;1;0;1;0;0;0;0
748082494;1;0;1;0;0;0;0
748588775;1;0;1;0;0;0;0
749094514;1;0;1;0;0;0;0
749600514;1;0;1;0;0;0;0
750106494;1;0;1;0;0;0;0
750613495;1;0;1;0;0;0;0
751119494;1;0;1;0;0;0;0
751625493;1;0;1;0;0;0;0
752131529;1;0;1;0;0;0;0
752637510;1;0;1;0;0;0;0
753144493;1;0;1;0;0;0;0
753651494;1;0;1;0;0;0;0
754157568;1;0;1;0;0;0;0
754663553;1;0;1;0;0;0;0
755170514;1;0;1;0;0;0;0
755676523;1;0;1;0;0;0;0
756182494;1;0;1;0;0;0;0
756688494;1;0;1;0;0;0;0
757194524;1;0;1;0;0;0;0
757700524;1;0;1;0;0;0;0
758206562;1;0;1;0;0;0;0
758712511;1;0;1;0;0;0;0
759218494;1;0;1;0;0;0;0
759724515;1;0;1;0;0;0;0
760230493;1;0;1;0;0;0;0
760736592;1;0;1;0;0;0;0
761242492;1;0;1;0;0;0;0
761748494;1;0;1;0;0;0;0
762254513;1;0;1;0;0;0;0
762760602;1;0;1;0;0;0;0
763266532;1;0;1;0;0;0;0
763772515;1;0;1;0;0;0;0
764278641;1;0;1;0;0;0;0
764784613;1;0;1;0;0;0;0
765290596;1;0;1;0;0;0;0
765796504;1;0;1;0;0;0;0
766303019;1;0;1;0;0;0;0
766808495;1;0;1;0;0;0;0
767314493;1;0;1;0;0;0;0
767820493;1;0;1;0;0;0;0
768326494;1;0;1;0;0;0;0
768833494;1;0;1;0;0;0;0
769339643;1;0;1;0;0;0;0
769846508;1;0;1;0;0;0;0
770352527;1;0;1;0;0;0;0
770858509;1;0;1;0;0;0;0
771364976;1;0;1;0;0;0;0
771870818;1;0;1;0;0;0;0
772376492;1;0;1;0;0;0;0
772882495;1;0;1;0;0;0;0
773388494;1;0;1;0;0;0;0
773894540;1;0;1;0;0;0;0
774400626;1;0;1;0;0;0;0
774906493;1;0;1;0;0;0;0
775412513;1;0;1;0;0;0;0
775918493;1;0;1;0;0;0;0
776424968;1;0;1;0;0;0;0
776930745;1;0;1;0;0;0;0
777436685;1;0;1;0;0;0;0
777942494;1;0;1;0;0;0;0
778448494;1;0;1;0;0;0;0
778954494;1;0;1;0;0;0;0
779460627;1;0;1;0;0;0;0
780472520;1;0;1;0;0;0;0
780978494;1;0;1;0;0;0;0
781484494;1;0;1;0;0;0;0
781990747;1;0;1;0;0;0;0
782496497;1;0;1;0;0;0;0
783002520;1;0;1;0;0;0;0
783508513;1;0;1;0;0;0;0
784014494;1;0;1;0;0;0;0
784520641;1;0;1;0;0;0;0
785026513;1;0;1;0;0;0;0
785532513;1;0;1;0;0;0;0
786038494;1;0;1;0;0;0;0
786544495;1;0;1;0;0;0;0
787051026;1;0;1;0;0;0;0
787556495;1;0;1;0;0;0;0
788062508;1;0;1;0;0;0;0
788568517;1;0;1;0;0;0;0
789074844;1;0;1;0;0;0;0
789580626;1;0;1;0;0;0;0
790086764;1;0;1;0;0;0;0
790592500;1;0;1;0;0;0;0
791098493;1;0;1;0;0;0;0
791604494;1;0;1;0;0;0;0
792110645;1;0;1;0;0;0;0
792616493;1;0;1;0;0;0;0
793122493;1;0;1;0;0;0;0
793628493;1;0;1;0;0;0;0
794134496;1;0;1;0;0;0;0
794640760;1;0;1;0;0;0;0
795148237;1;0;1;0;0;0;0
795653518;1;0;1;0;0;0;0
796159583;1;0;1;0;0;0;0
796666521;1;0;1;0;0;0;0
797172494;1;0;1;0;0;0;0
797678494;1;0;1;0;0;0;0
798184493;1;0;1;0;0;0;0
798690626;1;0;1;0;0;0;0
799196592;1;0;1;0;0;0;0
799702495;1;0;1;0;0;0;0
800208552;1;0;1;0;0;0;0
800714496;1;0;1;0;0;0;0
801221116;1;0;1;0;0;0;0
801726494;1;0;1;0;0;0;0
802232616;1;0;1;0;0;0;0
802738512;1;0;1;0;0;0;0
803244494;1;0;1;0;0;0;0
803750702;1;0;1;0;0;0;0
804256633;1;0;1;0;0;0;0
804762514;1;0;1;0;0;0;0
805268496;1;0;1;0;0;0;0
805774533;1;0;1;0;0;0;0
806280627;1;0;1;0;0;0;0
806786515;1;0;1;0;0;0;0
807292494;1;0;1;0;0;0;0
807800537;1;0;1;0;0;0;0
808306494;1;0;1;0;0;0;0
808812493;1;0;1;0;0;0;0
809318720;1;0;1;0;0;0;0
809824507;1;0;1;0;0;0;0
810330504;1;0;1;0;0;0;0
810836653;1;0;1;0;0;0;0
811342908;1;0;1;0;0;0;0
811848513;1;0;1;0;0;0;0
812354762;1;0;1;0;0;0;0
812860494;1;0;1;0;0;0;0
813366495;1;0;1;0;0;0;0
813872494;1;0;1;0;0;0;0
814378494;1;0;1;0;0;0;0
814884494;1;0;1;0;0;0;0
815390513;1;0;1;0;0;0;0
815896493;1;0;1;0;0;0;0
816402513;1;0;1;0;0;0;0
816908494;1;0;1;0;0;0;0
817414494;1;0;1;0;0;0;0
817920495;1;0;1;0;0;0;0
818426493;1;0;1;0;0;0;0
818932495;1;0;1;0;0;0;0
819438493;1;0;1;0;0;0;0
819944494;1;0;1;0;0;0;0
820450554;1;0;1;0;0;0;0
820957495;1;0;1;0;0;0;0
821463507;1;0;1;0;0;0;0
821969563;1;0;1;0;0;0;0
822476616;1;0;1;0;0;0;0
822982662;1;0;1;0;0;0;0
823488528;1;0;1;0;0;0;0
823994542;1;0;1;0;0;0;0
824500514;1;0;1;0;0;0;0
825006695;1;0;1;0;0;0;0
825512628;1;0;1;0;0;0;0
826018494;1;0;1;0;0;0;0
826524493;1;0;1;0;0;0;0
827030529;1;0;1;0;0;0;0
827536494;1;0;1;0;0;0;0
828042801;1;0;1;0;0;0;0
828548514;1;0;1;0;0;0;0
829054527;1;0;1;0;0;0;0
829560495;1;0;1;0;0;0;0
830066506;1;0;1;0;0;0;0
830572654;1;0;1;0;0;0;0
831078493;1;0;1;0;0;0;0
831584569;1;0;1;0;0;0;0
832090512;1;0;1;0;0;0;0
832596520;1;0;1;0;0;0;0
833102652;1;0;1;0;0;0;0
833608512;1;0;1;0;0;0;0
834115056;1;0;1;0;0;0;0
834620494;1;0;1;0;0;0;0
835126685;1;0;1;0;0;0;0
835632646;1;0;1;0;0;0;0
836139508;1;0;1;0;0;0;0
836645527;1;0;1;0;0;0;0
837151493;1;0;1;0;0;0;0
837657496;1;0;1;0;0;0;0
838163635;1;0;1;0;0;0;0
838669494;1;0;1;0;0;0;0
839175511;1;0;1;0;0;0;0
839681533;1;0;1;0;0;0;0
840187894;1;0;1;0;0;0;0
840693632;1;0;1;0;0;0;0
841199873;1;0;1;0;0;0;0
841705494;1;0;1;0;0;0;0
842211519;1;0;1;0;0;0;0
842717493;1;0;1;0;0;0;0
843224143;1;0;1;0;0;0;0
843729493;1;0;1;0;0;0;0
844235494;1;0;1;0;0;0;0
844741493;1;0;1;0;0;0;0
845247494;1;0;1;0;0;0;0
845753762;1;0;1;0;0;0;0
846259497;1;0;1;0;0;0;0
846765495;1;0;1;0;0;0;0
847271493;1;0;1;0;0;0;0
847777497;1;0;1;0;0;0;0
848283648;1;0;1;0;0;0;0
848789492;1;0;1;0;0;0;0
849296500;1;0;1;0;0;0;0
849802521;1;0;1;0;0;0;0
850308703;1;0;1;0;0;0;0
850814566;1;0;1;0;0;0;0
851320495;1;0;1;0;0;0;0
851826493;1;0;1;0;0;0;0
852332495;1;0;1;0;0;0;0
852838493;1;0;1;0;0;0;0
853344513;1;0;1;0;0;0;0
853850494;1;0;1;0;0;0;0
854356494;1;0;1;0;0;0;0
854862519;1;0;1;0;0;0;0
855368513;1;0;1;0;0;0;0
855874493;1;0;1;0;0;0;0
856380514;1;0;1;0;0;0;0
856886589;1;0;1;0;0;0;0
857392493;1;0;1;0;0;0;0
857898744;1;0;1;0;0;0;0
858404494;1;0;1;0;0;0;0
858911173;1;0;1;0;0;0;0
859416495;1;0;1;0;0;0;0
859922513;1;0;1;0;0;0;0
860428495;1;0;1;0;0;0;0
860934493;1;0;1;0;0;0;0
861440614;1;0;1;0;0;0;0
861946495;1;0;1;0;0;0;0
862453519;1;0;1;0;0;0;0
862960141;1;0;1;0;0;0;0
863465495;1;0;1;0;0;0;0
863972513;1;0;1;0;0;0;0
864478514;1;0;1;0;0;0;0
864984628;1;0;1;0;0;0;0
865490522;1;0;1;0;0;0;0
865996493;1;0;1;0;0;0;0
866502494;1;0;1;0;0;0;0
867008565;1;0;1;0;0;0;0
867514645;1;0;1;0;0;0;0
868020568;1;0;1;0;0;0;0
868526519;1;0;1;0;0;0;0
869032793;1;0;1;0;0;0;0
869538512;1;0;1;0;0;0;0
870044802;1;0;1;0;0;0;0
870550495;1;0;1;0;0;0;0
871056543;1;0;1;0;0;0;0
871562495;1;0;1;0;0;0;0
872068494;1;0;1;0;0;0;0
872574628;1;0;1;0;0;0;0
873080528;1;0;1;0;0;0;0
873587149;1;0;1;0;0;0;0
874092493;1;0;1;0;0;0;0
874598589;1;0;1;0;0;0;0
875106799;1;0;1;0;0;0;0
875612513;1;0;1;0;0;0;0
876118507;1;0;1;0;0;0;0
876624643;1;0;1;0;0;0;0
877130512;1;0;1;0;0;0;0
877636729;1;0;1;0;0;0;0
878142493;1;0;1;0;0;0;0
878648516;1;0;1;0;0;0;0
879154503;1;0;1;0;0;0;0
879660542;1;0;1;0;0;0;0
880166681;1;0;1;0;0;0;0
880672493;1;0;1;0;0;0;0
881178953;1;0;1;0;0;0;0
881684494;1;0;1;0;0;0;0
882191227;1;0;1;0;0;0;0
882696633;1;0;1;0;0;0;0
883202494;1;0;1;0;0;0;0
883708494;1;0;1;0;0;0;0
884214493;1;0;1;0;0;0;0
884720494;1;0;1;0;0;0;0
885226628;1;0;1;0;0;0;0
885732515;1;0;1;0;0;0;0
886238493;1;0;1;0;0;0;0
886744493;1;0;1;0;0;0;0
887250493;1;0;1;0;0;0;0
887756798;1;0;1;0;0;0;0
888263495;1;0;1;0;0;0;0
888769495;1;0;1;0;0;0;0
889276492;1;0;1;0;0;0;0
889782550;1;0;1;0;0;0;0
890288501;1;0;1;0;0;0;0
890794492;1;0;1;0;0;0;0
891300831;1;0;1;0;0;0;0
891806494;1;0;1;0;0;0;0
892312780;1;0;1;0;0;0;0
892818494;1;0;1;0;0;0;0
893324494;1;0;1;0;0;0;0
893830494;1;0;1;0;0;0;0
894336493;1;0;1;0;0;0;0
894842524;1;0;1;0;0;0;0
895348534;1;0;1;0;0;0;0
895854522;1;0;1;0;0;0;0
896360881;1;0;1;0;0;0;0
896866516;1;0;1;0;0;0;0
897372494;1;0;1;0;0;0;0
897878494;1;0;1;0;0;0;0
898384493;1;0;1;0;0;0;0
898890493;1;0;1;0;0;0;0
899396494;1;0;1;0;0;0;0
899902493;1;0;1;0;0;0;0
900410513;1;0;1;0;0;0;0
900916494;1;0;1;0;0;0;0
901422800;1;0;1;0;0;0;0
901928513;1;0;1;0;0;0;0
902434620;1;0;1;0;0;0;0
902940512;1;0;1;0;0;0;0
903447535;1;0;1;0;0;0;0
903953495;1;0;1;0;0;0;0
904459757;1;0;1;0;0;0;0
904965519;1;0;1;0;0;0;0
905471602;1;0;1;0;0;0;0
905977495;1;0;1;0;0;0;0
906483626;1;0;1;0;0;0;0
906989626;1;0;1;0;0;0;0
907495890;1;0;1;0;0;0;0
908001513;1;0;1;0;0;0;0
908507720;1;0;1;0;0;0;0
909013494;1;0;1;0;0;0;0
909520288;1;0;1;0;0;0;0
910025495;1;0;1;0;0;0;0
910531517;1;0;1;0;0;0;0
911037494;1;0;1;0;0;0;0
911543494;1;0;1;0;0;0;0
912049711;1;0;1;0;0;0;0
912555566;1;0;1;0;0;0;0
913061568;1;0;1;0;0;0;0
913567494;1;0;1;0;0;0;0
914073494;1;0;1;0;0;0;0
914579629;1;0;1;0;0;0;0
915086493;1;0;1;0;0;0;0
915592493;1;0;1;0;0;0;0
916098495;1;0;1;0;0;0;0
916604493;1;0;1;0;0;0;0
917110509;1;0;1;0;0;0;0
917616494;1;0;1;0;0;0;0
918122495;1;0;1;0;0;0;0
918628494;1;0;1;0;0;0;0
919134493;1;0;1;0;0;0;0
919640493;1;0;1;0;0;0;0
920146522;1;0;1;0;0;0;0
920652493;1;0;1;0;0;0;0
921158514;1;0;1;0;0;0;0
921664513;1;0;1;0;0;0;0
922170512;1;0;1;0;0;0;0
922676712;1;0;1;0;0;0;0
923182493;1;0;1;0;0;0;0
923688493;1;0;1;0;0;0;0
924194501;1;0;1;0;0;0;0
924700494;1;0;1;0;0;0;0
925206511;1;0;1;0;0;0;0
925712495;1;0;1;0;0;0;0
926220627;1;0;1;0;0;0;0
926726494;1;0;1;0;0;0;0
927232494;1;0;1;0;0;0;0
927738513;1;0;1;0;0;0;0
928244509;1;0;1;0;0;0;0
928750665;1;0;1;0;0;0;0
929256495;1;0;1;0;0;0;0
929762496;1;0;1;0;0;0;0
930268535;1;0;1;0;0;0;0
930774556;1;0;1;0;0;0;0
931280913;1;0;1;0;0;0;0
931786493;1;0;1;0;0;0;0
932293493;1;0;1;0;0;0;0
932799493;1;0;1;0;0;0;0
933305494;1;0;1;0;0;0;0
933811494;1;0;1;0;0;0;0
934317494;1;0;1;0;0;0;0
934823494;1;0;1;0;0;0;0
935329558;1;0;1;0;0;0;0
935835525;1;0;1;0;0;0;0
936341493;1;0;1;0;0;0;0
936847494;1;0;1;0;0;0;0
937353498;1;0;1;0;0;0;0
937859520;1;0;1;0;0;0;0
938366241;1;0;1;0;0;0;0
938871494;1;0;1;0;0;0;0
939377494;1;0;1;0;0;0;0
939883515;1;0;1;0;0;0;0
940389545;1;0;1;0;0;0;0
940896494;1;0;1;0;0;0;0
941402493;1;0;1;0;0;0;0
941908494;1;0;1;0;0;0;0
942414493;1;0;1;0;0;0;0
942920626;1;0;1;0;0;0;0
943426494;1;0;1;0;0;0;0
943932506;1;0;1;0;0;0;0
944438540;1;0;1;0;0;0;0
944944532;1;0;1;0;0;0;0
945450721;1;0;1;0;0;0;0
945956515;1;0;1;0;0;0;0
946462495;1;0;1;0;0;0;0
946968493;1;0;1;0;0;0;0
947474515;1;0;1;0;0;0;0
947980627;1;0;1;0;0;0;0
948486954;1;0;1;0;0;0;0
948992494;1;0;1;0;0;0;0
949498751;1;0;1;0;0;0;0
950004538;1;0;1;0;0;0;0
950510668;1;0;1;0;0;0;0
951016493;1;0;1;0;0;0;0
951522494;1;0;1;0;0;0;0
952028493;1;0;1;0;0;0;0
952534494;1;0;1;0;0;0;0
953040706;1;0;1;0;0;0;0
953546496;1;0;1;0;0;0;0
954052493;1;0;1;0;0;0;0
954560148;1;0;1;0;0;0;0
955065494;1;0;1;0;0;0;0
955571986;1;0;1;0;0;0;0
956077493;1;0;1;0;0;0;0
956583512;1;0;1;0;0;0;0
957089495;1;0;1;0;0;0;0
957595493;1;0;1;0;0;0;0
958102665;1;0;1;0;0;0;0
958608596;1;0;1;0;0;0;0
959114495;1;0;1;0;0;0;0
959620590;1;0;1;0;0;0;0
960126513;1;0;1;0;0;0;0
960633172;1;0;1;0;0;0;0
961138493;1;0;1;0;0;0;0
961644512;1;0;1;0;0;0;0
962150535;1;0;1;0;0;0;0
962656509;1;0;1;0;0;0;0
963163168;1;0;1;0;0;0;0
963668512;1;0;1;0;0;0;0
964175493;1;0;1;0;0;0;0
964681900;1;0;1;0;0;0;0
965187495;1;0;1;0;0;0;0
965693907;1;0;1;0;0;0;0
966200884;1;0;1;0;0;0;0
966706493;1;0;1;0;0;0;0
967212552;1;0;1;0;0;0;0
967718513;1;0;1;0;0;0;0
968224728;1;0;1;0;0;0;0
968730513;1;0;1;0;0;0;0
969236513;1;0;1;0;0;0;0
969742513;1;0;1;0;0;0;0
970248495;1;0;1;0;0;0;0
970755080;1;0;1;0;0;0;0
971260494;1;0;1;0;0;0;0
971766745;1;0;1;0;0;0;0
972272493;1;0;1;0;0;0;0
972778493;1;0;1;0;0;0;0
973284673;1;0;1;0;0;0;0
973790563;1;0;1;0;0;0;0
974296493;1;0;1;0;0;0;0
974802494;1;0;1;0;0;0;0
975308554;1;0;1;0;0;0;0
975814663;1;0;1;0;0;0;0
976320493;1;0;1;0;0;0;0
976826499;1;0;1;0;0;0;0
977332712;1;0;1;0;0;0;0
977838546;1;0;1;0;0;0;0
978344630;1;0;1;0;0;0;0
978850493;1;0;1;0;0;0;0
979356515;1;0;1;0;0;0;0
979863494;1;0;1;0;0;0;0
980369493;1;0;1;0;0;0;0
980875840;1;0;1;0;0;0;0
981381514;1;0;1;0;0;0;0
981887495;1;0;1;0;0;0;0
982393492;1;0;1;0;0;0;0
982899499;1;0;1;0;0;0;0
983405669;1;0;1;0;0;0;0
983911494;1;0;1;0;0;0;0
984417618;1;0;1;0;0;0;0
984923493;1;0;1;0;0;0;0
985429492;1;0;1;0;0;0;0
985935679;1;0;1;0;0;0;0
986441494;1;0;1;0;0;0;0
986947493;1;0;1;0;0;0;0
987453592;1;0;1;0;0;0;0
987959504;1;0;1;0;0;0;0
988465688;1;0;1;0;0;0;0
988971506;1;0;1;0;0;0;0
989478097;1;0;1;0;0;0;0
989983524;1;0;1;0;0;0;0
990489495;1;0;1;0;0;0;0
990995644;1;0;1;0;0;0;0
991501493;1;0;1;0;0;0;0
992007725;1;0;1;0;0;0;0
992514494;1;0;1;0;0;0;0
993020493;1;0;1;0;0;0;0
993526860;1;0;1;0;0;0;0
994032511;1;0;1;0;0;0;0
994538594;1;0;1;0;0;0;0
995044495;1;0;1;0;0;0;0
995551537;1;0;1;0;0;0;0
996057513;1;0;1;0;0;0;0
996563493;1;0;1;0;0;0;0
997069495;1;0;1;0;0;0;0
997575495;1;0;1;0;0;0;0
998081513;1;0;1;0;0;0;0
998587575;1;0;1;0;0;0;0
999093494;1;0;1;0;0;0;0
999599746;1;0;1;0;0;0;0
1000105504;1;0;1;0;0;0;0
1000611929;1;0;1;0;0;0;0
1001117494;1;0;1;0;0;0;0
1001623493;1;0;1;0;0;0;0
1002129521;1;0;1;0;0;0;0
1002635507;1;0;1;0;0;0;0
1003141495;1;0;1;0;0;0;0
1003647536;1;0;1;0;0;0;0
1004153501;1;0;1;0;0;0;0
1004659495;1;0;1;0;0;0;0
1005165566;1;0;1;0;0;0;0
1005671494;1;0;1;0;0;0;0
1006177494;1;0;1;0;0;0;0
1006684753;1;0;1;0;0;0;0
1007190543;1;0;1;0;0;0;0
1007696513;1;0;1;0;0;0;0
1008202512;1;0;1;0;0;0;0
1008708493;1;0;1;0;0;0;0
1009214543;1;0;1;0;0;0;0
1009720541;1;0;1;0;0;0;0
1010226523;1;0;1;0;0;0;0
1010732495;1;0;1;0;0;0;0
1011238492;1;0;1;0;0;0;0
1011744493;1;0;1;0;0;0;0
1012250495;1;0;1;0;0;0;0
1012415630;0;0;1;0;0;0;0
1012434280;0;0;1;0;0;0;0
1012941516;0;0;1;0;0;0;0
