timestamp;timestamp_sample;switch_changes;mode_slot;arm_switch;return_switch;loiter_switch;offboard_switch;kill_switch;gear_switch;transition_switch;photo_switch;video_switch;payload_power_switch;engage_main_motor_switch
430760747;430737240;7;0;0;0;0;0;3;0;0;0;0;0;0
431772965;431749450;7;0;0;0;0;0;3;0;0;0;0;0;0
432785189;432761653;7;0;0;0;0;0;3;0;0;0;0;0;0
433797384;433773856;7;0;0;0;0;0;3;0;0;0;0;0;0
434809582;434786066;7;0;0;0;0;0;3;0;0;0;0;0;0
435821806;435798281;7;0;0;0;0;0;3;0;0;0;0;0;0
436834058;436810489;7;0;0;0;0;0;3;0;0;0;0;0;0
437846270;437822710;7;0;0;0;0;0;3;0;0;0;0;0;0
438858448;438834920;7;0;0;0;0;0;3;0;0;0;0;0;0
439870912;439847133;7;0;0;0;0;0;3;0;0;0;0;0;0
440882859;440859345;7;0;0;0;0;0;3;0;0;0;0;0;0
441895069;441871631;7;0;0;0;0;0;3;0;0;0;0;0;0
442907290;442883793;7;0;0;0;0;0;3;0;0;0;0;0;0
443919503;443896007;7;0;0;0;0;0;3;0;0;0;0;0;0
444931717;444908275;7;0;0;0;0;0;3;0;0;0;0;0;0
445943955;445920483;7;0;0;0;0;0;3;0;0;0;0;0;0
446956284;446932621;7;0;0;0;0;0;3;0;0;0;0;0;0
447968359;447945008;7;0;0;0;0;0;3;0;0;0;0;0;0
448980646;448957046;7;0;0;0;0;0;3;0;0;0;0;0;0
449992812;449969273;7;0;0;0;0;0;3;0;0;0;0;0;0
451004999;450981479;7;0;0;0;0;0;3;0;0;0;0;0;0
452017226;451993693;7;0;0;0;0;0;3;0;0;0;0;0;0
453029422;453005898;7;0;0;0;0;0;3;0;0;0;0;0;0
454041655;454018115;7;0;0;0;0;0;3;0;0;0;0;0;0
455053849;455030391;7;0;0;0;0;0;3;0;0;0;0;0;0
456066071;456042548;7;0;0;0;0;0;3;0;0;0;0;0;0
457078365;457054758;7;0;0;0;0;0;3;0;0;0;0;0;0
458090498;458066974;7;0;0;0;0;0;3;0;0;0;0;0;0
459102701;459079281;7;0;0;0;0;0;3;0;0;0;0;0;0
460114995;460091399;7;0;0;0;0;0;3;0;0;0;0;0;0
461127153;461103662;7;0;0;0;0;0;3;0;0;0;0;0;0
462139354;462115832;7;0;0;0;0;0;3;0;0;0;0;0;0
463151568;463128038;7;0;0;0;0;0;3;0;0;0;0;0;0
464163791;464140283;7;0;0;0;0;0;3;0;0;0;0;0;0
465175993;465152521;7;0;0;0;0;0;3;0;0;0;0;0;0
466188216;466164682;7;0;0;0;0;0;3;0;0;0;0;0;0
469224830;469201452;7;0;0;0;0;0;3;0;0;0;0;0;0
470237051;470213538;7;0;0;0;0;0;3;0;0;0;0;0;0
471249280;471225762;7;0;0;0;0;0;3;0;0;0;0;0;0
472261566;472237954;7;0;0;0;0;0;3;0;0;0;0;0;0
473273688;473250163;7;0;0;0;0;0;3;0;0;0;0;0;0
474285931;474262378;7;0;0;0;0;0;3;0;0;0;0;0;0
475298128;475274591;7;0;0;0;0;0;3;0;0;0;0;0;0
476310377;476286836;7;0;0;0;0;0;3;0;0;0;0;0;0
477322540;477299008;7;0;0;0;0;0;3;0;0;0;0;0;0
478335105;478311224;7;0;0;0;0;0;3;0;0;0;0;0;0
479346948;479323436;7;0;0;0;0;0;3;0;0;0;0;0;0
480359156;480335717;7;0;0;0;0;0;3;0;0;0;0;0;0
481371475;481347859;7;0;0;0;0;0;3;0;0;0;0;0;0
482383602;482360075;7;0;0;0;0;0;3;0;0;0;0;0;0
483395806;483372312;7;0;0;0;0;0;3;0;0;0;0;0;0
484408019;484384521;7;0;0;0;0;0;3;0;0;0;0;0;0
485420265;485396699;7;0;0;0;0;0;3;0;0;0;0;0;0
486432420;486409009;7;0;0;0;0;0;3;0;0;0;0;0;0
487444669;487421117;7;0;0;0;0;0;3;0;0;0;0;0;0
488456878;488433401;7;0;0;0;0;0;3;0;0;0;0;0;0
489469104;489445537;7;0;0;0;0;0;3;0;0;0;0;0;0
490481273;490457767;7;0;0;0;0;0;3;0;0;0;0;0;0
491493491;491469961;7;0;0;0;0;0;3;0;0;0;0;0;0
492505721;492482173;7;0;0;0;0;0;3;0;0;0;0;0;0
493517930;493494372;7;0;0;0;0;0;3;0;0;0;0;0;0
494530118;494506582;7;0;0;0;0;0;3;0;0;0;0;0;0
495542404;495518793;7;0;0;0;0;0;3;0;0;0;0;0;0
496554539;496530997;7;0;0;0;0;0;3;0;0;0;0;0;0
497566724;497543205;7;0;0;0;0;0;3;0;0;0;0;0;0
498578940;498555411;7;0;0;0;0;0;3;0;0;0;0;0;0
499591128;499567626;7;0;0;0;0;0;3;0;0;0;0;0;0
500603393;500579833;7;0;0;0;0;0;3;0;0;0;0;0;0
501615553;501592072;7;0;0;0;0;0;3;0;0;0;0;0;0
502627805;502604248;7;0;0;0;0;0;3;0;0;0;0;0;0
503639970;503616466;7;0;0;0;0;0;3;0;0;0;0;0;0
504652238;504628663;7;0;0;0;0;0;3;0;0;0;0;0;0
505664408;505640987;7;0;0;0;0;0;3;0;0;0;0;0;0
506676623;506653067;7;0;0;0;0;0;3;0;0;0;0;0;0
507688786;507665289;7;0;0;0;0;0;3;0;0;0;0;0;0
508701121;508677481;7;0;0;0;0;0;3;0;0;0;0;0;0
509713211;509689691;7;0;0;0;0;0;3;0;0;0;0;0;0
510725414;510701890;7;0;0;0;0;0;3;0;0;0;0;0;0
511737632;511714089;7;0;0;0;0;0;3;0;0;0;0;0;0
512749886;512726297;7;0;0;0;0;0;3;0;0;0;0;0;0
513762019;513738503;7;0;0;0;0;0;3;0;0;0;0;0;0
514774243;514750708;7;0;0;0;0;0;3;0;0;0;0;0;0
515786428;515762912;7;0;0;0;0;0;3;0;0;0;0;0;0
516798721;516775125;7;0;0;0;0;0;3;0;0;0;0;0;0
517811003;517787318;7;0;0;0;0;0;3;0;0;0;0;0;0
518823043;518799540;7;0;0;0;0;0;3;0;0;0;0;0;0
519835261;519811727;7;0;0;0;0;0;3;0;0;0;0;0;0
520847477;520823993;7;0;0;0;0;0;3;0;0;0;0;0;0
521859686;521836128;7;0;0;0;0;0;3;0;0;0;0;0;0
522871852;522848338;7;0;0;0;0;0;3;0;0;0;0;0;0
523884074;523860534;7;0;0;0;0;0;3;0;0;0;0;0;0
524896265;524872761;7;0;0;0;0;0;3;0;0;0;0;0;0
525908496;525884943;7;0;0;0;0;0;3;0;0;0;0;0;0
526920701;526897199;7;0;0;0;0;0;3;0;0;0;0;0;0
527932879;527909414;7;0;0;0;0;0;3;0;0;0;0;0;0
528945162;528921625;7;0;0;0;0;0;3;0;0;0;0;0;0
529957310;529933747;7;0;0;0;0;0;3;0;0;0;0;0;0
530969505;530945966;7;0;0;0;0;0;3;0;0;0;0;0;0
531981680;531958151;7;0;0;0;0;0;3;0;0;0;0;0;0
532993865;532970355;7;0;0;0;0;0;3;0;0;0;0;0;0
534006083;533982552;7;0;0;0;0;0;3;0;0;0;0;0;0
535018285;534994755;7;0;0;0;0;0;3;0;0;0;0;0;0
536030468;536006953;7;0;0;0;0;0;3;0;0;0;0;0;0
537042793;537019150;7;0;0;0;0;0;3;0;0;0;0;0;0
538054883;538031363;7;0;0;0;0;0;3;0;0;0;0;0;0
539067083;539043555;7;0;0;0;0;0;3;0;0;0;0;0;0
540079330;540055781;7;0;0;0;0;0;3;0;0;0;0;0;0
541091506;541067959;7;0;0;0;0;0;3;0;0;0;0;0;0
542103672;542080265;7;0;0;0;0;0;3;0;0;0;0;0;0
543115899;543092354;7;0;0;0;0;0;3;0;0;0;0;0;0
544128109;544104642;7;0;0;0;0;0;3;0;0;0;0;0;0
545140273;545116754;7;0;0;0;0;0;3;0;0;0;0;0;0
546152470;546129035;7;0;0;0;0;0;3;0;0;0;0;0;0
547164715;547141161;7;0;0;0;0;0;3;0;0;0;0;0;0
548177260;548153399;7;0;0;0;0;0;3;0;0;0;0;0;0
549189149;549165549;7;0;0;0;0;0;3;0;0;0;0;0;0
550201292;550177802;7;0;0;0;0;0;3;0;0;0;0;0;0
551213487;551189942;7;0;0;0;0;0;3;0;0;0;0;0;0
552225658;552202147;7;0;0;0;0;0;3;0;0;0;0;0;0
553237857;553214343;7;0;0;0;0;0;3;0;0;0;0;0;0
554250050;554226532;7;0;0;0;0;0;3;0;0;0;0;0;0
555262406;555238734;7;0;0;0;0;0;3;0;0;0;0;0;0
556274447;556250932;7;0;0;0;0;0;3;0;0;0;0;0;0
557286650;557263131;7;0;0;0;0;0;3;0;0;0;0;0;0
558298860;558275330;7;0;0;0;0;0;3;0;0;0;0;0;0
559311051;559287572;7;0;0;0;0;0;3;0;0;0;0;0;0
560323290;560299724;7;0;0;0;0;0;3;0;0;0;0;0;0
561335438;561311966;7;0;0;0;0;0;3;0;0;0;0;0;0
562347748;562324115;7;0;0;0;0;0;3;0;0;0;0;0;0
563359846;563336311;7;0;0;0;0;0;3;0;0;0;0;0;0
564372027;564348524;7;0;0;0;0;0;3;0;0;0;0;0;0
565384311;565360781;7;0;0;0;0;0;3;0;0;0;0;0;0
566396456;566372900;7;0;0;0;0;0;3;0;0;0;0;0;0
567408626;567385145;7;0;0;0;0;0;3;0;0;0;0;0;0
568420826;568397313;7;0;0;0;0;0;3;0;0;0;0;0;0
569433003;569409492;7;0;0;0;0;0;3;0;0;0;0;0;0
570445220;570421685;7;0;0;0;0;0;3;0;0;0;0;0;0
571457396;571433941;7;0;0;0;0;0;3;0;0;0;0;0;0
572469602;572446102;7;0;0;0;0;0;3;0;0;0;0;0;0
573481796;573458272;7;0;0;0;0;0;3;0;0;0;0;0;0
574493990;574470492;7;0;0;0;0;0;3;0;0;0;0;0;0
575506187;575482735;7;0;0;0;0;0;3;0;0;0;0;0;0
576518406;576494918;7;0;0;0;0;0;3;0;0;0;0;0;0
577530629;577507056;7;0;0;0;0;0;3;0;0;0;0;0;0
578542767;578519256;7;0;0;0;0;0;3;0;0;0;0;0;0
579555389;579531451;7;0;0;0;0;0;3;0;0;0;0;0;0
580567184;580543639;7;0;0;0;0;0;3;0;0;0;0;0;0
581579398;581555840;7;0;0;0;0;0;3;0;0;0;0;0;0
582591561;582568058;7;0;0;0;0;0;3;0;0;0;0;0;0
583603774;583580223;7;0;0;0;0;0;3;0;0;0;0;0;0
584615940;584592425;7;0;0;0;0;0;3;0;0;0;0;0;0
585628244;585604616;7;0;0;0;0;0;3;0;0;0;0;0;0
586640445;586616831;7;0;0;0;0;0;3;0;0;0;0;0;0
587652586;587629025;7;0;0;0;0;0;3;0;0;0;0;0;0
588664723;588641198;7;0;0;0;0;0;3;0;0;0;0;0;0
589676976;589653397;7;0;0;0;0;0;3;0;0;0;0;0;0
590689203;590665605;7;0;0;0;0;0;3;0;0;0;0;0;0
591701290;591677786;7;0;0;0;0;0;3;0;0;0;0;0;0
592713510;592689977;7;0;0;0;0;0;3;0;0;0;0;0;0
593725690;593702167;7;0;0;0;0;0;3;0;0;0;0;0;0
594737929;594714365;7;0;0;0;0;0;3;0;0;0;0;0;0
595750080;595726563;7;0;0;0;0;0;3;0;0;0;0;0;0
596762365;596738757;7;0;0;0;0;0;3;0;0;0;0;0;0
597774475;597751023;7;0;0;0;0;0;3;0;0;0;0;0;0
598786754;598763166;7;0;0;0;0;0;3;0;0;0;0;0;0
599798862;599775422;7;0;0;0;0;0;3;0;0;0;0;0;0
600811214;600787603;7;0;0;0;0;0;3;0;0;0;0;0;0
601823257;601799810;7;0;0;0;0;0;3;0;0;0;0;0;0
602835439;602811912;7;0;0;0;0;0;3;0;0;0;0;0;0
603847625;603824113;7;0;0;0;0;0;3;0;0;0;0;0;0
604859900;604836302;7;0;0;0;0;0;3;0;0;0;0;0;0
605872005;605848495;7;0;0;0;0;0;3;0;0;0;0;0;0
606884212;606860696;7;0;0;0;0;0;3;0;0;0;0;0;0
607896504;607872876;7;0;0;0;0;0;3;0;0;0;0;0;0
608908595;608885102;7;0;0;0;0;0;3;0;0;0;0;0;0
609920780;609897267;7;0;0;0;0;0;3;0;0;0;0;0;0
610932975;610909454;7;0;0;0;0;0;3;0;0;0;0;0;0
611945301;611921650;7;0;0;0;0;0;3;0;0;0;0;0;0
612957390;612933867;7;0;0;0;0;0;3;0;0;0;0;0;0
613969556;613946029;7;0;0;0;0;0;3;0;0;0;0;0;0
614981761;614958260;7;0;0;0;0;0;3;0;0;0;0;0;0
615994022;615970461;7;0;0;0;0;0;3;0;0;0;0;0;0
617006145;616982670;7;0;0;0;0;0;3;0;0;0;0;0;0
618018469;617994801;7;0;0;0;0;0;3;0;0;0;0;0;0
619030515;619007062;7;0;0;0;0;0;3;0;0;0;0;0;0
620042699;620019180;7;0;0;0;0;0;3;0;0;0;0;0;0
621054891;621031384;7;0;0;0;0;0;3;0;0;0;0;0;0
622067133;622043569;7;0;0;0;0;0;3;0;0;0;0;0;0
623079292;623055793;7;0;0;0;0;0;3;0;0;0;0;0;0
624091461;624067952;7;0;0;0;0;0;3;0;0;0;0;0;0
625103665;625080177;7;0;0;0;0;0;3;0;0;0;0;0;0
626115841;626092388;7;0;0;0;0;0;3;0;0;0;0;0;0
627128087;627104555;7;0;0;0;0;0;3;0;0;0;0;0;0
628140228;628116713;7;0;0;0;0;0;3;0;0;0;0;0;0
629152427;629128903;7;0;0;0;0;0;3;0;0;0;0;0;0
630164747;630141098;7;0;0;0;0;0;3;0;0;0;0;0;0
631176856;631153284;7;0;0;0;0;0;3;0;0;0;0;0;0
632188988;632165570;7;0;0;0;0;0;3;0;0;0;0;0;0
633201306;633177665;7;0;0;0;0;0;3;0;0;0;0;0;0
634213386;634189913;7;0;0;0;0;0;3;0;0;0;0;0;0
635225590;635202048;7;0;0;0;0;0;3;0;0;0;0;0;0
636237775;636214324;7;0;0;0;0;0;3;0;0;0;0;0;0
637250120;637226427;7;0;0;0;0;0;3;0;0;0;0;0;0
638262208;638238638;7;0;0;0;0;0;3;0;0;0;0;0;0
639274345;639250804;7;0;0;0;0;0;3;0;0;0;0;0;0
640286543;640263045;7;0;0;0;0;0;3;0;0;0;0;0;0
641298774;641275183;7;0;0;0;0;0;3;0;0;0;0;0;0
642310918;642287381;7;0;0;0;0;0;3;0;0;0;0;0;0
643323091;643299567;7;0;0;0;0;0;3;0;0;0;0;0;0
644335388;644311781;7;0;0;0;0;0;3;0;0;0;0;0;0
645347486;645323948;7;0;0;0;0;0;3;0;0;0;0;0;0
646359664;646336142;7;0;0;0;0;0;3;0;0;0;0;0;0
647371838;647348340;7;0;0;0;0;0;3;0;0;0;0;0;0
648384033;648360521;7;0;0;0;0;0;3;0;0;0;0;0;0
649396637;649372776;7;0;0;0;0;0;3;0;0;0;0;0;0
650408437;650384893;7;0;0;0;0;0;3;0;0;0;0;0;0
651420607;651397122;7;0;0;0;0;0;3;0;0;0;0;0;0
652432797;652409273;7;0;0;0;0;0;3;0;0;0;0;0;0
653444996;653421463;7;0;0;0;0;0;3;0;0;0;0;0;0
654457234;654433716;7;0;0;0;0;0;3;0;0;0;0;0;0
655469383;655445877;7;0;0;0;0;0;3;0;0;0;0;0;0
656481605;656458034;7;0;0;0;0;0;3;0;0;0;0;0;0
657493722;657470256;7;0;0;0;0;0;3;0;0;0;0;0;0
658506080;658482415;7;0;0;0;0;0;3;0;0;0;0;0;0
659518118;659494610;7;0;0;0;0;0;3;0;0;0;0;0;0
660530301;660506788;7;0;0;0;0;0;3;0;0;0;0;0;0
661542528;661518975;7;0;0;0;0;0;3;0;0;0;0;0;0
662554677;662531164;7;0;0;0;0;0;3;0;0;0;0;0;0
663566886;663543360;7;0;0;0;0;0;3;0;0;0;0;0;0
664579070;664555543;7;0;0;0;0;0;3;0;0;0;0;0;0
665591347;665567730;7;0;0;0;0;0;3;0;0;0;0;0;0
666603439;666579944;7;0;0;0;0;0;3;0;0;0;0;0;0
667615673;667592098;7;0;0;0;0;0;3;0;0;0;0;0;0
668627815;668604326;7;0;0;0;0;0;3;0;0;0;0;0;0
669640082;669616481;7;0;0;0;0;0;3;0;0;0;0;0;0
670652199;670628667;7;0;0;0;0;0;3;0;0;0;0;0;0
671664426;671640855;7;0;0;0;0;0;3;0;0;0;0;0;0
672676666;672653131;7;0;0;0;0;0;3;0;0;0;0;0;0
673688781;673665232;7;0;0;0;0;0;3;0;0;0;0;0;0
674700932;674677486;7;0;0;0;0;0;3;0;0;0;0;0;0
675713202;675689605;7;0;0;0;0;0;3;0;0;0;0;0;0
676725304;676701817;7;0;0;0;0;0;3;0;0;0;0;0;0
677737570;677713997;7;0;0;0;0;0;3;0;0;0;0;0;0
678749692;678726169;7;0;0;0;0;0;3;0;0;0;0;0;0
679761885;679738351;7;0;0;0;0;0;3;0;0;0;0;0;0
680774401;680750539;7;0;0;0;0;0;3;0;0;0;0;0;0
681786246;681762732;7;0;0;0;0;0;3;0;0;0;0;0;0
682798489;682774952;7;0;0;0;0;0;3;0;0;0;0;0;0
683810627;683787100;7;0;0;0;0;0;3;0;0;0;0;0;0
684822853;684799289;7;0;0;0;0;0;3;0;0;0;0;0;0
685834991;685811603;7;0;0;0;0;0;3;0;0;0;0;0;0
686847203;686823690;7;0;0;0;0;0;3;0;0;0;0;0;0
687859391;687835867;7;0;0;0;0;0;3;0;0;0;0;0;0
688871567;688848036;7;0;0;0;0;0;3;0;0;0;0;0;0
689883775;689860257;7;0;0;0;0;0;3;0;0;0;0;0;0
690895934;690872421;7;0;0;0;0;0;3;0;0;0;0;0;0
691908105;691884650;7;0;0;0;0;0;3;0;0;0;0;0;0
692920450;692896776;7;0;0;0;0;0;3;0;0;0;0;0;0
693932487;693908998;7;0;0;0;0;0;3;0;0;0;0;0;0
694944684;694921150;7;0;0;0;0;0;3;0;0;0;0;0;0
695956867;695933331;7;0;0;0;0;0;3;0;0;0;0;0;0
696969038;696945544;7;0;0;0;0;0;3;0;0;0;0;0;0
697981244;697957707;7;0;0;0;0;0;3;0;0;0;0;0;0
698993430;698969886;7;0;0;0;0;0;3;0;0;0;0;0;0
700005598;699982074;7;0;0;0;0;0;3;0;0;0;0;0;0
701017829;700994255;7;0;0;0;0;0;3;0;0;0;0;0;0
702030016;702006442;7;0;0;0;0;0;3;0;0;0;0;0;0
703042149;703018645;7;0;0;0;0;0;3;0;0;0;0;0;0
704054469;704030816;7;0;0;0;0;0;3;0;0;0;0;0;0
705066517;705043107;7;0;0;0;0;0;3;0;0;0;0;0;0
706078733;706055182;7;0;0;0;0;0;3;0;0;0;0;0;0
707090945;707067384;7;0;0;0;0;0;3;0;0;0;0;0;0
708103098;708079551;7;0;0;0;0;0;3;0;0;0;0;0;0
709115252;709091808;7;0;0;0;0;0;3;0;0;0;0;0;0
710127496;710103926;7;0;0;0;0;0;3;0;0;0;0;0;0
711139649;711116127;7;0;0;0;0;0;3;0;0;0;0;0;0
712152054;712128292;7;0;0;0;0;0;3;0;0;0;0;0;0
713163996;713140473;7;0;0;0;0;0;3;0;0;0;0;0;0
714176173;714152696;7;0;0;0;0;0;3;0;0;0;0;0;0
715188383;715164845;7;0;0;0;0;0;3;0;0;0;0;0;0
716200556;716177026;7;0;0;0;0;0;3;0;0;0;0;0;0
717212728;717189286;7;0;0;0;0;0;3;0;0;0;0;0;0
718224932;718201390;7;0;0;0;0;0;3;0;0;0;0;0;0
719237146;719213581;7;0;0;0;0;0;3;0;0;0;0;0;0
720249273;720225762;7;0;0;0;0;0;3;0;0;0;0;0;0
721261594;721237944;7;0;0;0;0;0;3;0;0;0;0;0;0
722273660;722250130;7;0;0;0;0;0;3;0;0;0;0;0;0
723285839;723262313;7;0;0;0;0;0;3;0;0;0;0;0;0
724298207;724274541;7;0;0;0;0;0;3;0;0;0;0;0;0
725310263;725286676;7;0;0;0;0;0;3;0;0;0;0;0;0
726322382;726298935;7;0;0;0;0;0;3;0;0;0;0;0;0
727334597;727311044;7;0;0;0;0;0;3;0;0;0;0;0;0
728346741;728323231;7;0;0;0;0;0;3;0;0;0;0;0;0
729358940;729335407;7;0;0;0;0;0;3;0;0;0;0;0;0
730371103;730347589;7;0;0;0;0;0;3;0;0;0;0;0;0
731383303;731359800;7;0;0;0;0;0;3;0;0;0;0;0;0
732395507;732371956;7;0;0;0;0;0;3;0;0;0;0;0;0
733407659;733384132;7;0;0;0;0;0;3;0;0;0;0;0;0
734419867;734396322;7;0;0;0;0;0;3;0;0;0;0;0;0
735432102;735408504;7;0;0;0;0;0;3;0;0;0;0;0;0
736444274;736420684;7;0;0;0;0;0;3;0;0;0;0;0;0
737456389;737432867;7;0;0;0;0;0;3;0;0;0;0;0;0
738468590;738445075;7;0;0;0;0;0;3;0;0;0;0;0;0
739480751;739457241;7;0;0;0;0;0;3;0;0;0;0;0;0
740492969;740469412;7;0;0;0;0;0;3;0;0;0;0;0;0
741505123;741481649;7;0;0;0;0;0;3;0;0;0;0;0;0
742517316;742493800;7;0;0;0;0;0;3;0;0;0;0;0;0
743529697;743505963;7;0;0;0;0;0;3;0;0;0;0;0;0
744541728;744518145;7;0;0;0;0;0;3;0;0;0;0;0;0
745553848;745530351;7;0;0;0;0;0;3;0;0;0;0;0;0
746566100;746542509;7;0;0;0;0;0;3;0;0;0;0;0;0
747578211;747554699;7;0;0;0;0;0;3;0;0;0;0;0;0
748590401;748566928;7;0;0;0;0;0;3;0;0;0;0;0;0
749602584;749579055;7;0;0;0;0;0;3;0;0;0;0;0;0
750614841;750591236;7;0;0;0;0;0;3;0;0;0;0;0;0
751626967;751603497;7;0;0;0;0;0;3;0;0;0;0;0;0
752639149;752615596;7;0;0;0;0;0;3;0;0;0;0;0;0
753651305;753627779;7;0;0;0;0;0;3;0;0;0;0;0;0
754663486;754639962;7;0;0;0;0;0;3;0;0;0;0;0;0
755675804;755652149;7;0;0;0;0;0;3;0;0;0;0;0;0
756687840;756664350;7;0;0;0;0;0;3;0;0;0;0;0;0
757700024;757676511;7;0;0;0;0;0;3;0;0;0;0;0;0
758712214;758688768;7;0;0;0;0;0;3;0;0;0;0;0;0
759724414;759700866;7;0;0;0;0;0;3;0;0;0;0;0;0
760736568;760713094;7;0;0;0;0;0;3;0;0;0;0;0;0
761748829;761725239;7;0;0;0;0;0;3;0;0;0;0;0;0
762760938;762737475;7;0;0;0;0;0;3;0;0;0;0;0;0
763773180;763749599;7;0;0;0;0;0;3;0;0;0;0;0;0
764785302;764761790;7;0;0;0;0;0;3;0;0;0;0;0;0
765797529;765773973;7;0;0;0;0;0;3;0;0;0;0;0;0
766809710;766786143;7;0;0;0;0;0;3;0;0;0;0;0;0
767821864;767798329;7;0;0;0;0;0;3;0;0;0;0;0;0
768834092;768810512;7;0;0;0;0;0;3;0;0;0;0;0;0
769846279;769822696;7;0;0;0;0;0;3;0;0;0;0;0;0
770858399;770834873;7;0;0;0;0;0;3;0;0;0;0;0;0
771870586;771847099;7;0;0;0;0;0;3;0;0;0;0;0;0
772882790;772859247;7;0;0;0;0;0;3;0;0;0;0;0;0
773894966;773871431;7;0;0;0;0;0;3;0;0;0;0;0;0
774907415;774883611;7;0;0;0;0;0;3;0;0;0;0;0;0
775919317;775895862;7;0;0;0;0;0;3;0;0;0;0;0;0
776931531;776907973;7;0;0;0;0;0;3;0;0;0;0;0;0
777943674;777920257;7;0;0;0;0;0;3;0;0;0;0;0;0
778955990;778932343;7;0;0;0;0;0;3;0;0;0;0;0;0
780980352;780956702;7;0;0;0;0;0;3;0;0;0;0;0;0
781992418;781968896;7;0;0;0;0;0;3;0;0;0;0;0;0
783004692;782981111;7;0;0;0;0;0;3;0;0;0;0;0;0
784016789;783993256;7;0;0;0;0;0;3;0;0;0;0;0;0
785028978;785005434;7;0;0;0;0;0;3;0;0;0;0;0;0
786041180;786017704;7;0;0;0;0;0;3;0;0;0;0;0;0
787053429;787029801;7;0;0;0;0;0;3;0;0;0;0;0;0
788065506;788041984;7;0;0;0;0;0;3;0;0;0;0;0;0
789077712;789054198;7;0;0;0;0;0;3;0;0;0;0;0;0
790089953;790066354;7;0;0;0;0;0;3;0;0;0;0;0;0
791102044;791078561;7;0;0;0;0;0;3;0;0;0;0;0;0
792114281;792090715;7;0;0;0;0;0;3;0;0;0;0;0;0
793126428;793102920;7;0;0;0;0;0;3;0;0;0;0;0;0
794138643;794115093;7;0;0;0;0;0;3;0;0;0;0;0;0
795150803;795127287;7;0;0;0;0;0;3;0;0;0;0;0;0
796163121;796139444;7;0;0;0;0;0;3;0;0;0;0;0;0
797175149;797151736;7;0;0;0;0;0;3;0;0;0;0;0;0
798187388;798163819;7;0;0;0;0;0;3;0;0;0;0;0;0
799199557;799175997;7;0;0;0;0;0;3;0;0;0;0;0;0
800211730;800188179;7;0;0;0;0;0;3;0;0;0;0;0;0
801223961;801200385;7;0;0;0;0;0;3;0;0;0;0;0;0
802236058;802212545;7;0;0;0;0;0;3;0;0;0;0;0;0
803248310;803224729;7;0;0;0;0;0;3;0;0;0;0;0;0
804260531;804236913;7;0;0;0;0;0;3;0;0;0;0;0;0
805272616;805249091;7;0;0;0;0;0;3;0;0;0;0;0;0
806284887;806261350;7;0;0;0;0;0;3;0;0;0;0;0;0
807297042;807273462;7;0;0;0;0;0;3;0;0;0;0;0;0
808309159;808285710;7;0;0;0;0;0;3;0;0;0;0;0;0
809321394;809297832;7;0;0;0;0;0;3;0;0;0;0;0;0
810333534;810310030;7;0;0;0;0;0;3;0;0;0;0;0;0
811345791;811322195;7;0;0;0;0;0;3;0;0;0;0;0;0
812357899;812334433;7;0;0;0;0;0;3;0;0;0;0;0;0
813370238;813346568;7;0;0;0;0;0;3;0;0;0;0;0;0
814382260;814358756;7;0;0;0;0;0;3;0;0;0;0;0;0
815394466;815370930;7;0;0;0;0;0;3;0;0;0;0;0;0
816406637;816383145;7;0;0;0;0;0;3;0;0;0;0;0;0
817418855;817395333;7;0;0;0;0;0;3;0;0;0;0;0;0
818431080;818407515;7;0;0;0;0;0;3;0;0;0;0;0;0
819443214;819419664;7;0;0;0;0;0;3;0;0;0;0;0;0
820455433;820431932;7;0;0;0;0;0;3;0;0;0;0;0;0
821467580;821444046;7;0;0;0;0;0;3;0;0;0;0;0;0
822479733;822456216;7;0;0;0;0;0;3;0;0;0;0;0;0
823491913;823468499;7;0;0;0;0;0;3;0;0;0;0;0;0
824504188;824480582;7;0;0;0;0;0;3;0;0;0;0;0;0
825516286;825492776;7;0;0;0;0;0;3;0;0;0;0;0;0
826528508;826504947;7;0;0;0;0;0;3;0;0;0;0;0;0
827540664;827517133;7;0;0;0;0;0;3;0;0;0;0;0;0
828552891;828529323;7;0;0;0;0;0;3;0;0;0;0;0;0
829565020;829541595;7;0;0;0;0;0;3;0;0;0;0;0;0
830577235;830553700;7;0;0;0;0;0;3;0;0;0;0;0;0
831589391;831565894;7;0;0;0;0;0;3;0;0;0;0;0;0
832601586;832578059;7;0;0;0;0;0;3;0;0;0;0;0;0
833613814;833590293;7;0;0;0;0;0;3;0;0;0;0;0;0
834625956;834602427;7;0;0;0;0;0;3;0;0;0;0;0;0
835638128;835614605;7;0;0;0;0;0;3;0;0;0;0;0;0
836650320;836626791;7;0;0;0;0;0;3;0;0;0;0;0;0
837662521;837638971;7;0;0;0;0;0;3;0;0;0;0;0;0
838674712;838651163;7;0;0;0;0;0;3;0;0;0;0;0;0
839686858;839663341;7;0;0;0;0;0;3;0;0;0;0;0;0
840699038;840675598;7;0;0;0;0;0;3;0;0;0;0;0;0
841711313;841687700;7;0;0;0;0;0;3;0;0;0;0;0;0
842723413;842699897;7;0;0;0;0;0;3;0;0;0;0;0;0
843735682;843712069;7;0;0;0;0;0;3;0;0;0;0;0;0
844747957;844724262;7;0;0;0;0;0;3;0;0;0;0;0;0
845760027;845736435;7;0;0;0;0;0;3;0;0;0;0;0;0
846772138;846748633;7;0;0;0;0;0;3;0;0;0;0;0;0
847784535;847760827;7;0;0;0;0;0;3;0;0;0;0;0;0
848796502;848773143;7;0;0;0;0;0;3;0;0;0;0;0;0
849808766;849785171;7;0;0;0;0;0;3;0;0;0;0;0;0
850820882;850797371;7;0;0;0;0;0;3;0;0;0;0;0;0
851833051;851809582;7;0;0;0;0;0;3;0;0;0;0;0;0
852845231;852821720;7;0;0;0;0;0;3;0;0;0;0;0;0
853857475;853833904;7;0;0;0;0;0;3;0;0;0;0;0;0
854869608;854846124;7;0;0;0;0;0;3;0;0;0;0;0;0
855881816;855858288;7;0;0;0;0;0;3;0;0;0;0;0;0
856893996;856870451;7;0;0;0;0;0;3;0;0;0;0;0;0
857906150;857882714;7;0;0;0;0;0;3;0;0;0;0;0;0
858918384;858894819;7;0;0;0;0;0;3;0;0;0;0;0;0
859930515;859907009;7;0;0;0;0;0;3;0;0;0;0;0;0
860942791;860919282;7;0;0;0;0;0;3;0;0;0;0;0;0
861955181;861931384;7;0;0;0;0;0;3;0;0;0;0;0;0
862967171;862943557;7;0;0;0;0;0;3;0;0;0;0;0;0
863979245;863955737;7;0;0;0;0;0;3;0;0;0;0;0;0
864991496;864967914;7;0;0;0;0;0;3;0;0;0;0;0;0
866003617;865980101;7;0;0;0;0;0;3;0;0;0;0;0;0
867015829;866992282;7;0;0;0;0;0;3;0;0;0;0;0;0
868028016;868004537;7;0;0;0;0;0;3;0;0;0;0;0;0
869040214;869016682;7;0;0;0;0;0;3;0;0;0;0;0;0
870052375;870028831;7;0;0;0;0;0;3;0;0;0;0;0;0
871064600;871041016;7;0;0;0;0;0;3;0;0;0;0;0;0
872076717;872053201;7;0;0;0;0;0;3;0;0;0;0;0;0
873088897;873065415;7;0;0;0;0;0;3;0;0;0;0;0;0
874101080;874077561;7;0;0;0;0;0;3;0;0;0;0;0;0
875113281;875089753;7;0;0;0;0;0;3;0;0;0;0;0;0
876125550;876101927;7;0;0;0;0;0;3;0;0;0;0;0;0
877137627;877114123;7;0;0;0;0;0;3;0;0;0;0;0;0
878149860;878126302;7;0;0;0;0;0;3;0;0;0;0;0;0
879162046;879138479;7;0;0;0;0;0;3;0;0;0;0;0;0
880174304;880150659;7;0;0;0;0;0;3;0;0;0;0;0;0
881186361;881162864;7;0;0;0;0;0;3;0;0;0;0;0;0
882198766;882175024;7;0;0;0;0;0;3;0;0;0;0;0;0
883210725;883187237;7;0;0;0;0;0;3;0;0;0;0;0;0
884222954;884199397;7;0;0;0;0;0;3;0;0;0;0;0;0
885235091;885211603;7;0;0;0;0;0;3;0;0;0;0;0;0
886247323;886223761;7;0;0;0;0;0;3;0;0;0;0;0;0
887259486;887235936;7;0;0;0;0;0;3;0;0;0;0;0;0
888271733;888248122;7;0;0;0;0;0;3;0;0;0;0;0;0
889283817;889260310;7;0;0;0;0;0;3;0;0;0;0;0;0
890296011;890272536;7;0;0;0;0;0;3;0;0;0;0;0;0
891308190;891284682;7;0;0;0;0;0;3;0;0;0;0;0;0
892320426;892296870;7;0;0;0;0;0;3;0;0;0;0;0;0
893332972;893309037;7;0;0;0;0;0;3;0;0;0;0;0;0
894344755;894321221;7;0;0;0;0;0;3;0;0;0;0;0;0
895357018;895333448;7;0;0;0;0;0;3;0;0;0;0;0;0
896369132;896345586;7;0;0;0;0;0;3;0;0;0;0;0;0
897381289;897357770;7;0;0;0;0;0;3;0;0;0;0;0;0
898393469;898370043;7;0;0;0;0;0;3;0;0;0;0;0;0
899405699;899382207;7;0;0;0;0;0;3;0;0;0;0;0;0
900417844;900394385;7;0;0;0;0;0;3;0;0;0;0;0;0
901430092;901406499;7;0;0;0;0;0;3;0;0;0;0;0;0
902442231;902418784;7;0;0;0;0;0;3;0;0;0;0;0;0
903454408;903430864;7;0;0;0;0;0;3;0;0;0;0;0;0
904466569;904443045;7;0;0;0;0;0;3;0;0;0;0;0;0
905478931;905455232;7;0;0;0;0;0;3;0;0;0;0;0;0
906490919;906467454;7;0;0;0;0;0;3;0;0;0;0;0;0
907503124;907479591;7;0;0;0;0;0;3;0;0;0;0;0;0
908515309;908491772;7;0;0;0;0;0;3;0;0;0;0;0;0
909527476;909503955;7;0;0;0;0;0;3;0;0;0;0;0;0
910539661;910516143;7;0;0;0;0;0;3;0;0;0;0;0;0
911551856;911528355;7;0;0;0;0;0;3;0;0;0;0;0;0
912564137;912540499;7;0;0;0;0;0;3;0;0;0;0;0;0
913576205;913552692;7;0;0;0;0;0;3;0;0;0;0;0;0
914588390;914564865;7;0;0;0;0;0;3;0;0;0;0;0;0
915600593;915577115;7;0;0;0;0;0;3;0;0;0;0;0;0
916612853;916589233;7;0;0;0;0;0;3;0;0;0;0;0;0
917624933;917601432;7;0;0;0;0;0;3;0;0;0;0;0;0
918637180;918613598;7;0;0;0;0;0;3;0;0;0;0;0;0
919649393;919625823;7;0;0;0;0;0;3;0;0;0;0;0;0
920661507;920637955;7;0;0;0;0;0;3;0;0;0;0;0;0
921673665;921650151;7;0;0;0;0;0;3;0;0;0;0;0;0
922685995;922662335;7;0;0;0;0;0;3;0;0;0;0;0;0
923698035;923674500;7;0;0;0;0;0;3;0;0;0;0;0;0
924710318;924686686;7;0;0;0;0;0;3;0;0;0;0;0;0
925722419;925698873;7;0;0;0;0;0;3;0;0;0;0;0;0
926734569;926711067;7;0;0;0;0;0;3;0;0;0;0;0;0
927746762;927723267;7;0;0;0;0;0;3;0;0;0;0;0;0
928758955;928735415;7;0;0;0;0;0;3;0;0;0;0;0;0
929771120;929747602;7;0;0;0;0;0;3;0;0;0;0;0;0
930783296;930759808;7;0;0;0;0;0;3;0;0;0;0;0;0
931795499;931771962;7;0;0;0;0;0;3;0;0;0;0;0;0
932807658;932784228;7;0;0;0;0;0;3;0;0;0;0;0;0
933819898;933796330;7;0;0;0;0;0;3;0;0;0;0;0;0
934832038;934808527;7;0;0;0;0;0;3;0;0;0;0;0;0
935844290;935820730;7;0;0;0;0;0;3;0;0;0;0;0;0
936856478;936832872;7;0;0;0;0;0;3;0;0;0;0;0;0
937868678;937845059;7;0;0;0;0;0;3;0;0;0;0;0;0
938880747;938857332;7;0;0;0;0;0;3;0;0;0;0;0;0
939892966;939869451;7;0;0;0;0;0;3;0;0;0;0;0;0
940905117;940881601;7;0;0;0;0;0;3;0;0;0;0;0;0
941917294;941893781;7;0;0;0;0;0;3;0;0;0;0;0;0
942929543;942905957;7;0;0;0;0;0;3;0;0;0;0;0;0
943941657;943918194;7;0;0;0;0;0;3;0;0;0;0;0;0
944953840;944930353;7;0;0;0;0;0;3;0;0;0;0;0;0
945966069;945942510;7;0;0;0;0;0;3;0;0;0;0;0;0
946978203;946954690;7;0;0;0;0;0;3;0;0;0;0;0;0
947990381;947966950;7;0;0;0;0;0;3;0;0;0;0;0;0
949002623;948979049;7;0;0;0;0;0;3;0;0;0;0;0;0
950014812;949991341;7;0;0;0;0;0;3;0;0;0;0;0;0
951026951;951003417;7;0;0;0;0;0;3;0;0;0;0;0;0
952039123;952015620;7;0;0;0;0;0;3;0;0;0;0;0;0
953051377;953027794;7;0;0;0;0;0;3;0;0;0;0;0;0
954063508;954039971;7;0;0;0;0;0;3;0;0;0;0;0;0
955075767;955052140;7;0;0;0;0;0;3;0;0;0;0;0;0
956087932;956064346;7;0;0;0;0;0;3;0;0;0;0;0;0
957100079;957076502;7;0;0;0;0;0;3;0;0;0;0;0;0
958112209;958088689;7;0;0;0;0;0;3;0;0;0;0;0;0
959124396;959100866;7;0;0;0;0;0;3;0;0;0;0;0;0
960136680;960113070;7;0;0;0;0;0;3;0;0;0;0;0;0
961148795;961125235;7;0;0;0;0;0;3;0;0;0;0;0;0
962160933;962137410;7;0;0;0;0;0;3;0;0;0;0;0;0
963173190;963149629;7;0;0;0;0;0;3;0;0;0;0;0;0
964185287;964161800;7;0;0;0;0;0;3;0;0;0;0;0;0
965197485;965173980;7;0;0;0;0;0;3;0;0;0;0;0;0
966209699;966186139;7;0;0;0;0;0;3;0;0;0;0;0;0
967221845;967198368;7;0;0;0;0;0;3;0;0;0;0;0;0
968234097;968210512;7;0;0;0;0;0;3;0;0;0;0;0;0
969246211;969222711;7;0;0;0;0;0;3;0;0;0;0;0;0
970258421;970234866;7;0;0;0;0;0;3;0;0;0;0;0;0
971270570;971247097;7;0;0;0;0;0;3;0;0;0;0;0;0
972282767;972259227;7;0;0;0;0;0;3;0;0;0;0;0;0
973294962;973271463;7;0;0;0;0;0;3;0;0;0;0;0;0
974307160;974283596;7;0;0;0;0;0;3;0;0;0;0;0;0
975319294;975295786;7;0;0;0;0;0;3;0;0;0;0;0;0
976331495;976307990;7;0;0;0;0;0;3;0;0;0;0;0;0
977343662;977320135;7;0;0;0;0;0;3;0;0;0;0;0;0
978355853;978332324;7;0;0;0;0;0;3;0;0;0;0;0;0
979368016;979344567;7;0;0;0;0;0;3;0;0;0;0;0;0
980380649;980356725;7;0;0;0;0;0;3;0;0;0;0;0;0
981392398;981368863;7;0;0;0;0;0;3;0;0;0;0;0;0
982404565;982381197;7;0;0;0;0;0;3;0;0;0;0;0;0
983416834;983393224;7;0;0;0;0;0;3;0;0;0;0;0;0
984428932;984405441;7;0;0;0;0;0;3;0;0;0;0;0;0
985441134;985417592;7;0;0;0;0;0;3;0;0;0;0;0;0
986453335;986429771;7;0;0;0;0;0;3;0;0;0;0;0;0
987465633;987441950;7;0;0;0;0;0;3;0;0;0;0;0;0
988477646;988454238;7;0;0;0;0;0;3;0;0;0;0;0;0
989489859;989466320;7;0;0;0;0;0;3;0;0;0;0;0;0
990502014;990478497;7;0;0;0;0;0;3;0;0;0;0;0;0
991514357;991490678;7;0;0;0;0;0;3;0;0;0;0;0;0
992526405;992502875;7;0;0;0;0;0;3;0;0;0;0;0;0
993538639;993515041;7;0;0;0;0;0;3;0;0;0;0;0;0
994550823;994527221;7;0;0;0;0;0;3;0;0;0;0;0;0
995562942;995539402;7;0;0;0;0;0;3;0;0;0;0;0;0
996575113;996551586;7;0;0;0;0;0;3;0;0;0;0;0;0
997587298;997563777;7;0;0;0;0;0;3;0;0;0;0;0;0
998599537;998575942;7;0;0;0;0;0;3;0;0;0;0;0;0
999611646;999588145;7;0;0;0;0;0;3;0;0;0;0;0;0
1000623935;1000600313;7;0;0;0;0;0;3;0;0;0;0;0;0
1001636006;1001612490;7;0;0;0;0;0;3;0;0;0;0;0;0
1002648196;1002624669;7;0;0;0;0;0;3;0;0;0;0;0;0
1003660432;1003636884;7;0;0;0;0;0;3;0;0;0;0;0;0
1004672601;1004649043;7;0;0;0;0;0;3;0;0;0;0;0;0
1005684732;1005661294;7;0;0;0;0;0;3;0;0;0;0;0;0
1006697030;1006673397;7;0;0;0;0;0;3;0;0;0;0;0;0
1007709094;1007685613;7;0;0;0;0;0;3;0;0;0;0;0;0
1008721303;1008697761;7;0;0;0;0;0;3;0;0;0;0;0;0
1009733461;1009709939;7;0;0;0;0;0;3;0;0;0;0;0;0
1010745653;1010722121;7;0;0;0;0;0;3;0;0;0;0;0;0
1011758139;1011734300;7;0;0;0;0;0;3;0;0;0;0;0;0
1012770055;1012746488;7;0;0;0;0;0;3;0;0;0;0;0;0
