timestamp;rxerrors;fix;rssi;remote_rssi;txbuf;noise;remote_noise
430665116;0;0;20;0;100;23;0
431605487;0;0;20;0;96;35;0
431825802;0;0;20;0;100;28;0
432519447;0;0;20;0;100;27;0
432744298;0;0;20;0;98;30;0
433481489;0;0;20;0;97;30;0
433656831;0;0;20;0;98;39;0
434609484;0;0;20;0;97;41;0
434830101;0;0;20;0;100;42;0
435518508;0;0;20;0;98;41;0
435748166;0;0;20;0;100;42;0
436687207;0;0;20;0;83;44;0
436747491;0;0;20;0;97;34;0
437608487;0;0;20;0;100;38;0
437829022;0;0;20;0;100;23;0
438531099;0;0;20;0;100;35;0
438747881;0;0;20;0;100;40;0
439696095;0;0;20;0;100;32;0
440605042;0;0;20;0;100;28;0
440831371;0;0;20;0;100;25;0
441522053;0;0;20;0;100;27;0
441776453;0;0;20;0;98;27;0
442465145;0;0;20;0;100;26;0
442689359;0;0;20;0;97;29;0
443615755;0;0;20;0;97;27;0
443857250;0;0;20;0;85;28;0
444544823;0;0;20;0;97;27;0
444760457;0;0;20;0;100;26;0
445474796;0;0;20;0;100;28;0
445689704;0;0;20;0;100;36;0
446615766;0;0;20;0;100;29;0
446854383;0;0;20;0;100;30;0
447591538;0;0;20;0;100;30;0
447769835;0;0;20;0;100;30;0
448468277;0;0;20;0;100;29;0
448698894;0;0;20;0;100;39;0
449635900;0;0;20;0;98;29;0
449644153;0;0;20;0;100;26;0
450544083;0;0;20;0;100;31;0
450782892;0;0;20;0;97;32;0
451714666;0;0;20;0;96;31;0
452634267;0;0;20;0;96;26;0
452649363;0;0;20;0;100;22;0
453551683;0;0;20;0;100;26;0
453788318;0;0;20;0;100;33;0
454540315;0;0;20;0;100;29;0
454701461;0;0;20;0;98;33;0
455632000;0;0;20;0;98;25;0
455637857;0;0;20;0;100;30;0
456557204;0;0;20;0;100;27;0
456795078;0;0;20;0;100;37;0
457717990;0;0;20;0;100;28;0
458635806;0;0;20;0;98;32;0
458641488;0;0;20;0;100;32;0
459574461;0;0;20;0;94;28;0
459805220;0;0;20;0;100;36;0
460713815;0;0;20;0;100;25;0
461692770;0;0;20;0;93;21;0
461713793;0;0;20;0;100;21;0
462566983;0;0;20;0;97;34;0
462789356;0;0;20;0;100;26;0
463729844;0;0;20;0;100;25;0
464644801;0;0;22;0;97;26;0
465565776;0;0;24;0;100;34;0
465804392;0;0;25;0;96;25;0
466498487;0;0;25;0;98;22;0
466737967;0;0;25;0;97;23;0
468590462;0;0;25;0;85;32;0
468856382;0;0;25;0;100;24;0
469518978;0;0;25;0;100;27;0
469730197;0;0;25;0;100;29;0
470656503;0;0;25;0;100;31;0
471589409;0;0;25;0;96;31;0
471810637;0;0;25;0;100;26;0
472557869;0;0;25;0;100;25;0
472729488;0;0;25;0;100;25;0
473674687;0;0;25;0;98;27;0
474587310;0;0;25;0;97;28;0
474810811;0;0;25;0;100;26;0
475760492;0;0;25;0;83;20;0
475791892;0;0;25;0;94;27;0
476681302;0;0;22;0;100;30;0
477593103;0;0;20;0;100;26;0
477815679;0;0;20;0;97;28;0
478761425;0;0;20;0;100;32;0
479675306;0;0;20;0;100;25;0
480589500;0;0;20;0;100;26;0
480839223;0;0;20;0;94;31;0
481763270;0;0;23;0;100;34;0
482685129;0;0;24;0;100;22;0
483612453;0;0;25;0;100;26;0
483831039;0;0;25;0;100;36;0
484751927;0;0;25;0;97;30;0
485686270;0;0;25;0;96;29;0
486657215;0;0;25;0;96;26;0
486670208;0;0;25;0;100;27;0
487756826;0;0;25;0;97;30;0
488703334;0;0;25;0;98;29;0
488709298;0;0;25;0;100;30;0
489611484;0;0;25;0;100;30;0
489858509;0;0;25;0;88;35;0
490778769;0;0;25;0;96;28;0
491696726;0;0;25;0;100;47;0
492610954;0;0;25;0;100;52;0
492853426;0;0;25;0;100;47;0
493782059;0;0;25;0;98;42;0
494696945;0;0;25;0;97;42;0
495622453;0;0;25;0;96;44;0
495638663;0;0;25;0;97;45;0
496782922;0;0;25;0;100;28;0
497703489;0;0;25;0;97;33;0
498657002;0;0;25;0;100;30;0
499777990;0;0;25;0;100;23;0
500715181;0;0;25;0;96;32;0
501630967;0;0;25;0;99;25;0
501853484;0;0;25;0;100;23;0
502796838;0;0;25;0;100;35;0
503717135;0;0;25;0;97;34;0
504624879;0;0;25;0;96;31;0
504638900;0;0;25;0;100;28;0
505801242;0;0;25;0;100;30;0
506721153;0;0;25;0;100;35;0
507919151;0;0;25;0;96;27;0
508800275;0;0;25;0;100;27;0
509720884;0;0;25;0;100;36;0
510659716;0;0;25;0;96;25;0
510665529;0;0;25;0;97;27;0
511799760;0;0;25;0;100;37;0
512744069;0;0;27;0;96;35;0
513658413;0;0;28;0;97;27;0
514823285;0;0;28;0;83;34;0
515733504;0;0;28;0;100;34;0
516658329;0;0;28;0;100;27;0
517825305;0;0;28;0;100;34;0
518742962;0;0;28;0;100;28;0
519667489;0;0;28;0;100;28;0
520603119;0;0;28;0;100;26;0
520826549;0;0;28;0;100;34;0
521753162;0;0;28;0;97;26;0
522680905;0;0;28;0;98;28;0
523609952;0;0;28;0;100;27;0
523818488;0;0;28;0;100;34;0
524756274;0;0;28;0;97;31;0
525675900;0;0;28;0;97;29;0
526842224;0;0;28;0;96;38;0
527768028;0;0;28;0;100;30;0
528680105;0;0;28;0;98;28;0
529845759;0;0;28;0;96;33;0
530767488;0;0;28;0;100;25;0
531679494;0;0;28;0;100;33;0
532856035;0;0;28;0;100;32;0
533764222;0;0;28;0;100;32;0
534690810;0;0;28;0;97;31;0
535845369;0;0;28;0;96;26;0
536775012;0;0;28;0;96;30;0
537718489;0;0;28;0;100;31;0
538846085;0;0;28;0;99;30;0
539827229;0;0;28;0;99;25;0
540702211;0;0;28;0;100;37;0
541618141;0;0;28;0;100;32;0
541862483;0;0;28;0;96;33;0
542789069;0;0;28;0;100;28;0
543699023;0;0;28;0;100;34;0
544634727;0;0;28;0;97;25;0
544644533;0;0;28;0;100;26;0
545782506;0;0;28;0;98;30;0
546760217;0;0;28;0;94;35;0
547641288;0;0;28;0;98;23;0
547647094;0;0;28;0;100;27;0
548786961;0;0;28;0;97;32;0
549730723;0;0;28;0;100;32;0
550637942;0;0;28;0;97;27;0
550646530;0;0;28;0;100;30;0
551810488;0;0;28;0;94;32;0
552723180;0;0;28;0;100;29;0
553645680;0;0;28;0;98;26;0
553651501;0;0;28;0;100;29;0
554802808;0;0;28;0;100;26;0
555719130;0;0;26;0;98;24;0
556649377;0;0;24;0;96;20;0
557632823;0;0;23;0;98;38;0
557639178;0;0;23;0;100;38;0
558724101;0;0;23;0;97;24;0
559669489;0;0;23;0;100;20;0
560826178;0;0;23;0;87;24;0
561743102;0;0;23;0;96;25;0
562666487;0;0;23;0;100;23;0
563825488;0;0;23;0;100;22;0
564747487;0;0;23;0;98;25;0
565660505;0;0;23;0;97;25;0
566824802;0;0;24;0;98;25;0
567750489;0;0;26;0;100;29;0
568669906;0;0;27;0;97;30;0
569624488;0;0;27;0;100;32;0
569826172;0;0;27;0;100;27;0
570749000;0;0;27;0;100;23;0
571685664;0;0;27;0;100;35;0
572828663;0;0;29;0;100;38;0
573765102;0;0;32;0;100;34;0
574683488;0;0;32;0;98;39;0
575846492;0;0;32;0;97;38;0
576769360;0;0;32;0;100;35;0
577691896;0;0;32;0;100;38;0
578896401;0;0;32;0;98;23;0
579768489;0;0;32;0;100;24;0
580690275;0;0;32;0;100;34;0
581632748;0;0;32;0;98;29;0
581640049;0;0;32;0;100;23;0
582768608;0;0;32;0;100;27;0
583710766;0;0;32;0;94;36;0
584629011;0;0;32;0;96;30;0
584645505;0;0;32;0;100;25;0
585794275;0;0;32;0;84;32;0
585830868;0;0;32;0;97;30;0
586700531;0;0;32;0;99;39;0
587629149;0;0;32;0;100;26;0
587638177;0;0;32;0;100;32;0
588793850;0;0;32;0;100;28;0
589709925;0;0;32;0;100;32;0
590635679;0;0;32;0;98;23;0
590641941;0;0;32;0;98;23;0
591794822;0;0;32;0;100;31;0
592720139;0;0;32;0;97;30;0
593649099;0;0;32;0;96;25;0
593655254;0;0;32;0;96;27;0
594790274;0;0;32;0;100;30;0
595728496;0;0;32;0;100;28;0
596891129;0;0;32;0;97;21;0
597811257;0;0;32;0;96;30;0
598735329;0;0;32;0;100;25;0
599651158;0;0;32;0;98;24;0
600817509;0;0;32;0;96;26;0
601731940;0;0;32;0;100;26;0
602650671;0;0;32;0;100;24;0
603825259;0;0;31;0;100;35;0
604731488;0;0;31;0;100;25;0
605669816;0;0;31;0;100;25;0
606822548;0;0;31;0;95;29;0
607747504;0;0;31;0;96;25;0
608692489;0;0;31;0;100;30;0
609817846;0;0;31;0;97;37;0
610795593;0;0;31;0;96;33;0
611673217;0;0;31;0;100;30;0
612837588;0;0;31;0;96;30;0
613761046;0;0;31;0;100;23;0
614673110;0;0;31;0;100;24;0
615842749;0;0;31;0;98;26;0
616754028;0;0;31;0;98;22;0
617733828;0;0;31;0;93;20;0
618839845;0;0;31;0;100;25;0
619758858;0;0;31;0;97;24;0
620704244;0;0;31;0;98;24;0
621843910;0;0;31;0;100;24;0
622782031;0;0;31;0;94;27;0
623698963;0;0;31;0;100;21;0
624864898;0;0;31;0;84;34;0
625776818;0;0;31;0;98;33;0
626692354;0;0;31;0;97;33;0
627636117;0;0;31;0;97;17;0
627846774;0;0;31;0;100;23;0
628773108;0;0;31;0;100;29;0
629697353;0;0;31;0;97;31;0
630645492;0;0;31;0;99;25;0
630654976;0;0;31;0;100;25;0
631796808;0;0;31;0;87;32;0
632716659;0;0;31;0;96;27;0
633858777;0;0;31;0;100;24;0
634797021;0;0;31;0;100;32;0
636641753;0;0;31;0;100;27;0
636869837;0;0;31;0;97;22;0
637790853;0;0;31;0;98;29;0
638723794;0;0;31;0;100;24;0
639648489;0;0;31;0;100;26;0
639881489;0;0;31;0;100;25;0
640803273;0;0;31;0;100;29;0
641719227;0;0;31;0;100;24;0
642661490;0;0;31;0;100;21;0
643799874;0;0;31;0;100;31;0
644738082;0;0;31;0;100;20;0
645653762;0;0;31;0;98;26;0
645893891;0;0;31;0;100;32;0
646817891;0;0;31;0;97;32;0
647742411;0;0;31;0;99;24;0
648657739;0;0;31;0;100;23;0
648888875;0;0;31;0;100;35;0
649867322;0;0;31;0;97;25;0
650744152;0;0;31;0;100;24;0
651657370;0;0;31;0;98;22;0
651663284;0;0;31;0;100;26;0
652822134;0;0;31;0;100;25;0
653740939;0;0;31;0;100;35;0
654686210;0;0;31;0;95;25;0
654697776;0;0;31;0;96;24;0
655821547;0;0;31;0;100;24;0
656798709;0;0;31;0;93;26;0
657672968;0;0;31;0;99;20;0
658832731;0;0;31;0;96;24;0
659767025;0;0;31;0;100;23;0
660685227;0;0;31;0;100;22;0
661850130;0;0;31;0;94;22;0
662767425;0;0;31;0;100;27;0
663690410;0;0;31;0;98;31;0
664848391;0;0;31;0;100;25;0
665760116;0;0;31;0;100;32;0
666700547;0;0;31;0;100;29;0
667657646;0;0;31;0;96;24;0
667673374;0;0;31;0;100;28;0
668781137;0;0;31;0;96;35;0
669707278;0;0;31;0;100;29;0
670869041;0;0;31;0;84;22;0
671791675;0;0;31;0;99;34;0
672710198;0;0;31;0;100;26;0
673864994;0;0;31;0;96;22;0
674834739;0;0;31;0;100;29;0
675703342;0;0;31;0;100;25;0
676641377;0;0;31;0;100;25;0
676865769;0;0;31;0;100;30;0
677792131;0;0;31;0;95;34;0
678718987;0;0;31;0;96;31;0
679659157;0;0;31;0;100;28;0
679865488;0;0;31;0;100;39;0
680790119;0;0;31;0;97;31;0
681719139;0;0;31;0;100;28;0
682644603;0;0;31;0;100;20;0
682874688;0;0;31;0;100;30;0
683806276;0;0;31;0;96;26;0
684725539;0;0;31;0;100;27;0
685670108;0;0;31;0;99;24;0
685679024;0;0;31;0;99;33;0
686811488;0;0;31;0;98;27;0
687725515;0;0;31;0;97;28;0
688702677;0;0;31;0;93;30;0
688724497;0;0;31;0;100;36;0
689809392;0;0;31;0;99;25;0
690733328;0;0;31;0;97;26;0
691673050;0;0;31;0;98;25;0
691680975;0;0;31;0;100;30;0
692815403;0;0;31;0;99;27;0
693753824;0;0;28;0;94;24;0
694667945;0;0;26;0;98;24;0
694673817;0;0;25;0;100;29;0
695866910;0;0;28;0;90;22;0
696748489;0;0;33;0;100;23;0
697663886;0;0;34;0;97;29;0
697900284;0;0;35;0;97;29;0
698831147;0;0;37;0;100;25;0
699747489;0;0;37;0;100;22;0
700671966;0;0;37;0;97;31;0
700916868;0;0;35;0;97;26;0
701839488;0;0;34;0;100;25;0
702771344;0;0;32;0;85;27;0
703688017;0;0;30;0;96;34;0
703703778;0;0;30;0;100;37;0
704834994;0;0;29;0;100;28;0
705771492;0;0;29;0;100;29;0
706692489;0;0;29;0;97;32;0
706708581;0;0;29;0;100;34;0
707848761;0;0;29;0;97;27;0
708771052;0;0;29;0;96;27;0
709693374;0;0;29;0;97;35;0
709701600;0;0;29;0;97;36;0
710863741;0;0;29;0;100;46;0
711774954;0;0;29;0;100;28;0
712688805;0;0;29;0;100;48;0
712942841;0;0;29;0;100;49;0
713644487;0;0;29;0;100;40;0
713854505;0;0;29;0;100;47;0
714774506;0;0;29;0;100;45;0
715707818;0;0;29;0;98;53;0
715713678;0;0;29;0;100;54;0
716873532;0;0;29;0;100;28;0
717797867;0;0;29;0;100;30;0
718712539;0;0;29;0;98;36;0
718939097;0;0;29;0;99;25;0
719868490;0;0;29;0;96;27;0
720840477;0;0;29;0;96;32;0
720849396;0;0;29;0;97;34;0
721711307;0;0;29;0;99;32;0
721938754;0;0;29;0;99;26;0
722879902;0;0;29;0;96;31;0
723797030;0;0;29;0;100;35;0
724710903;0;0;29;0;99;32;0
724961819;0;0;29;0;96;29;0
725673572;0;0;29;0;98;27;0
725870974;0;0;29;0;97;30;0
726794485;0;0;29;0;99;35;0
727777198;0;0;29;0;96;28;0
727788501;0;0;29;0;97;29;0
728645800;0;0;29;0;98;26;0
728876965;0;0;29;0;97;26;0
729805970;0;0;29;0;96;31;0
730739923;0;0;29;0;98;25;0
730745490;0;0;29;0;100;29;0
731652742;0;0;29;0;100;29;0
731886192;0;0;29;0;97;29;0
732823521;0;0;29;0;93;33;0
733740487;0;0;29;0;100;25;0
734663029;0;0;29;0;96;36;0
734907496;0;0;29;0;93;33;0
735824405;0;0;29;0;100;40;0
736736095;0;0;29;0;100;34;0
737671898;0;0;29;0;100;26;0
737900368;0;0;29;0;100;29;0
738817380;0;0;29;0;99;35;0
739757382;0;0;29;0;96;25;0
740681101;0;0;29;0;98;28;0
740904489;0;0;29;0;100;30;0
741841955;0;0;29;0;84;37;0
742767871;0;0;29;0;100;30;0
743675032;0;0;31;0;100;29;0
743904185;0;0;31;0;100;37;0
744841488;0;0;31;0;96;34;0
745771363;0;0;31;0;100;27;0
746674428;0;0;31;0;100;31;0
746930489;0;0;31;0;97;35;0
747844486;0;0;31;0;100;26;0
748769038;0;0;31;0;97;31;0
749690106;0;0;31;0;96;30;0
749916787;0;0;31;0;100;37;0
750847327;0;0;31;0;100;32;0
751763563;0;0;31;0;97;33;0
752742149;0;0;31;0;98;30;0
752747966;0;0;31;0;100;32;0
753853789;0;0;31;0;100;33;0
754789377;0;0;31;0;100;30;0
755696707;0;0;31;0;100;32;0
755931959;0;0;31;0;99;30;0
756865298;0;0;31;0;100;32;0
757785487;0;0;31;0;97;32;0
758694406;0;0;31;0;97;38;0
758934952;0;0;31;0;96;33;0
759678674;0;0;31;0;97;33;0
759852539;0;0;31;0;100;32;0
760786166;0;0;31;0;100;31;0
761699494;0;0;31;0;97;35;0
761947150;0;0;31;0;99;28;0
762647476;0;0;31;0;100;40;0
762861253;0;0;31;0;99;25;0
763787119;0;0;31;0;100;34;0
764729548;0;0;31;0;97;28;0
764943499;0;0;31;0;100;26;0
765642331;0;0;31;0;100;28;0
765860805;0;0;31;0;100;24;0
766845468;0;0;31;0;93;30;0
766864949;0;0;31;0;100;30;0
767717488;0;0;31;0;98;27;0
767949494;0;0;31;0;100;23;0
768643779;0;0;31;0;100;26;0
768874489;0;0;31;0;97;24;0
769801008;0;0;28;0;100;27;0
770719096;0;0;27;0;100;24;0
770959013;0;0;26;0;99;25;0
771646320;0;0;29;0;100;27;0
771890491;0;0;32;0;97;24;0
772809586;0;0;35;0;100;33;0
773745216;0;0;36;0;87;26;0
773793480;0;0;36;0;98;28;0
774666480;0;0;38;0;100;28;0
774882897;0;0;38;0;100;28;0
775804489;0;0;38;0;100;32;0
776739994;0;0;38;0;99;25;0
776972509;0;0;38;0;100;25;0
777663734;0;0;38;0;97;26;0
777882419;0;0;38;0;100;35;0
778818276;0;0;38;0;97;33;0
780669523;0;0;38;0;100;24;0
780907551;0;0;38;0;81;31;0
781830280;0;0;38;0;100;27;0
782743319;0;0;38;0;98;23;0
782749125;0;0;38;0;100;28;0
783661934;0;0;38;0;100;26;0
783913970;0;0;38;0;100;26;0
784826787;0;0;38;0;100;25;0
785742765;0;0;38;0;98;24;0
785748487;0;0;38;0;100;29;0
786681007;0;0;38;0;100;25;0
786915911;0;0;38;0;100;32;0
787836891;0;0;38;0;100;24;0
788765910;0;0;38;0;98;26;0
788771767;0;0;38;0;100;29;0
789685496;0;0;38;0;97;23;0
789904763;0;0;38;0;100;33;0
790840495;0;0;38;0;96;25;0
791813358;0;0;38;0;97;27;0
792684452;0;0;38;0;100;26;0
792909804;0;0;38;0;99;39;0
793857894;0;0;38;0;100;34;0
794768027;0;0;37;0;100;32;0
795684038;0;0;36;0;98;35;0
795928702;0;0;36;0;96;43;0
796862273;0;0;36;0;100;32;0
797767489;0;0;35;0;100;25;0
798749547;0;0;34;0;97;24;0
798774412;0;0;34;0;100;32;0
799848886;0;0;31;0;97;21;0
800779210;0;0;27;0;95;21;0
800792719;0;0;27;0;98;24;0
801709844;0;0;25;0;100;32;0
801936314;0;0;25;0;100;23;0
802858464;0;0;24;0;97;24;0
803800662;0;0;24;0;96;26;0
803812966;0;0;24;0;100;28;0
804710465;0;0;24;0;100;35;0
804931769;0;0;24;0;100;26;0
805697863;0;0;24;0;97;31;0
805864279;0;0;24;0;96;25;0
806787200;0;0;24;0;100;24;0
807014404;0;0;24;0;100;34;0
807706086;0;0;24;0;100;32;0
807950868;0;0;24;0;100;28;0
808647012;0;0;24;0;100;29;0
808869268;0;0;24;0;100;23;0
809787428;0;0;24;0;98;22;0
809804489;0;0;24;0;100;24;0
810730316;0;0;24;0;94;35;0
810961733;0;0;24;0;97;24;0
811651407;0;0;24;0;98;25;0
811870977;0;0;24;0;100;28;0
812809477;0;0;24;0;83;32;0
813079489;0;0;24;0;100;26;0
813735349;0;0;24;0;100;24;0
813952207;0;0;24;0;100;26;0
814648245;0;0;24;0;100;24;0
814870679;0;0;24;0;100;26;0
815809138;0;0;24;0;96;34;0
815826146;0;0;24;0;100;33;0
816738488;0;0;24;0;100;24;0
816951398;0;0;24;0;100;22;0
817645068;0;0;24;0;100;25;0
817899488;0;0;24;0;98;27;0
818812483;0;0;24;0;99;34;0
819040306;0;0;24;0;100;24;0
819737290;0;0;24;0;97;24;0
820212014;0;0;24;0;92;33;0
820660621;0;0;24;0;95;25;0
820883488;0;0;24;0;100;30;0
821812373;0;0;24;0;100;32;0
822045374;0;0;24;0;100;27;0
822731359;0;0;24;0;97;24;0
822977268;0;0;24;0;100;24;0
823712761;0;0;24;0;100;27;0
823893159;0;0;24;0;100;31;0
824821688;0;0;24;0;100;24;0
825062490;0;0;24;0;94;24;0
825757391;0;0;24;0;100;25;0
825977981;0;0;24;0;100;22;0
826667494;0;0;24;0;100;27;0
826903277;0;0;24;0;100;35;0
827835139;0;0;24;0;98;28;0
827841006;0;0;24;0;100;29;0
828755710;0;0;24;0;98;26;0
828973435;0;0;24;0;100;25;0
829667757;0;0;24;0;97;26;0
829903897;0;0;24;0;97;28;0
830874807;0;0;24;0;100;34;0
831751203;0;0;24;0;100;31;0
831992001;0;0;24;0;96;38;0
832676027;0;0;24;0;100;33;0
832916037;0;0;24;0;100;26;0
833831835;0;0;24;0;98;25;0
833844878;0;0;24;0;100;30;0
834754864;0;0;24;0;100;30;0
835002488;0;0;24;0;100;31;0
835700283;0;0;24;0;97;38;0
835912489;0;0;24;0;100;30;0
836831775;0;0;24;0;100;27;0
837077752;0;0;24;0;98;33;0
838011497;0;0;24;0;89;25;0
838041943;0;0;24;0;100;28;0
838688244;0;0;24;0;98;34;0
838912236;0;0;24;0;100;24;0
839845164;0;0;24;0;96;22;0
839856387;0;0;24;0;100;26;0
840766541;0;0;24;0;100;32;0
841002999;0;0;24;0;98;23;0
841692330;0;0;24;0;100;32;0
841927736;0;0;24;0;99;28;0
842861469;0;0;24;0;96;21;0
843087499;0;0;24;0;100;31;0
843777981;0;0;24;0;100;37;0
843998411;0;0;24;0;100;36;0
844716076;0;0;24;0;87;36;0
844937728;0;0;24;0;100;32;0
845640367;0;0;24;0;100;34;0
845856487;0;0;24;0;100;31;0
846772735;0;0;24;0;100;38;0
847017409;0;0;24;0;97;35;0
847710923;0;0;24;0;100;36;0
847936124;0;0;24;0;97;37;0
848645486;0;0;24;0;100;25;0
848853446;0;0;24;0;100;20;0
849786488;0;0;24;0;97;33;0
850023007;0;0;24;0;100;24;0
850711870;0;0;24;0;97;26;0
850934724;0;0;24;0;100;27;0
851642774;0;0;24;0;99;23;0
852148488;0;0;24;0;97;32;0
852798507;0;0;24;0;100;34;0
853020579;0;0;24;0;100;26;0
853714369;0;0;24;0;100;26;0
853939698;0;0;24;0;100;26;0
854638209;0;0;24;0;100;27;0
854885086;0;0;24;0;100;26;0
855795082;0;0;24;0;100;35;0
856024488;0;0;24;0;100;26;0
856714072;0;0;24;0;100;25;0
856962908;0;0;24;0;96;23;0
857654458;0;0;24;0;99;24;0
857887112;0;0;24;0;100;33;0
858805226;0;0;24;0;100;32;0
859049912;0;0;24;0;85;22;0
859737063;0;0;24;0;100;24;0
859952488;0;0;24;0;97;22;0
860661703;0;0;24;0;97;25;0
860875812;0;0;24;0;99;35;0
861806087;0;0;24;0;96;27;0
862038533;0;0;24;0;100;23;0
862783750;0;0;24;0;97;23;0
862956487;0;0;24;0;100;22;0
863657732;0;0;24;0;100;22;0
863880903;0;0;24;0;99;31;0
864826278;0;0;24;0;100;23;0
865047499;0;0;24;0;100;24;0
865736226;0;0;24;0;100;20;0
865972200;0;0;24;0;93;22;0
866657666;0;0;24;0;98;20;0
866897345;0;0;24;0;96;24;0
867814495;0;0;24;0;100;24;0
868039792;0;0;24;0;100;24;0
868733374;0;0;24;0;100;23;0
868977821;0;0;24;0;100;35;0
869940804;0;0;24;0;97;24;0
870817402;0;0;24;0;99;25;0
871051119;0;0;24;0;94;30;0
871746961;0;0;24;0;96;27;0
871977113;0;0;24;0;99;34;0
872680487;0;0;24;0;100;39;0
872904705;0;0;24;0;100;32;0
873823514;0;0;24;0;97;37;0
873838026;0;0;24;0;100;39;0
874764570;0;0;24;0;94;34;0
874999011;0;0;24;0;100;33;0
875681047;0;0;24;0;100;41;0
875899993;0;0;24;0;100;39;0
876670081;0;0;24;0;97;29;0
876845240;0;0;24;0;100;35;0
877757381;0;0;24;0;100;43;0
877980488;0;0;24;0;100;34;0
878676444;0;0;24;0;100;29;0
878918839;0;0;24;0;100;24;0
879837321;0;0;24;0;98;22;0
879843176;0;0;24;0;100;26;0
880752382;0;0;24;0;99;27;0
881003541;0;0;24;0;97;24;0
881697490;0;0;24;0;95;23;0
882149490;0;0;24;0;100;25;0
882845488;0;0;24;0;98;22;0
882851460;0;0;24;0;100;27;0
883782132;0;0;24;0;84;29;0
883993305;0;0;24;0;100;22;0
884707770;0;0;24;0;100;23;0
884922590;0;0;24;0;100;23;0
885838497;0;0;24;0;98;37;0
885844489;0;0;24;0;100;38;0
886779111;0;0;24;0;96;29;0
887000554;0;0;24;0;100;29;0
887744520;0;0;24;0;100;26;0
887919109;0;0;24;0;100;36;0
888869456;0;0;24;0;96;36;0
888879486;0;0;24;0;98;39;0
889782168;0;0;24;0;100;28;0
890005693;0;0;24;0;100;25;0
890709563;0;0;24;0;97;27;0
890984407;0;0;24;0;96;33;0
891638489;0;0;24;0;97;29;0
891858897;0;0;24;0;100;29;0
892782132;0;0;24;0;100;28;0
893011077;0;0;24;0;100;25;0
893700992;0;0;24;0;97;27;0
893944730;0;0;24;0;100;30;0
894680199;0;0;24;0;99;35;0
894860534;0;0;24;0;100;27;0
895791316;0;0;24;0;100;31;0
896035488;0;0;24;0;97;28;0
896717898;0;0;24;0;96;26;0
896945474;0;0;24;0;100;38;0
897637489;0;0;24;0;100;34;0
897875705;0;0;24;0;100;30;0
898804913;0;0;24;0;100;29;0
899023416;0;0;24;0;97;29;0
899723363;0;0;24;0;97;29;0
899947185;0;0;24;0;100;38;0
900643345;0;0;24;0;98;37;0
901098845;0;0;24;0;97;27;0
901799655;0;0;24;0;100;28;0
902027495;0;0;24;0;100;30;0
902721135;0;0;24;0;100;27;0
902964186;0;0;24;0;98;35;0
903640239;0;0;24;0;97;35;0
903891097;0;0;24;0;100;33;0
904804034;0;0;24;0;98;26;0
905047106;0;0;24;0;86;30;0
905724928;0;0;24;0;100;31;0
905975295;0;0;24;0;100;34;0
906663444;0;0;24;0;94;35;0
906901013;0;0;24;0;100;32;0
907803670;0;0;24;0;100;27;0
908046201;0;0;24;0;96;34;0
908786545;0;0;24;0;93;24;0
908957512;0;0;24;0;97;32;0
909658033;0;0;24;0;99;34;0
909892879;0;0;26;0;100;28;0
910825433;0;0;28;0;100;26;0
911044239;0;0;28;0;97;34;0
911733488;0;0;29;0;100;35;0
911975178;0;0;29;0;97;28;0
912657046;0;0;29;0;100;33;0
912910341;0;0;29;0;100;25;0
913831470;0;0;29;0;96;22;0
914058115;0;0;29;0;100;31;0
914747359;0;0;29;0;100;31;0
914970678;0;0;29;0;100;23;0
915686182;0;0;29;0;87;24;0
915910157;0;0;29;0;100;26;0
916823943;0;0;29;0;99;22;0
917058808;0;0;29;0;100;29;0
917742604;0;0;29;0;100;31;0
917989488;0;0;29;0;96;24;0
918680990;0;0;29;0;100;24;0
918916822;0;0;29;0;100;22;0
919649446;0;0;29;0;100;20;0
920074483;0;0;29;0;100;33;0
920764509;0;0;29;0;100;28;0
920994272;0;0;29;0;97;23;0
921679089;0;0;29;0;97;26;0
921906997;0;0;29;0;100;26;0
922848660;0;0;29;0;80;28;0
923119126;0;0;29;0;97;36;0
923768492;0;0;29;0;100;35;0
923993098;0;0;29;0;100;26;0
924684562;0;0;29;0;100;29;0
924912020;0;0;29;0;99;30;0
925855113;0;0;29;0;99;27;0
926071488;0;0;29;0;100;32;0
926765200;0;0;29;0;100;35;0
926996838;0;0;29;0;100;28;0
927684017;0;0;29;0;100;27;0
927935047;0;0;29;0;95;27;0
928857168;0;0;29;0;100;30;0
929073294;0;0;29;0;100;24;0
929775231;0;0;29;0;100;32;0
930245489;0;0;29;0;86;27;0
930709880;0;0;29;0;100;30;0
930929985;0;0;29;0;100;31;0
931637390;0;0;29;0;100;36;0
932092304;0;0;29;0;97;29;0
932776012;0;0;29;0;96;35;0
933010804;0;0;29;0;100;34;0
933751341;0;0;30;0;97;39;0
933934062;0;0;31;0;100;23;0
934850849;0;0;32;0;98;36;0
935101797;0;0;32;0;94;32;0
935796215;0;0;32;0;100;28;0
936018978;0;0;32;0;99;34;0
936706141;0;0;32;0;100;25;0
936944540;0;0;32;0;91;28;0
937638130;0;0;32;0;100;28;0
938095453;0;0;32;0;100;27;0
938800350;0;0;32;0;100;28;0
939014295;0;0;32;0;100;26;0
939705677;0;0;32;0;100;26;0
939950326;0;0;32;0;99;28;0
940876924;0;0;32;0;100;32;0
941100849;0;0;32;0;100;23;0
941786702;0;0;32;0;98;24;0
942027920;0;0;32;0;96;31;0
942716942;0;0;32;0;96;28;0
942949434;0;0;32;0;98;32;0
943653716;0;0;32;0;100;29;0
944120012;0;0;32;0;84;31;0
944795985;0;0;32;0;97;30;0
945039910;0;0;32;0;99;31;0
945741418;0;0;32;0;97;29;0
945957896;0;0;32;0;100;32;0
946651371;0;0;32;0;100;32;0
947126497;0;0;32;0;100;28;0
947853895;0;0;32;0;100;23;0
948037123;0;0;32;0;99;24;0
948727892;0;0;32;0;100;22;0
948953530;0;0;32;0;100;33;0
949646559;0;0;32;0;100;32;0
949894048;0;0;32;0;100;27;0
950812506;0;0;32;0;100;25;0
951052441;0;0;32;0;99;25;0
951722126;0;0;32;0;98;22;0
951976229;0;0;32;0;97;30;0
952667784;0;0;32;0;96;32;0
952898447;0;0;32;0;99;25;0
953813881;0;0;32;0;100;31;0
954047460;0;0;32;0;99;32;0
954752487;0;0;32;0;84;31;0
955020676;0;0;32;0;100;36;0
955678153;0;0;32;0;100;38;0
956122064;0;0;32;0;100;31;0
956813480;0;0;32;0;100;32;0
957069361;0;0;32;0;100;36;0
957751703;0;0;32;0;96;32;0
957975322;0;0;32;0;100;39;0
958681347;0;0;32;0;100;37;0
959145533;0;0;32;0;99;29;0
959842132;0;0;32;0;98;27;0
960065672;0;0;32;0;96;36;0
960757932;0;0;32;0;98;29;0
960975028;0;0;32;0;100;32;0
961679735;0;0;32;0;97;35;0
962181502;0;0;32;0;97;24;0
962826705;0;0;32;0;100;29;0
963063341;0;0;32;0;99;36;0
963755089;0;0;32;0;100;32;0
963986250;0;0;32;0;100;32;0
964679844;0;0;32;0;100;39;0
964919914;0;0;32;0;100;30;0
965657999;0;0;32;0;100;28;0
966067343;0;0;32;0;100;33;0
966764347;0;0;32;0;100;36;0
967010737;0;0;32;0;97;27;0
967700095;0;0;32;0;100;34;0
967920667;0;0;32;0;100;28;0
968845955;0;0;32;0;100;28;0
969321658;0;0;32;0;88;28;0
969777780;0;0;32;0;100;33;0
969999130;0;0;32;0;97;29;0
970701379;0;0;32;0;97;31;0
970916145;0;0;32;0;100;29;0
971854505;0;0;31;0;100;30;0
972075907;0;0;31;0;97;37;0
972772800;0;0;30;0;99;33;0
973002558;0;0;29;0;100;29;0
973696116;0;0;28;0;100;35;0
973937091;0;0;28;0;96;28;0
974861131;0;0;28;0;100;32;0
975089355;0;0;28;0;100;38;0
975776983;0;0;28;0;98;37;0
976022015;0;0;28;0;84;33;0
976700029;0;0;28;0;100;29;0
976947487;0;0;28;0;100;27;0
977657758;0;0;28;0;100;25;0
978084787;0;0;28;0;100;33;0
978776493;0;0;28;0;100;33;0
979021162;0;0;28;0;96;22;0
979761395;0;0;28;0;94;26;0
979938304;0;0;28;0;100;30;0
980647282;0;0;28;0;100;28;0
981113255;0;0;28;0;98;33;0
981795522;0;0;28;0;100;41;0
982024488;0;0;28;0;100;34;0
982708495;0;0;28;0;97;30;0
982942573;0;0;28;0;96;29;0
983640078;0;0;28;0;100;25;0
984110484;0;0;28;0;100;25;0
984806501;0;0;28;0;97;36;0
985031499;0;0;28;0;100;29;0
985722323;0;0;28;0;100;25;0
985943488;0;0;28;0;99;22;0
986927779;0;0;28;0;100;33;0
987798932;0;0;28;0;100;30;0
988033893;0;0;28;0;100;27;0
988717847;0;0;28;0;100;25;0
988962489;0;0;28;0;96;26;0
989656138;0;0;28;0;99;28;0
990117227;0;0;28;0;100;29;0
990801493;0;0;28;0;100;25;0
991047878;0;0;28;0;100;26;0
991736918;0;0;28;0;99;32;0
991972407;0;0;28;0;100;30;0
992654480;0;0;28;0;97;25;0
993126025;0;0;28;0;97;24;0
993823755;0;0;28;0;81;25;0
994092315;0;0;28;0;97;29;0
994743892;0;0;28;0;100;30;0
994966467;0;0;28;0;100;26;0
995659664;0;0;28;0;100;27;0
996136120;0;0;28;0;100;29;0
996827960;0;0;28;0;100;26;0
997044608;0;0;28;0;100;32;0
997737988;0;0;28;0;100;25;0
997963341;0;0;28;0;98;35;0
998657081;0;0;28;0;100;34;0
998925254;0;0;28;0;100;28;0
999830141;0;0;28;0;100;28;0
1000044151;0;0;28;0;100;32;0
1000751343;0;0;28;0;100;29;0
1001223997;0;0;28;0;90;27;0
1001680134;0;0;28;0;100;33;0
1002132489;0;0;28;0;100;29;0
1002819033;0;0;28;0;97;25;0
1003057801;0;0;28;0;97;29;0
1003749422;0;0;28;0;96;23;0
1003981515;0;0;28;0;100;31;0
1004724792;0;0;28;0;97;33;0
1005142380;0;0;28;0;100;25;0
1005824186;0;0;28;0;99;27;0
1006079973;0;0;28;0;97;36;0
1006769497;0;0;28;0;100;31;0
1006990141;0;0;28;0;100;32;0
1007679583;0;0;28;0;100;34;0
1007979050;0;0;28;0;100;26;0
1008847497;0;0;28;0;96;22;0
1009073822;0;0;28;0;100;35;0
1009760249;0;0;28;0;100;34;0
1009985501;0;0;28;0;100;28;0
1010682001;0;0;28;0;100;34;0
1010923795;0;0;28;0;100;29;0
1011847500;0;0;28;0;99;24;0
1012075457;0;0;28;0;100;31;0
