timestamp;timestamp_sample;device_id;x;y;z;temperature;error_count
432009592;432008572;396809;0.17878787;-0.21742423;-0.18030302;nan;0
433012989;433012029;396809;0.17348485;-0.225;-0.18863636;nan;0
433994708;433993758;396809;0.18181817;-0.21818182;-0.17424242;nan;0
434997948;434996998;396809;0.18030302;-0.22348484;-0.19090909;nan;0
436001745;436000741;396809;0.17272727;-0.21666665;-0.2060606;nan;0
437004934;437003984;396809;0.1621212;-0.22121212;-0.21363635;nan;0
438008100;438007150;396809;0.18257575;-0.21439393;-0.19090909;nan;0
439011600;439010650;396809;0.14924242;-0.225;-0.22272727;nan;0
439993502;439992544;396809;0.16666666;-0.2280303;-0.20151514;nan;0
440996769;440995816;396809;0.13939394;-0.26136363;-0.20984848;nan;0
442000219;441999269;396809;-0.20530303;-0.17348485;-0.175;nan;0
443003477;443002527;396809;-0.20378788;-0.14469697;-0.18712121;nan;0
444007227;444006277;396809;-0.20378788;-0.15075757;-0.19015151;nan;0
445010479;445009529;396809;-0.19772726;-0.17878787;-0.17651515;nan;0
445992732;445991782;396809;-0.19848484;-0.17272727;-0.18181817;nan;0
446996519;446995563;396809;-0.19621211;-0.17045455;-0.18560605;nan;0
447999797;447998848;396809;-0.18939394;-0.1810606;-0.18712121;nan;0
449003254;449002304;396809;-0.19090909;-0.18333332;-0.18030302;nan;0
450006921;450005971;396809;-0.18863636;-0.18333332;-0.18030302;nan;0
451009934;451008984;396809;-0.18484847;-0.18787879;-0.18484847;nan;0
452013425;452012475;396809;-0.1840909;-0.18636364;-0.18181817;nan;0
452995239;452994290;396809;-0.18484847;-0.18636364;-0.1780303;nan;0
453998483;453997533;396809;-0.18484847;-0.19015151;-0.17954545;nan;0
455001969;455001019;396809;-0.18257575;-0.19090909;-0.1780303;nan;0
456005057;456004107;396809;-0.19015151;-0.14242424;-0.20984848;nan;0
457008031;457007081;396809;-0.18030302;-0.18484847;-0.19393939;nan;0
458011477;458010527;396809;-0.17954545;-0.18636364;-0.19015151;nan;0
459014452;459013502;396809;-0.175;-0.20681818;-0.18181817;nan;0
459996280;459995330;396809;-0.17954545;-0.19772726;-0.18333332;nan;0
460999893;460998930;396809;-0.17575757;-0.19924241;-0.18712121;nan;0
462003149;462002185;396809;-0.14999999;-0.24318181;-0.17954545;nan;0
463006745;463005795;396809;-0.017424243;-0.29242423;-0.2121212;nan;0
464010002;464009052;396809;0.07727273;-0.24166666;-0.26439393;nan;0
465013243;465012293;396809;0.089393936;-0.26363635;-0.2189394;nan;0
465995645;465994695;396809;0.07878788;-0.27727273;-0.2189394;nan;0
466998966;466998016;396809;0.070454545;-0.28787878;-0.20454545;nan;0
469005680;469004730;396809;0.06590909;-0.28333333;-0.2121212;nan;0
470008805;470007807;396809;0.06818181;-0.27575758;-0.22727272;nan;0
471012275;471011325;396809;0.07954545;-0.2810606;-0.20681818;nan;0
471994215;471993253;396809;0.07575757;-0.27575758;-0.2189394;nan;0
472997477;472996527;396809;0.071969695;-0.29393938;-0.19621211;nan;0
474000925;473999975;396809;0.073484845;-0.30075756;-0.18181817;nan;0
475004147;475003197;396809;0.06969697;-0.30075756;-0.18333332;nan;0
476007325;476006375;396809;0.048484847;-0.30681816;-0.18030302;nan;0
477011036;477010087;396809;0.073484845;-0.30833334;-0.16363636;nan;0
477993084;477992134;396809;0.1030303;-0.29772726;-0.16893938;nan;0
478996263;478995314;396809;0.1590909;-0.25757575;-0.18181817;nan;0
479999948;479998998;396809;0.19999999;-0.19999999;-0.20075756;nan;0
481003258;481002308;396809;0.21060605;-0.18787879;-0.19772726;nan;0
482006857;482005873;396809;0.20757575;-0.1780303;-0.2060606;nan;0
483009811;483008861;396809;0.22121212;-0.112878785;-0.21666665;nan;0
483991751;483990787;396809;0.2189394;0.018181818;-0.19545454;nan;0
484995512;484994527;396809;0.1621212;0.13787879;-0.14772727;nan;0
485998747;485997783;396809;0.021969697;0.19924241;-0.15303029;nan;0
487001741;487000791;396809;-0.076515146;0.19242424;-0.14318182;nan;0
488005484;488004533;396809;-0.13181818;0.1560606;-0.14772727;nan;0
489008635;489007684;396809;-0.13484848;0.15757576;-0.15151514;nan;0
490012282;490011332;396809;-0.12651515;0.17878787;-0.13560605;nan;0
490994105;490993155;396809;-0.13636363;0.14621212;-0.1590909;nan;0
491997272;491996307;396809;-0.16363636;0.096969694;-0.18181817;nan;0
493000680;492999728;396809;-0.15151514;0.15151514;-0.14242424;nan;0
494003744;494002795;396809;-0.14545454;0.15833333;-0.13787879;nan;0
495006993;495006043;396809;-0.14848484;0.15454546;-0.14469697;nan;0
496010685;496009734;396809;-0.15378788;0.15984848;-0.14469697;nan;0
497013537;497012587;396809;-0.21363635;0.13181818;-0.095454544;nan;0
497995335;497994377;396809;-0.22878787;0.01590909;-0.15681818;nan;0
498999012;498998062;396809;-0.2340909;-0.024999999;-0.16742423;nan;0
500001945;500000984;396809;-0.23712121;-0.028787877;-0.1590909;nan;0
501005478;501004527;396809;-0.23712121;-0.018181818;-0.1621212;nan;0
502008681;502007731;396809;-0.21969697;-0.12727273;-0.17954545;nan;0
503011872;503010922;396809;-0.22651514;-0.10378788;-0.17272727;nan;0
503994217;503993267;396809;-0.22424242;-0.109848484;-0.18333332;nan;0
504997269;504996319;396809;-0.23333332;-0.012878788;-0.16060606;nan;0
506000529;505999578;396809;0.0075757573;0.19166666;-0.16742423;nan;0
507004284;507003334;396809;0.23712121;-0.053787876;-0.18712121;nan;0
508007494;508006527;396809;0.09469697;-0.2681818;-0.21742423;nan;0
509011193;509010243;396809;-0.02121212;-0.29469696;-0.20681818;nan;0
509993286;509992322;396809;-0.014393939;-0.29999998;-0.19621211;nan;0
510996477;510995527;396809;-0.012121212;-0.29090908;-0.20681818;nan;0
511999956;511999006;396809;-0.014393939;-0.29242423;-0.20833333;nan;0
513002911;513001960;396809;-0.028787877;-0.29696968;-0.20151514;nan;0
514005966;514005016;396809;-0.014393939;-0.29848483;-0.19393939;nan;0
515009317;515008364;396809;-0.034848485;-0.2962121;-0.19772726;nan;0
516012516;516011541;396809;-0.0015151515;-0.29848483;-0.2030303;nan;0
516994529;516993579;396809;0.016666666;-0.30303028;-0.19621211;nan;0
517998208;517997255;396809;0.012121212;-0.31060606;-0.17651515;nan;0
519001201;519000251;396809;0.003030303;-0.27954546;-0.2219697;nan;0
520004770;520003819;396809;0.0;-0.28939393;-0.21666665;nan;0
521007947;521006997;396809;-0.003030303;-0.30378786;-0.19242424;nan;0
522011377;522010427;396809;0.015151515;-0.2901515;-0.20833333;nan;0
522993476;522992526;396809;-0.008333333;-0.30075756;-0.19242424;nan;0
523996517;523995545;396809;-0.13257575;-0.24924241;-0.19015151;nan;0
524999477;524998527;396809;-0.2030303;-0.1621212;-0.18712121;nan;0
526002863;526001913;396809;-0.23636363;-0.07954545;-0.15833333;nan;0
527006094;527005144;396809;-0.22424242;-0.03181818;-0.1780303;nan;0
528009486;528008536;396809;-0.19848484;0.115909085;-0.12121212;nan;0
529012475;529011526;396809;-0.09924242;0.17878787;-0.15151514;nan;0
529994251;529993301;396809;-0.07424242;0.19848484;-0.12878788;nan;0
530997915;530996965;396809;-0.14393939;0.1621212;-0.13030303;nan;0
532001086;532000136;396809;-0.20151514;0.049999997;-0.17651515;nan;0
533004338;533003368;396809;-0.24015151;-0.06060606;-0.1590909;nan;0
534007919;534006968;396809;-0.25075758;-0.114393935;-0.13181818;nan;0
535011253;535010303;396809;-0.18333332;-0.031060604;-0.21136363;nan;0
536014889;536013939;396809;-0.20833333;-0.14999999;-0.18181817;nan;0
536996956;536996006;396809;-0.17954545;-0.19090909;-0.18863636;nan;0
538000254;537999305;396809;-0.17045455;-0.19999999;-0.19242424;nan;0
539003844;539002824;396809;-0.15454546;-0.21590908;-0.20151514;nan;0
540007010;540006035;396809;-0.14090909;-0.24999999;-0.17651515;nan;0
541010257;541009307;396809;-0.13560605;-0.20227273;-0.23257574;nan;0
542013986;542013036;396809;-0.12727273;-0.24090908;-0.21136363;nan;0
542995905;542994955;396809;-0.10227273;-0.25378788;-0.22272727;nan;0
543999298;543998348;396809;-0.05909091;-0.3090909;-0.16363636;nan;0
545002958;545002008;396809;0.027272727;-0.30454543;-0.19242424;nan;0
546006247;546005296;396809;0.09015151;-0.29393938;-0.19015151;nan;0
547009564;547008614;396809;0.16893938;-0.2090909;-0.22727272;nan;0
547991791;547990841;396809;0.21666665;-0.1681818;-0.19621211;nan;0
548994985;548994035;396809;0.26439393;-0.012121212;-0.13030303;nan;0
549998507;549997556;396809;0.24015151;-0.022727272;-0.18181817;nan;0
551001739;551000789;396809;0.23939393;-0.02651515;-0.18712121;nan;0
552004780;552003829;396809;0.24469696;-0.05530303;-0.18030302;nan;0
553008478;553007527;396809;0.2340909;0.015151515;-0.17121212;nan;0
554011852;554010902;396809;0.22727272;-0.01590909;-0.18863636;nan;0
554993560;554992581;396809;0.2310606;0.043181818;-0.16363636;nan;0
555997338;555996388;396809;0.21969697;0.074999996;-0.15681818;nan;0
557000476;556999526;396809;0.19696969;0.14393939;-0.09166666;nan;0
558003847;558002897;396809;0.19318181;0.1280303;-0.13787879;nan;0
559006848;559005898;396809;0.19015151;0.12348484;-0.12878788;nan;0
560010062;560009112;396809;0.18560605;0.11060606;-0.16439393;nan;0
561013652;561012702;396809;0.17727272;0.10227273;-0.175;nan;0
561995748;561994798;396809;0.10227273;0.1840909;-0.14848484;nan;0
562998894;562997944;396809;0.016666666;0.21969697;-0.114393935;nan;0
564002512;564001562;396809;-0.10151515;0.19242424;-0.13787879;nan;0
565005734;565004785;396809;-0.07575757;0.20227273;-0.12499999;nan;0
566009424;566008462;396809;-0.024242423;0.18712121;-0.16363636;nan;0
567012426;567011475;396809;-0.14621212;0.18787879;-0.10530303;nan;0
568015548;568014582;396809;-0.1371212;0.17651515;-0.12651515;nan;0
568997845;568996895;396809;-0.13333333;0.17575757;-0.13030303;nan;0
570001275;570000325;396809;-0.14090909;0.17272727;-0.12878788;nan;0
571004262;571003300;396809;-0.14015152;0.20227273;-0.06515151;nan;0
572008039;572007089;396809;-0.15075757;0.16742423;-0.12499999;nan;0
573011160;573010210;396809;-0.14772727;0.16893938;-0.12651515;nan;0
573993357;573992407;396809;-0.15227272;0.1621212;-0.12727273;nan;0
574996738;574995787;396809;-0.15378788;0.1681818;-0.11818182;nan;0
575999794;575998844;396809;-0.13939394;0.14621212;-0.1590909;nan;0
577003166;577002216;396809;-0.16969696;0.14621212;-0.12499999;nan;0
578006241;578005291;396809;-0.19999999;0.10151515;-0.14242424;nan;0
579009364;579008414;396809;-0.19242424;0.1560606;-0.073484845;nan;0
580012752;580011802;396809;-0.19696969;0.11742424;-0.12878788;nan;0
580994553;580993526;396809;-0.19999999;0.10378788;-0.14621212;nan;0
581997523;581996573;396809;-0.20151514;0.10757575;-0.13181818;nan;0
583001210;583000260;396809;-0.20378788;0.09772727;-0.14772727;nan;0
584004337;584003387;396809;-0.2121212;0.03181818;-0.17954545;nan;0
585007755;585006805;396809;-0.22424242;0.053787876;-0.14242424;nan;0
586011045;586010091;396809;-0.22878787;0.01969697;-0.15378788;nan;0
586992679;586991729;396809;-0.061363634;0.21818182;-0.111363634;nan;0
587996250;587995300;396809;0.22878787;0.06742424;-0.16060606;nan;0
588999351;588998401;396809;0.24242423;-0.07424242;-0.18712121;nan;0
590002569;590001619;396809;0.24242423;-0.076515146;-0.19242424;nan;0
591006188;591005238;396809;0.23863636;-0.0780303;-0.18863636;nan;0
592009191;592008239;396809;0.24318181;-0.08181818;-0.1780303;nan;0
592991426;592990477;396809;0.24015151;-0.08484848;-0.18484847;nan;0
593994795;593993845;396809;0.24090908;-0.08863636;-0.18560605;nan;0
594998014;594997064;396809;0.24242423;-0.095454544;-0.175;nan;0
596001424;596000474;396809;0.24242423;-0.10681818;-0.17424242;nan;0
597004694;597003745;396809;0.24090908;-0.11060606;-0.18333332;nan;0
598007632;598006682;396809;0.25075758;-0.114393935;-0.1590909;nan;0
599011037;599010087;396809;0.24999999;-0.11666666;-0.14999999;nan;0
599992750;599991800;396809;0.2310606;-0.12121212;-0.18333332;nan;0
600995723;600994773;396809;0.24242423;-0.11818182;-0.17651515;nan;0
601999347;601998397;396809;0.24393938;-0.12272727;-0.16363636;nan;0
603002326;603001377;396809;0.23787878;-0.12272727;-0.17651515;nan;0
604005707;604004758;396809;0.24090908;-0.12196969;-0.17424242;nan;0
605008888;605007938;396809;0.24090908;-0.12424242;-0.17272727;nan;0
606011894;606010945;396809;0.23636363;-0.13030303;-0.1780303;nan;0
606994363;606993399;396809;0.23636363;-0.13484848;-0.17272727;nan;0
607997484;607996534;396809;0.24318181;-0.13030303;-0.17272727;nan;0
609000655;608999641;396809;0.24242423;-0.11666666;-0.1780303;nan;0
610004221;610003271;396809;0.23863636;-0.10227273;-0.18333332;nan;0
611007260;611006310;396809;0.23636363;-0.15227272;-0.17272727;nan;0
612010919;612009969;396809;0.23863636;-0.14090909;-0.16893938;nan;0
613014263;613013313;396809;0.24015151;-0.13636363;-0.175;nan;0
613996010;613995060;396809;0.23636363;-0.13863637;-0.16439393;nan;0
614999705;614998755;396809;0.23787878;-0.13636363;-0.17121212;nan;0
616002600;616001637;396809;0.26590908;-0.11893939;-0.057575755;nan;0
617005649;617004699;396809;0.2340909;-0.12954545;-0.18030302;nan;0
618009053;618008104;396809;0.18257575;-0.23181817;-0.17651515;nan;0
619012209;619011209;396809;-0.054545455;-0.30075756;-0.17651515;nan;0
619994018;619993056;396809;-0.2030303;-0.19318181;-0.15681818;nan;0
620997571;620996622;396809;-0.1719697;-0.22651514;-0.16060606;nan;0
622000544;621999594;396809;-0.043181818;-0.305303;-0.18030302;nan;0
623004217;623003267;396809;0.16666666;-0.25227273;-0.16742423;nan;0
624007206;624006256;396809;0.20151514;-0.19469696;-0.19772726;nan;0
625010416;625009466;396809;0.19393939;-0.1840909;-0.21742423;nan;0
626014173;626013224;396809;0.16060606;-0.2189394;-0.22272727;nan;0
626996105;626995155;396809;0.1810606;-0.25151515;-0.13181818;nan;0
627999018;627998068;396809;0.19318181;-0.22954544;-0.16363636;nan;0
629002401;629001451;396809;0.20454545;-0.21969697;-0.16893938;nan;0
630005593;630004643;396809;0.20757575;-0.20833333;-0.17121212;nan;0
631009179;631008229;396809;0.2189394;-0.19090909;-0.17272727;nan;0
632012232;632011282;396809;0.2219697;-0.18863636;-0.16590908;nan;0
632994201;632993252;396809;0.22424242;-0.1780303;-0.1780303;nan;0
633998073;633997122;396809;0.22651514;-0.18712121;-0.15681818;nan;0
635001104;635000154;396809;0.23712121;-0.16742423;-0.14999999;nan;0
637007909;637006959;396809;0.2310606;-0.16439393;-0.17121212;nan;0
638011201;638010251;396809;0.23560606;-0.16590908;-0.16060606;nan;0
638992897;638991947;396809;0.23181817;-0.1651515;-0.17121212;nan;0
639996310;639995359;396809;0.23333332;-0.16060606;-0.16969696;nan;0
640999419;640998469;396809;0.23333332;-0.15303029;-0.16742423;nan;0
642003202;642002223;396809;0.23484848;-0.15303029;-0.16590908;nan;0
643006217;643005265;396809;0.2340909;-0.15757576;-0.17121212;nan;0
644009140;644008190;396809;0.23030302;-0.15227272;-0.18181817;nan;0
645012796;645011847;396809;0.2189394;-0.18560605;-0.18333332;nan;0
645994549;645993599;396809;0.2090909;-0.17348485;-0.19621211;nan;0
646997680;646996730;396809;0.2060606;-0.18333332;-0.19772726;nan;0
648001210;648000223;396809;0.2121212;-0.19166666;-0.18863636;nan;0
649004511;649003531;396809;0.22045454;-0.17121212;-0.18712121;nan;0
650007983;650007033;396809;0.2121212;-0.15454546;-0.20833333;nan;0
651011204;651010254;396809;0.21666665;-0.11818182;-0.22575757;nan;0
651993005;651992055;396809;0.20378788;-0.14090909;-0.23333332;nan;0
652996539;652995589;396809;0.19848484;-0.20984848;-0.18560605;nan;0
653999488;653998538;396809;0.19772726;-0.2151515;-0.18712121;nan;0
655002477;655001527;396809;0.20227273;-0.21818182;-0.175;nan;0
656006139;656005180;396809;0.20075756;-0.24166666;-0.11969697;nan;0
657009280;657008315;396809;0.20833333;-0.10378788;-0.2310606;nan;0
658012732;658011782;396809;0.19166666;-0.1651515;-0.2310606;nan;0
658994746;658993795;396809;0.19015151;-0.1621212;-0.23863636;nan;0
659997990;659997040;396809;0.1780303;-0.22045454;-0.20833333;nan;0
661001826;661000876;396809;0.2060606;-0.2030303;-0.18712121;nan;0
662004835;662003865;396809;0.24318181;-0.096969694;-0.17954545;nan;0
663007762;663006812;396809;0.21060605;0.08333333;-0.16439393;nan;0
664011340;664010390;396809;0.21969697;0.07272727;-0.15681818;nan;0
665014397;665013447;396809;0.24545453;-0.07954545;-0.17954545;nan;0
665996308;665995359;396809;0.15681818;-0.22424242;-0.2189394;nan;0
666999924;666998974;396809;0.023484848;-0.275;-0.23484848;nan;0
668002984;668002034;396809;-0.07954545;-0.2590909;-0.21742423;nan;0
669006477;669005527;396809;-0.12196969;-0.2742424;-0.16969696;nan;0
670009772;670008822;396809;-0.13484848;-0.22045454;-0.2189394;nan;0
671013082;671012132;396809;-0.20530303;-0.115909085;-0.19090909;nan;0
671995416;671994446;396809;-0.20833333;0.086363636;-0.14318182;nan;0
672998646;672997696;396809;-0.20227273;0.08863636;-0.14469697;nan;0
674001822;674000818;396809;-0.2151515;-0.17424242;-0.15833333;nan;0
675005279;675004329;396809;-0.028787877;-0.29696968;-0.20075756;nan;0
676008492;676007533;396809;0.23863636;-0.14469697;-0.17121212;nan;0
677012141;677011191;396809;0.18030302;0.12348484;-0.14999999;nan;0
677993966;677993016;396809;0.020454545;0.21287878;-0.1371212;nan;0
678997320;678996363;396809;0.048484847;0.18030302;-0.17424242;nan;0
680000908;679999958;396809;0.073484845;0.20530303;-0.12878788;nan;0
681003957;681003007;396809;0.20151514;0.109848484;-0.14999999;nan;0
682007159;682006209;396809;0.24772726;-0.073484845;-0.17424242;nan;0
683010503;683009552;396809;0.20833333;-0.18636364;-0.20151514;nan;0
683992528;683991579;396809;0.21439393;-0.1780303;-0.20075756;nan;0
684995757;684994788;396809;0.20681818;-0.18787879;-0.19090909;nan;0
685999503;685998541;396809;0.2090909;-0.19015151;-0.19924241;nan;0
687002797;687001816;396809;0.19999999;-0.20151514;-0.19772726;nan;0
688006234;688005284;396809;0.19848484;-0.20075756;-0.19924241;nan;0
689009482;689008532;396809;0.19242424;-0.2060606;-0.19772726;nan;0
690012679;690011730;396809;0.18787879;-0.20378788;-0.21136363;nan;0
690994931;690993981;396809;0.17954545;-0.15454546;-0.25378788;nan;0
691998277;691997327;396809;0.17575757;-0.22954544;-0.19545454;nan;0
693001282;693000332;396809;0.18333332;-0.2121212;-0.20681818;nan;0
694004732;694003781;396809;0.2090909;-0.17878787;-0.2030303;nan;0
695008256;695007306;396809;0.23560606;-0.06363636;-0.19242424;nan;0
696011830;696010880;396809;0.22727272;0.03181818;-0.18181817;nan;0
697014955;697014004;396809;0.1681818;0.12727273;-0.16060606;nan;0
697996735;697995785;396809;0.14999999;0.1310606;-0.17272727;nan;0
699000594;698999645;396809;0.14545454;0.15757576;-0.16060606;nan;0
700003761;700002784;396809;0.13863637;0.14393939;-0.18333332;nan;0
701006749;701005799;396809;0.12651515;0.16893938;-0.15530303;nan;0
702010137;702009177;396809;0.12348484;0.17121212;-0.15681818;nan;0
703013316;703012338;396809;0.09166666;0.17045455;-0.18030302;nan;0
703995203;703994253;396809;0.12272727;0.175;-0.14848484;nan;0
704998757;704997789;396809;0.098484844;0.1780303;-0.15530303;nan;0
706002012;706001062;396809;0.099999994;0.1810606;-0.15681818;nan;0
707005747;707004797;396809;0.08560606;0.19848484;-0.14318182;nan;0
708008783;708007834;396809;-0.012121212;0.20757575;-0.14090909;nan;0
709011733;709010783;396809;-0.05530303;0.18787879;-0.15833333;nan;0
709994165;709993215;396809;-0.114393935;0.17727272;-0.14469697;nan;0
710997162;710996212;396809;-0.22121212;0.089393936;-0.13030303;nan;0
712000277;711999327;396809;-0.24090908;0.0045454544;-0.15151514;nan;0
713003939;713002989;396809;-0.2621212;0.012878788;-0.10530303;nan;0
714006997;714006047;396809;-0.24015151;-0.07878788;-0.16363636;nan;0
715010570;715009620;396809;-0.24393938;-0.087878786;-0.15151514;nan;0
715992426;715991476;396809;-0.17954545;0.040151514;-0.20833333;nan;0
716995489;716994539;396809;-0.21590908;0.04242424;-0.17954545;nan;0
717999094;717998144;396809;-0.2340909;0.03030303;-0.14621212;nan;0
719002134;719001184;396809;-0.23333332;0.074999996;-0.11969697;nan;0
720005308;720004358;396809;-0.22727272;0.08257575;-0.12348484;nan;0
721008927;721007977;396809;-0.19696969;0.08863636;-0.15833333;nan;0
722012287;722011310;396809;-0.19772726;0.12348484;-0.115909085;nan;0
722994364;722993408;396809;-0.16136363;0.18181817;-0.087878786;nan;0
723997813;723996863;396809;-0.1340909;0.14545454;-0.16590908;nan;0
725000775;724999825;396809;-0.12954545;0.18939394;-0.12499999;nan;0
726004096;726003146;396809;-0.1340909;0.18257575;-0.12196969;nan;0
727007087;727006137;396809;-0.12954545;0.14772727;-0.16969696;nan;0
728010512;728009558;396809;-0.12954545;0.18863636;-0.112878785;nan;0
729014209;729013259;396809;-0.13030303;0.19393939;-0.10757575;nan;0
729995911;729994962;396809;-0.13787879;0.22272727;-0.018939393;nan;0
730999222;730998272;396809;-0.14015152;0.18257575;-0.11666666;nan;0
732002633;732001683;396809;-0.14242424;0.18257575;-0.112878785;nan;0
733005789;733004839;396809;-0.14090909;0.18030302;-0.11666666;nan;0
734009350;734008400;396809;-0.13257575;0.21590908;-0.0530303;nan;0
735012338;735011388;396809;-0.12575758;0.21136363;-0.073484845;nan;0
736015437;736014474;396809;-0.1340909;0.13333333;-0.17121212;nan;0
736997702;736996752;396809;-0.14621212;0.14924242;-0.16439393;nan;0
738000681;737999731;396809;-0.14393939;0.20454545;-0.06515151;nan;0
739004023;739003073;396809;-0.13181818;0.21969697;-0.03712121;nan;0
740007744;740006794;396809;-0.11818182;0.23712121;-0.00530303;nan;0
741011049;741010099;396809;0.16590908;0.15151514;-0.13181818;nan;0
742014645;742013695;396809;0.19469696;0.15075757;-0.0810606;nan;0
742996414;742995464;396809;0.031060604;0.22045454;-0.12878788;nan;0
743999555;743998585;396809;-0.08712121;0.19772726;-0.1371212;nan;0
745003205;745002207;396809;-0.068939395;0.21439393;-0.111363634;nan;0
746006128;746005178;396809;-0.11893939;0.1840909;-0.13181818;nan;0
747009151;747008201;396809;-0.15227272;0.1590909;-0.13030303;nan;0
748012541;748011591;396809;-0.1590909;0.14696969;-0.1371212;nan;0
748994659;748993709;396809;-0.19772726;0.1560606;-0.07954545;nan;0
749997938;749996988;396809;-0.15984848;0.14999999;-0.13030303;nan;0
751001389;751000439;396809;-0.14242424;0.1719697;-0.13257575;nan;0
752004281;752003331;396809;-0.17272727;0.16363636;-0.10909091;nan;0
753007928;753006978;396809;-0.07575757;0.17424242;-0.1780303;nan;0
754011220;754010250;396809;-0.14166667;0.1560606;-0.14469697;nan;0
754993295;754992345;396809;-0.16060606;0.19166666;-0.068939395;nan;0
755996892;755995943;396809;-0.1681818;0.10227273;-0.17424242;nan;0
756999934;756998984;396809;-0.1719697;0.07424242;-0.19090909;nan;0
758002936;758001986;396809;-0.17121212;0.12727273;-0.14090909;nan;0
759006349;759005399;396809;-0.16742423;0.1310606;-0.1371212;nan;0
760009483;760008533;396809;-0.17121212;0.13787879;-0.13181818;nan;0
761012905;761011943;396809;-0.15984848;0.18863636;-0.070454545;nan;0
761994628;761993678;396809;-0.15151514;0.086363636;-0.20075756;nan;0
762997687;762996735;396809;-0.1560606;0.1590909;-0.12499999;nan;0
764001240;764000290;396809;-0.12878788;0.17348485;-0.14242424;nan;0
765004478;765003529;396809;-0.0045454544;0.21287878;-0.13560605;nan;0
766007648;766006698;396809;0.15075757;0.15530303;-0.15681818;nan;0
767011108;767010137;396809;0.2280303;0.05151515;-0.16439393;nan;0
767992992;767992042;396809;0.23181817;0.024999999;-0.17424242;nan;0
768995989;768995039;396809;0.22272727;-0.020454545;-0.19772726;nan;0
769999479;769998529;396809;0.22272727;-0.18712121;-0.16590908;nan;0
771002804;771001854;396809;0.17575757;-0.24469696;-0.18030302;nan;0
772006477;772005528;396809;0.24393938;-0.12121212;-0.18030302;nan;0
773009741;773008792;396809;0.03181818;0.21742423;-0.12196969;nan;0
773991521;773990571;396809;-0.1621212;0.1340909;-0.14772727;nan;0
774995259;774994254;396809;0.06818181;0.21439393;-0.12499999;nan;0
775998478;775997528;396809;0.25757575;-0.061363634;-0.15151514;nan;0
777001494;777000544;396809;0.15757576;-0.24015151;-0.21363635;nan;0
778005130;778004180;396809;0.07575757;-0.24242423;-0.2651515;nan;0
779008526;779007576;396809;0.16742423;-0.2530303;-0.17651515;nan;0
780994340;780993390;396809;0.175;-0.23636363;-0.19015151;nan;0
781997539;781996528;396809;0.16363636;-0.24772726;-0.19015151;nan;0
783000983;783000034;396809;0.1621212;-0.24772726;-0.19015151;nan;0
784004144;784003194;396809;0.16742423;-0.24848484;-0.18333332;nan;0
785007515;785006547;396809;0.17727272;-0.23787878;-0.18712121;nan;0
786011170;786010221;396809;0.16742423;-0.24696968;-0.18333332;nan;0
786993083;786992134;396809;0.17121212;-0.24318181;-0.18484847;nan;0
787996082;787995124;396809;0.175;-0.24318181;-0.18560605;nan;0
788999645;788998694;396809;0.17575757;-0.24393938;-0.18181817;nan;0
790002846;790001896;396809;0.17424242;-0.24318181;-0.17651515;nan;0
791006477;791005527;396809;0.175;-0.24393938;-0.18863636;nan;0
792009783;792008833;396809;0.17651515;-0.24469696;-0.17424242;nan;0
793012731;793011782;396809;0.17727272;-0.23181817;-0.18333332;nan;0
793995063;793994113;396809;0.1810606;-0.23863636;-0.17121212;nan;0
794998275;794997326;396809;0.18257575;-0.24393938;-0.17272727;nan;0
796001227;796000277;396809;0.18030302;-0.24318181;-0.17272727;nan;0
797004817;797003867;396809;0.2090909;-0.23939393;-0.095454544;nan;0
798008282;798007314;396809;0.21666665;-0.2340909;-0.07878788;nan;0
799011887;799010937;396809;0.12196969;-0.23787878;-0.24318181;nan;0
799993944;799992994;396809;0.06666666;-0.25378788;-0.25757575;nan;0
800997149;800996199;396809;0.09318182;-0.20530303;-0.27196968;nan;0
802000672;801999722;396809;0.1810606;-0.24393938;-0.16363636;nan;0
803004037;803003087;396809;0.17045455;-0.24924241;-0.16893938;nan;0
804006983;804006033;396809;0.17348485;-0.24242423;-0.1780303;nan;0
805010388;805009438;396809;0.175;-0.24621211;-0.175;nan;0
806013569;806012619;396809;0.17424242;-0.22651514;-0.19090909;nan;0
806995272;806994322;396809;0.1681818;-0.19015151;-0.23787878;nan;0
807998953;807998003;396809;0.09924242;-0.2992424;-0.17651515;nan;0
809001937;809000987;396809;0.19318181;-0.23030302;-0.16742423;nan;0
810005478;810004529;396809;0.18636364;-0.22651514;-0.18030302;nan;0
811008537;811007574;396809;0.1840909;-0.24090908;-0.16969696;nan;0
812011732;812010783;396809;0.18333332;-0.24090908;-0.17121212;nan;0
813015425;813014475;396809;0.17272727;-0.24696968;-0.17272727;nan;0
813997189;813996239;396809;0.17121212;-0.24696968;-0.16590908;nan;0
815000333;814999383;396809;0.17878787;-0.24166666;-0.16742423;nan;0
816003746;816002781;396809;0.18333332;-0.23863636;-0.16893938;nan;0
817007077;817006127;396809;0.17272727;-0.24545453;-0.17121212;nan;0
818010530;818009580;396809;0.175;-0.24318181;-0.17121212;nan;0
819013713;819012763;396809;0.17651515;-0.24696968;-0.16590908;nan;0
819995761;819994811;396809;0.17575757;-0.24318181;-0.17121212;nan;0
820999406;820998414;396809;0.17575757;-0.24545453;-0.17121212;nan;0
822002660;822001711;396809;0.1780303;-0.24772726;-0.16590908;nan;0
823005764;823004814;396809;0.1719697;-0.24469696;-0.18333332;nan;0
824009476;824008526;396809;0.17878787;-0.2530303;-0.14772727;nan;0
825012615;825011665;396809;0.1681818;-0.225;-0.21666665;nan;0
825994575;825993603;396809;0.16590908;-0.24318181;-0.18560605;nan;0
826998005;826997055;396809;0.16742423;-0.24469696;-0.18030302;nan;0
828000972;828000022;396809;0.16742423;-0.24166666;-0.19090909;nan;0
829004643;829003694;396809;0.15833333;-0.24999999;-0.18030302;nan;0
830007622;830006672;396809;0.18712121;-0.23863636;-0.17121212;nan;0
831011078;831010128;396809;0.25151515;-0.12954545;-0.14090909;nan;0
831993477;831992527;396809;0.08257575;-0.31060606;-0.16060606;nan;0
832996630;832995660;396809;-0.009848485;-0.3128788;-0.17272727;nan;0
833999595;833998645;396809;-0.029545454;-0.3098485;-0.1780303;nan;0
835003193;835002244;396809;0.053787876;-0.3121212;-0.16590908;nan;0
836006487;836005537;396809;0.03560606;-0.3272727;-0.111363634;nan;0
837010186;837009194;396809;0.18484847;-0.25530303;-0.095454544;nan;0
837992085;837991135;396809;0.23333332;-0.06818181;-0.2121212;nan;0
838995248;838994259;396809;0.15075757;-0.076515146;-0.27878788;nan;0
839998988;839998038;396809;0.23484848;-0.19621211;-0.13939394;nan;0
841002155;841001205;396809;0.12272727;-0.27878788;-0.18560605;nan;0
842005198;842004248;396809;0.15833333;-0.25833333;-0.18030302;nan;0
843008788;843007838;396809;0.17121212;-0.25151515;-0.16969696;nan;0
844012014;844011064;396809;0.17121212;-0.2121212;-0.2151515;nan;0
844993976;844993010;396809;0.17272727;-0.19318181;-0.22954544;nan;0
845997377;845996428;396809;0.17272727;-0.1780303;-0.25075758;nan;0
847000321;846999371;396809;0.17878787;-0.24999999;-0.14848484;nan;0
848003914;848002950;396809;0.21666665;-0.21136363;-0.14999999;nan;0
849006948;849005998;396809;0.18636364;-0.225;-0.18333332;nan;0
850010106;850009150;396809;0.17272727;-0.23636363;-0.19545454;nan;0
851013693;851012743;396809;0.16969696;-0.24469696;-0.18712121;nan;0
851995476;851994527;396809;0.17348485;-0.20378788;-0.22045454;nan;0
852998540;852997590;396809;0.16893938;-0.25075758;-0.175;nan;0
854002143;854001193;396809;0.19166666;-0.24318181;-0.15151514;nan;0
855005422;855004469;396809;0.175;-0.23257574;-0.19772726;nan;0
856009169;856008218;396809;0.14924242;-0.26363635;-0.1780303;nan;0
857012188;857011238;396809;0.1340909;-0.27575758;-0.175;nan;0
857994154;857993205;396809;0.12121212;-0.23636363;-0.24545453;nan;0
858997555;858996580;396809;0.11969697;-0.2060606;-0.27045453;nan;0
860000798;859999848;396809;0.109848484;-0.20681818;-0.27045453;nan;0
861004002;861003052;396809;0.09924242;-0.29848483;-0.16742423;nan;0
862007732;862006782;396809;0.13863637;-0.27196968;-0.18333332;nan;0
863011014;863010064;396809;0.13636363;-0.24772726;-0.22045454;nan;0
864014388;864013438;396809;0.12878788;-0.2742424;-0.18863636;nan;0
864996114;864995165;396809;0.14772727;-0.27651516;-0.16060606;nan;0
865999080;865998130;396809;0.12424242;-0.26969695;-0.20075756;nan;0
867002477;867001527;396809;0.12348484;-0.23484848;-0.24848484;nan;0
868005566;868004561;396809;0.12272727;-0.21439393;-0.2590909;nan;0
869008610;869007660;396809;0.11969697;-0.19848484;-0.27045453;nan;0
870012026;870011076;396809;0.12499999;-0.27575758;-0.19090909;nan;0
870993979;870993030;396809;0.13257575;-0.24924241;-0.22727272;nan;0
871997255;871996305;396809;0.1340909;-0.24166666;-0.23257574;nan;0
873000692;872999742;396809;0.13030303;-0.27348483;-0.18484847;nan;0
874003897;874002947;396809;0.13636363;-0.25984848;-0.20151514;nan;0
875007425;875006475;396809;0.12727273;-0.2742424;-0.18712121;nan;0
876010774;876009825;396809;0.13030303;-0.27196968;-0.18484847;nan;0
876992656;876991706;396809;0.12424242;-0.27575758;-0.18484847;nan;0
877996485;877995535;396809;0.12878788;-0.275;-0.18030302;nan;0
878999731;878998781;396809;0.1340909;-0.27575758;-0.18712121;nan;0
880002767;880001817;396809;0.13484848;-0.26969695;-0.18863636;nan;0
881006121;881005171;396809;0.12954545;-0.27045453;-0.18863636;nan;0
882009036;882008086;396809;0.1310606;-0.25454545;-0.22727272;nan;0
883012483;883011527;396809;0.12196969;-0.21590908;-0.25757575;nan;0
883994193;883993243;396809;0.11969697;-0.20984848;-0.2651515;nan;0
884997258;884996308;396809;0.12121212;-0.22272727;-0.25227273;nan;0
886001041;886000091;396809;0.12651515;-0.28181818;-0.18181817;nan;0
887004501;887003527;396809;0.13181818;-0.27272725;-0.18333332;nan;0
888007804;888006854;396809;0.1340909;-0.26742423;-0.19015151;nan;0
889011479;889010529;396809;0.1310606;-0.26893938;-0.19242424;nan;0
890014742;890013792;396809;0.1340909;-0.27045453;-0.18712121;nan;0
890996540;890995590;396809;0.13181818;-0.27272725;-0.18560605;nan;0
892000170;891999220;396809;0.12878788;-0.2742424;-0.19015151;nan;0
893003216;893002265;396809;0.13863637;-0.26969695;-0.19015151;nan;0
894006746;894005796;396809;0.12954545;-0.275;-0.18333332;nan;0
895009917;895008967;396809;0.1280303;-0.275;-0.18863636;nan;0
896012945;896011995;396809;0.12878788;-0.27878788;-0.18333332;nan;0
896995389;896994439;396809;0.12196969;-0.22121212;-0.25378788;nan;0
897998504;897997554;396809;0.115909085;-0.2590909;-0.2189394;nan;0
899001536;899000586;396809;0.11515151;-0.26287878;-0.22424242;nan;0
900005139;900004189;396809;0.12954545;-0.26060605;-0.20984848;nan;0
901008316;901007340;396809;0.13030303;-0.24545453;-0.22727272;nan;0
902011761;902010807;396809;0.13484848;-0.26893938;-0.19242424;nan;0
902993713;902992712;396809;0.1371212;-0.2810606;-0.1590909;nan;0
903997027;903996077;396809;0.14848484;-0.27954546;-0.14318182;nan;0
905000564;904999614;396809;0.15151514;-0.28181818;-0.1371212;nan;0
906003788;906002838;396809;0.15833333;-0.26590908;-0.16893938;nan;0
907007009;907006059;396809;0.12348484;-0.2742424;-0.18863636;nan;0
908010425;908009475;396809;0.061363634;-0.2840909;-0.2189394;nan;0
908992383;908991434;396809;0.14848484;-0.27727273;-0.14848484;nan;0
909995284;909994335;396809;0.109848484;-0.30606058;-0.11969697;nan;0
910998944;910997983;396809;0.15757576;-0.27348483;-0.16060606;nan;0
912001898;912000948;396809;0.1060606;-0.2962121;-0.17121212;nan;0
913005500;913004550;396809;0.109848484;-0.21590908;-0.2681818;nan;0
914008641;914007691;396809;0.15227272;-0.26666665;-0.18560605;nan;0
915012014;915011064;396809;0.14015152;-0.19545454;-0.2590909;nan;0
915994640;915993645;396809;0.112878785;-0.30757576;-0.10530303;nan;0
916997500;916996550;396809;0.12727273;-0.29242423;-0.14848484;nan;0
918000844;917999894;396809;0.13484848;-0.2712121;-0.19393939;nan;0
919004477;919003527;396809;0.15378788;-0.2560606;-0.17954545;nan;0
920007688;920006738;396809;0.25151515;-0.090909086;-0.15833333;nan;0
921011174;921010224;396809;0.22727272;0.12954545;-0.04242424;nan;0
921993241;921992291;396809;0.024999999;0.24545453;-0.052272726;nan;0
922996477;922995527;396809;0.043181818;0.2189394;-0.11666666;nan;0
923999851;923998901;396809;0.14848484;0.114393935;-0.19090909;nan;0
925002807;925001857;396809;0.17954545;0.12727273;-0.14772727;nan;0
926005744;926004795;396809;0.24999999;-0.089393936;-0.16590908;nan;0
927009191;927008242;396809;0.09924242;-0.24999999;-0.25227273;nan;0
928012475;928011526;396809;0.045454543;-0.29090908;-0.22045454;nan;0
928994348;928993398;396809;-0.00530303;-0.29166666;-0.2121212;nan;0
929997757;929996807;396809;-0.0075757573;-0.2962121;-0.2030303;nan;0
931000907;930999957;396809;0.068939395;-0.29242423;-0.20454545;nan;0
932004528;932003578;396809;0.14772727;-0.25227273;-0.2060606;nan;0
933007654;933006703;396809;0.14318182;-0.2590909;-0.19924241;nan;0
934011001;934010047;396809;0.13939394;-0.2590909;-0.20454545;nan;0
935014621;935013671;396809;0.13939394;-0.25227273;-0.20984848;nan;0
935996564;935995614;396809;0.13333333;-0.25757575;-0.20681818;nan;0
936999732;936998782;396809;0.14166667;-0.26136363;-0.20151514;nan;0
938003229;938002279;396809;0.14924242;-0.25757575;-0.19090909;nan;0
939006373;939005383;396809;0.14318182;-0.25833333;-0.20075756;nan;0
940009945;940008995;396809;0.14393939;-0.26060605;-0.19545454;nan;0
941013179;941012230;396809;0.14242424;-0.26060605;-0.20075756;nan;0
941995231;941994273;396809;0.14242424;-0.23181817;-0.23257574;nan;0
942998668;942997718;396809;0.08333333;-0.30833334;-0.1621212;nan;0
944001864;944000899;396809;0.10378788;-0.27045453;-0.2121212;nan;0
945004793;945003843;396809;0.14848484;-0.2280303;-0.22954544;nan;0
946008425;946007475;396809;0.15151514;-0.20151514;-0.24545453;nan;0
947011408;947010457;396809;0.11515151;-0.25681818;-0.22727272;nan;0
947993099;947992146;396809;0.12727273;-0.2742424;-0.19545454;nan;0
948996607;948995654;396809;0.23257574;-0.12272727;-0.19242424;nan;0
949999789;949998839;396809;0.24545453;-0.04242424;-0.17651515;nan;0
951003210;951002261;396809;0.21439393;0.024999999;-0.19924241;nan;0
952006359;952005409;396809;0.25227273;-0.049999997;-0.16060606;nan;0
953009501;953008552;396809;0.2280303;-0.20681818;-0.10378788;nan;0
954012945;954011995;396809;0.14015152;-0.2681818;-0.17424242;nan;0
954994900;954993951;396809;-0.048484847;-0.2901515;-0.2030303;nan;0
955998096;955997140;396809;0.036363635;-0.24242423;-0.26969695;nan;0
957001475;957000526;396809;0.25227273;-0.10757575;-0.1621212;nan;0
958004422;958003471;396809;0.24848484;-0.0840909;-0.16969696;nan;0
959007809;959006859;396809;0.10757575;-0.24242423;-0.24545453;nan;0
960010991;960010035;396809;-0.031060604;-0.275;-0.22727272;nan;0
960992731;960991781;396809;-0.01969697;-0.29166666;-0.2121212;nan;0
961996198;961995231;396809;0.20075756;-0.17424242;-0.21136363;nan;0
962999374;962998412;396809;0.21969697;-0.19696969;-0.15530303;nan;0
964002586;964001636;396809;0.17348485;-0.23333332;-0.19393939;nan;0
965006017;965005067;396809;0.06212121;-0.2590909;-0.24393938;nan;0
966009164;966008215;396809;0.048484847;-0.29999998;-0.19621211;nan;0
966991145;966990195;396809;0.043939393;-0.29242423;-0.21363635;nan;0
967994503;967993553;396809;0.036363635;-0.29696968;-0.20151514;nan;0
968997731;968996782;396809;0.21287878;-0.19015151;-0.19242424;nan;0
970001327;970000377;396809;0.18863636;-0.21439393;-0.19393939;nan;0
971004555;971003605;396809;0.15075757;-0.24999999;-0.2060606;nan;0
972007784;972006835;396809;0.225;-0.14621212;-0.19924241;nan;0
973011476;973010526;396809;0.23560606;-0.10530303;-0.19393939;nan;0
974014697;974013690;396809;0.14999999;0.14242424;-0.17121212;nan;0
974996557;974995576;396809;-0.029545454;0.24090908;-0.05833333;nan;0
976000167;975999217;396809;0.12272727;0.18863636;-0.12727273;nan;0
977003506;977002556;396809;0.2280303;0.028787877;-0.17651515;nan;0
978007209;978006259;396809;0.23939393;-0.15681818;-0.14772727;nan;0
979010508;979009558;396809;-0.003030303;-0.28181818;-0.21742423;nan;0
980013851;980012901;396809;-0.08030303;-0.25681818;-0.20681818;nan;0
980996226;980995221;396809;-0.21590908;-0.11515151;-0.17121212;nan;0
981999484;981998534;396809;-0.18333332;0.10378788;-0.1371212;nan;0
983002591;983001641;396809;-0.17121212;0.08712121;-0.16893938;nan;0
984005987;984005037;396809;-0.17727272;0.09015151;-0.1621212;nan;0
985009238;985008288;396809;-0.22045454;0.0;-0.16060606;nan;0
986012588;986011638;396809;-0.23484848;-0.114393935;-0.1371212;nan;0
986994549;986993600;396809;-0.18030302;-0.19166666;-0.18333332;nan;0
987997477;987996527;396809;-0.1310606;-0.23863636;-0.20454545;nan;0
989001193;989000243;396809;-0.11893939;-0.24469696;-0.20984848;nan;0
990004397;990003447;396809;-0.12121212;-0.24242423;-0.2151515;nan;0
991007540;991006590;396809;-0.12121212;-0.24166666;-0.20984848;nan;0
992011194;992010244;396809;-0.12045454;-0.24469696;-0.2030303;nan;0
992993030;992992061;396809;-0.17121212;-0.22651514;-0.15378788;nan;0
993996201;993995251;396809;-0.059848484;-0.23939393;-0.24393938;nan;0
994999791;994998841;396809;-0.06060606;-0.3022727;-0.1590909;nan;0
996002994;996002044;396809;-0.09469697;-0.21969697;-0.24393938;nan;0
997006694;997005745;396809;-0.09924242;-0.275;-0.18560605;nan;0
998009854;998008904;396809;-0.099999994;-0.28560606;-0.15378788;nan;0
998991640;998990690;396809;-0.14015152;-0.24090908;-0.19242424;nan;0
999995203;999994253;396809;-0.068939395;-0.25757575;-0.22045454;nan;0
1000998540;1000997580;396809;-0.11969697;-0.19999999;-0.23863636;nan;0
1002001627;1002000677;396809;-0.13181818;-0.24015151;-0.19621211;nan;0
1003005272;1003004322;396809;-0.15227272;-0.24621211;-0.15833333;nan;0
1004008251;1004007287;396809;-0.08333333;-0.25151515;-0.22045454;nan;0
1005011804;1005010854;396809;-0.10757575;-0.28560606;-0.15378788;nan;0
1005993581;1005992631;396809;-0.12424242;-0.24318181;-0.2060606;nan;0
1006996491;1006995530;396809;-0.12121212;-0.25151515;-0.18712121;nan;0
1007999992;1007999026;396809;-0.115909085;-0.25833333;-0.18863636;nan;0
1009003107;1009002157;396809;-0.14393939;-0.24772726;-0.17121212;nan;0
1010006048;1010005098;396809;-0.14318182;-0.24772726;-0.17424242;nan;0
1011009491;1011008541;396809;-0.11742424;-0.25530303;-0.19393939;nan;0
1012012488;1012011528;396809;-0.112878785;-0.2590909;-0.2030303;nan;0
1012995037;1012994077;396809;-0.109848484;-0.18257575;-0.26136363;nan;0
